2 10
2 11
2 12
2 13
2 17
2 18
2 19
2 20
2 21
2 22
2 23
2 24
4 33
4 34
4 38
5 45
8 65
8 66
8 68
15 102
15 103
15 106
16 116
17 119
18 127
18 128
21 145
21 157
21 158
22 159
23 161
24 164
24 166
25 171
28 210
39 273
40 276
40 279
44 311
45 315
45 319
45 322
45 327
47 332
48 337
49 341
50 344
57 373
57 374
57 375
57 376
62 402
62 403
63 408
68 442
69 448
81 533
81 538
81 542
81 543
83 552
83 553
86 122
87 438
87 558
87 577
87 583
87 585
88 587
88 588
91 606
91 611
97 635
97 636
98 644
98 649
101 669
101 670
102 14
102 675
104 681
112 724
112 726
112 729
114 735
114 736
114 737
115 741
115 744
115 746
115 747
115 749
119 762
123 38
123 146
123 775
125 785
126 789
127 794
127 796
130 816
130 818
133 836
133 839
133 840
136 852
136 854
139 866
142 887
142 889
142 892
146 911
146 912
148 924
149 578
150 940
154 127
162 1022
166 1039
166 1040
166 1046
175 1094
175 1095
184 1140
184 1141
187 1147
188 1060
188 1155
188 1156
192 382
192 1173
194 1184
203 978
203 1243
207 1263
207 1264
207 1266
207 1270
211 1297
211 1304
216 1319
216 1323
217 1335
217 1339
221 1351
221 1352
221 1354
221 1356
221 1357
222 1362
230 1397
232 576
233 1417
233 1418
233 1420
238 1441
239 1445
244 1470
244 1473
244 1474
244 1476
244 1477
245 169
253 255
253 388
253 1521
253 1525
253 1527
254 1529
261 1561
261 1562
261 1564
265 1584
266 1587
267 1590
268 169
268 1397
268 1482
268 1592
269 691
270 1141
274 136
274 1620
279 1172
279 1651
282 190
287 1684
287 1688
288 1695
294 1288
294 1725
301 620
301 848
301 1756
302 1766
306 1778
306 1783
308 1791
313 1812
313 1815
320 1841
320 1844
326 108
326 1861
326 1864
326 1865
328 115
328 328
328 1870
329 1876
329 1877
330 1885
331 991
338 1913
344 1950
344 1951
344 1955
347 1964
347 1967
355 2006
357 2014
365 2058
369 1647
369 2081
375 1874
375 2100
377 822
377 1081
377 1626
377 2122
377 2125
385 2145
385 2147
385 2154
385 2156
390 1683
390 2182
390 2184
399 2227
408 689
412 14
412 2285
413 2293
420 2318
427 2357
431 2372
434 2380
437 147
437 506
437 906
437 1227
437 2395
437 2398
437 2400
438 2404
442 1479
442 1842
442 2419
443 744
443 1959
443 2423
446 2435
449 610
449 2441
452 2459
452 2462
452 2463
453 2466
468 138
468 901
468 1828
468 2161
468 2539
468 2545
468 2546
468 2547
468 2549
477 2586
488 269
488 1240
488 1369
488 1372
490 2472
491 1828
491 2546
491 2657
496 2672
497 256
497 608
497 2288
497 2473
497 2678
497 2682
497 2684
497 2685
498 621
498 2688
498 2690
499 2415
500 2697
500 2698
502 1798
502 2710
502 2711
504 2725
511 1694
516 2776
519 2788
522 2795
522 2796
524 417
524 1560
524 2801
524 2802
527 799
527 2818
528 2821
528 2823
530 2829
534 2847
534 2849
538 2855
540 884
542 2870
542 2873
546 2893
547 2895
547 2896
547 2897
548 45
548 2010
548 2683
549 2215
552 2352
552 2918
552 2919
559 1584
559 2946
559 2948
570 3003
571 1861
571 2226
571 2666
571 3007
571 3022
571 3024
574 3042
574 3044
576 2889
578 491
578 1434
578 3063
585 3096
585 3097
586 45
597 3133
604 3151
605 3153
605 3155
609 3166
614 3185
614 3186
615 2593
615 3193
618 93
618 362
618 1418
618 1641
618 1902
618 3200
618 3201
618 3202
620 3090
620 3211
620 3212
624 951
624 3227
624 3230
627 662
632 552
639 3300
640 1584
640 3302
641 1684
641 3306
643 3329
653 3372
655 3380
662 3396
663 14
663 364
663 960
663 2718
663 3398
663 3399
663 3400
663 3401
663 3404
663 3405
663 3407
663 3408
664 3411
667 498
669 2044
669 3422
669 3423
669 3424
671 3428
675 2929
676 2829
676 3444
677 3447
677 3448
686 3491
687 245
687 2045
687 3495
687 3497
687 3499
692 3515
696 3095
699 3539
701 239
702 3553
703 97
703 100
703 3555
705 951
705 3566
705 3567
708 899
710 3591
710 3593
711 581
711 3594
713 3601
714 2750
715 1980
717 3621
718 570
721 3630
722 2554
726 1699
726 3644
727 3647
727 3649
728 3652
733 3675
737 1327
737 3681
739 3686
740 3687
744 563
745 3428
746 3703
746 3704
749 1676
749 3708
749 3711
749 3713
752 448
752 2863
752 2918
757 32
760 3696
761 185
761 548
761 1018
761 3400
761 3755
761 3756
761 3757
761 3758
761 3759
761 3760
765 3772
765 3774
770 14
770 1168
770 3789
770 3792
773 12
773 978
773 3801
773 3806
776 3413
776 3815
779 898
781 3827
786 2247
786 3802
787 1472
789 3324
789 3858
793 3876
796 2035
796 3884
799 3891
804 749
804 2456
804 3416
806 3906
807 924
807 1273
807 3912
809 494
812 2626
812 3939
812 3941
813 3942
816 255
816 3957
818 3964
818 3967
820 3974
823 175
823 2829
823 3185
824 3984
831 103
831 1373
834 185
834 2732
834 2962
834 2964
834 4015
835 1152
835 3053
836 403
836 2247
839 1796
841 4038
842 3322
842 4039
847 4050
847 4052
853 1342
856 825
860 4097
860 4098
867 763
867 4111
868 597
868 884
873 4128
873 4129
883 4163
883 4164
887 4176
899 2586
901 1808
901 4233
905 76
905 512
905 1815
905 2429
905 4010
905 4242
905 4244
905 4246
905 4249
905 4253
905 4257
905 4262
906 2247
907 4269
926 570
928 4333
932 1016
932 4351
932 4353
934 4357
938 4366
942 1183
948 4405
949 1319
949 4409
952 807
952 2406
952 2784
952 3374
954 2021
961 20
964 883
966 3481
968 2375
968 4466
968 4467
969 9
969 2721
969 3480
969 3671
969 4469
969 4470
969 4471
969 4473
969 4474
970 4478
972 1358
974 1271
976 4496
977 1792
977 1839
978 4502
983 772
983 4512
985 4516
990 4527
992 4534
993 3130
995 14
995 4542
995 4543
999 4558
1000 1808
1000 1955
1001 698
1009 684
1009 2593
1009 3432
1009 4003
1009 4583
1009 4585
1013 4604
1014 1876
1014 2747
1015 2515
1017 4616
1018 1693
1019 724
1019 3877
1019 4619
1019 4621
1024 4648
1025 4654
1026 1479
1030 4678
1030 4679
1038 4708
1038 4709
1038 4710
1038 4711
1042 1828
1042 2657
1042 2867
1042 4727
1042 4728
1046 4743
1046 4746
1047 884
1051 1344
1052 4763
1056 3761
1058 4770
1061 4781
1064 4797
1065 3458
1065 4801
1067 241
1067 2950
1067 4810
1067 4811
1067 4812
1072 4412
1073 1288
1076 4851
1079 4870
1081 1342
1081 2908
1081 4775
1081 4873
1081 4874
1081 4875
1087 543
1087 1792
1092 3153
1093 3021
1103 2114
1103 2377
1103 4935
1103 4936
1103 4939
1104 4942
1107 251
1107 2904
1111 2551
1112 1644
1113 310
1116 4967
1118 4975
1122 1769
1122 4982
1129 4998
1143 3227
1146 2002
1146 2761
1146 5048
1150 3156
1154 1763
1154 5079
1154 5081
1155 2848
1160 327
1164 2572
1164 5098
1165 5100
1166 2121
1168 845
1168 2092
1171 5117
1173 1118
1176 67
1178 1973
1178 5144
1178 5145
1180 5150
1180 5152
1182 2930
1185 3760
1185 4652
1186 237
1186 2914
1190 174
1190 378
1190 780
1192 3151
1192 5189
1198 5210
1203 373
1206 5241
1207 2138
1212 5260
1214 5194
1215 205
1215 1305
1215 1977
1215 5270
1215 5271
1218 95
1218 278
1219 5281
1219 5283
1220 2450
1221 88
1221 5290
1228 468
1228 1876
1228 2981
1228 5318
1228 5319
1228 5320
1228 5327
1230 5329
1231 5330
1231 5331
1243 5365
1247 5378
1247 5379
1249 4778
1252 607
1252 1421
1255 4770
1259 951
1259 2912
1259 5409
1259 5411
1261 1057
1261 1718
1261 5306
1261 5417
1261 5419
1262 941
1262 2736
1262 3392
1262 4407
1262 5420
1264 5425
1266 3059
1274 5451
1275 1631
1275 5453
1276 5455
1277 1118
1277 4120
1281 5283
1282 5472
1284 4734
1287 3591
1288 2554
1288 5400
1288 5492
1290 3436
1292 5501
1293 1358
1300 1202
1300 5514
1301 380
1301 2307
1301 3442
1301 5519
1308 907
1314 12
1314 5557
1314 5559
1319 14
1319 5569
1322 799
1323 14
1323 4249
1323 5579
1325 748
1325 1202
1325 2020
1325 5588
1330 4822
1333 5606
1334 948
1334 5558
1337 342
1337 3622
1343 1157
1343 5623
1345 4195
1353 1305
1353 5117
1353 5648
1361 5664
1363 5671
1369 4217
1369 5004
1371 388
1371 2838
1371 5398
1371 5695
1371 5698
1376 5267
1377 5709
1384 2829
1386 5741
1387 1893
1387 4021
1388 4377
1392 2927
1396 4680
1397 1305
1397 1801
1397 3920
1397 4156
1398 799
1398 854
1398 5766
1404 4277
1405 1228
1410 1468
1410 3919
1411 1010
1411 5800
1419 4186
1421 1135
1421 1874
1421 2106
1421 2349
1421 3295
1421 5414
1421 5669
1424 1294
1424 3107
1427 2865
1429 5845
1429 5847
1432 1931
1434 5375
1435 5865
1437 1878
1437 5873
1438 1585
1439 510
1453 3135
1453 4975
1458 2132
1459 1205
1461 5921
1461 5922
1462 2649
1462 4775
1467 5934
1469 2627
1469 5937
1472 5951
1474 387
1478 138
1478 1412
1478 1747
1479 442
1479 1629
1480 4249
1480 4826
1492 5997
1494 5700
1494 6002
1495 1430
1495 6005
1495 6006
1498 4162
1509 1638
1509 2207
1509 2661
1509 4825
1511 2475
1511 4580
1515 303
1515 2655
1515 6045
1517 6048
1528 22
1528 1739
1528 2125
1528 5689
1528 6073
1528 6074
1528 6075
1530 6079
1533 6083
1534 4490
1534 6085
1538 5760
1542 668
1542 2753
1542 5346
1542 6101
1543 884
1544 6108
1545 5738
1548 1801
1550 6127
1553 2031
1557 4731
1557 6138
1561 3384
1561 4375
1562 6153
1565 6161
1569 3761
1571 1554
1571 6178
1574 1934
1574 2829
1574 5810
1574 5952
1575 5254
1578 2790
1578 6193
1583 2263
1586 1176
1586 6202
1586 6203
1587 4646
1590 4649
1592 1062
1594 6231
1599 6239
1601 6247
1604 3465
1608 3408
1609 6258
1613 139
1614 3588
1617 2316
1619 1362
1619 1767
1619 6278
1623 6287
1625 6293
1628 3282
1628 4726
1628 6160
1628 6301
1629 2237
1629 5237
1633 4277
1634 4050
1634 4713
1635 14
1635 4827
1635 4973
1635 5110
1635 6321
1636 6240
1637 1252
1637 5575
1643 6342
1645 4169
1645 6348
1645 6349
1648 5329
1650 349
1650 5479
1650 6292
1658 4642
1664 1766
1676 1977
1676 4033
1676 4221
1676 4913
1676 5035
1677 509
1677 3434
1677 6423
1678 5434
1680 509
1680 4036
1681 38
1681 6430
1681 6431
1682 741
1682 3255
1684 3920
1692 2112
1700 5369
1701 369
1702 783
1702 1044
1702 2415
1702 4467
1702 5624
1702 6467
1708 6485
1711 1202
1713 755
1713 4649
1720 1358
1720 6508
1721 6024
1721 6512
1722 6513
1723 3704
1723 4237
1725 3665
1732 5593
1737 3300
1737 6560
1737 6561
1737 6564
1739 6567
1741 6281
1741 6568
1743 3562
1743 5068
1744 3404
1745 2890
1746 589
1746 2138
1746 4867
1746 6574
1751 632
1751 3389
1751 6588
1755 907
1757 5511
1759 1851
1761 615
1763 6516
1763 6610
1767 675
1767 699
1767 978
1767 3802
1767 5840
1767 6386
1767 6616
1767 6618
1767 6619
1768 6622
1769 521
1775 6637
1779 1654
1780 1161
1780 2336
1780 4803
1782 6650
1784 5909
1787 6664
1796 6683
1798 5125
1799 1825
1799 2927
1799 3364
1805 4493
1809 280
1809 521
1809 3367
1809 5624
1809 6714
1809 6715
1809 6716
1810 6170
1810 6717
1811 608
1811 2532
1814 940
1816 1418
1816 1538
1816 6725
1818 6730
1819 3591
1820 255
1820 6744
1822 6749
1825 315
1828 6755
1829 11
1835 6213
1836 4194
1837 3450
1838 1044
1838 2472
1838 2835
1838 5687
1838 6773
1838 6775
1838 6776
1839 1366
1839 6780
1844 5434
1846 908
1848 3600
1850 825
1850 1421
1851 576
1851 717
1855 389
1855 980
1855 1506
1855 2251
1857 6335
1857 6821
1858 255
1859 5416
1860 3598
1860 4197
1860 6827
1861 466
1861 3208
1861 6830
1861 6831
1865 1816
1865 6838
1866 6839
1872 2735
1877 2247
1877 6862
1878 6650
1881 2687
1881 5340
1881 5743
1882 6871
1890 570
1893 365
1893 6898
1894 1421
1898 116
1898 5155
1899 363
1905 32
1910 6930
1913 3395
1914 1979
1914 2252
1914 2817
1919 1148
1924 442
1925 576
1928 5152
1930 2586
1930 6964
1937 1617
1937 6982
1940 5311
1940 6990
1948 2145
1949 1131
1949 7005
1955 172
1956 129
1956 786
1956 7021
1958 2796
1958 4452
1961 7030
1964 5030
1967 1106
1967 4942
1967 7041
1969 4538
1971 2449
1971 4358
1974 352
1974 7054
1976 783
1976 2904
1976 4975
1976 5718
1976 7059
1980 5318
1980 6916
1980 7064
1984 6290
1986 7025
1986 7076
1989 7083
1994 1105
1995 2748
1995 3827
1995 7092
1997 1767
1998 5575
1998 5720
1998 7097
2001 2550
2013 2029
2013 7125
2014 1007
2014 3944
2019 3437
2022 819
2022 7140
2024 7143
2032 5158
2034 7169
2037 494
2039 550
2039 7185
2039 7188
2040 1309
2043 3185
2044 1840
2044 7195
2056 7218
2057 2740
2057 7220
2058 7225
2061 7229
2072 5070
2073 6954
2073 7256
2075 7260
2082 5602
2087 2348
2087 3082
2093 2073
2094 1339
2094 4283
2094 7285
2094 7301
2101 549
2101 1136
2101 1511
2101 4066
2101 7317
2103 1257
2103 2450
2103 7320
2103 7322
2112 2415
2112 6658
2112 7339
2114 22
2114 552
2114 1274
2117 7021
2118 884
2118 7352
2118 7353
2120 3307
2120 7355
2122 2665
2122 5215
2123 554
2123 1537
2123 2389
2124 12
2124 102
2124 6376
2124 7096
2125 3428
2125 5264
2125 7362
2125 7363
2127 6373
2136 3958
2145 1904
2145 3910
2145 7388
2147 615
2147 1758
2148 6962
2148 7393
2148 7395
2149 6637
2153 632
2158 3589
2162 6290
2165 7420
2168 115
2168 1904
2168 2117
2168 4704
2171 395
2171 7094
2178 889
2178 970
2178 3220
2178 4523
2178 5264
2178 6008
2178 6174
2178 7444
2182 2173
2191 2733
2193 7461
2198 442
2200 7472
2201 4435
2201 6000
2202 1537
2202 6085
2206 1801
2206 6114
2208 7112
2209 7485
2210 4406
2210 6335
2210 7486
2216 65
2216 764
2216 3949
2216 6264
2216 7205
2216 7501
2219 7506
2220 391
2222 5161
2223 2192
2226 5354
2226 7518
2234 4058
2235 1828
2235 2546
2235 2657
2235 7539
2235 7540
2236 4957
2245 1216
2246 7556
2248 2811
2248 7561
2253 5819
2259 5830
2264 5909
2266 2261
2266 2841
2266 4852
2266 6075
2266 7587
2269 2829
2270 3919
2270 4121
2270 7592
2272 2281
2272 4133
2272 7596
2273 7597
2278 2482
2282 724
2286 7615
2286 7616
2290 442
2295 2465
2298 7636
2303 3683
2308 7653
2310 1811
2310 7588
2310 7656
2313 6950
2313 7669
2314 6
2314 1430
2314 1801
2314 2587
2314 7674
2314 7675
2316 2257
2316 3044
2316 5601
2316 7168
2316 7676
2316 7677
2318 7094
2319 7682
2322 5972
2324 204
2324 1221
2324 4669
2324 5591
2324 7687
2324 7689
2324 7690
2336 7713
2340 232
2340 6923
2340 7718
2347 1954
2347 7280
2347 7733
2356 3339
2356 3581
2356 3696
2356 4902
2357 40
2357 151
2357 387
2357 4169
2357 5389
2357 7747
2365 1825
2365 2312
2365 2653
2365 3860
2365 3881
2365 6257
2365 6464
2365 7758
2365 7760
2374 5457
2379 1016
2382 2477
2382 5382
2387 2357
2387 7792
2387 7793
2388 428
2388 3790
2389 742
2394 22
2399 783
2401 7824
2409 2849
2416 80
2416 1118
2417 1083
2417 3905
2419 243
2419 7847
2421 912
2421 2084
2421 6045
2421 7851
2424 3541
2424 7146
2424 7857
2428 7863
2428 7864
2430 491
2431 204
2431 252
2431 320
2431 3064
2431 3541
2431 5019
2431 5276
2431 7868
2433 380
2434 7873
2436 104
2436 2141
2449 3089
2449 4468
2449 7890
2449 7891
2449 7892
2454 6038
2457 39
2457 45
2457 2626
2457 3959
2459 20
2461 1676
2461 3907
2462 1672
2462 1954
2462 7309
2462 7911
2462 7912
2467 841
2467 7915
2471 33
2472 12
2476 5602
2476 6950
2476 7782
2476 7924
2477 388
2477 4439
2480 210
2480 3268
2480 4461
2480 5126
2480 5363
2482 758
2482 2992
2482 4646
2482 7935
2482 7937
2487 2038
2489 4487
2491 7949
2495 80
2499 5021
2499 5632
2504 151
2504 1251
2504 4969
2507 3683
2508 1520
2508 7965
2514 7425
2516 1915
2516 2472
2516 4107
2516 5688
2516 7612
2516 7976
2517 7124
2518 810
2519 2930
2520 407
2523 3238
2523 4153
2523 4363
2523 4481
2523 6386
2523 6532
2523 7523
2523 7982
2524 2195
2524 7984
2525 2762
2528 7939
2529 7991
2533 2005
2535 5400
2540 3427
2540 8010
2541 2268
2541 8011
2543 6980
2543 8012
2544 2793
2544 4846
2544 7835
2547 1170
2547 1292
2547 1739
2547 4393
2547 7478
2547 8016
2559 3787
2559 4387
2566 1953
2568 77
2568 925
2568 5631
2568 6905
2568 8042
2573 3067
2574 4249
2574 7272
2579 84
2579 280
2579 3395
2579 5454
2579 6308
2587 1828
2587 2546
2587 2657
2587 4646
2587 4730
2587 8063
2588 1751
2588 8064
2589 6133
2589 8065
2590 2955
2590 3976
2591 8069
2592 1792
2596 8078
2600 734
2601 8085
2601 8086
2602 167
2602 8091
2605 820
2605 8093
2610 1113
2610 1372
2613 5365
2624 1350
2624 4902
2624 7911
2624 8117
2625 2762
2625 4350
2625 4970
2625 5743
2625 7546
2628 1118
2630 5346
2633 2447
2634 4724
2640 8138
2641 4237
2643 4478
2646 5867
2646 8145
2651 1404
2651 5340
2652 93
2652 2028
2652 8153
2653 1091
2653 8155
2670 6559
2685 304
2685 426
2685 3383
2686 8125
2686 8187
2688 8194
2689 818
2694 303
2697 743
2697 888
2697 3374
2701 5591
2704 5901
2705 4847
2706 138
2706 901
2706 1828
2706 2549
2706 4673
2706 5803
2708 7288
2709 2748
2711 7395
2713 7162
2719 758
2719 4948
2719 6167
2719 6204
2719 8063
2719 8257
2721 3705
2722 466
2722 2527
2723 1501
2727 5718
2727 6696
2729 8273
2732 2693
2735 6006
2743 4370
2743 5920
2744 360
2746 702
2746 1758
2746 2256
2746 4749
2746 8291
2748 2805
2752 14
2752 1874
2752 3103
2753 5254
2755 1863
2756 558
2756 868
2756 6554
2766 901
2766 1254
2766 3450
2776 3256
2776 8125
2776 8328
2779 3262
2779 5082
2779 8332
2782 6743
2787 1358
2791 62
2791 822
2791 960
2791 5852
2791 7357
2791 8351
2794 749
2796 662
2798 3740
2798 8364
2799 724
2801 535
2804 7923
2807 1471
2812 332
2812 651
2812 1934
2812 6297
2813 545
2813 1412
2813 8381
2814 996
2814 1792
2820 8393
2828 4426
2831 80
2836 8410
2837 777
2837 1228
2840 5400
2840 6043
2850 1358
2852 7323
2852 7733
2853 2829
2855 4405
2855 6689
2857 8439
2870 802
2872 524
2881 2688
2881 5137
2883 1591
2885 402
2887 4192
2888 3891
2888 8480
2889 309
2889 971
2889 2110
2889 8481
2891 6427
2895 5713
2898 413
2898 4851
2898 6987
2901 1955
2901 7158
2901 8493
2902 6358
2909 8506
2910 2285
2912 8511
2915 2798
2916 3261
2916 4117
2917 8522
2919 8524
2924 535
2924 1766
2925 5350
2926 1181
2926 2104
2926 8177
2927 174
2927 2789
2927 5677
2927 8537
2929 5728
2930 6768
2932 2820
2932 7697
2940 1202
2941 1842
2946 128
2946 369
2947 2893
2949 3608
2958 3155
2958 4761
2959 8575
2965 1366
2966 464
2966 2247
2966 2473
2966 2578
2966 2782
2966 3962
2966 8581
2966 8582
2968 742
2968 2819
2972 2433
2975 3622
2978 1234
2984 8608
2997 2221
2997 8624
2998 678
2998 5671
2998 6903
2998 8152
2998 8627
3001 2595
3001 7029
3001 8634
3001 8635
3003 6262
3003 8637
3004 80
3004 3565
3004 3783
3004 5350
3004 6516
3012 243
3012 2693
3012 6360
3012 7851
3014 8655
3016 4371
3022 685
3025 4767
3028 6514
3032 7395
3034 911
3037 3767
3037 5792
3037 8167
3039 8696
3040 8700
3042 6174
3049 1451
3049 7153
3049 8265
3054 7280
3054 8716
3055 1821
3057 5557
3064 6859
3065 6167
3067 104
3067 437
3072 1003
3073 165
3073 1128
3073 4217
3073 4628
3073 7316
3081 53
3082 2149
3082 2151
3082 2159
3084 1974
3084 2038
3084 2623
3084 3761
3084 5208
3084 7579
3084 8753
3084 8754
3089 227
3089 734
3089 2255
3093 4803
3094 2785
3094 6403
3100 8770
3113 161
3113 8779
3114 823
3120 7176
3124 8794
3128 7310
3132 527
3137 4724
3137 8628
3139 356
3139 2421
3139 5926
3144 6392
3147 960
3149 1251
3153 131
3155 1762
3155 8846
3155 8849
3156 2507
3157 365
3158 136
3158 5048
3158 7190
3162 4193
3163 14
3163 4860
3166 8856
3167 949
3167 1871
3167 8857
3171 8118
3176 1647
3179 762
3179 7377
3180 2992
3184 132
3184 552
3184 3086
3184 6536
3184 8871
3185 1105
3186 8875
3188 1160
3188 5888
3190 3687
3190 3933
3190 4749
3190 6827
3190 7018
3190 8884
3191 8887
3196 8784
3198 437
3198 730
3207 807
3207 3968
3207 4299
3207 4348
3207 8901
3216 1930
3217 2132
3217 3532
3217 3877
3217 5395
3217 8911
3221 515
3221 581
3221 905
3221 1832
3221 2823
3221 8921
3226 505
3227 2158
3227 2341
3227 2398
3227 4262
3227 6134
3227 6519
3228 1612
3228 3163
3228 5254
3228 8928
3244 4357
3244 6755
3247 568
3247 1310
3247 1517
3247 1708
3247 2477
3247 3058
3247 4142
3247 4964
3247 6812
3247 7458
3247 8960
3247 8962
3247 8963
3255 5175
3260 998
3260 7342
3265 2091
3269 1854
3279 634
3279 4186
3279 5578
3279 6248
3279 9000
3281 1282
3281 1812
3281 9005
3281 9006
3283 7499
3284 138
3284 2536
3284 8230
3288 7356
3289 552
3289 701
3289 4190
3289 4784
3289 5794
3296 9029
3299 6807
3300 252
3300 9031
3303 6142
3304 5648
3304 9036
3312 870
3313 2632
3315 4683
3316 128
3321 7138
3322 9
3322 403
3322 599
3325 1693
3325 5293
3325 6915
3325 8977
3325 9065
3326 9066
3333 9074
3333 9075
3339 2788
3340 2943
3340 6180
3341 1008
3341 3949
3341 5115
3341 9081
3344 124
3344 297
3344 1854
3344 1904
3344 5028
3346 1676
3347 1675
3348 3693
3356 1084
3357 469
3357 1237
3357 4327
3358 286
3358 8645
3358 9092
3360 5748
3364 6905
3366 7096
3366 8850
3371 8952
3371 9101
3376 1081
3377 5773
3384 9120
3388 5682
3388 6011
3388 7670
3388 8991
3393 3151
3393 9129
3396 1775
3402 8446
3402 8749
3405 5172
3407 2843
3407 9143
3409 205
3409 1194
3409 2271
3409 3089
3409 5211
3409 9147
3409 9148
3409 9149
3410 2268
3411 1202
3413 615
3413 4213
3413 8852
3413 9150
3415 746
3415 1927
3415 2884
3415 3545
3415 3596
3415 4382
3415 4965
3415 6127
3415 7425
3415 8123
3420 2411
3420 2838
3420 7718
3424 552
3424 9159
3429 8150
3430 194
3434 310
3434 4591
3434 5014
3436 4328
3440 1506
3440 1758
3440 2943
3445 1323
3445 4016
3445 9175
3449 869
3449 3778
3449 6864
3450 3861
3451 2312
3451 2675
3451 3918
3455 3247
3456 2318
3456 4789
3461 29
3461 1634
3461 7199
3465 5776
3465 6126
3465 6890
3468 4361
3468 9200
3469 806
3469 2396
3470 140
3470 740
3470 2557
3470 8436
3471 2388
3476 724
3477 2810
3481 2993
3481 3933
3483 3842
3485 278
3485 337
3485 8255
3491 435
3491 3934
3491 4628
3493 3212
3493 3589
3496 7752
3497 874
3497 7365
3497 9227
3498 5847
3499 3508
3499 3842
3499 5619
3506 1698
3508 5848
3510 205
3523 4217
3524 4320
3528 1392
3528 2509
3528 2956
3528 4831
3529 3649
3530 1033
3530 3271
3530 7050
3530 7497
3530 8456
3530 9255
3530 9256
3534 1098
3538 6560
3539 2414
3539 3515
3545 1886
3546 4030
3546 9088
3548 2575
3548 5446
3553 548
3553 4670
3554 1808
3559 1563
3559 6011
3559 7563
3561 4634
3561 9285
3562 4194
3563 442
3564 3761
3565 2589
3565 2753
3565 9291
3569 5437
3569 7748
3570 9
3571 9296
3578 629
3578 3942
3578 8732
3579 529
3586 9306
3587 436
3587 1334
3587 1576
3587 2558
3587 3370
3587 3452
3587 3467
3587 6144
3587 6186
3587 7049
3587 7324
3587 8087
3587 9309
3587 9314
3588 9310
3588 9318
3589 582
3589 1275
3589 3856
3591 3107
3591 4419
3591 7578
3591 9321
3596 1084
3596 2237
3606 183
3606 1215
3606 3853
3606 5017
3612 7298
3613 6290
3615 4050
3617 174
3617 1887
3617 3941
3617 4616
3617 8566
3617 9077
3617 9306
3617 9358
3617 9359
3621 2681
3621 9361
3622 9362
3625 1221
3625 3089
3626 2473
3626 5282
3629 1095
3629 2435
3629 5387
3632 9376
3633 2753
3635 5792
3637 3443
3638 136
3638 1358
3645 1399
3645 4351
3645 5406
3645 8999
3647 4759
3651 388
3653 2789
3660 980
3663 1137
3663 1468
3663 5272
3664 128
3674 1652
3674 9388
3674 9404
3675 3558
3675 4462
3675 8831
3682 943
3682 1902
3682 2291
3682 3751
3682 7905
3682 8586
3683 5254
3683 9416
3684 647
3684 5857
3684 7284
3689 2829
3691 1525
3691 9219
3691 9424
3693 1904
3695 3462
3695 9426
3696 6853
3696 9428
3696 9429
3696 9430
3701 2824
3701 4860
3703 9182
3705 6360
3706 1585
3706 9438
3709 1974
3709 4300
3709 4589
3709 6227
3712 8090
3723 3562
3729 229
3729 7317
3734 62
3734 2304
3734 7645
3736 8999
3738 4433
3738 6617
3738 7356
3740 632
3742 6183
3758 2028
3758 2159
3758 9482
3762 8113
3767 901
3767 1828
3767 2158
3767 2539
3767 4673
3767 4730
3767 5250
3767 6226
3767 8214
3768 907
3776 9196
3777 304
3777 7520
3778 1125
3778 1843
3778 2708
3778 5048
3778 5439
3778 6642
3778 7539
3778 7551
3778 8577
3778 9499
3780 3397
3780 9504
3780 9505
3782 265
3785 12
3788 108
3793 203
3793 2116
3793 6530
3793 7279
3793 8360
3793 9517
3793 9518
3794 2082
3794 2312
3796 4589
3814 2039
3814 9264
3814 9533
3831 1027
3840 9560
3846 7494
3846 8861
3846 8873
3850 286
3850 5860
3850 9162
3851 2925
3853 5633
3853 8742
3853 8863
3853 9098
3853 9481
3861 1049
3861 9526
3861 9582
3861 9584
3864 169
3864 742
3864 6262
3864 9586
3864 9587
3865 67
3865 3213
3865 4027
3865 5443
3871 6717
3873 4125
3879 1110
3879 1752
3879 4615
3879 5509
3879 7203
3884 1715
3887 6772
3887 9609
3888 151
3889 7515
3890 6876
3891 7621
3892 277
3892 3936
3893 2876
3895 222
3895 2614
3895 9564
3899 724
3903 5298
3905 45
3905 1825
3905 5304
3909 788
3909 1808
3909 9619
3913 9626
3915 4583
3915 6762
3915 9628
3918 2586
3919 4249
3922 8105
3923 380
3923 906
3923 1470
3923 2536
3923 3442
3923 7333
3923 7607
3926 108
3929 4092
3929 5717
3929 9642
3932 3275
3934 535
3934 841
3934 1477
3939 9651
3944 2808
3944 7909
3944 9657
3945 204
3946 1404
3946 2991
3946 9661
3948 1397
3948 3212
3948 7994
3954 1293
3959 9499
3960 3495
3961 9668
3963 2319
3965 9222
3968 3645
3972 2299
3972 7414
3974 1970
3974 6506
3975 6402
3975 9680
3981 577
3981 7657
3985 7948
3985 9076
3988 2863
3990 9036
3993 5742
3993 6840
3996 8521
4000 3740
4000 9705
4002 814
4005 5774
4007 3436
4007 4735
4007 7713
4007 9710
4008 3820
4008 5905
4008 7648
4008 7790
4013 3026
4013 4799
4013 7746
4014 3470
4014 7232
4014 9172
4014 9647
4015 516
4019 3842
4019 9717
4019 9718
4020 9719
4021 1081
4024 1281
4027 8594
4028 9729
4031 1436
4032 8949
4034 3235
4041 6267
4045 7671
4045 8709
4045 8954
4047 990
4051 1126
4051 1160
4051 5725
4054 7483
4057 1257
4057 2177
4057 2619
4060 3514
4065 2763
4066 4122
4072 4902
4077 2773
4077 4406
4077 9778
4079 1941
4082 3548
4082 8204
4082 9162
4086 8557
4091 4079
4092 1452
4100 4619
4111 5570
4113 3690
4118 1192
4122 4186
4124 3671
4124 8155
4125 2758
4128 2281
4130 2103
4137 252
4137 1283
4137 2832
4138 7844
4141 3156
4144 3587
4147 1842
4149 868
4155 8619
4159 1358
4161 1954
4161 2142
4161 3436
4161 4760
4163 7494
4165 1180
4165 1585
4168 883
4172 579
4172 7714
4180 5309
4182 1448
4182 1996
4182 6034
4182 8403
4185 7858
4185 8248
4185 9208
4188 838
4188 3242
4188 3921
4189 651
4189 3409
4189 9457
4198 1194
4198 3579
4198 5826
4198 9566
4199 2614
4199 9869
4204 2468
4207 7218
4208 8744
4212 4343
4219 3750
4223 1586
4223 4656
4223 5884
4223 9897
4223 9898
4226 5974
4226 8788
4227 3555
4227 4046
4239 1198
4239 5068
4241 9910
4245 4089
4247 4187
4250 412
4251 862
4257 9486
4258 7135
4258 9178
4258 9918
4265 2421
4268 1808
4268 2389
4273 3660
4273 6920
4274 394
4274 558
4274 2904
4274 2906
4274 7497
4278 667
4278 806
4278 3733
4278 7251
4278 9745
4285 2818
4286 5375
4289 847
4289 8558
4299 9375
4299 9775
4305 7410
4306 2662
4306 2921
4306 7628
4308 9954
4309 1126
4309 7618
4312 9768
4315 724
4315 6073
4318 6102
4321 3453
4321 7235
4323 9724
4324 136
4324 9088
4329 487
4329 570
4329 1533
4329 2874
4329 5141
4329 9964
4330 7578
4331 615
4331 7069
4336 9971
4341 9976
4348 133
4348 372
4348 6105
4352 4267
4356 3657
4358 2638
4358 6963
4364 89
4364 665
4364 1540
4364 2782
4364 3235
4364 3507
4364 5014
4364 7050
4364 9642
4370 1155
4370 4285
4370 6475
4372 4414
4372 9996
4373 1253
4373 9999
4374 10001
4378 9076
4380 690
4380 2541
4380 9558
4389 7523
4391 5339
4394 2879
4394 6454
4394 7455
4396 5766
4396 10022
4401 1378
4401 2869
4401 6153
4401 7873
4410 2109
4411 1340
4411 2269
4411 8333
4411 8592
4411 10036
4412 377
4416 8125
4420 232
4420 1426
4420 4423
4420 6853
4420 10041
4423 1637
4423 2380
4423 3102
4423 3471
4423 3979
4423 4050
4423 7273
4425 1434
4427 440
4429 280
4432 2763
4432 8647
4434 10060
4440 380
4440 5782
4442 8198
4442 9961
4445 1584
4445 1655
4445 4081
4446 395
4446 4979
4446 10064
4456 1132
4456 1234
4456 2599
4456 5574
4456 7678
4457 4249
4463 1157
4463 1501
4463 5110
4463 5819
4463 9571
4463 10077
4464 298
4464 1862
4464 7923
4464 10078
4465 2584
4470 3209
4471 1761
4471 3935
4471 4607
4472 2982
4475 4277
4482 31
4482 1540
4482 2117
4484 1441
4484 1601
4484 2555
4484 2801
4484 4158
4484 4801
4484 6033
4484 7529
4484 8037
4486 7299
4491 8198
4491 10101
4495 1302
4495 4502
4495 6627
4495 7189
4495 9251
4496 6427
4500 108
4500 2038
4502 2704
4502 7292
4502 7466
4502 10107
4510 5671
4520 1105
4520 1194
4520 6609
4537 7113
4537 7870
4540 2805
4540 7915
4542 4358
4542 6102
4546 8060
4549 7930
4550 7533
4551 7524
4554 8682
4556 5649
4558 6454
4563 509
4568 2982
4576 7909
4582 205
4582 724
4582 3709
4582 5009
4582 9366
4584 4863
4584 7948
4587 859
4587 3773
4588 3200
4592 1269
4592 1954
4592 2237
4592 3126
4592 3933
4592 6702
4592 9145
4593 10164
4596 5211
4596 6157
4596 8357
4599 6510
4600 613
4600 4645
4600 8622
4600 8691
4601 8525
4602 1828
4602 6226
4602 7125
4605 6967
4605 10169
4610 8887
4611 4117
4611 6145
4612 3200
4612 9099
4613 2486
4614 2496
4614 4040
4617 413
4621 10176
4630 2362
4632 3302
4632 3579
4632 8624
4632 10184
4634 7396
4636 547
4643 2539
4643 2546
4646 2104
4646 8466
4647 1658
4647 2115
4647 5700
4647 6362
4647 7923
4651 10197
4652 7575
4653 944
4653 3166
4653 3910
4653 4133
4653 6277
4653 10199
4657 2876
4657 8103
4659 212
4659 7983
4668 10205
4669 129
4669 521
4669 1252
4670 1627
4670 6166
4671 6548
4672 6802
4673 1891
4680 10209
4682 2073
4682 3918
4682 7299
4682 7312
4690 703
4690 6286
4697 1068
4697 9596
4702 4411
4702 8988
4704 811
4710 1543
4710 4247
4710 7576
4710 8877
4710 9729
4710 9874
4710 10220
4715 2693
4716 9303
4719 393
4719 3081
4719 7099
4722 570
4722 1777
4728 10233
4730 1039
4730 3501
4736 995
4745 2646
4746 1358
4747 3842
4752 280
4761 10258
4761 10259
4767 10149
4777 10275
4786 10112
4786 10287
4798 387
4798 1874
4798 2682
4798 3515
4803 45
4803 3803
4806 5809
4806 8951
4807 10299
4810 6740
4810 6761
4810 7981
4816 10306
4817 616
4817 2349
4817 2355
4820 4675
4820 4867
4820 6852
4820 6860
4820 8625
4823 4522
4823 10312
4827 7749
4830 52
4830 312
4830 7489
4830 10315
4834 5214
4835 1326
4835 4658
4835 10321
4843 4249
4843 9658
4846 229
4846 1032
4847 2483
4847 3110
4847 8545
4856 10332
4868 413
4868 1140
4871 8247
4873 2152
4875 1449
4875 10343
4881 10347
4885 4208
4885 7603
4887 8063
4887 10351
4889 341
4889 4294
4889 5498
4889 6278
4891 440
4893 2103
4896 10133
4902 5393
4902 5552
4902 6616
4902 9922
4906 411
4906 635
4906 2584
4906 3139
4906 8045
4907 7711
4911 1285
4926 3117
4926 9169
4930 7407
4933 3089
4937 97
4937 493
4939 10386
4953 254
4959 6958
4960 8917
4961 5648
4963 8635
4971 5615
4972 27
4972 2341
4972 7100
4972 7324
4973 4646
4973 8946
4978 3703
4978 10407
4980 3129
4982 9173
4986 7734
4989 4771
4989 4822
4989 6934
4989 9944
4989 10415
4991 10416
4992 1326
4992 4313
4992 5664
4996 760
4997 3209
4999 89
4999 2587
4999 3495
4999 7536
5001 1812
5001 6004
5005 1109
5005 1255
5006 786
5008 1000
5012 2492
5019 9748
5019 10435
5021 5682
5021 5826
5021 10076
5024 6049
5025 3037
5025 5197
5026 3340
5026 10212
5032 343
5032 3304
5032 5591
5035 8494
5037 9718
5037 10440
5038 3703
5043 1923
5043 5552
5044 761
5044 9601
5045 4536
5047 10446
5048 3740
5051 1017
5051 2883
5051 3137
5051 3326
5051 3921
5051 4062
5051 5344
5051 5859
5051 7997
5051 9010
5051 9117
5051 10449
5052 301
5052 1174
5052 2570
5052 4031
5052 5121
5052 6392
5052 7617
5052 9229
5055 9891
5059 6131
5059 10139
5059 10454
5061 300
5061 1756
5061 2458
5061 3643
5062 10459
5066 440
5066 10462
5067 6105
5068 1648
5068 2881
5068 10463
5068 10464
5072 6505
5075 794
5075 3172
5077 1588
5077 7537
5077 7800
5077 10469
5081 337
5081 8760
5082 10473
5085 503
5085 7659
5085 7980
5087 2712
5087 4960
5087 10047
5088 2588
5091 4578
5091 7369
5091 10478
5091 10479
5092 4734
5094 1616
5099 465
5100 478
5100 9158
5103 8218
5119 2176
5119 10488
5124 5078
5124 10082
5131 89
5131 309
5131 1224
5131 4268
5131 7324
5132 2397
5135 2535
5137 6583
5141 1603
5141 9136
5142 1404
5142 7381
5146 45
5146 2664
5146 5387
5146 8873
5146 9732
5155 3979
5155 10178
5155 10506
5159 9949
5160 3601
5165 3436
5165 8430
5170 536
5170 1766
5170 1769
5170 3206
5170 8008
5170 10513
5187 5329
5187 7597
5189 10523
5190 3927
5190 7963
5193 3919
5198 6686
5200 2281
5200 3783
5200 4713
5200 6325
5200 7583
5201 7873
5203 3758
5203 6639
5207 1739
5207 7425
5213 1578
5216 2109
5216 5846
5218 326
5218 339
5218 9495
5218 10139
5220 6833
5221 10539
5227 737
5227 755
5227 2661
5228 1001
5228 1690
5228 4514
5228 5303
5228 6452
5228 10269
5229 9919
5230 2264
5231 82
5231 2699
5231 6614
5231 8373
5231 8797
5233 1169
5233 3704
5233 6335
5234 10544
5234 10546
5240 1253
5242 5846
5259 6172
5264 701
5264 1044
5264 2415
5264 7280
5267 435
5267 1739
5267 2660
5267 7542
5270 10076
5273 1693
5273 4628
5273 6051
5275 6142
5281 2552
5282 3355
5284 3437
5291 1980
5297 9189
5299 3256
5301 67
5302 632
5302 1605
5302 3216
5302 10569
5304 4315
5304 10047
5309 232
5309 1282
5309 3710
5309 6521
5309 6926
5311 5620
5311 7910
5322 7297
5322 8254
5323 4825
5323 6857
5333 5655
5340 108
5340 186
5340 2473
5340 9978
5340 10583
5349 8648
5353 9945
5360 8246
5362 4267
5366 3275
5366 5650
5367 7369
5369 3781
5369 10598
5371 3696
5375 4136
5375 4827
5375 10602
5376 5476
5377 276
5379 4735
5379 6956
5381 884
5383 2591
5386 2912
5386 10606
5389 2969
5389 7089
5389 9715
5392 9571
5394 10615
5403 4578
5407 2148
5407 2149
5407 2159
5407 2540
5407 6220
5407 6223
5407 6229
5407 8223
5407 8225
5407 8227
5407 10622
5408 7880
5413 8443
5414 3745
5414 8912
5415 9851
5416 980
5416 1494
5416 2205
5416 10626
5416 10627
5416 10628
5417 4807
5418 586
5419 5029
5423 4233
5425 7314
5430 4492
5433 1751
5435 2995
5435 5814
5435 9949
5437 6030
5440 1702
5442 3688
5442 6404
5445 8642
5450 5599
5450 9601
5452 6997
5460 1254
5460 1470
5460 1514
5460 1520
5460 1627
5460 1629
5460 2906
5460 4262
5460 5472
5463 82
5463 843
5463 930
5463 1793
5463 2710
5463 4003
5463 4819
5463 5708
5464 3988
5468 5625
5468 9596
5469 4237
5470 9930
5473 7748
5474 4607
5474 5521
5479 366
5479 10076
5479 10662
5481 2840
5482 5909
5487 435
5487 9930
5493 5795
5496 1434
5496 4690
5498 2636
5498 8667
5499 326
5499 5387
5499 7854
5499 10003
5503 5798
5513 3261
5518 1467
5518 10004
5521 1847
5529 5695
5530 10685
5532 2336
5532 3536
5532 8184
5532 8550
5534 869
5534 2716
5543 3762
5543 5231
5543 9320
5544 3725
5544 5487
5548 67
5551 5340
5551 10087
5554 4149
5565 4940
5565 5732
5568 6666
5571 6619
5572 907
5572 4290
5575 2187
5575 10453
5578 1503
5578 5552
5578 8534
5578 10701
5582 7536
5589 1647
5589 2758
5589 3658
5589 6798
5601 2360
5615 6102
5617 3877
5617 5233
5620 5780
5638 8278
5640 10743
5654 1602
5654 3315
5655 2138
5655 2330
5655 4044
5655 6209
5658 707
5658 1745
5658 3601
5658 4378
5658 4814
5659 9100
5666 6928
5667 445
5667 1959
5667 2297
5667 9871
5667 10034
5669 491
5669 5790
5676 944
5678 172
5679 8048
5683 354
5688 31
5688 1215
5688 1268
5688 2570
5688 5581
5689 9210
5700 10290
5701 5902
5703 1270
5712 9944
5719 9966
5721 341
5722 2117
5722 3918
5722 5826
5726 5745
5726 8974
5730 5101
5732 2957
5734 3212
5737 2101
5739 289
5739 315
5739 2134
5739 4021
5739 7910
5739 8812
5739 9823
5740 8558
5747 95
5747 312
5747 2782
5747 8977
5747 9028
5749 5075
5752 4785
5753 3997
5753 5316
5754 8667
5758 6856
5762 4037
5762 5904
5763 1109
5765 1194
5765 10784
5768 898
5773 714
5773 5826
5773 6054
5773 8863
5777 4047
5777 7466
5777 8058
5777 9797
5783 6475
5785 806
5788 4107
5789 28
5789 756
5789 2040
5789 4666
5796 1202
5797 5826
5804 364
5804 3399
5808 8198
5810 2375
5810 7636
5814 10749
5816 2668
5820 6025
5820 8002
5822 3890
5826 8182
5828 6516
5828 6644
5828 9048
5828 9749
5832 780
5837 286
5840 137
5840 1320
5840 2486
5842 884
5842 5283
5854 1576
5854 2178
5854 4646
5854 6764
5854 10414
5855 7398
5857 10695
5857 10826
5860 950
5860 2450
5860 3658
5861 10829
5865 2552
5865 6100
5865 10055
5866 2040
5866 2208
5871 2605
5872 10830
5875 3067
5878 10835
5880 10836
5881 874
5886 540
5886 980
5886 2605
5886 4180
5886 5579
5886 7362
5886 7781
5886 10146
5888 20
5888 3004
5888 10840
5891 1358
5900 4527
5901 92
5901 1540
5901 1891
5901 7627
5901 7906
5903 8766
5906 6229
5909 6108
5916 3135
5916 4249
5919 8905
5919 10196
5919 10851
5926 5012
5928 1596
5928 2073
5928 2553
5928 4400
5928 5243
5928 6592
5932 1283
5936 3904
5936 10859
5938 5718
5938 6668
5941 1387
5942 354
5942 1049
5942 4404
5942 8623
5946 4880
5947 83
5947 6575
5954 1286
5954 5920
5954 6826
5954 10742
5956 7489
5963 4110
5963 4628
5963 4893
5963 6669
5964 5019
5964 7733
5965 4100
5968 3943
5977 616
5986 3555
5986 7055
5988 2355
5989 3507
5993 4050
5993 7608
5997 2314
6014 9452
6015 442
6015 5406
6018 9992
6019 293
6019 3225
6019 4222
6019 5483
6019 6383
6024 2508
6024 3381
6027 2553
6031 14
6031 6240
6031 6277
6036 2683
6040 6108
6040 10898
6042 684
6042 6786
6047 2517
6050 830
6050 4381
6050 7345
6053 403
6055 2163
6057 2254
6059 4597
6061 255
6061 1534
6062 6516
6063 2666
6063 2935
6067 395
6067 1349
6069 4436
6069 10920
6072 5464
6073 673
6073 3050
6073 9157
6074 3069
6074 4713
6077 2912
6078 395
6078 1976
6078 2258
6078 5354
6078 6609
6078 7810
6078 10035
6078 10789
6082 3169
6085 2658
6087 4628
6090 901
6094 942
6103 10311
6107 8720
6116 8153
6124 2565
6126 622
6126 3516
6131 576
6138 1134
6139 8446
6144 3089
6144 10946
6146 1399
6146 3048
6146 5504
6146 6527
6146 9052
6146 9243
6158 1158
6158 10246
6159 2264
6159 4267
6159 5732
6160 387
6161 1516
6162 2420
6162 4528
6163 4765
6164 15
6164 1771
6164 5430
6164 6872
6164 9044
6164 10954
6170 1815
6170 5406
6175 84
6175 298
6175 1953
6175 4115
6175 4730
6175 6105
6175 8806
6184 6418
6186 373
6186 6686
6186 7676
6194 9001
6203 3456
6205 4549
6208 1041
6209 166
6213 996
6213 3254
6216 1551
6216 1891
6216 8310
6220 1357
6220 3837
6220 4718
6220 10121
6222 1008
6224 4860
6225 287
6229 763
6236 2247
6236 6840
6244 855
6244 6973
6248 3137
6250 5728
6254 386
6255 3107
6255 5151
6255 5335
6255 7213
6265 3162
6268 4941
6272 1681
6273 8906
6275 112
6275 3271
6277 413
6282 1936
6282 2377
6282 4051
6282 8867
6284 156
6284 582
6284 901
6284 1828
6284 2398
6284 2549
6284 2657
6284 5781
6284 6226
6284 7333
6284 10540
6293 104
6298 954
6300 10994
6304 7472
6305 3612
6305 3828
6305 10975
6309 901
6309 2159
6309 3644
6309 6226
6311 3901
6316 1931
6319 2546
6319 2657
6321 259
6321 753
6321 843
6321 3603
6321 6688
6321 11001
6325 5124
6328 2666
6330 1902
6331 727
6331 3096
6332 1288
6332 6503
6333 403
6333 4655
6335 822
6335 1728
6336 402
6339 4373
6339 11004
6340 1118
6342 442
6342 10645
6343 11006
6346 1842
6356 2298
6357 5835
6357 9051
6359 8677
6360 4524
6364 5458
6368 1350
6369 238
6369 798
6382 263
6382 361
6382 2068
6382 6362
6384 5145
6386 1042
6387 3129
6387 8746
6390 1028
6390 3268
6390 6156
6394 4174
6402 3876
6402 10184
6405 218
6411 563
6413 435
6413 7250
6413 10160
6414 3827
6416 67
6421 6741
6423 10085
6427 2034
6428 1226
6428 10829
6429 1441
6429 4015
6430 766
6430 1031
6430 3947
6430 7345
6432 7323
6444 2960
6453 521
6453 3802
6457 438
6457 1441
6464 6102
6465 2444
6470 2784
6470 7904
6471 9992
6472 6033
6472 6108
6473 190
6473 993
6473 6457
6473 11039
6475 6102
6475 11040
6477 188
6479 255
6479 1904
6479 3431
6479 4704
6481 1688
6491 5738
6492 2236
6492 8267
6493 3910
6493 5364
6496 1754
6500 5617
6500 6758
6502 10004
6503 3453
6503 9089
6513 4208
6513 4981
6517 1183
6517 3625
6517 3858
6517 7450
6518 2632
6518 6286
6519 4038
6519 5221
6519 9945
6519 10306
6522 3916
6524 1556
6524 2945
6524 10560
6524 10986
6527 10318
6535 10512
6540 901
6540 7261
6540 9332
6546 32
6546 3569
6547 227
6547 629
6548 375
6548 4976
6553 271
6553 276
6553 2348
6554 4811
6555 112
6555 1021
6556 1359
6556 9444
6559 1345
6559 3198
6559 7968
6562 1332
6563 6542
6564 8575
6568 3438
6569 272
6569 9918
6571 4586
6571 9979
6571 10458
6576 1728
6576 2354
6576 4755
6576 5139
6581 3976
6587 1102
6587 11071
6590 533
6590 1758
6590 1874
6591 6204
6598 3902
6599 11073
6602 5245
6602 5780
6602 8464
6602 9280
6604 3705
6604 6621
6606 1196
6606 1238
6606 8355
6606 8627
6606 9303
6606 10640
6607 8354
6607 11039
6611 980
6611 2134
6611 2953
6611 3859
6611 6696
6611 9646
6616 1282
6623 2903
6624 764
6624 1953
6624 7084
6624 7532
6625 2557
6625 9885
6627 8040
6631 1766
6631 7372
6631 8924
6633 3481
6633 11088
6633 11089
6635 5277
6644 2038
6645 2953
6646 4435
6646 10626
6651 1681
6651 4679
6652 296
6652 4866
6653 105
6653 2191
6653 10935
6655 1073
6657 101
6657 978
6657 10546
6658 2781
6658 4746
6658 5911
6658 10588
6659 6073
6661 8120
6669 901
6669 1828
6669 2614
6669 2657
6669 6226
6672 789
6672 11100
6675 151
6675 2855
6675 4015
6675 8439
6678 794
6678 2205
6682 11102
6690 8740
6692 7264
6693 1451
6694 1766
6695 7597
6703 8346
6705 1279
6705 1686
6706 2646
6706 3398
6706 9731
6707 2925
6707 6703
6707 7340
6708 9830
6708 10590
6712 6622
6714 2094
6720 1808
6721 1587
6726 3381
6728 1441
6728 3109
6729 10204
6732 299
6732 3542
6739 1953
6739 6637
6741 753
6741 1777
6741 3399
6744 1828
6748 3306
6753 1028
6759 1904
6764 4249
6767 1016
6767 4638
6774 382
6774 10103
6777 827
6777 3776
6777 6696
6777 10270
6779 991
6781 671
6781 4843
6783 4669
6787 4401
6789 2548
6789 2569
6791 4996
6791 10519
6792 4257
6793 419
6813 982
6813 3197
6813 4607
6813 5574
6813 5607
6814 2207
6817 124
6817 1852
6817 1994
6817 2132
6817 8105
6820 1077
6825 7464
6825 10476
6827 533
6827 609
6827 2063
6827 2682
6827 11153
6828 675
6828 3006
6828 6352
6828 7817
6830 2903
6830 4211
6830 6183
6830 8015
6832 1729
6832 6043
6841 7333
6842 1202
6843 413
6843 5454
6843 7089
6845 1021
6845 2818
6845 10975
6847 558
6849 5577
6849 9365
6849 10825
6852 2665
6859 3043
6861 849
6861 1854
6862 215
6862 1282
6862 9353
6862 11163
6866 552
6866 4541
6866 5576
6870 1581
6872 676
6872 8175
6874 1755
6880 6055
6881 100
6881 5939
6883 947
6886 5986
6887 1804
6887 6390
6887 6391
6887 8104
6889 2247
6891 623
6891 2192
6896 4524
6899 1253
6909 616
6911 105
6915 7008
6916 437
6918 843
6921 554
6921 623
6921 1122
6921 1572
6921 1573
6921 3408
6922 1479
6922 11187
6927 1358
6927 8757
6937 2841
6937 3839
6937 5282
6937 6779
6937 6888
6937 9092
6941 711
6941 5187
6951 1635
6953 2998
6953 5821
6953 7310
6955 579
6955 1290
6959 151
6959 579
6966 538
6966 5045
6966 8283
6970 154
6970 5343
6970 6290
6971 822
6971 5930
6971 7999
6980 845
6980 2515
6980 8532
6980 11163
6983 1849
6999 1597
6999 2599
6999 2950
6999 5046
6999 7439
7001 696
7006 1626
7006 2068
7006 2960
7006 3682
7006 6490
7008 8117
7009 2296
7009 5003
7009 6533
7009 7203
7009 8107
7009 8933
7009 9279
7009 9303
7009 9792
7009 10545
7009 10881
7009 11205
7014 781
7016 343
7016 2316
7016 2517
7016 5913
7016 6530
7016 7671
7017 200
7017 2511
7019 125
7019 175
7019 402
7019 514
7019 1398
7021 4050
7023 7212
7026 2073
7026 3904
7026 4627
7026 5300
7027 7991
7028 529
7028 4141
7032 7585
7033 8620
7033 11211
7035 696
7035 11212
7036 2172
7041 4585
7044 3534
7044 3745
7044 5290
7049 45
7049 1714
7054 3399
7054 11218
7057 1467
7057 2141
7057 7073
7057 8712
7057 11219
7060 1479
7065 200
7066 1790
7066 4269
7066 5334
7066 7126
7066 9604
7076 9094
7076 10833
7078 5039
7078 9116
7084 5613
7085 242
7085 4852
7085 5512
7085 6210
7085 7114
7085 7661
7086 14
7086 924
7086 10579
7089 4321
7089 7602
7090 140
7092 3101
7093 3398
7093 5778
7096 611
7096 2123
7099 957
7099 3113
7099 5706
7099 7806
7099 7971
7099 8242
7099 9392
7101 816
7101 4572
7105 7910
7105 10717
7106 4976
7107 796
7109 10245
7116 3162
7116 7069
7120 1658
7123 403
7134 5668
7136 1904
7138 7275
7138 8604
7140 237
7145 2108
7145 3222
7147 7844
7148 521
7149 816
7149 4238
7149 5482
7149 7267
7149 10383
7150 3703
7152 521
7155 11208
7156 4502
7157 1828
7157 3442
7163 7440
7171 10456
7172 10347
7172 10348
7184 762
7186 148
7186 4092
7189 3482
7189 7816
7195 1167
7196 2790
7196 4208
7200 3837
7202 708
7204 2732
7205 169
7205 5684
7206 4033
7209 2704
7209 8760
7209 9316
7218 10186
7220 7205
7221 14
7223 1878
7227 9682
7227 10204
7228 227
7228 4089
7228 7740
7229 3587
7229 8810
7230 3517
7230 5369
7230 5851
7232 8652
7232 9469
7234 2507
7238 2865
7240 3219
7243 5130
7243 9454
7247 1160
7248 1940
7249 2595
7251 1504
7251 1925
7253 7684
7253 10936
7254 570
7258 342
7259 4962
7259 4987
7259 5540
7259 6439
7259 7927
7264 2623
7264 8423
7265 7576
7265 8729
7271 6475
7271 10379
7278 413
7279 163
7281 7133
7286 4569
7291 5233
7294 1188
7295 521
7295 610
7297 1146
7298 514
7299 861
7299 2873
7299 5035
7299 10780
7300 1749
7301 11267
7315 6295
7315 6560
7315 11272
7324 7634
7325 3643
7325 9148
7325 11070
7326 2863
7326 4974
7327 6799
7329 2962
7330 1581
7331 3744
7340 1358
7341 1443
7341 8686
7342 4530
7342 6491
7343 4453
7344 3170
7346 2590
7350 6118
7352 11104
7353 7735
7355 2530
7355 11280
7363 1020
7363 11284
7370 14
7374 3942
7379 2282
7379 3804
7380 32
7380 3126
7380 4670
7380 6477
7380 7783
7380 11121
7387 9726
7391 8944
7395 6373
7398 3545
7399 5931
7400 416
7400 1004
7400 3879
7403 3355
7403 9333
7405 1118
7405 9618
7406 1520
7406 2456
7409 8217
7410 1119
7410 8031
7411 853
7411 9836
7413 711
7416 3468
7416 5950
7416 7304
7416 8987
7429 9456
7432 1614
7435 1527
7439 5119
7441 4952
7444 53
7444 2758
7444 4863
7446 3645
7451 19
7451 2971
7451 4111
7451 5356
7451 6617
7456 1216
7456 1793
7456 1903
7456 3807
7456 5270
7456 6491
7456 6743
7456 6995
7456 8519
7457 8873
7461 9084
7468 7952
7471 578
7472 724
7472 884
7472 3448
7472 11212
7474 692
7476 2286
7479 375
7479 2539
7480 108
7480 884
7480 6669
7480 7518
7485 470
7487 442
7492 1387
7493 3758
7494 67
7494 271
7495 1249
7495 1432
7496 1319
7496 10187
7502 3208
7506 2945
7508 236
7508 1323
7508 7282
7515 8954
7518 4648
7520 1068
7520 1248
7520 2605
7520 2769
7520 7111
7521 4870
7522 1758
7522 3189
7522 6673
7523 1081
7523 2205
7523 2737
7523 2771
7526 257
7526 2508
7526 8202
7527 9009
7533 3185
7538 60
7538 9300
7540 604
7540 10149
7546 1105
7551 5532
7552 8296
7555 1399
7556 991
7557 5574
7559 4915
7561 1194
7561 2236
7564 2179
7564 3051
7564 6877
7564 7122
7571 1516
7571 2855
7575 2775
7575 8955
7576 9571
7576 9796
7578 2790
7578 7478
7582 9926
7585 1057
7585 2276
7585 11334
7589 6886
7591 218
7591 2953
7592 3478
7596 1247
7597 218
7597 1135
7597 1758
7597 1850
7598 1369
7599 570
7599 1989
7602 1520
7603 3860
7603 5700
7605 4249
7605 4412
7605 5084
7606 9089
7608 524
7608 1358
7611 3395
7612 4203
7612 7251
7616 6977
7620 4331
7620 4639
7621 255
7621 2680
7621 4882
7628 2137
7631 3200
7631 10480
7632 1156
7632 1578
7632 6527
7633 1118
7634 2218
7634 3099
7635 5247
7635 6276
7635 7079
7636 4979
7636 7589
7636 9126
7638 3598
7638 9754
7639 1539
7639 1652
7645 2016
7646 7663
7656 1049
7661 200
7663 10280
7666 2750
7668 3761
7670 1904
7670 11087
7670 11354
7672 268
7672 5312
7673 145
7673 2586
7673 3320
7675 1164
7675 7573
7678 2227
7678 5498
7678 7462
7678 9515
7679 2861
7680 3668
7681 5017
7682 10839
7685 304
7685 379
7685 4674
7687 6864
7688 5035
7689 1909
7689 5992
7693 885
7693 944
7693 1514
7693 10199
7694 1203
7695 7293
7700 855
7702 118
7702 3855
7702 8817
7709 1358
7712 6191
7714 341
7716 4275
7717 8290
7719 486
7719 4262
7719 10295
7720 869
7720 884
7720 1839
7729 10497
7730 1107
7730 1179
7733 1948
7735 339
7735 6515
7741 607
7745 11024
7746 1273
7747 7659
7749 1558
7751 5421
7755 7994
7756 1283
7760 2688
7760 3880
7760 8058
7764 3853
7770 1421
7773 9039
7778 2511
7779 1302
7782 5175
7787 3874
7790 2063
7790 10452
7792 3501
7792 4553
7792 5274
7792 10250
7796 11377
7797 367
7797 2586
7798 1202
7798 1358
7798 7086
7801 1289
7801 3393
7801 6732
7802 2735
7805 6030
7806 1704
7810 4810
7810 9808
7814 1026
7814 2287
7815 1310
7816 1344
7816 4844
7818 449
7819 887
7827 1657
7827 4581
7827 9735
7829 3081
7829 4089
7829 4636
7829 7049
7829 9762
7829 11385
7830 1120
7830 8923
7831 1421
7831 6623
7832 2187
7836 3660
7843 8927
7844 271
7844 280
7846 621
7846 662
7846 1428
7846 2112
7847 1201
7849 9602
7850 2953
7850 3674
7851 7033
7853 1767
7853 4050
7858 421
7858 967
7862 814
7862 1014
7862 6190
7862 9049
7865 5977
7871 1575
7871 3077
7873 1225
7873 9231
7875 1135
7875 5937
7875 6930
7875 10799
7877 106
7877 2682
7880 128
7880 1148
7880 3067
7880 6059
7880 11389
7886 2197
7887 660
7887 952
7888 1527
7888 3529
7888 7019
7888 7810
7889 780
7893 3783
7893 6921
7893 7786
7895 243
7895 1540
7895 1564
7895 1845
7895 2077
7895 8121
7897 3562
7903 9035
7903 11344
7905 3438
7907 513
7907 1117
7907 2376
7907 2575
7909 7629
7909 10070
7910 413
7912 618
7912 1135
7913 4092
7919 2108
7920 836
7920 1828
7920 8757
7920 11400
7924 932
7926 3902
7929 36
7929 1954
7929 2600
7929 2898
7929 5494
7930 2398
7930 3650
7930 6286
7930 8840
7930 11045
7932 8221
7932 9418
7933 4457
7934 1515
7934 6053
7936 80
7936 11404
7938 1762
7938 8672
7940 2782
7940 4108
7944 2982
7944 3540
7945 2388
7945 4706
7945 6297
7945 11406
7946 841
7946 886
7946 3393
7946 6107
7946 7603
7948 3942
7948 9847
7960 4174
7964 553
7964 2013
7964 10864
7966 4969
7966 5345
7966 7138
7970 2088
7973 2088
7973 3193
7973 4060
7973 5721
7973 9909
7973 11412
7977 4775
7977 7808
7979 2862
7979 3910
7980 901
7980 2546
7980 2657
7980 4673
7980 4730
7981 1421
7981 7296
7987 7575
7988 2285
7988 3064
7988 4607
7988 5762
7991 1372
7991 6308
7991 7876
7991 11415
7994 517
8000 2589
8000 3692
8001 4061
8003 4483
8004 3761
8004 4269
8004 11418
8005 5234
8006 8073
8008 4208
8008 8336
8009 3269
8010 2184
8010 11030
8013 6898
8014 2320
8021 14
8021 9982
8022 3374
8022 4305
8022 5150
8022 10585
8027 42
8027 323
8027 962
8027 3156
8027 6083
8027 6827
8028 9511
8031 1427
8031 2499
8037 2758
8041 3656
8041 4473
8041 11426
8046 822
8046 8640
8046 8998
8046 10437
8050 67
8050 999
8050 1466
8050 3194
8050 4246
8050 4988
8050 6320
8050 10229
8050 10582
8050 11000
8053 2355
8053 7472
8054 6336
8055 514
8058 2389
8058 3973
8058 4851
8061 2675
8061 5569
8061 8659
8064 10234
8066 104
8066 2685
8073 10989
8074 1378
8074 10216
8074 10529
8075 14
8075 275
8075 548
8075 799
8075 867
8075 923
8075 1315
8075 3383
8075 7724
8075 8320
8075 8890
8075 11248
8083 4067
8086 8549
8095 3706
8099 1358
8099 3606
8105 10906
8106 3240
8106 4193
8107 436
8112 2055
8113 7132
8114 10265
8117 1602
8117 3502
8117 4836
8120 6310
8120 7159
8120 8541
8128 3408
8131 8507
8133 8107
8136 5838
8137 10823
8138 685
8138 753
8138 1362
8138 4204
8140 651
8140 9601
8142 1341
8145 2273
8147 1707
8147 5577
8147 7001
8147 7676
8149 2780
8150 438
8151 570
8151 8706
8151 9823
8154 9847
8155 3740
8162 70
8162 6116
8163 2251
8163 3910
8165 3407
8166 7582
8167 6085
8170 6719
8173 5646
8179 1086
8179 1748
8179 5763
8181 3827
8184 699
8187 1157
8187 1501
8187 3024
8187 3666
8187 4080
8187 7718
8188 3549
8189 1941
8189 4982
8195 10946
8196 3405
8196 11034
8199 381
8204 2068
8204 3499
8204 3682
8204 4160
8205 2398
8206 2204
8217 4013
8221 822
8222 3645
8222 7622
8224 816
8227 3216
8227 11461
8228 3571
8231 1858
8232 591
8232 644
8232 8595
8232 9611
8232 10840
8237 2605
8240 3761
8241 2066
8243 1049
8243 7836
8244 2181
8246 1604
8246 2088
8249 4025
8255 5430
8255 6188
8261 11366
8265 881
8265 11005
8266 2082
8267 2681
8273 10209
8274 3919
8274 5575
8287 1796
8287 10683
8291 6556
8297 4853
8297 7332
8297 11110
8298 383
8298 1772
8298 7808
8298 11470
8299 2606
8299 4489
8299 11055
8299 11471
8300 255
8301 260
8301 8924
8303 52
8303 3107
8310 5119
8314 18
8314 3214
8314 5091
8317 10534
8319 2504
8319 5826
8323 839
8323 7357
8323 9040
8323 11475
8324 2125
8324 5115
8324 5713
8329 630
8335 647
8338 4059
8339 9158
8340 2265
8340 11480
8344 8000
8348 587
8350 5738
8350 9809
8352 3185
8354 11184
8355 1631
8355 3750
8356 5974
8360 6992
8360 7970
8360 8111
8363 547
8364 10219
8367 82
8367 4454
8371 2204
8374 5436
8379 9721
8389 2488
8390 18
8390 2857
8390 3414
8390 3958
8390 5979
8390 6475
8392 7493
8392 7494
8398 2247
8398 3390
8400 3107
8400 9527
8400 10179
8400 10471
8404 84
8404 3532
8407 1538
8408 6262
8409 1669
8411 10267
8413 1489
8416 7420
8422 1358
8422 1702
8423 4133
8428 3781
8430 10896
8430 10957
8431 2284
8433 7581
8435 101
8438 11494
8439 1855
8440 3045
8440 5943
8443 211
8444 3398
8446 910
8446 10785
8447 328
8455 1294
8455 1647
8455 2088
8455 2535
8455 6136
8459 6204
8459 11266
8459 11501
8460 491
8460 1585
8460 3307
8460 3502
8460 3709
8460 5869
8460 8127
8460 9347
8460 11326
8461 2236
8461 9100
8466 7712
8472 1763
8474 611
8477 1390
8477 3274
8478 201
8482 7032
8482 10815
8488 5329
8489 4178
8490 10521
8494 2823
8495 5116
8496 268
8496 3414
8496 4764
8496 8952
8498 3967
8498 5953
8498 7255
8498 9300
8498 10858
8499 161
8503 8456
8503 11507
8507 4720
8507 9691
8508 10926
8525 5112
8526 5668
8528 181
8534 7300
8536 3437
8536 6793
8538 5553
8540 7724
8540 9391
8541 3459
8542 2652
8543 346
8546 2268
8546 6148
8553 14
8558 1842
8559 6707
8562 577
8562 5074
8564 6275
8564 11519
8566 187
8574 6386
8576 4875
8576 11522
8578 8143
8582 92
8582 464
8582 9250
8582 9748
8584 1109
8584 6204
8588 464
8588 1017
8588 2281
8588 2903
8588 3452
8588 4222
8588 4863
8588 5290
8588 5836
8588 9162
8588 9292
8588 10553
8588 10587
8591 2206
8593 1612
8597 6395
8601 3532
8601 3562
8601 6244
8601 6837
8601 9889
8602 1187
8610 2246
8610 10904
8615 4960
8615 9769
8616 626
8619 577
8619 3573
8619 5982
8620 413
8620 1586
8623 5847
8624 831
8624 980
8626 9327
8628 158
8628 710
8628 1228
8628 2696
8628 3645
8628 7984
8629 3837
8632 786
8632 4894
8634 3200
8634 6024
8638 8391
8643 576
8643 822
8643 1652
8643 3494
8643 6130
8643 11402
8644 11390
8646 1684
8646 2472
8646 5092
8646 8592
8647 367
8647 9563
8647 11426
8648 2801
8648 9434
8648 10865
8648 11533
8653 11454
8654 45
8654 400
8654 1477
8654 1753
8654 1852
8654 3910
8654 5263
8654 5902
8654 6215
8654 6452
8654 8847
8655 5145
8657 8925
8663 464
8663 948
8663 1228
8663 1397
8663 2300
8663 3150
8663 4697
8663 7546
8665 2647
8669 1718
8670 1676
8671 1946
8671 8569
8680 8475
8680 8852
8688 5461
8689 242
8689 8213
8690 1247
8690 9222
8690 11410
8693 3555
8693 3924
8693 4027
8693 4541
8693 4646
8693 5232
8697 193
8697 5546
8704 6137
8704 8044
8710 339
8710 1329
8710 1539
8710 3017
8710 3908
8710 9195
8719 186
8722 1181
8725 1792
8725 2289
8728 10197
8729 40
8732 3232
8734 8973
8739 346
8739 868
8739 7544
8742 9200
8743 3808
8746 1073
8754 2473
8757 3713
8763 413
8763 7994
8766 1147
8767 2247
8767 10326
8770 2015
8770 4079
8770 4441
8772 584
8778 511
8778 1503
8778 5845
8778 8601
8779 4135
8780 10589
8782 901
8782 2657
8783 8657
8784 9489
8788 4182
8789 9925
8795 734
8795 1839
8795 4988
8795 5737
8795 9674
8798 2828
8800 2409
8801 9416
8805 2569
8805 8108
8805 11061
8806 792
8806 1457
8807 4315
8812 6287
8816 76
8816 9163
8816 9329
8818 1360
8818 1874
8818 2163
8818 2589
8818 2696
8818 3752
8818 6376
8818 7614
8820 904
8820 4291
8820 11150
8821 724
8822 4193
8822 4683
8822 11153
8823 1671
8823 2753
8824 11557
8828 641
8828 3553
8834 1068
8834 2189
8834 3764
8841 196
8841 2240
8841 10176
8843 578
8843 3645
8843 3910
8843 4882
8843 6184
8846 1251
8848 4125
8851 3298
8851 3388
8851 7303
8853 2912
8856 5472
8856 6560
8857 1050
8857 1098
8859 6027
8860 825
8861 296
8863 1257
8863 6030
8864 6716
8865 44
8865 4985
8865 6673
8865 6762
8865 6847
8876 7675
8877 2029
8877 7743
8878 663
8878 8658
8879 9123
8880 4977
8887 3064
8887 11561
8888 413
8888 7994
8888 10920
8892 827
8892 1100
8892 2026
8892 4024
8892 6896
8892 9679
8894 834
8894 4988
8895 4554
8897 1140
8897 4517
8901 4902
8906 1384
8908 5591
8909 2671
8909 6567
8911 6638
8917 1489
8917 2869
8918 568
8918 1198
8918 6925
8918 10259
8918 10982
8921 3968
8924 658
8924 714
8924 2841
8924 5910
8924 7934
8926 1176
8927 136
8931 8306
8931 8321
8935 771
8935 1652
8935 11568
8942 10725
8942 10969
8945 9106
8945 9535
8945 9669
8946 5387
8947 703
8947 5456
8947 10218
8948 6587
8950 413
8951 1923
8951 7471
8951 9583
8953 11517
8956 7602
8957 6979
8959 6198
8972 3837
8973 393
8973 1626
8973 2189
8973 4670
8973 5855
8973 6454
8973 10206
8982 2704
8982 7990
8994 9655
8995 8087
9006 536
9006 1135
9008 297
9008 2121
9008 4033
9009 3615
9013 127
9015 1441
9015 2348
9018 2088
9019 1626
9021 10546
9021 10916
9022 2141
9025 9021
9033 5982
9034 251
9034 7506
9036 6567
9039 1535
9039 1653
9039 7324
9039 9415
9039 10643
9039 10679
9042 14
9042 1288
9042 1758
9053 9187
9057 22
9060 3541
9066 9243
9069 2562
9077 753
9077 2942
9077 5603
9077 8882
9077 10341
9080 3751
9082 3642
9082 11545
9083 844
9083 5472
9083 7265
9084 7465
9084 8672
9085 3765
9085 10261
9096 174
9096 1091
9101 6516
9102 3074
9102 9608
9107 490
9107 1953
9107 5747
9108 9690
9112 3829
9112 4545
9112 5614
9112 10676
9120 333
9123 5911
9125 76
9125 9383
9125 11594
9127 242
9127 3798
9127 4401
9131 4883
9131 5116
9131 6424
9134 6353
9134 8550
9135 3603
9135 11123
9135 11547
9140 9627
9140 10865
9144 3825
9147 5028
9147 7135
9147 8849
9152 1358
9156 45
9156 976
9156 2595
9156 6890
9159 6373
9162 1098
9175 1824
9175 1913
9175 4692
9175 5993
9176 2473
9177 4654
9177 6023
9177 7857
9177 9135
9177 10255
9178 5232
9179 7731
9190 946
9190 4208
9193 2861
9195 748
9195 847
9195 5514
9195 8008
9195 9980
9199 1766
9201 6388
9203 1793
9203 3565
9203 5370
9203 5991
9203 8835
9219 891
9221 161
9221 4732
9221 7633
9222 7323
9222 7614
9223 2765
9226 5328
9227 2003
9227 5649
9227 8021
9233 553
9236 2031
9238 487
9238 2482
9238 5185
9239 1581
9240 254
9240 7323
9240 9137
9243 6257
9246 3298
9249 3639
9257 8299
9257 8650
9257 11290
9260 3465
9260 3880
9262 1037
9262 5375
9263 5446
9266 2855
9272 2426
9275 7611
9277 1614
9277 8141
9287 632
9287 983
9287 1874
9287 2472
9287 6279
9287 8193
9301 2708
9301 4634
9301 4660
9301 8038
9304 8846
9305 8769
9307 670
9307 3751
9307 11616
9310 724
9315 5154
9326 1098
9326 1206
9326 6905
9330 1229
9331 6643
9334 3089
9335 5303
9339 171
9339 3921
9346 9825
9347 10048
9348 10823
9350 7631
9356 10375
9357 978
9358 2221
9361 438
9361 760
9361 1341
9361 1669
9361 2342
9361 3200
9361 3500
9361 4111
9361 4703
9361 5926
9361 6087
9361 7201
9361 7868
9361 8060
9361 8176
9361 9710
9361 10447
9361 10599
9361 11502
9362 4948
9372 5162
9373 1281
9375 5847
9375 7395
9375 10414
9377 3813
9381 413
9383 1520
9383 3977
9383 5232
9383 6263
9384 2112
9384 7446
9384 10816
9392 237
9392 3696
9392 4372
9393 3920
9393 4305
9393 5959
9393 6049
9393 9978
9393 11148
9396 11625
9398 367
9413 411
9416 3622
9416 6864
9420 2808
9420 6593
9420 8905
9421 9036
9422 67
9428 163
9428 861
9428 2640
9430 6030
9436 1177
9436 2472
9436 2498
9436 2651
9436 2675
9436 3212
9436 4286
9436 4442
9436 7822
9436 8714
9436 10883
9437 777
9437 4726
9438 10637
9441 6537
9443 6661
9445 4638
9445 5519
9446 2266
9446 7088
9448 369
9448 9324
9450 369
9454 2067
9454 11420
9456 8000
9456 8772
9457 6602
9462 251
9463 4315
9463 4693
9465 8
9465 6661
9467 10454
9470 3591
9470 3593
9473 2161
9474 7343
9476 4803
9480 786
9480 5269
9481 9667
9485 615
9485 2137
9494 9154
9503 2281
9506 3486
9514 138
9514 2546
9514 2657
9514 7261
9516 4056
9516 5312
9516 8367
9521 1627
9523 5342
9529 1801
9529 2516
9531 356
9532 6104
9533 533
9533 4621
9533 7239
9533 10301
9537 1576
9537 7607
9537 11476
9538 169
9538 614
9541 7105
9544 2426
9545 7631
9548 4948
9549 10219
9551 1953
9554 509
9554 10205
9557 5260
9559 11570
9559 11642
9559 11643
9563 944
9570 3407
9572 10776
9572 11436
9575 3371
9576 455
9576 7619
9576 7666
9581 7599
9582 727
9584 9321
9594 1209
9594 10626
9596 3169
9596 4938
9596 7119
9596 8456
9598 4866
9602 3963
9604 1637
9604 5904
9608 2986
9610 11653
9617 4470
9620 1091
9620 7960
9621 8683
9626 2511
9626 2512
9629 381
9629 5227
9629 6225
9629 8494
9632 3070
9641 3541
9644 7545
9645 4100
9645 11212
9646 4851
9646 7533
9647 1258
9648 2926
9648 4104
9648 10526
9652 5801
9652 7099
9652 8898
9652 10007
9652 10547
9657 2675
9657 4392
9657 5449
9662 3591
9662 6736
9662 8405
9662 9011
9662 10812
9670 5826
9670 6507
9675 3375
9675 9023
9676 4340
9678 4490
9680 6623
9683 2757
9683 5239
9684 740
9684 1842
9687 1360
9691 417
9691 1301
9691 4861
9691 5695
9691 10081
9692 8095
9695 361
9695 6951
9696 10005
9697 3200
9698 5660
9706 752
9706 2877
9708 3599
9714 84
9714 6081
9714 7676
9716 1726
9716 3949
9717 655
9717 3173
9718 174
9724 1903
9736 10579
9741 2375
9745 10757
9746 162
9746 7115
9754 1832
9755 402
9764 5466
9764 5739
9764 10918
9767 570
9767 2614
9767 3762
9767 3783
9767 4030
9767 6446
9767 7396
9775 9749
9777 1223
9777 1334
9777 9713
9783 2236
9790 2210
9790 2470
9790 2803
9792 1572
9794 1949
9794 6045
9794 6853
9800 14
9800 1449
9800 1861
9800 2758
9800 4422
9802 4267
9802 8844
9805 3450
9805 4058
9807 3933
9809 4836
9811 5770
9813 2623
9816 922
9816 4548
9817 1922
9825 435
9825 482
9825 3647
9826 5327
9826 5792
9827 2578
9828 7213
9838 2696
9838 5276
9838 5829
9838 11089
9839 1843
9839 11091
9842 932
9842 6466
9842 11012
9844 1669
9846 1693
9846 4441
9850 3661
9851 11185
9852 8819
9854 10082
9855 1358
9862 741
9862 1305
9862 1446
9862 6482
9862 10083
9865 2555
9869 618
9869 1525
9869 1526
9869 1575
9869 4515
9869 4793
9869 6250
9869 6452
9872 3493
9872 10606
9875 1538
9875 5626
9876 5857
9884 2805
9888 1234
9895 9038
9896 576
9898 2371
9898 8163
9906 6311
9910 521
9912 1594
9914 6290
9916 7610
9918 10992
9920 902
9920 1265
9920 1843
9921 11575
9923 1004
9925 744
9925 924
9925 10379
9925 11680
9926 2937
9927 7944
9928 1906
9928 2305
9928 7760
9934 1633
9934 4141
9934 4652
9934 4685
9938 6152
9939 980
9940 4646
9940 7271
9943 2044
9943 3873
9948 3462
9948 6930
9954 10943
9956 1004
9956 2992
9957 9834
9960 4674
9960 6183
9961 3779
9961 5552
9961 6270
9965 417
9968 524
9969 354
9969 3809
9969 4111
9969 6075
9969 7299
9977 2992
9981 4186
9983 1384
9983 5945
9983 8167
9987 532
9987 1211
9988 570
9990 1642
9990 2753
9993 3845
9997 6590
10000 445
10000 2134
10000 3069
10000 8694
10000 8777
10000 11204
10007 8371
10011 1750
10013 577
10019 10740
10020 1645
10020 6999
10024 1614
10024 5648
10024 11600
10025 1434
10028 2132
10038 11005
10041 558
10041 1990
10044 11019
10049 20
10049 2675
10049 2912
10049 5549
10049 11689
10051 5315
10051 11179
10054 2740
10054 6665
10056 11338
10057 9964
10062 8757
10063 305
10063 309
10063 2649
10063 3860
10063 5570
10063 7343
10077 724
10077 5087
10080 4350
10084 67
10084 623
10084 3647
10085 3428
10085 8577
10087 6544
10089 3999
10089 6486
10093 161
10093 2221
10093 3212
10093 8063
10096 6102
10099 11598
10103 1567
10105 4763
10109 1940
10112 2885
10112 8666
10113 1990
10113 2584
10114 6504
10116 907
10118 10786
10119 1581
10119 9830
10123 2595
10123 9908
10128 328
10128 4701
10134 2763
10134 5287
10134 9017
10147 3704
10147 5429
10149 11693
10153 2040
10154 536
10156 8072
10161 7010
10165 3652
10166 1477
10166 1871
10166 2432
10166 5296
10166 10128
10171 635
10171 3480
10171 8521
10171 11698
10172 3961
10174 3081
10182 373
10182 1801
10182 2713
10182 2928
10182 3962
10183 3852
10188 958
10188 1477
10191 2175
10192 6808
10196 822
10196 5368
10197 2204
10210 524
10213 3261
10222 5000
10222 6735
10222 10459
10223 1757
10223 5303
10224 8211
10225 153
10225 1823
10228 1470
10229 1726
10232 438
10232 2348
10232 3862
10232 11226
10234 5199
10247 10545
10251 11680
10255 10
10255 2823
10255 2960
10255 5627
10255 6615
10255 6735
10255 8377
10257 1910
10257 8631
10257 11317
10261 7376
10262 311
10262 1114
10262 2247
10262 9290
10265 11708
10267 3696
10269 2330
10272 1988
10272 2401
10272 3601
10272 4350
10272 5044
10272 5611
10275 242
10278 3020
10281 11709
10282 8125
10282 11643
10283 6124
10283 6269
10285 922
10285 1535
10285 2320
10285 6466
10285 8682
10288 9574
10289 5554
10292 4134
10292 5472
10292 6823
10292 8008
10292 9678
10295 3339
10295 4631
10295 7524
10297 2138
10297 10137
10298 1068
10302 2282
10302 7657
10305 7162
10305 9918
10308 1327
10308 8063
10309 278
10309 4933
10310 4672
10310 9435
10311 1828
10311 6260
10316 8221
10317 11712
10318 2579
10320 9237
10323 4940
10333 2605
10333 11448
10339 4030
10346 1384
10348 7288
10352 280
10359 9444
10359 9930
10365 10916
10368 3738
10368 5152
10368 10526
10375 67
10375 692
10375 2983
10375 3173
10375 3339
10375 3974
10375 4517
10375 4696
10375 5041
10375 5691
10375 8037
10375 9366
10375 9668
10376 149
10376 1949
10376 2681
10376 4797
10376 5706
10376 6558
10376 6630
10376 6686
10376 7302
10376 9420
10377 1548
10377 5552
10377 6492
10380 5145
10380 5790
10383 4365
10383 7133
10383 8975
10386 6308
10386 10774
10387 7938
10391 3125
10393 2710
10394 413
10394 924
10394 3728
10394 4170
10394 4445
10395 366
10395 4589
10397 1861
10401 6085
10401 9796
10405 1646
10405 9192
10411 3703
10414 7871
10415 411
10415 9646
10418 6102
10419 7218
10422 5475
10430 954
10430 2912
10431 1795
10431 7074
10433 2138
10433 10123
10433 10311
10446 89
10446 1927
10446 3442
10446 7164
10449 128
10450 5049
10452 1182
10452 2591
10454 10933
10457 9919
10460 3151
10460 4956
10460 5481
10460 6110
10460 6639
10460 7539
10460 7968
10460 8649
10461 6843
10461 9779
10462 11596
10463 4078
10468 3913
10468 6381
10472 285
10472 2694
10472 6433
10472 8136
10472 10493
10474 1049
10474 4400
10477 10893
10480 3775
10482 10091
10483 1421
10484 200
10484 303
10484 2694
10484 4674
10484 7406
10486 2236
10486 3252
10495 922
10495 3048
10495 3339
10495 5371
10498 4344
10502 8831
10503 2251
10503 5264
10504 1808
10504 4870
10505 5462
10505 6502
10505 7164
10505 8444
10506 5976
10506 6381
10507 15
10507 16
10507 242
10507 2472
10507 2575
10507 2729
10507 6190
10514 5611
10515 4208
10516 4940
10522 7690
10523 3326
10526 7304
10528 1038
10528 4922
10529 7760
10532 1521
10532 1525
10532 6277
10532 11133
10532 11441
10546 269
10549 2901
10554 8388
10555 936
10555 4292
10555 10366
10555 11730
10556 1356
10560 7906
10560 8873
10566 6016
10568 4249
10569 5630
10574 4183
10574 5748
10582 850
10583 7684
10583 11733
10584 1233
10584 3033
10587 596
10587 6862
10587 9345
10589 4311
10590 5388
10590 9795
10591 934
10592 10051
10594 8936
10598 5077
10601 4100
10601 4970
10601 6484
10603 10459
10605 1610
10608 278
10608 3955
10608 4326
10611 11155
10612 15
10612 3821
10616 882
10616 3696
10620 2727
10620 5623
10622 2493
10622 2570
10622 4775
10622 5431
10623 1541
10623 5323
10623 10631
10625 1434
10628 5613
10630 10829
10632 67
10635 4946
10638 4649
10638 4786
10638 5082
10638 5939
10638 6617
10640 5882
10641 5826
10641 7436
10641 9322
10642 5996
10642 8770
10644 4323
10644 4412
10644 5752
10644 9322
10644 10070
10647 9534
10652 413
10652 5752
10652 6359
10656 740
10656 1287
10656 2573
10656 6142
10658 7909
10659 8112
10661 2952
10663 205
10663 7879
10670 7295
10679 2281
10680 550
10680 1195
10680 3740
10680 6082
10680 6467
10680 10545
10680 10795
10683 1642
10683 2282
10683 5048
10683 8718
10686 875
10686 3486
10686 5254
10686 6046
10686 7003
10686 10302
10687 9354
10688 901
10688 1828
10688 2158
10688 2658
10689 655
10692 6702
10695 79
10695 3852
10695 3891
10698 2088
10698 5071
10699 2559
10702 1570
10702 9059
10703 2357
10703 5028
10704 535
10704 5247
10707 7638
10709 5060
10709 6412
10709 8513
10710 2146
10710 3975
10711 6197
10711 11223
10712 21
10712 866
10712 8501
10718 786
10719 2123
10720 9095
10721 3110
10721 8759
10725 1342
10738 4455
10738 5040
10738 11743
10744 7938
10744 11429
10749 8933
10753 413
10753 3028
10753 7682
10753 9949
10758 7390
10758 7711
10759 884
10766 2745
10766 5051
10770 5324
10770 6178
10770 7710
10775 31
10775 554
10775 2084
10775 2403
10775 2696
10775 4768
10775 9984
10779 10085
10780 565
10781 4079
10781 8287
10781 9300
10782 10038
10783 11747
10785 822
10785 4819
10786 367
10786 6370
10786 11424
10788 8822
10788 10143
10792 2127
10800 9945
10803 577
10803 8562
10803 8941
10807 2528
10807 3645
10808 378
10808 2883
10808 3381
10808 3715
10808 6928
10808 6963
10808 6986
10808 9211
10808 11265
10808 11347
10813 313
10821 1513
10821 11557
10822 1358
10823 1693
10828 2328
10829 5044
10829 7497
10835 3761
10835 5888
10840 332
10840 7940
10841 1037
10841 4156
10845 7138
10846 6916
10846 7190
10848 3416
10850 1858
10850 2380
10850 3170
10850 8596
10850 11751
10851 2314
10852 3115
10853 704
10853 1148
10853 2568
10853 5595
10853 9647
10857 4528
10857 6411
10860 6793
10861 10632
10867 724
10868 3467
10868 4745
10868 7228
10875 1196
10876 5734
10877 1479
10877 3107
10882 7823
10886 11756
10887 3020
10887 7492
10889 2077
10890 5540
10892 7735
10896 6719
10899 635
10899 1490
10899 2749
10899 3584
10899 10440
10900 80
10900 742
10900 1968
10903 6614
10903 10156
10908 2411
10915 4867
10921 2605
10922 6306
10937 2281
10937 3139
10937 3504
10937 4403
10937 6102
10937 6875
10937 8045
10937 10072
10937 10443
10937 11765
10938 4197
10938 7539
10938 10139
10944 8586
10945 849
10947 4290
10951 1461
10951 3974
10951 7174
10953 1018
10953 3733
10953 4325
10953 4797
10953 5874
10953 6104
10953 9867
10953 11592
10954 1234
10955 1861
10958 2471
10962 4646
10963 6290
10965 1320
10965 7118
10966 5042
10966 10976
10969 7270
10969 8510
10969 11532
10975 2511
10979 2384
10979 2385
10979 3212
10979 7613
10984 10623
10990 5364
10991 4275
10991 4631
10991 10221
11003 6586
11004 6100
11008 6252
11022 1179
11022 4530
11024 3073
11024 6320
11024 7424
11027 1447
11027 8358
11027 9073
11037 3972
11037 6509
11046 242
11057 8218
11057 10186
11057 11520
11064 5567
11064 7431
11066 2300
11069 806
11069 1490
11069 3206
11069 7046
11069 9817
11070 1253
11072 724
11080 10461
11081 9910
11085 5528
11087 8808
11088 411
11088 2152
11088 4534
11088 6047
11090 5142
11091 2254
11095 724
11095 3645
11095 6555
11095 8670
11095 8826
11101 6572
11102 78
11108 2536
11108 3521
11120 9661
11124 2992
11132 2475
11136 2765
11137 8296
11137 9231
11140 6568
11141 908
11141 8091
11143 1053
11143 8019
11147 2716
11147 4978
11155 2635
11155 3880
11155 7578
11155 10442
11155 11783
11156 2640
11157 5061
11157 7639
11157 11522
11161 3792
11163 2318
11165 3751
11166 11785
11171 8813
11175 3730
11176 3035
11176 7275
11176 7716
11177 1081
11177 6909
11184 9480
11185 5809
11185 7453
11186 2950
11188 980
11190 5757
11199 3201
11200 1281
11200 1524
11200 3872
11200 9352
11205 841
11205 2109
11205 2927
11205 3261
11209 1581
11210 2762
11219 1653
11223 3499
11225 5258
11225 5375
11225 8850
11225 10674
11227 9904
11228 998
11228 2706
11228 3386
11228 3469
11228 4450
11230 3017
11230 3941
11233 2031
11236 1253
11236 8636
11238 1693
11238 8345
11244 5752
11253 4046
11253 9693
11255 358
11255 4991
11256 884
11260 8038
11264 9754
11268 2664
11268 3248
11268 6290
11269 635
11269 4757
11270 884
11272 312
11272 873
11272 2088
11272 7720
11275 413
11275 7263
11275 7275
11275 8809
11276 4535
11278 9496
11284 7155
11285 9658
11287 10871
11287 10917
11290 2427
11291 6204
11293 2181
11293 5162
11295 1008
11295 2425
11295 2565
11295 3267
11295 4155
11299 2665
11299 8126
11300 901
11300 5064
11300 9007
11301 31
11301 1215
11301 1257
11301 4222
11302 6335
11307 1482
11307 2565
11307 5617
11308 680
11308 3212
11308 11376
11311 4591
11311 9810
11313 1479
11313 6361
11316 5075
11316 5367
11318 10790
11320 5599
11321 1783
11321 6510
11323 3490
11323 3875
11323 6634
11324 909
11324 2765
11327 395
11327 570
11327 1808
11327 1887
11327 2727
11329 1602
11330 2546
11330 7103
11330 10248
11332 5626
11342 1652
11342 8728
11346 3960
11356 67
11356 8075
11374 3793
11378 6516
11379 9109
11385 3771
11385 4610
11385 9504
11386 527
11386 832
11386 6212
11386 7236
11387 2348
11387 4938
11387 7026
11387 8944
11387 9223
11388 3434
11388 3936
11389 10125
11391 97
11391 4609
11391 11206
11398 2877
11398 6614
11398 8596
11398 9299
11398 10765
11401 11091
11402 7706
11408 2336
11424 696
11424 1399
11425 3389
11425 3877
11425 5078
11425 7977
11426 2012
11435 1326
11435 4599
11437 1739
11437 9353
11443 901
11446 1234
11446 3407
11446 6696
11447 444
11447 11806
11451 76
11452 5477
11453 515
11460 4409
11460 5611
11461 3306
11461 3480
11461 4528
11462 694
11462 2655
11462 5508
11462 6731
11470 1658
11471 268
11471 5742
11471 6226
11475 9745
11477 3220
11477 5029
11477 10005
11478 3443
11478 4002
11478 4380
11478 6129
11478 8747
11480 2328
11480 5595
11480 10580
11482 2823
11484 33
11484 11809
11485 1778
11486 1553
11486 3938
11486 9499
11486 10326
11491 8278
11493 2262
11493 3532
11494 158
11494 1215
11494 5309
11498 2844
11498 8632
11505 1717
11513 3837
11513 8595
11514 8863
11525 1758
11525 11666
11526 6988
11526 9242
11527 205
11527 494
11527 6352
11539 744
11539 2412
11539 6677
11539 7547
11544 205
11544 666
11547 286
11547 435
11547 3043
11547 6853
11547 7452
11551 76
11551 1328
11551 1454
11551 1843
11551 3057
11551 4933
11551 5249
11551 6609
11555 8254
11556 2082
11556 6453
11557 3202
11557 6859
11557 11815
11566 618
11566 998
11566 9969
11567 2207
11567 3761
11575 1143
11584 20
11584 816
11584 5230
11584 5528
11584 10525
11588 2507
11588 3833
11595 12
11595 217
11595 3189
11595 6295
11595 7170
11595 10385
11597 3271
11597 4870
11597 7859
11603 310
11603 1329
11603 5376
11603 6423
11603 11793
11605 865
11608 626
11608 822
11608 837
11608 1757
11608 6044
11608 10606
11615 3824
11616 10512
11616 11819
11623 1081
11638 10296
11642 869
11642 1566
11645 145
11645 1996
11645 2473
11645 3705
11645 4098
11645 4631
11645 4685
11645 6329
11645 6589
11652 11567
11653 6741
11658 3301
11659 168
11663 1399
11667 807
11667 8592
11671 4068
11673 8260
11676 5145
11679 1202
11679 1817
11679 4497
11679 6356
11681 1830
11682 8397
11685 9749
11701 2703
11703 2482
11703 3777
11711 10747
11712 4066
11712 8506
11712 9810
11713 1575
11713 6162
11713 6930
11713 11120
11714 3444
11715 4279
11718 5912
11721 4373
11723 2623
11723 3136
11723 7916
11723 9146
11723 9582
11723 10112
11724 7406
11728 2878
11734 2062
11738 2623
11738 6643
11738 7869
11745 7725
11746 1066
11746 6598
11747 6102
11750 2450
11750 3774
11750 4403
11766 380
11766 2539
11766 10622
11774 2477
11775 1766
11775 4535
11778 4546
11783 4986
11786 4061
11786 6719
11787 355
11792 1157
11794 243
11794 910
11794 5272
11796 383
11796 980
11797 1696
11798 3302
11799 11211
11800 2265
11800 4726
11800 5214
11800 7420
11800 11793
11801 799
11801 1166
11801 4411
11801 4685
11809 403
11809 802
11813 3244
11821 868
11825 2328
11825 2547
11825 7540
11827 174
11827 251
11827 623
11827 873
11827 2884
11827 4715
11827 7774
11827 11829
11832 1399
11832 7207
11832 7768
11835 3291
11842 2487
11847 149
11847 9505
11853 10719
11858 12
11858 21
11858 215
11858 304
11858 327
11858 608
11858 660
11858 3339
11858 3532
11858 3958
11858 5592
11858 5992
11858 6512
11861 1801
11862 1471
11862 6710
11870 7376
11881 507
11885 139
11885 869
11885 8214
11885 9125
11885 9596
11888 880
11888 3761
11888 7909
11888 8000
11888 11519
11889 3832
11891 9461
11891 9740
11893 1617
11894 8545
11898 4100
11900 1974
11900 11666
11906 563
11906 7690
11907 934
11913 5192
11913 6876
11915 170
11915 6544
11918 891
11918 1629
11918 3429
11918 3820
11918 7275
11922 8093
11927 7448
11934 1652
11941 89
11941 464
11941 3727
11941 4717
11941 8756
11941 9012
11941 10029
11941 10790
11941 11743
11944 169
11944 5880
11944 6853
11944 9823
11946 5577
11946 9383
11948 32
11948 2208
11948 5081
11948 5615
11948 5961
11953 4269
11953 6518
11953 8442
11953 10165
11954 3703
11962 3832
11962 5387
11962 7862
11962 11693
11965 8897
11966 1953
11966 2664
11966 7633
11967 1698
11972 3820
11973 8686
11973 11113
11974 780
11974 1067
11974 4049
11974 5654
11975 4713
11978 245
11978 727
11981 7300
11983 2387
11983 4863
11988 1294
11988 1953
11989 1327
11995 8472
11998 3763
12001 101
12001 105
12001 6120
12002 82
12002 6059
12010 10842
12014 7592
12018 671
12018 1373
12018 1800
12018 2263
12018 4946
12020 10187
12021 7468
12026 10121
12032 1824
12032 3023
12036 138
12036 2208
12036 11221
12037 1398
12037 6380
12043 8306
12043 9857
12047 2605
12047 5908
12047 6818
12048 7251
12048 9886
12051 9192
12051 9309
12051 10368
12054 7460
12057 23
12057 655
12057 660
12057 6475
12058 5399
12061 5373
12065 2841
12066 205
12070 1154
12070 1282
12074 2025
12077 1986
12081 10772
12082 7705
12089 6078
12092 10403
12092 10828
12093 315
12093 6124
12097 1202
12098 8025
12101 1358
12101 7171
12101 7684
12105 2666
12105 7166
12117 6239
12118 3783
12118 5141
12122 1114
12124 1339
12124 1994
12127 151
12127 10875
12128 5518
12132 6063
12136 280
12136 5085
12141 1882
12143 6678
12143 8296
12154 1048
12154 8024
12154 9726
12159 413
12159 5894
12162 10972
12164 828
12164 6560
12164 9115
12164 10967
12166 884
12166 5908
12166 8744
12168 12
12168 1767
12168 4053
12168 4283
12168 6445
12168 6532
12174 899
12174 1584
12174 11296
12174 11795
12175 11830
12177 880
12177 2832
12177 6176
12177 8434
12182 9548
12183 1441
12183 2377
12187 3442
12190 3563
12195 1150
12195 1885
12198 60
12198 1669
12203 1617
12204 6764
12204 11544
12205 3667
12205 4960
12205 5517
12205 6519
12205 11167
12207 4375
12211 1253
12226 812
12227 3195
12228 8617
12237 6502
12237 11754
12240 7561
12244 54
12244 463
12244 593
12244 3859
12244 5226
12244 9402
12244 10001
12245 9272
12247 7950
12249 866
12249 2130
12249 5134
12249 6572
12249 11034
12249 11378
12250 5897
12250 7738
12252 1501
12252 2366
12252 4631
12256 3942
12256 4942
12256 6799
12256 7757
12256 8860
12256 9831
12264 7382
12268 1949
12269 230
12271 2185
12271 2478
12271 3975
12275 11178
12279 533
12297 10377
12299 509
12299 3682
12299 6239
12303 992
12303 11406
12304 1581
12304 10500
12308 6102
12310 2992
12312 481
12313 1792
12316 2709
12316 5691
12321 1578
12326 5235
12329 1819
12329 2264
12329 5764
12331 740
12331 3339
12332 608
12332 3515
12336 1488
12336 2471
12336 3631
12340 7641
12343 413
12343 6637
12343 7622
12344 7518
12348 2992
12350 1054
12350 4777
12351 5487
12354 991
12354 1292
12360 3552
12362 665
12362 5677
12363 760
12363 2890
12363 6888
12363 10416
12365 7585
12365 7984
12370 2801
12370 8679
12372 9589
12377 1028
12377 1380
12377 2476
12377 2841
12377 4205
12383 1599
12383 4880
12383 5193
12386 6316
12386 9570
12387 1027
12399 10965
12402 2830
12408 1573
12409 2789
12409 11277
12416 7070
12419 5455
12422 5540
12423 8058
12435 107
12435 1675
12435 11199
12438 9064
12442 4484
12443 7574
12444 10705
12449 10873
12450 1098
12451 3463
12452 615
12457 103
12457 2291
12457 2919
12457 7858
12457 9055
12461 652
12461 960
12461 4257
12466 5698
12466 10197
12466 11184
12468 6072
12468 7593
12472 3382
12482 3494
12482 4690
12482 9564
12483 2456
12483 6253
12483 7151
12487 5726
12490 1358
12495 980
12497 4048
12498 6683
12499 697
12499 816
12500 4454
12510 45
12513 6586
12524 3287
12527 5096
12530 3842
12533 263
12533 1596
12533 6699
12533 7555
12533 9331
12534 4861
12534 5770
12542 2031
12543 2919
12547 1098
12547 4160
12547 4498
12550 2532
12552 2648
12553 8352
12556 3083
12556 8244
12557 3211
12558 14
12558 391
12558 958
12558 1874
12558 5177
12558 6403
12558 7071
12560 7663
12571 2829
12572 490
12573 3067
12573 3999
12575 364
12575 1585
12575 6409
12578 243
12578 1179
12578 3806
12578 8869
12582 4693
12583 212
12585 1310
12585 1405
12585 1736
12585 4897
12585 7151
12585 7199
12586 6659
12590 11635
12592 5270
12592 7983
12592 7984
12594 4617
12594 6721
12603 7748
12605 1644
12605 1887
12605 3292
12605 5546
12605 7298
12606 533
12610 3240
12611 828
12611 6212
12611 7612
12619 3063
12620 25
12620 1081
12620 2316
12620 2507
12620 5697
12620 11220
12630 3202
12631 245
12631 492
12631 1372
12631 1887
12631 2886
12631 3017
12633 5039
12638 8379
12640 4232
12640 10678
12642 7471
12647 2748
12648 7382
12650 7283
12654 825
12657 1931
12658 4609
12660 8642
12663 7576
12664 3684
12664 4160
12664 10021
12665 8889
12667 5166
12667 6294
12669 3881
12669 4764
12670 1196
12675 867
12675 11160
12677 7574
12681 386
12681 3191
12685 1135
12690 1397
12690 5098
12691 1953
12694 9128
12698 2812
12698 5778
12698 5967
12698 6367
12698 6751
12698 7725
12698 8383
12698 8673
12698 9634
12699 796
12699 3854
12701 4144
12701 5939
12706 4240
12712 1770
12712 4409
12715 296
12715 855
12715 1306
12715 8436
12715 10980
12716 6169
12718 7952
12720 549
12722 2123
12722 4283
12722 5411
12725 3274
12728 171
12728 694
12728 5815
12728 7450
12728 10649
12732 2178
12738 4144
12740 893
12740 4411
12741 440
12741 1048
12741 4941
12741 6318
12741 6982
12743 1352
12743 6269
12746 828
12753 3471
12753 11026
12754 7592
12755 4028
12758 11244
12759 191
12763 256
12763 7551
12764 581
12764 1004
12764 2709
12764 3222
12764 5185
12764 8682
12764 9172
12764 9416
12764 9886
12766 7256
12767 2619
12775 701
12785 3761
12787 2953
12787 2986
12789 5851
12791 7326
12792 825
12792 7006
12795 413
12795 558
12795 753
12795 892
12795 998
12795 2896
12795 7213
12795 8720
12800 5518
12801 2279
12801 3451
12801 6852
12803 854
12805 7317
12807 2184
12807 5808
12807 6346
12807 7039
12807 8619
12807 8727
12808 7473
12810 5282
12812 5613
12821 4313
12831 798
12836 4728
12838 1248
12838 3227
12838 3854
12840 8914
12840 10547
12841 2020
12845 2963
12845 6004
12847 1335
12847 2348
12847 6622
12855 3414
12862 442
12865 7551
12866 4755
12866 5706
12868 2421
12868 2789
12877 11321
12879 1422
12879 1782
12882 2138
12882 5128
12882 7983
12882 7984
12883 596
12884 3339
12884 9886
12885 2730
12885 4216
12886 2073
12886 7743
12886 7793
12886 10625
12888 524
12888 680
12888 1225
12888 1601
12888 2808
12890 1209
12890 1842
12890 11070
12891 1996
12891 4634
12891 4851
12895 822
12901 36
12901 1068
12901 1248
12901 1926
12901 2893
12905 813
12905 1901
12905 2074
12906 5634
12906 7478
12906 9445
12911 1619
12911 6196
12917 6748
12917 7288
12919 1980
12919 4756
12921 5725
12922 2976
12923 578
12923 4674
12925 3200
12925 5992
12925 7690
12927 217
12927 399
12927 2121
12927 2790
12927 3384
12927 4033
12927 4756
12927 5858
12927 6066
12927 6979
12927 8681
12927 10878
12927 11160
12930 5864
12930 10490
12936 1216
12939 2708
12939 8000
12942 5780
12944 563
12945 327
12945 2106
12945 7549
12946 1708
12946 2177
12946 7322
12946 11208
12948 2914
12949 67
12949 2247
12949 6004
12949 7739
12954 2998
12955 5669
12958 595
12959 5251
12960 6572
12961 576
12961 10936
12962 1123
12962 5918
12962 5974
12962 9735
12963 112
12963 577
12963 3744
12963 5095
12969 442
12969 1372
12970 2141
12973 9321
12978 527
12978 1741
12978 3630
12978 8184
12978 10357
12985 2590
12988 857
12988 4723
12990 11424
12991 1105
12993 342
12993 9287
12995 3853
12998 925
13001 3468
13001 6748
13001 7288
13006 4737
13006 5549
13009 1762
13010 1938
13010 2062
13010 6089
13010 6676
13011 1399
13011 4659
13011 8769
13012 635
13013 6805
13014 3663
13015 5725
13016 6280
13016 8628
13018 26
13020 4249
13020 4444
13020 8835
13020 11223
13023 9031
13024 4965
13025 967
13027 5615
13033 1282
13033 1594
13035 11260
13037 320
13037 350
13037 369
13037 839
13037 1515
13037 3750
13037 4110
13037 4462
13037 4669
13037 5708
13037 8862
13037 8918
13037 9447
13037 9496
13041 8418
13051 2159
13051 6224
13051 8316
13051 11237
13053 3461
13053 6560
13053 7107
13057 822
13059 3171
13059 5537
13059 7945
13060 264
13067 7449
13068 3854
13068 11756
13072 978
13072 2357
13074 4811
13074 5466
13074 9023
13079 3953
13081 7105
13083 6117
13085 3948
13085 8768
13085 10069
13085 10604
13085 11467
13087 5232
13091 9921
13094 855
13096 10948
13103 7368
13105 9347
13105 11668
13107 681
13107 3736
13117 2288
13117 5668
13118 7648
13119 10379
13126 4499
13126 5023
13129 626
13129 1248
13129 4925
13131 3515
13131 6987
13142 2628
13150 4003
13151 6712
13151 8622
13152 11404
13160 5858
13161 3933
13161 7287
13161 7574
13162 10058
13164 257
13168 4299
13168 9594
13169 2280
13169 5858
13170 3188
13170 3192
13170 3976
13170 7265
13175 6916
13179 1797
13179 7784
13179 10348
13179 11415
13180 4987
13181 2199
13181 3734
13181 6096
13182 3509
13186 7165
13192 6930
13195 4249
13203 3475
13208 7497
13214 3328
13214 4050
13217 1441
13218 7534
13220 4152
13220 4370
13220 10181
13223 3415
13225 3977
13229 8817
13231 255
13231 442
13231 535
13231 962
13231 1520
13231 1826
13231 3598
13231 4515
13231 5558
13231 10979
13233 402
13237 10258
13240 2466
13240 3583
13240 4339
13240 6735
13240 9369
13245 11694
13246 5294
13247 11000
13250 1045
13250 2873
13254 3400
13254 4205
13256 8713
13257 1433
13257 3576
13257 11472
13258 643
13258 650
13258 2226
13263 8729
13264 271
13264 2716
13264 4676
13265 4057
13269 4050
13270 1240
13271 786
13274 1934
13274 3235
13274 9691
13282 980
13284 1319
13285 849
13285 3264
13288 4434
13288 7394
13292 482
13293 3074
13296 5967
13298 301
13298 550
13298 874
13298 2435
13298 2758
13298 6846
13299 10957
13302 2296
13302 2858
13305 10797
13310 480
13310 1758
13315 14
13318 1599
13323 1361
13323 1426
13341 1171
13362 377
13362 2953
13362 4741
13365 84
13365 9154
13365 9159
13368 3760
13370 2357
13375 714
13384 2856
13385 442
13385 3763
13385 6021
13387 634
13387 2664
13387 3750
13396 5087
13397 3682
13397 6398
13397 9058
13397 11034
13399 9382
13400 608
13402 10130
13404 3223
13405 5193
13406 2031
13406 11556
13408 3651
13408 4656
13408 10988
13411 2439
13411 2665
13411 2696
13411 4033
13411 4646
13411 7359
13415 4097
13416 9201
13419 9216
13419 10068
13420 2790
13421 1441
13421 2084
13421 3578
13424 119
13424 1019
13424 9983
13426 2473
13427 1815
13427 2235
13427 3278
13427 3404
13427 3952
13429 1098
13429 2818
13429 3173
13433 9978
13434 11879
13440 7549
13441 116
13444 2172
13446 6117
13448 547
13448 3261
13456 1445
13458 2508
13460 4149
13460 6105
13460 7726
13466 3355
13470 11616
13471 2511
13471 3627
13471 6153
13471 6990
13474 11548
13475 5724
13475 9139
13477 5054
13478 884
13482 329
13482 3216
13483 5193
13485 9478
13489 239
13489 2703
13489 2755
13489 3148
13489 3604
13489 5247
13493 2348
13493 5985
13494 6204
13494 10490
13495 1358
13497 1867
13497 3770
13499 2285
13499 4686
13501 10654
13507 1177
13507 1680
13507 5743
13507 5960
13507 6467
13510 2489
13523 4686
13525 10576
13535 2164
13536 4138
13536 4817
13538 651
13538 2424
13538 2788
13538 6512
13538 7860
13538 8659
13539 2117
13540 1751
13540 2954
13540 6136
13541 1976
13546 3839
13546 4624
13547 2635
13553 5123
13554 1538
13554 2109
13555 631
13558 3942
13558 10122
13558 10515
13560 3852
13560 4602
13565 1161
13565 5572
13566 4631
13568 6306
13569 6930
13573 3916
13581 1477
13581 2929
13581 3933
13581 6392
13581 6719
13581 7617
13581 11370
13582 1561
13584 22
13586 5670
13587 784
13587 6095
13588 1941
13588 2468
13588 3915
13592 936
13592 1460
13592 2259
13592 2910
13592 4755
13592 5139
13592 11039
13599 271
13602 2336
13603 1308
13603 2378
13603 8556
13603 11467
13605 543
13610 11607
13611 2599
13612 816
13620 303
13620 3139
13620 6297
13620 8045
13620 9663
13622 2406
13622 3949
13624 5349
13624 7237
13625 982
13625 3793
13628 5903
13632 3071
13636 1061
13636 10181
13636 11802
13638 1575
13638 3374
13638 11414
13642 3720
13643 218
13643 1842
13644 5066
13655 89
13658 8718
13661 5826
13662 699
13665 1577
13665 2524
13665 3657
13665 3949
13665 4410
13665 4530
13665 5044
13665 5375
13665 8253
13665 11480
13668 7614
13671 3702
13671 4279
13671 6131
13671 7306
13671 8554
13672 116
13673 10898
13674 10843
13676 2335
13676 4942
13676 5623
13676 8905
13676 8906
13676 9978
13676 11148
13685 541
13685 1169
13685 1651
13687 1728
13687 5570
13687 7074
13687 7865
13688 1841
13688 1911
13688 3249
13688 3405
13688 3504
13688 6448
13690 3306
13690 8145
13696 116
13701 7274
13701 9881
13703 1676
13703 4172
13703 9953
13706 456
13709 1234
13714 3227
13715 6630
13717 700
13720 884
13725 1801
13726 1075
13729 22
13729 796
13729 867
13729 3062
13729 5471
13729 7285
13729 9200
13729 9228
13729 11453
13730 4551
13733 949
13733 1389
13734 4109
13734 8070
13735 2995
13735 5036
13742 9047
13742 11024
13744 408
13744 11142
13747 10724
13754 8716
13754 9528
13757 10836
13759 6414
13760 250
13760 1097
13761 7698
13761 8260
13764 2029
13766 1953
13767 883
13768 868
13772 7887
13772 8055
13774 11823
13775 6269
13778 3235
13778 10728
13779 6980
13781 5519
13790 1858
13791 2225
13801 766
13801 2304
13801 10624
13803 6335
13808 7066
13819 1871
13819 3003
13819 5495
13819 5596
13819 11073
13822 576
13824 1869
13824 4545
13827 6230
13829 10626
13829 11653
13835 11393
13845 3405
13845 6004
13845 11034
13850 4412
13850 5147
13850 7108
13857 8379
13862 2550
13866 7201
13872 5316
13872 10536
13874 6509
13877 2815
13877 3189
13877 3432
13877 5177
13877 5178
13877 5661
13877 8240
13877 9475
13877 9633
13878 2138
13878 2415
13883 808
13883 815
13883 1610
13883 2424
13883 3064
13883 9820
13886 818
13887 1131
13888 380
13888 2552
13888 3032
13889 4386
13891 1779
13891 2141
13896 24
13896 1243
13896 2711
13896 6102
13896 7074
13896 10829
13897 10716
13905 6681
13910 4160
13911 438
13911 1302
13911 1789
13911 4914
13911 9825
13914 665
13914 2911
13914 5581
13918 10718
13919 2860
13927 172
13928 1910
13931 1098
13931 1568
13931 6194
13935 64
13935 8631
13935 8682
13938 2187
13938 3216
13940 2086
13940 11110
13943 6384
13943 11055
13944 2121
13944 3404
13944 4294
13944 6512
13948 7197
13948 10381
13950 576
13950 7717
13950 11199
13954 576
13954 10760
13954 10892
13956 5949
13957 5668
13957 8010
13958 697
13958 2723
13958 3103
13958 7102
13963 1252
13963 1524
13963 2482
13963 2864
13970 9496
13976 244
13976 2247
13979 6949
13980 1132
13980 9753
13985 11221
13987 7003
13989 3105
13989 3430
13989 5669
13991 314
13991 715
13991 4987
13991 6619
13993 5449
13993 7575
13993 8618
13999 365
13999 2351
13999 8446
14003 637
14003 5910
14008 825
14008 8990
14010 11070
14012 2591
14012 4908
14013 175
14018 54
14018 340
14018 1648
14018 1716
14018 2782
14018 3020
14018 3563
14018 4012
14018 5533
14018 5704
14018 8228
14018 9579
14018 10706
14022 1507
14022 6937
14026 2006
14026 3718
14027 1016
14027 4776
14027 5920
14027 8034
14027 11823
14029 1418
14029 5727
14029 6794
14034 576
14034 3683
14034 7294
14034 8957
14034 9023
14034 9044
14036 2735
14036 2823
14036 7238
14037 666
14038 7663
14039 1068
14040 7035
14044 8835
14050 3185
14054 831
14055 307
14055 865
14058 6726
14062 7900
14062 8701
14063 14
14064 5731
14065 129
14065 2109
14065 8479
14066 3831
14067 1003
14067 6560
14069 1520
14069 3006
14069 6277
14069 9678
14070 6436
14070 7513
14070 8224
14070 9416
14071 529
14071 8423
14073 370
14073 7546
14073 9909
14076 2204
14077 1814
14077 10213
14077 10298
14078 570
14078 1869
14078 3170
14078 4221
14078 5576
14078 10372
14080 576
14082 1044
14084 1008
14084 4471
14084 10445
14087 7698
14092 10593
14094 3200
14095 7740
14101 2187
14101 5092
14101 6384
14101 7535
14101 8259
14101 9366
14102 2953
14105 576
14105 2605
14105 3109
14105 9447
14108 5324
14108 6977
14108 9098
14108 9264
14115 438
14122 3772
14122 4942
14122 11598
14123 6641
14124 3761
14129 3480
14131 5618
14131 8307
14131 11077
14134 371
14134 6290
14134 9565
14136 4784
14142 2903
14145 457
14145 1228
14145 2821
14145 4761
14145 8200
14145 11895
14149 2829
14149 3185
14150 395
14150 5641
14151 5634
14152 6533
14155 7046
14156 1421
14156 3862
14159 14
14159 110
14159 277
14159 610
14159 711
14159 1016
14159 1119
14159 1564
14159 1790
14159 2312
14159 4546
14159 4733
14159 4939
14159 5125
14159 5220
14159 6018
14159 6043
14159 6360
14159 8640
14164 8944
14164 8946
14165 3185
14166 6832
14170 845
14170 4283
14170 6675
14170 11741
14176 3877
14178 6273
14178 8679
14178 8726
14180 1769
14180 2255
14182 818
14183 11852
14185 1763
14185 8688
14185 11167
14196 4775
14197 4998
14200 947
14200 1135
14200 1904
14200 2172
14202 3773
14202 4144
14209 2260
14209 7288
14210 7518
14215 70
14218 822
14218 4037
14219 5914
14219 7144
14219 10667
14221 333
14223 1003
14225 11457
14228 7227
14228 9857
14229 9596
14233 11881
14241 4313
14244 565
14244 4134
14244 4809
14245 1871
14245 3189
14245 5046
14249 1403
14249 4683
14249 4942
14250 4036
14252 6925
14256 3544
14257 1183
14257 8997
14261 7486
14262 2614
14262 11442
14265 891
14266 6495
14266 8230
14269 1358
14275 4607
14275 5406
14282 3511
14282 3728
14282 4045
14282 4503
14283 5857
14285 5649
14287 458
14287 2716
14293 5
14293 184
14293 3705
14293 3848
14293 5735
14293 6723
14293 8681
14293 9458
14295 724
14295 1795
14295 2605
14298 3963
14304 2415
14305 1520
14305 3432
14305 6745
14307 867
14311 40
14311 4414
14312 3622
14316 744
14318 3317
14321 2247
14325 413
14327 4376
14329 12
14329 2912
14329 9331
14330 6108
14331 5268
14332 10670
14336 623
14336 3492
14336 4728
14336 4782
14336 5781
14342 1938
14342 6173
14342 10417
14342 10825
14342 11900
14344 3827
14347 1780
14347 2380
14349 1305
14349 5519
14349 6619
14351 1358
14358 3063
14359 11666
14361 2057
14361 11327
14366 8347
14368 4580
14368 6277
14370 11477
14371 2059
14371 2397
14371 6796
14374 796
14381 2455
14381 4129
14381 4731
14381 5035
14381 6560
14381 10456
14382 2982
14384 10785
14386 6372
14386 7126
14386 7664
14386 10060
14390 6649
14390 11901
14392 4667
14392 6290
14392 11147
14394 1390
14394 4861
14394 8682
14397 1636
14398 5488
14399 332
14402 3296
14408 6328
14408 6554
14408 7916
14411 10994
14413 255
14413 1904
14413 5668
14414 1015
14415 4352
14419 4231
14419 7990
14420 514
14420 9128
14421 676
14421 6956
14437 4985
14440 1458
14441 901
14441 2546
14444 442
14449 67
14452 1045
14452 1183
14452 4015
14452 4244
14453 2488
14460 2862
14460 5436
14474 292
14474 1081
14474 1421
14474 1994
14474 2729
14474 3024
14474 3859
14474 4303
14474 9496
14474 11197
14476 11555
14477 11702
14478 5268
14478 10362
14479 714
14479 5329
14485 6095
14496 1486
14496 1804
14496 2044
14496 2729
14496 6390
14496 6391
14496 11480
14498 3339
14501 4409
14501 8473
14508 527
14508 540
14508 1634
14508 1753
14508 1759
14508 2060
14508 2790
14508 4073
14508 7010
14508 9385
14508 11105
14508 11781
14514 10238
14516 3740
14517 1409
14517 7575
14517 11087
14523 6669
14531 1436
14531 3613
14531 5665
14533 948
14533 3596
14533 4826
14533 9405
14533 11219
14535 1206
14535 3750
14535 11721
14538 11720
14540 5596
14544 1387
14544 10440
14545 1931
14545 2364
14546 1391
14546 3420
14549 4249
14550 1535
14550 1821
14550 2088
14550 4171
14550 4328
14550 4596
14550 6853
14550 9546
14550 10057
14551 851
14551 5304
14556 618
14564 388
14566 696
14567 4607
14572 2630
14573 2447
14573 3079
14576 882
14578 4366
14578 4512
14583 1202
14583 5774
14584 1955
14584 2609
14584 7089
14586 4775
14588 2227
14588 4797
14588 6596
14588 11022
14589 10529
14590 1359
14598 1447
14598 11882
14600 4602
14600 9084
14601 450
14601 6956
14607 3765
14607 8211
14607 9141
14618 3541
14620 2896
14620 7955
14620 11909
14625 2672
14625 2829
14625 2830
14625 3598
14625 9229
14626 1842
14626 9560
14632 183
14632 10306
14635 3211
14635 5974
14638 4373
14638 4942
14640 5146
14640 5506
14640 9423
14640 10170
14643 367
14643 2247
14644 1397
14644 1797
14644 6124
14644 11206
14647 7111
14654 3169
14654 3942
14654 5145
14654 9006
14656 884
14659 2187
14663 1073
14663 9773
14664 673
14667 5852
14671 2020
14671 9795
14672 3404
14672 3696
14676 1884
14676 7571
14677 45
14677 1761
14677 4173
14678 11608
14681 4639
14682 7740
14688 244
14688 1505
14688 3596
14688 4761
14688 5601
14689 1839
14689 11888
14690 14
14690 541
14690 1758
14690 2775
14690 3197
14690 3959
14690 5402
14690 5908
14694 517
14694 3100
14694 3229
14695 90
14695 9980
14701 933
14708 3126
14712 129
14712 5677
14722 497
14722 2336
14722 3200
14724 636
14724 5983
14728 849
14728 4186
14729 2031
14741 2039
14743 108
14744 302
14747 6889
14747 8760
14749 8890
14752 5511
14754 264
14754 1372
14754 5290
14763 2090
14763 2852
14765 3761
14767 8469
14771 8623
14772 704
14772 1372
14773 327
14773 345
14773 1520
14773 1993
14773 2856
14773 10894
14776 189
14776 6673
14784 10133
14787 338
14790 1901
14791 1808
14796 4934
14800 1262
14800 10793
14800 10904
14803 10233
14810 5492
14813 565
14813 3781
14813 5869
14813 6203
14814 7396
14814 11635
14824 1783
14826 2503
14829 7623
14831 5047
14831 7891
14834 6331
14835 744
14835 1435
14835 1878
14835 2344
14835 4469
14836 2696
14836 3079
14836 7632
14837 8211
14839 8252
14840 675
14840 3109
14840 6360
14840 6683
14840 9809
14843 1871
14843 2183
14843 4913
14843 6569
14847 3431
14848 9029
14853 8209
14856 981
14859 1721
14859 7072
14859 8182
14864 303
14870 558
14875 5081
14878 350
14878 9074
14878 10257
14887 3098
14887 5303
14895 1326
14895 1897
14895 3979
14895 6371
14895 10182
14898 4249
14906 5752
14907 465
14907 5554
14910 11587
14911 5014
14914 971
14918 5834
14919 2671
14919 8432
14922 45
14924 5387
14926 2704
14926 8860
14936 2864
14937 387
14937 944
14937 9327
14938 2233
14939 5292
14943 7039
14943 9696
14943 11221
14949 435
14949 2028
14949 3751
14949 6954
14949 7673
14949 9942
14950 10179
14955 14
14955 3761
14957 112
14961 5451
14962 115
14962 576
14962 5902
14971 2427
14972 5304
14976 1301
14976 3756
14976 11452
14978 4227
14978 9098
14978 9683
14979 9537
14980 2343
14983 2817
14983 6347
14985 796
14985 3608
14986 1581
14989 9369
14992 7067
14993 11107
14993 11114
14999 10881
14999 11740
15002 1586
15002 11819
15006 8019
15007 1647
15008 8776
15008 9568
15012 1602
15013 981
15013 5399
15019 15
15019 172
15019 1974
15019 4037
15021 332
15021 1959
15021 6102
15024 1585
15024 5191
15024 5648
15025 31
15026 10640
15028 11030
15030 635
15030 3611
15031 10518
15031 11716
15032 6207
15032 11452
15034 4003
15034 8691
15036 5073
15036 7736
15036 8559
15037 7431
15037 10006
15037 11584
15044 3933
15046 1035
15046 2377
15052 5446
15052 9143
15056 8923
15058 2778
15058 3710
15058 10055
15059 7020
15063 975
15063 2689
15063 5808
15063 6415
15063 6838
15070 632
15070 3212
15073 3591
15073 3593
15074 9538
15075 3135
15076 11314
15077 3499
15077 5050
15077 7371
15083 3077
15086 3750
15087 732
15088 3107
15091 7348
15095 8645
15096 957
15097 1171
15097 4240
15102 1148
15102 1157
15102 11016
15103 4634
15103 4783
15103 5145
15110 238
15110 2020
15111 1861
15111 11913
15120 1109
15124 5084
15125 10234
15133 694
15133 3247
15133 4631
15135 6764
15135 11556
15138 4138
15138 9042
15140 1044
15140 1067
15140 1434
15144 2982
15144 4604
15147 6544
15153 796
15156 319
15156 622
15156 640
15156 1596
15156 5736
15156 8487
15157 3504
15160 1358
15160 10527
15162 714
15163 734
15166 1202
15167 1832
15184 1814
15184 11402
15191 8837
15192 4701
15195 1904
15195 2377
15195 5328
15195 9677
15201 2281
15206 2585
15206 4554
15206 9351
15207 1379
15208 1802
15208 3538
15216 82
15216 9276
15217 3131
15217 6628
15217 8070
15219 463
15219 906
15222 118
15229 161
15231 1931
15237 995
15239 7692
15244 1629
15250 6253
15250 7395
15251 10188
15261 5591
15262 2570
15262 3051
15262 3688
15262 4792
15264 395
15264 7733
15265 301
15271 335
15271 2185
15273 10765
15279 836
15279 1629
15279 2599
15287 7311
15290 4161
15295 11557
15296 6484
15300 3006
15300 8882
15300 11022
15301 11195
15304 11556
15310 422
15314 8804
15316 4441
15317 10891
15319 4504
15321 44
15321 538
15321 601
15322 4560
15328 4893
15328 9118
15330 3180
15331 884
15331 5554
15331 8331
15336 632
15336 8690
15340 205
15341 8706
15341 9269
15342 3608
15344 5700
15349 1696
15349 4033
15351 4013
15351 8693
15354 9366
15357 1995
15357 4636
15357 5426
15357 10620
15364 432
15370 9793
15374 9348
15377 395
15378 278
15378 2623
15378 2675
15379 11450
15380 11091
15391 823
15393 11463
15394 4867
15395 1337
15396 4149
15396 4616
15396 6634
15396 7404
15396 10766
15397 1980
15397 7550
15397 8831
15407 1732
15408 9253
15412 2022
15412 10189
15416 1875
15416 3105
15430 7129
15430 8889
15430 10678
15439 7313
15439 7760
15439 9537
15444 3657
15453 11162
15454 1565
15455 1861
15455 2281
15455 6949
15455 7164
15455 10928
15455 11908
15456 1264
15456 6275
15456 11559
15457 1398
15459 11918
15471 2758
15471 4352
15471 11846
15477 2932
15477 4716
15477 8633
15477 8758
15479 6105
15481 7862
15485 10558
15488 3761
15490 4701
15495 5328
15498 5773
15502 1211
15502 3949
15509 3853
15509 7436
15509 9183
15517 4423
15518 354
15518 634
15518 2943
15518 4545
15519 994
15521 8000
15524 10009
15528 11159
15529 5325
15529 5665
15529 7381
15532 5477
15533 887
15533 2992
15536 369
15539 813
15541 1386
15541 3236
15542 1206
15542 7724
15543 1530
15545 2522
15545 5092
15545 6831
15545 7130
15545 7318
15545 8194
15545 8565
15547 6719
15548 1575
15548 2208
15549 1357
15551 2152
15551 2539
15551 2546
15551 2550
15551 2657
15551 4752
15551 6226
15557 191
15557 10525
15560 799
15560 1687
15560 10049
15562 10418
15564 4249
15565 11099
15570 3933
15572 9357
15574 264
15575 6190
15577 60
15578 2557
15587 9394
15588 11901
15593 414
15593 6768
15594 7478
15598 10280
15599 7090
15600 825
15600 1473
15600 2101
15600 9724
15600 11563
15602 714
15606 127
15608 3359
15610 333
15610 2696
15610 5459
15610 6983
15615 3386
15615 6095
15618 4284
15620 5974
15621 2929
15624 1503
15624 11551
15633 4440
15633 6680
15635 7162
15635 8224
15638 6154
15641 11375
15642 818
15642 4882
15644 3339
15644 10740
15654 5928
15655 6996
15656 2282
15658 9125
15659 10427
15659 11549
15660 734
15662 5406
15665 1234
15665 3877
15666 3969
15666 5791
15668 8321
15671 1126
15671 4860
15675 435
15679 1110
15683 8931
15684 3842
15685 842
15685 967
15685 3334
15685 4002
15685 7127
15687 4819
15694 5364
15694 11411
15699 413
15699 11393
15705 6119
15705 6362
15706 9152
15706 9577
15710 1752
15717 3292
15718 6395
15721 11924
15722 515
15726 4238
15727 11066
15734 284
15738 2768
15738 7629
15740 792
15740 6466
15741 5533
15741 10023
15741 10865
15742 760
15742 1176
15742 3877
15743 4439
15743 7173
15743 11195
15744 2758
15749 3958
15749 5105
15749 5649
15751 4174
15754 8698
15755 3824
15759 924
15759 6538
15760 413
15760 1739
15760 1949
15760 7578
15762 76
15762 2135
15762 3169
15766 6358
15766 9179
15770 786
15779 3098
15779 4985
15779 6403
15779 7956
15784 4375
15784 5055
15784 7455
15784 7649
15786 6237
15786 7091
15786 7220
15788 2565
15792 3741
15795 1717
15802 4394
15804 7492
15806 174
15806 5440
15806 9523
15807 1337
15808 951
15808 1084
15809 10314
15810 4878
15810 6263
15815 2463
15816 4715
15817 9052
15817 9140
15827 2655
15827 4100
15827 7314
15827 7972
15828 4726
15830 11445
15833 2288
15833 2682
15834 5374
15845 5747
15845 10672
15845 10982
15847 11693
15848 549
15848 8404
15849 829
15850 2982
15859 789
15859 7018
15859 8366
15863 6333
15870 739
15870 9508
15871 4444
15871 5115
15873 1391
15874 7961
15877 591
15880 8873
15884 2856
15884 3813
15884 8722
15894 3256
15894 3783
15894 5003
15894 5578
15894 9730
15897 9644
15900 3442
15903 4026
15911 6173
15914 884
15914 2038
15914 3302
15914 6020
15914 8757
15914 11505
15915 2696
15915 5759
15915 6389
15919 4108
15922 7466
15924 1810
15924 3152
15924 3880
15925 1007
15925 1162
15925 3023
15925 3442
15926 1393
15927 1980
15928 2098
15929 663
15929 3483
15929 5466
15929 11362
15932 2795
15934 491
15934 509
15934 1566
15936 2685
15937 139
15937 6634
15937 8932
15937 9725
15942 2649
15942 2982
15948 3804
15948 8778
15948 11812
15950 10121
15953 2035
15953 7118
15953 11867
15954 6753
15955 7412
15955 8102
15956 6560
15960 1169
15960 1228
15960 2231
15960 4310
15960 8208
15960 8285
15960 9737
15960 9981
15960 10611
15960 10857
15965 6747
15967 11353
15975 2191
15976 2509
15977 1264
15977 4117
15978 1824
15980 9137
15985 1422
15985 1874
15985 2473
15985 4749
15985 5303
15985 8164
15985 10652
15990 22
15990 10563
15993 5626
15995 4851
15995 4902
15995 10004
15996 3206
15997 1812
15997 3048
15997 7202
15998 1340
15998 3277
15998 3431
15998 6564
15998 9137
15998 9678
16003 3605
16003 3771
16007 2141
16007 4639
16015 3591
16016 3653
16018 4100
16019 411
16019 4921
16022 10164
16026 954
16035 124
16035 616
16035 1412
16035 5282
16035 5532
16035 9992
16039 2227
16041 5482
16042 8174
16042 9374
16049 45
16049 4951
16049 11769
16056 280
16056 2508
16056 4445
16061 7142
16063 5893
16063 10709
16064 11406
16069 5606
16070 701
16070 3842
16070 5955
16071 5773
16072 6926
16073 2396
16073 4738
16073 9342
16077 6483
16078 3933
16078 5382
16085 11531
16088 6719
16100 9531
16104 1358
16104 4638
16105 6717
16107 364
16107 2236
16107 2756
16107 5276
16117 1215
16118 3243
16118 11586
16121 243
16127 3490
16128 4763
16130 1568
16130 2762
16133 4339
16134 3961
16134 7182
16137 1358
16137 9687
16137 10771
16140 7297
16140 8366
16141 1585
16143 634
16143 5773
16147 724
16148 2385
16151 988
16153 3298
16153 7789
16159 11792
16161 8267
16163 4466
16163 9206
16164 4127
16164 9950
16165 610
16165 1922
16165 3270
16165 4874
16165 5364
16165 6344
16165 9357
16167 2319
16175 5014
16175 8526
16181 6753
16182 4712
16192 139
16192 6317
16193 1637
16200 3318
16201 10328
16204 904
16205 1550
16205 5856
16207 8680
16209 8776
16210 3027
16210 9257
16211 1684
16211 2753
16211 9969
16217 11218
16218 2091
16218 4050
16221 6265
16231 928
16231 3852
16231 8198
16233 9059
16235 2293
16235 4215
16235 6663
16241 438
16244 1015
16247 3442
16248 1066
16252 136
16252 3317
16252 10499
16258 2708
16258 5554
16264 3562
16264 5052
16264 9139
16269 6935
16269 7709
16276 7938
16281 980
16284 9904
16294 2927
16296 1647
16299 224
16299 4731
16300 10009
16300 11541
16301 9496
16304 1686
16304 3385
16304 8208
16304 10346
16308 1213
16308 4399
16312 3033
16312 5344
16312 8477
16313 1784
16313 6108
16313 6399
16313 8464
16315 626
16318 2693
16321 1520
16321 2775
16321 3930
16321 5596
16321 7363
16323 2601
16323 6463
16324 6112
16344 6046
16344 6253
16344 6614
16344 7910
16344 10261
16344 10712
16344 10713
16347 2420
16348 5773
16348 9684
16351 2152
16351 2546
16351 4728
16351 6226
16351 9011
16354 6
16358 3852
16358 5946
16366 1139
16366 3460
16377 4736
16378 175
16378 1812
16378 2236
16378 2787
16378 3704
16378 4639
16378 9500
16378 11161
16383 1585
16383 7718
16389 9847
16391 2181
16391 5590
16391 8875
16396 9438
16398 4959
16403 2466
16403 5078
16403 5619
16406 1576
16406 3111
16408 1437
16408 4646
16408 8503
16409 14
16409 2682
16411 3786
16412 8837
16417 4646
16418 880
16423 6735
16423 7130
16427 427
16427 2434
16427 9674
16432 3763
16433 1686
16433 7416
16438 4215
16438 6588
16438 7822
16439 6418
16446 1044
16446 5373
16455 10374
16458 9397
16464 4904
16467 471
16468 2426
16477 5794
16481 530
16481 1534
16481 2386
16481 2803
16481 10255
16487 1536
16487 4764
16488 5847
16491 806
16491 2123
16491 8911
16491 9253
16492 4474
16492 4763
16492 9185
16494 11887
16497 2123
16497 7928
16499 2975
16499 10772
16502 9482
16508 6317
16512 5419
16513 4471
16513 7537
16514 11204
16515 2839
16515 3490
16516 2665
16516 2828
16518 3088
16522 2699
16522 5758
16522 10340
16522 11416
16523 174
16523 1540
16523 3548
16523 3622
16523 10087
16534 8749
16537 4570
16539 664
16539 2198
16539 2232
16539 3504
16539 9894
16540 4406
16542 85
16542 509
16542 2706
16542 7275
16546 2719
16546 9544
16547 471
16548 4225
16551 2972
16560 3363
16561 8544
16562 2279
16562 4320
16562 5484
16562 8655
16568 2155
16568 5340
16568 10060
16571 11598
16572 3423
16574 8118
16578 3961
16578 4092
16578 4535
16578 6130
16578 7984
16578 9972
16582 10483
16587 1348
16587 9362
16594 1050
16594 7813
16598 2405
16599 2871
16599 2932
16599 5329
16599 5613
16599 7725
16601 707
16605 1109
16606 922
16606 4951
16606 5734
16609 271
16609 1501
16609 1687
16609 5355
16609 7466
16611 5368
16612 3842
16614 1302
16614 2084
16614 5470
16614 6455
16614 10046
16622 1807
16622 3831
16622 4063
16623 196
16623 3569
16623 11721
16627 748
16629 84
16629 1231
16629 1718
16629 3298
16629 4406
16629 6973
16632 3374
16639 7578
16645 1640
16646 2247
16649 280
16650 5258
16650 9140
16658 696
16658 10577
16662 2796
16663 1766
16663 3360
16663 6083
16665 298
16665 413
16665 9328
16666 6139
16666 6140
16668 9508
16671 3077
16675 119
16679 8179
16682 2498
16687 4272
16688 490
16688 3631
16688 6934
16688 7581
16689 9183
16691 4187
16693 7497
16694 4116
16694 8669
16694 9149
16694 11792
16696 1824
16696 6608
16702 6412
16702 6509
16703 564
16703 2952
16703 9152
16704 7382
16704 8540
16705 7905
16706 10908
16710 5117
16717 982
16717 5600
16717 5908
16718 1105
16723 2764
16728 581
16735 1767
16735 7890
16746 4646
16747 1842
16747 4160
16748 5627
16748 8940
16748 9107
16753 373
16754 2675
16755 8806
16756 3962
16759 324
16759 1953
16760 4319
16760 9528
16761 4765
16761 8619
16762 2237
16763 5944
16765 6107
16769 1342
16770 2029
16771 7948
16774 4331
16775 11016
16777 271
16779 4283
16780 1081
16781 6376
16786 1067
16786 6142
16786 11184
16786 11338
16788 1990
16788 7030
16790 10710
16793 3786
16793 9526
16802 5399
16808 604
16811 1249
16813 2535
16813 3020
16813 3411
16813 4441
16813 5398
16813 7052
16813 7910
16814 10999
16817 4224
16819 2716
16820 3551
16820 9980
16821 2473
16826 5092
16828 2391
16834 459
16834 4446
16834 11934
16838 1602
16838 3455
16838 5043
16838 6516
16838 7794
16838 10185
16838 10268
16838 10769
16838 11734
16842 7167
16844 510
16846 8642
16846 10829
16847 3428
16847 5968
16847 6749
16847 11166
16849 8138
16852 3488
16857 11206
16860 10650
16860 11611
16861 1602
16862 3489
16862 5145
16862 7102
16862 8263
16864 10905
16865 14
16865 4826
16866 118
16866 3421
16870 496
16872 7515
16873 10521
16874 2669
16875 9084
16878 1202
16878 4228
16878 5772
16878 7154
16878 10577
16885 5247
16891 7212
16895 9028
16895 10681
16896 3563
16896 8709
16898 3778
16898 5421
16901 436
16906 7368
16906 7716
16907 1685
16907 4061
16908 211
16908 2041
16908 3483
16908 7956
16912 1900
16912 2227
16912 5939
16917 1808
16917 1842
16917 3918
16919 4982
16919 8923
16919 10731
16922 3314
16924 810
16924 1358
16924 2100
16924 10359
16924 11428
16926 345
16926 1196
16931 1351
16931 4221
16945 5276
16945 6706
16947 1686
16947 4204
16947 8569
16952 3784
16956 5477
16959 5882
16963 6320
16965 1086
16965 4988
16966 7598
16966 10872
16978 11635
16980 909
16980 1723
16980 2274
16980 2636
16980 3880
16980 4738
16980 9411
16982 9227
16984 11938
16985 3348
16992 4616
16995 2535
16995 7329
16998 2293
16998 4739
16998 4746
16998 7282
17006 7901
17018 714
17018 9353
17020 8015
17020 11452
17028 2400
17028 9167
17028 11927
17039 3761
17041 4564
17041 7604
17041 8302
17042 5752
17043 247
17043 4734
17043 8756
17044 11546
17047 1825
17047 2567
17047 7956
17053 6293
17056 499
17056 2195
17056 4403
17056 4716
17056 7661
17056 8272
17058 8874
17059 1771
17061 1528
17061 2206
17061 3016
17061 3220
17061 9285
17061 11381
17064 2572
17064 3513
17066 3750
17066 9180
17067 252
17067 523
17067 5367
17067 6567
17067 8122
17067 10696
17067 11090
17070 7869
17071 10759
17075 1016
17075 7457
17075 8419
17075 11299
17078 4016
17079 2210
17079 9023
17081 8198
17085 4550
17085 6948
17088 6433
17089 1131
17089 4616
17089 6376
17089 8682
17089 10911
17091 1321
17091 3652
17091 5237
17091 9152
17091 9587
17091 11519
17094 1828
17094 2657
17094 4730
17096 9149
17101 4100
17101 8355
17102 2908
17102 4160
17105 2400
17105 4001
17106 3773
17107 19
17107 183
17107 2943
17107 5729
17112 142
17112 5071
17112 5943
17112 6643
17112 7507
17112 11842
17114 5111
17115 4452
17115 7644
17115 11939
17117 6560
17124 6032
17125 7939
17125 7960
17125 8512
17127 1777
17127 3235
17127 8912
17128 3766
17128 5554
17129 8326
17134 1935
17135 1931
17137 1448
17147 1923
17149 932
17149 2323
17149 4704
17149 7258
17149 9524
17152 78
17152 118
17152 7933
17153 10894
17154 471
17157 1301
17158 96
17159 1049
17160 833
17161 62
17161 501
17161 785
17161 4186
17161 4786
17161 5976
17164 10350
17165 5193
17169 1914
17169 4023
17169 8529
17169 9162
17171 2039
17172 10274
17175 8879
17183 6625
17183 10176
17190 2943
17195 3490
17199 6153
17199 6648
17200 8143
17201 14
17201 255
17201 3424
17201 5537
17201 5622
17201 6183
17203 9538
17206 6545
17209 3271
17210 6732
17210 6804
17220 11842
17221 2381
17221 8531
17228 1843
17228 2708
17228 11243
17232 9262
17233 5405
17233 9753
17241 2688
17241 3185
17241 5303
17241 9627
17243 2492
17243 7219
17246 8038
17246 8072
17246 8193
17246 9052
17246 9173
17251 2697
17251 8727
17251 9675
17255 76
17255 1439
17255 4646
17255 5700
17255 9028
17259 2015
17259 2402
17259 2704
17259 9911
17264 9764
17266 9001
17270 2264
17270 11452
17271 944
17272 2312
17272 3910
17274 5782
17275 3693
17278 7269
17283 8369
17284 4297
17284 7739
17286 236
17286 8532
17288 2163
17289 157
17292 10111
17294 7453
17294 9028
17295 7020
17295 7600
17297 1425
17297 6459
17297 9703
17301 6696
17302 11174
17303 5060
17309 8348
17311 4483
17314 1358
17314 8235
17317 942
17317 2946
17317 7733
17322 327
17322 2655
17329 2991
17338 2231
17343 444
17343 1900
17343 9079
17345 6801
17349 1549
17349 10921
17370 1828
17370 2657
17372 3021
17373 1811
17375 4646
17376 1018
17376 1644
17376 2328
17376 2930
17376 5459
17378 2347
17381 1717
17381 3762
17386 413
17387 1048
17387 9445
17389 1541
17389 3710
17389 5424
17389 10860
17392 7952
17399 5700
17399 7785
17399 10656
17401 680
17405 78
17405 10843
17405 11563
17410 1803
17410 2674
17410 9316
17415 2163
17416 3200
17416 3614
17416 4964
17416 5827
17416 5970
17416 10492
17416 10985
17416 11304
17419 1648
17419 3202
17419 4299
17419 5799
17419 6299
17419 10261
17424 1182
17424 5431
17424 9882
17425 89
17426 1906
17426 2364
17426 2704
17427 464
17430 1118
17431 6520
17439 1646
17441 8000
17443 5269
17443 8620
17443 10893
17445 1793
17445 3702
17445 8504
17448 6997
17448 9266
17448 10983
17451 7461
17453 2206
17453 4666
17454 6754
17456 7639
17456 7813
17457 570
17458 14
17458 4410
17459 9152
17461 3095
17471 1538
17471 1839
17471 11815
17474 542
17474 3529
17481 4798
17485 2693
17485 10085
17487 3339
17488 822
17488 952
17488 2309
17488 3830
17490 3761
17490 6227
17494 4642
17494 5975
17494 8757
17494 10823
17502 143
17507 8198
17508 8879
17510 708
17510 2750
17510 4322
17510 4379
17512 8279
17515 395
17515 1663
17515 3919
17515 4941
17515 6020
17516 1258
17518 6061
17518 6560
17527 959
17533 1180
17533 2415
17536 3200
17536 3212
17538 3761
17544 303
17544 3918
17544 4456
17544 5041
17549 11364
17551 2088
17551 10543
17559 1842
17562 4564
17564 2672
17564 7743
17565 2017
17565 3263
17565 8628
17571 608
17574 1653
17574 8083
17575 10568
17577 471
17577 1044
17577 2555
17580 5092
17580 6560
17582 5270
17584 4581
17585 7583
17590 9036
17591 2695
17594 1953
17596 1548
17596 3704
17596 4956
17596 11602
17602 10575
17603 9238
17607 7657
17611 10485
17617 685
17617 1839
17617 2863
17617 2905
17617 5521
17621 442
17621 1659
17621 5398
17621 6474
17621 9748
17625 466
17625 1584
17625 6473
17628 4944
17628 5522
17628 7310
17628 8397
17629 4396
17629 4786
17629 5944
17629 7698
17629 8679
17629 9314
17630 3227
17631 613
17631 2823
17631 7039
17631 9760
17632 3552
17636 8038
17636 11501
17638 76
17643 3200
17643 11712
17647 5489
17647 6583
17654 8446
17654 11258
17658 3107
17658 3212
17658 6905
17658 8112
17658 10323
17660 1751
17673 11942
17686 2983
17686 5751
17686 7368
17690 3507
17695 5591
17695 8124
17695 9400
17704 1980
17705 1102
17705 1219
17705 3981
17705 5020
17705 10715
17706 3815
17710 413
17710 436
17719 4693
17719 9028
17721 7612
17726 10280
17727 341
17727 5460
17728 5965
17730 1861
17732 7910
17734 242
17734 8248
17735 3641
17736 8246
17738 169
17738 1749
17738 4441
17738 7919
17742 2352
17743 1792
17743 2600
17748 9530
17748 10802
17749 8076
17749 10499
17749 10949
17749 11116
17750 6569
17750 6604
17750 9798
17753 9703
17758 5718
17758 6046
17759 516
17762 2448
17765 11352
17768 8114
17768 11584
17769 7771
17770 901
17770 2211
17770 7333
17773 1023
17773 3043
17775 10348
17777 8193
17779 902
17781 3458
17781 7640
17781 9472
17784 3374
17788 364
17788 824
17788 2205
17788 3217
17791 255
17798 6614
17802 9208
17804 1434
17809 7412
17815 4470
17815 5329
17815 7180
17815 7436
17815 9352
17815 9546
17815 9767
17818 1387
17818 3703
17819 2130
17819 6335
17819 8827
17821 7368
17821 8783
17821 11381
17834 3401
17834 4796
17836 152
17836 312
17836 3622
17836 7536
17836 7627
17836 8030
17837 12
17837 3689
17838 2077
17838 2252
17841 8224
17842 11424
17849 4282
17850 8526
17851 4227
17851 10313
17851 10920
17851 11756
17856 5282
17860 5007
17860 7796
17861 4942
17863 2871
17864 10761
17866 6130
17868 3198
17876 2245
17877 5433
17879 10135
17883 5511
17883 10429
17885 4796
17890 3302
17891 4291
17891 6516
17897 3531
17897 10027
17900 4623
17900 5939
17906 8589
17910 10785
17913 151
17913 1915
17915 5689
17917 586
17917 4237
17917 6598
17923 5615
17923 8586
17925 577
17926 437
17928 3183
17933 3591
17933 3593
17935 2511
17935 4639
17935 8941
17936 4009
17939 9393
17941 906
17941 3975
17942 1977
17944 6968
17952 6300
17953 4193
17959 1172
17959 1977
17961 8811
17964 7246
17966 5499
17966 6266
17966 10162
17970 765
17970 7954
17970 11785
17976 2986
17976 7469
17976 8867
17976 9777
17976 11184
17976 11800
17979 7879
17988 3411
17988 3723
17988 7712
17988 8111
17988 8448
17991 5972
17992 5078
17994 7270
17999 825
17999 6028
17999 8528
17999 8697
18002 2606
18003 2869
18012 5431
18013 558
18014 3373
18014 4396
18022 261
18022 4854
18022 5203
18022 9737
18023 7612
18025 2117
18026 5882
18029 436
18029 573
18029 1899
18029 3388
18029 3637
18029 5270
18029 7233
18029 9211
18029 9592
18031 2696
18031 7433
18034 908
18034 2943
18035 1501
18036 295
18038 6302
18040 2532
18040 2555
18042 5387
18045 5803
18045 7948
18047 1869
18047 7585
18048 2025
18048 4194
18051 3705
18051 4616
18051 8536
18060 1568
18060 2109
18060 4835
18060 7534
18060 8531
18060 9050
18061 3562
18061 6573
18063 5729
18072 4607
18073 5282
18074 105
18074 2342
18076 5194
18081 11243
18082 640
18082 4977
18085 20
18085 8957
18086 6188
18097 11894
18100 8429
18106 369
18108 7036
18110 5869
18111 673
18117 2259
18117 4409
18117 5697
18117 6382
18118 2769
18118 3719
18118 5736
18118 8848
18119 183
18119 403
18119 6216
18125 1087
18125 1728
18125 2841
18127 1879
18127 11612
18128 6335
18128 8392
18128 11862
18131 3942
18131 11491
18132 3385
18136 823
18136 3957
18141 7229
18142 855
18143 685
18143 3005
18143 8189
18144 1623
18145 4686
18146 236
18153 6882
18156 1160
18161 2807
18161 9771
18162 711
18166 822
18168 8371
18171 1358
18171 9587
18171 10583
18176 1369
18178 4568
18178 11199
18179 936
18179 2176
18179 5920
18179 6335
18179 6512
18181 40
18181 3105
18181 5217
18181 6762
18181 7286
18181 7288
18181 7678
18182 7430
18183 990
18189 4387
18192 8827
18193 9976
18198 4566
18199 6124
18200 1494
18201 361
18203 1826
18203 2830
18204 2683
18204 5585
18204 5592
18204 11354
18214 2031
18215 901
18215 980
18215 1828
18215 2398
18215 2539
18215 2549
18215 2550
18215 2657
18215 4381
18215 4752
18215 5520
18215 7326
18230 2475
18234 464
18234 467
18234 470
18234 3723
18237 991
18237 2637
18238 2348
18243 7506
18244 3089
18244 5211
18245 734
18245 8324
18252 6639
18256 993
18256 2911
18256 6328
18256 7501
18256 8072
18256 10145
18256 10238
18256 10944
18261 2981
18262 11498
18263 1788
18263 3347
18265 183
18266 9390
18266 11215
18271 889
18271 3242
18271 6944
18271 7100
18271 10537
18271 11294
18274 5084
18279 1051
18281 3704
18288 257
18288 6394
18288 6675
18288 9699
18288 10424
18301 699
18302 5406
18305 1842
18306 3306
18309 378
18309 1205
18309 5704
18311 11303
18315 9300
18315 10789
18319 3135
18320 3393
18322 6853
18329 1765
18330 4493
18330 6377
18330 8476
18334 1358
18334 2389
18334 6122
18334 6480
18334 8922
18334 9897
18334 10787
18336 3684
18337 5970
18344 283
18344 4009
18344 5295
18344 9462
18345 2126
18345 11367
18349 5164
18358 6544
18358 7916
18358 10975
18361 1763
18361 5046
18363 5838
18366 2466
18367 696
18371 2371
18371 5340
18376 3873
18378 469
18378 1460
18378 4755
18379 543
18381 1980
18381 3760
18381 4652
18388 4338
18389 7005
18389 7693
18393 6715
18394 2664
18394 4878
18398 11688
18405 1440
18408 1802
18412 998
18412 3933
18419 5406
18424 3400
18424 11884
18429 6191
18429 7956
18431 1767
18434 7259
18435 151
18435 3151
18435 6269
18435 9470
18439 4145
18439 9664
18450 9449
18452 6635
18452 8938
18458 1075
18458 1773
18458 2515
18458 2517
18458 2851
18458 11159
18463 4370
18463 7867
18463 8908
18463 11706
18464 1314
18465 11947
18470 1842
18474 8087
18475 3583
18479 138
18479 2550
18479 6500
18481 2116
18481 3861
18481 6043
18485 411
18485 1330
18485 2704
18487 647
18487 11306
18488 1789
18488 7006
18489 1744
18489 3422
18494 127
18494 886
18500 1326
18500 3968
18500 6574
18500 7505
18504 5081
18504 11426
18517 2563
18523 903
18526 11819
18532 591
18532 2029
18532 2704
18532 5705
18533 9996
18536 493
18536 548
18536 2353
18536 5326
18536 6070
18539 734
18539 2019
18539 5983
18543 218
18543 535
18543 4003
18543 4347
18543 5558
18546 1150
18547 2312
18548 2649
18550 4173
18553 7890
18554 950
18555 573
18555 2398
18555 5878
18556 1288
18562 44
18563 5618
18567 5475
18569 1449
18572 11132
18573 1161
18573 3874
18573 4250
18575 10433
18577 5700
18579 9354
18580 1090
18580 4716
18585 5006
18585 6102
18586 2444
18587 366
18587 9281
18587 11564
18589 1113
18595 422
18596 339
18598 4265
18598 9764
18603 1712
18603 6905
18604 10075
18606 854
18606 1758
18606 6403
18614 524
18614 10834
18614 10909
18620 9094
18621 1808
18623 2309
18623 11791
18629 4571
18633 4670
18633 6808
18634 45
18634 6909
18635 1629
18638 3624
18641 5831
18641 10545
18641 11211
18643 15
18643 21
18643 2557
18643 3383
18643 3740
18643 4882
18643 8046
18651 9279
18661 3902
18663 665
18665 10351
18667 2657
18667 7540
18668 6266
18670 999
18672 558
18672 765
18686 1614
18686 8248
18687 6395
18690 3274
18692 8100
18692 8669
18694 1215
18696 822
18696 3603
18696 6362
18697 45
18698 45
18698 11160
18701 650
18702 255
18702 4245
18702 4531
18704 2237
18704 3580
18705 521
18706 9278
18707 442
18710 4142
18710 6659
18714 2584
18714 9138
18717 8299
18738 5947
18739 5483
18741 6804
18748 609
18749 3447
18749 9134
18751 2709
18751 6680
18758 2082
18759 10998
18768 508
18768 1527
18773 1117
18773 10077
18774 2411
18776 3969
18781 576
18781 734
18781 855
18781 2067
18781 2509
18781 2715
18781 3385
18781 4649
18781 4666
18781 5369
18781 7460
18781 7666
18788 8324
18793 4863
18796 586
18796 1014
18796 2471
18796 4471
18796 5406
18796 6802
18808 6542
18809 2247
18810 8796
18811 1095
18811 5019
18814 391
18815 9694
18818 1099
18819 8172
18819 8863
18825 4249
18828 9858
18830 1099
18830 4326
18830 7150
18832 524
18832 618
18832 2247
18833 200
18837 7522
18844 816
18846 6477
18850 1767
18851 1665
18851 3753
18851 10319
18854 6511
18857 11383
18865 4737
18865 7684
18869 2669
18869 4194
18875 730
18875 7687
18875 9791
18876 11778
18881 2104
18881 6307
18881 7292
18889 1923
18891 1098
18891 6290
18891 9484
18895 5060
18895 7550
18896 1766
18896 3426
18905 82
18909 4867
18909 5613
18910 5997
18913 1842
18922 127
18923 1931
18923 2471
18926 12
18927 240
18935 97
18935 743
18935 760
18937 1120
18937 7733
18948 944
18948 3156
18948 8602
18951 1677
18951 3553
18952 7083
18960 1763
18960 2067
18960 2736
18962 303
18963 1512
18963 3082
18964 1223
18964 10364
18966 10456
18968 2675
18972 2229
18973 7789
18975 907
18975 7785
18983 14
18988 312
18988 471
18988 1117
18988 1297
18988 1550
18988 1652
18988 1842
18988 4265
18988 4840
18988 7326
18988 7639
18988 8447
18989 505
18989 714
18990 1613
18991 1921
18991 3041
18993 9683
18994 1
18994 48
18994 2357
18994 2744
18994 6050
18996 5476
18996 9874
18997 103
18997 3382
18997 7560
18997 10774
18998 116
18998 2683
18999 5145
19000 4567
19001 354
19001 3726
19003 615
19003 1781
19003 6116
19003 8076
19005 634
19005 2236
19008 4400
19009 938
19009 2481
19009 2732
19009 3645
19009 3750
19009 3903
19009 5254
19009 6326
19009 8060
19009 8261
19009 9339
19012 1243
19012 1443
19012 1631
19012 2343
19012 2710
19012 5838
19014 3600
19014 8642
19017 3961
19021 4786
19026 10851
19033 7165
19034 1315
19034 5895
19034 8366
19036 7978
19036 8340
19036 8507
19038 1441
19038 4631
19038 9561
19045 158
19048 10586
19052 10064
19052 11040
19054 1068
19055 97
19055 2199
19055 7145
19058 924
19058 10053
19062 342
19062 822
19064 2663
19068 9796
19069 2012
19069 6758
19073 8521
19077 4567
19077 4572
19082 8622
19083 9487
19084 563
19084 1900
19084 2038
19084 2927
19084 11365
19086 442
19093 3107
19099 7790
19101 6032
19101 7339
19103 4545
19105 1458
19106 3660
19106 10759
19107 2280
19107 3877
19107 7676
19108 11700
19115 11662
19116 4223
19116 5257
19117 1205
19117 1341
19119 1859
19120 3875
19122 2286
19122 6663
19123 5205
19123 8080
19123 8833
19123 9559
19125 5406
19134 10010
19136 4334
19136 6188
19136 10503
19139 1039
19139 7382
19143 106
19143 2320
19143 3564
19143 9288
19149 1384
19150 660
19150 2846
19150 3161
19150 4262
19151 1691
19151 1936
19151 5965
19151 6232
19151 10311
19152 2471
19158 11420
19159 2946
19159 4121
19159 8181
19163 1202
19163 1387
19163 11229
19163 11931
19167 922
19167 4170
19167 10898
19171 8131
19171 10816
19177 4393
19179 4482
19181 7254
19183 8286
19183 10222
19186 7805
19186 11451
19187 242
19187 6448
19188 2129
19188 8356
19193 3489
19193 5322
19193 5910
19193 9600
19194 2890
19194 8605
19195 3433
19197 5510
19198 7999
19205 1294
19210 505
19210 1245
19213 5293
19213 5391
19214 1852
19214 2672
19218 975
19218 8401
19219 2805
19219 3459
19221 4716
19225 1932
19225 2302
19225 9753
19227 7487
19229 5934
19232 5872
19241 2646
19246 8410
19252 1842
19261 675
19264 724
19264 11184
19271 1283
19271 2258
19275 1475
19275 3338
19276 5874
19279 442
19281 5564
19282 524
19284 1021
19284 3943
19292 4366
19292 5451
19292 6755
19292 7092
19293 3929
19298 5306
19299 9414
19300 1372
19304 875
19304 9596
19305 4469
19307 255
19307 853
19307 958
19307 5264
19312 4535
19312 10497
19315 5619
19315 7039
19322 9367
19323 608
19323 6403
19323 6564
19334 8018
19335 7085
19337 1850
19338 997
19338 4863
19338 7766
19338 8185
19339 840
19339 1910
19339 4863
19339 6864
19340 2169
19340 3539
19340 4249
19343 10980
19344 4474
19348 1373
19351 6379
19354 9042
19355 4439
19357 395
19357 4685
19357 4851
19357 7080
19361 9528
19363 1585
19363 1728
19363 4085
19363 9325
19369 3572
19369 3601
19369 6995
19371 3255
19371 5591
19379 6719
19382 5741
19386 11628
19389 210
19389 1860
19389 4867
19389 4957
19389 8995
19392 8645
19393 3534
19393 4571
19393 5126
19393 10759
19397 6170
19401 3606
19405 2753
19405 11601
19406 4706
19407 563
19407 1930
19409 1202
19411 251
19415 758
19416 4409
19417 2675
19421 3740
19421 5018
19421 7844
19421 9099
19426 6175
19426 7293
19434 667
19434 5024
19434 8180
19434 8514
19434 9199
19434 10985
19439 84
19443 565
19443 1001
19443 3606
19443 4036
19443 6329
19443 9975
19444 2605
19444 5107
19445 2377
19445 2998
19448 5890
19448 7250
19451 3395
19452 4162
19453 2934
19456 3130
19460 8225
19463 1010
19466 2117
19466 5398
19470 7249
19470 8715
19473 31
19480 1348
19480 1617
19482 1828
19482 2546
19482 2657
19482 9960
19490 1664
19490 1751
19490 1783
19490 3453
19492 7264
19495 1830
19496 3645
19498 4631
19500 1847
19503 1647
19504 2885
19504 3402
19504 4236
19504 10359
19504 11118
19504 11155
19507 6360
19507 8524
19511 67
19514 1638
19514 2758
19514 3949
19514 6075
19514 6637
19514 8451
19514 11039
19514 11697
19516 10744
19520 5129
19521 5508
19521 6512
19523 521
19523 1192
19523 3072
19523 3739
19525 1148
19527 5844
19530 3244
19533 1721
19536 3486
19537 1908
19538 242
19538 2125
19538 2205
19538 2334
19538 3261
19538 6706
19543 660
19547 217
19547 4219
19549 3230
19549 4262
19549 6822
19550 3515
19559 532
19561 2849
19566 3079
19566 4982
19566 7342
19568 847
19568 2360
19570 8347
19570 10389
19571 1779
19572 145
19572 1857
19572 3045
19572 4359
19573 1434
19575 7852
19576 754
19576 5814
19576 6510
19579 2215
19579 4753
19581 3701
19583 5377
19585 9123
19585 10433
19590 3811
19590 7379
19592 981
19592 2729
19594 233
19594 240
19594 989
19594 2063
19595 5316
19598 3545
19598 10379
19602 9322
19606 1552
19609 6064
19611 6278
19614 1627
19614 7039
19617 3103
19618 660
19618 4433
19619 6999
19619 10127
19624 855
19629 2686
19630 3008
19630 6656
19631 1323
19632 11612
19634 2708
19634 9353
19635 1629
19635 2680
19635 2790
19636 11439
19642 3297
19643 2586
19643 7633
19644 435
19644 6144
19647 67
19647 3339
19649 1135
19649 7349
19650 11263
19651 557
19651 2638
19651 4898
19651 5622
19654 2708
19654 10594
19654 10785
19657 4808
19658 3792
19665 2247
19667 4682
19670 2672
19670 4287
19671 2227
19672 7727
19674 8587
19675 8880
19675 11184
19677 2831
19678 1064
19678 2209
19680 11468
19683 8414
19684 6120
19684 6392
19685 1828
19685 2657
19687 768
19693 2528
19693 5912
19693 8772
19699 8337
19699 10372
19703 660
19703 1990
19703 4450
19703 4453
19703 11163
19707 608
19707 3770
19708 127
19708 2790
19708 9917
19709 3431
19709 3820
19712 5539
19715 9325
19715 10570
19720 2617
19721 3962
19721 5329
19721 7097
19721 8306
19722 901
19726 1679
19728 5541
19729 7784
19729 10581
19730 3502
19730 11439
19738 1833
19738 5790
19741 1839
19747 12
19747 6043
19747 6085
19747 10890
19751 5758
19758 5960
19759 2675
19765 3472
19765 11177
19768 1130
19768 2103
19768 2890
19770 8951
19770 9771
19773 7633
19775 7456
19775 11153
19777 3406
19778 786
19778 8466
19778 9011
19783 183
19783 867
19783 2309
19785 1024
19786 11062
19788 2224
19790 2943
19790 6741
19790 8770
19794 3416
19794 11474
19795 4761
19797 6901
19798 3692
19799 5205
19803 1977
19805 267
19806 6658
19806 8889
19808 7518
19811 3540
19811 11609
19812 9767
19814 4036
19815 4334
19815 11165
19819 1359
19819 1792
19819 2189
19819 6663
19822 1100
19822 1257
19822 5382
19822 6169
19829 10551
19834 2228
19837 280
19841 1269
19841 2985
19841 6747
19841 7876
19842 3821
19842 4334
19844 855
19848 1884
19849 3447
19849 3709
19852 6361
19858 2281
19858 6865
19866 1003
19868 9870
19869 3093
19869 3784
19869 4155
19869 4670
19879 1842
19882 438
19882 1546
19882 2511
19882 3627
19882 5584
19882 7312
19883 2829
19884 4157
19884 7957
19884 9752
19885 2686
19886 4947
19886 10224
19889 1732
19894 4339
19897 2282
19899 9696
19903 11322
19907 1631
19907 4304
19907 4429
19907 4866
19909 2372
19909 3004
19909 5536
19911 1194
19911 2049
19912 8863
19912 10983
19913 4372
19915 2296
19917 4753
19919 67
19919 515
19919 5005
19923 10416
19926 2753
19928 3600
19930 341
19931 2292
19931 3404
19932 2319
19934 8752
19934 11636
19936 2133
19938 3761
19939 6512
19941 165
19947 6762
19953 1768
19953 5414
19953 11200
19956 138
19956 1828
19956 2539
19956 4730
19956 8290
19958 11288
19959 4375
19962 14
19962 480
19962 1388
19964 469
19967 6080
19973 1512
19973 3569
19973 4155
19973 4833
19982 5890
19983 2403
19983 6293
19983 8946
19990 2207
20002 1187
20002 4331
20003 2111
20003 2830
20013 122
20013 930
20013 1388
20013 1766
20013 1783
20013 2682
20013 3369
20014 2411
20015 1802
20015 6794
20017 167
20017 366
20018 5179
20022 10362
20024 76
20024 1647
20024 6258
20024 7527
20024 11262
20025 3225
20026 7275
20026 7673
20027 624
20027 6630
20027 8787
20027 8864
20030 3806
20031 4435
20031 4875
20034 11667
20038 10740
20044 380
20044 1828
20045 367
20045 931
20045 2631
20046 6395
20048 2675
20048 4156
20048 10048
20051 886
20051 11643
20052 1606
20052 2790
20052 6183
20055 9185
20059 5851
20059 8584
20063 316
20063 2737
20063 8380
20063 10074
20063 11544
20067 186
20067 5588
20067 11387
20068 5508
20068 5750
20068 6509
20070 1330
20071 7691
20072 2555
20072 6732
20076 2161
20076 7125
20076 8224
20081 2885
20081 10802
20083 2050
20083 3861
20084 1091
20084 4822
20085 436
20086 2961
20089 2012
20089 3086
20089 8085
20098 5569
20102 2927
20108 1105
20108 7156
20110 4401
20111 10478
20111 10558
20118 6431
20120 6448
20123 227
20123 2236
20130 407
20131 6294
20135 1717
20148 84
20148 5039
20149 2104
20149 3400
20149 5325
20152 1078
20152 6908
20153 9365
20157 346
20157 8905
20168 7864
20171 3847
20171 11210
20172 6834
20174 1802
20174 2696
20174 6392
20174 11479
20175 1184
20177 3564
20177 8729
20177 9642
20180 3842
20181 7636
20182 60
20189 3264
20189 4186
20189 5594
20189 6286
20189 6328
20189 7275
20190 6317
20192 7254
20192 7486
20193 4604
20193 8998
20197 6935
20197 9018
20198 1801
20199 4691
20202 9034
20219 6544
20219 11081
20221 1130
20225 2539
20225 2550
20226 3339
20227 1390
20229 402
20229 4675
20229 5649
20233 796
20233 4242
20233 10010
20234 6512
20235 2652
20235 10330
20241 14
20243 6622
20244 3682
20244 3962
20244 4811
20244 11791
20245 187
20245 234
20245 256
20245 437
20245 734
20245 1390
20245 1767
20245 5307
20245 5776
20245 9243
20252 6930
20252 10122
20257 10055
20258 2134
20260 4041
20263 14
20263 6987
20267 503
20267 1172
20267 2555
20269 7402
20270 9731
20276 10020
20279 2565
20279 5919
20280 1201
20280 6568
20280 7744
20284 1232
20287 413
20290 5821
20293 2125
20293 5406
20294 2591
20297 2696
20297 6593
20303 10387
20303 11770
20309 5472
20309 6277
20311 70
20315 2355
20315 3991
20315 5396
20319 7592
20321 3020
20322 7266
20323 1950
20323 6095
20326 3428
20327 3048
20327 4642
20327 10133
20328 7891
20335 1843
20337 2702
20337 3653
20338 2076
20338 3776
20338 8075
20338 8751
20341 2031
20341 5529
20343 442
20343 1358
20343 10969
20344 9448
20344 9541
20345 1501
20345 10352
20347 6360
20351 76
20351 1257
20351 2623
20351 3080
20351 3388
20351 4944
20351 5092
20351 8148
20351 10130
20351 11265
20351 11469
20351 11493
20354 7256
20358 2154
20358 2696
20360 7807
20363 788
20363 5590
20364 255
20364 5029
20367 1842
20367 3596
20367 5964
20376 1693
20376 6297
20376 7383
20376 10221
20376 11202
20381 6414
20381 8510
20382 1825
20387 3395
20387 7486
20396 9807
20397 3821
20400 8493
20403 2236
20408 2281
20409 2296
20409 4284
20413 6124
20413 6153
20413 9803
20418 76
20418 2562
20418 2758
20418 3542
20418 5393
20418 7217
20418 7698
20418 9555
20418 11476
20421 558
20422 6090
20422 6760
20426 2137
20426 3553
20426 6917
20426 10810
20438 7051
20438 8983
20441 1369
20442 257
20442 973
20442 3037
20442 5558
20447 1252
20448 7218
20454 416
20454 855
20456 2791
20456 3296
20456 7414
20456 10608
20461 11761
20462 2900
20462 8387
20465 2630
20465 8217
20465 10506
20469 4692
20469 8757
20471 6553
20473 1070
20474 950
20474 4737
20474 6107
20474 8068
20481 19
20481 400
20481 4111
20486 4991
20490 9674
20497 6253
20497 8007
20497 9215
20499 2675
20502 995
20505 9794
20510 2753
20514 2632
20517 1206
20517 1215
20517 2527
20517 3423
20517 8608
20519 10970
20520 9057
20522 538
20522 7286
20536 884
20537 8937
20537 10137
20538 7377
20539 442
20541 10398
20544 7095
20544 9220
20549 4208
20549 5037
20559 2090
20562 10328
20566 6102
20566 6567
20567 2849
20567 4020
20567 6027
20568 3562
20568 6243
20570 3428
20572 5648
20573 6158
20576 161
20576 11795
20579 3582
20579 7199
20580 796
20580 1036
20580 2121
20580 4506
20580 5574
20582 1358
20582 2845
20584 2010
20586 3606
20595 3050
20596 3185
20598 5077
20598 7905
20604 4646
20604 8071
20605 350
20605 3079
20605 5574
20605 10168
20607 7916
20607 9981
20609 999
20609 3193
20609 3643
20612 372
20612 887
20612 2500
20612 5013
20612 6310
20614 8232
20615 6212
20615 7118
20627 951
20627 1535
20627 1801
20627 2083
20627 2832
20627 3152
20627 3455
20627 3976
20627 5036
20627 6161
20627 7315
20627 7819
20627 8472
20630 558
20641 2695
20643 1248
20643 2796
20643 4445
20650 4586
20650 7377
20650 10200
20652 1688
20652 4208
20652 4607
20652 5382
20652 5400
20655 205
20656 924
20657 3814
20657 10690
20659 9185
20664 5540
20665 1118
20666 10047
20669 398
20671 5912
20671 11832
20675 2466
20675 7676
20675 7864
20676 505
20678 3200
20678 4583
20682 7071
20684 1797
20684 4853
20684 6290
20684 7619
20684 8206
20684 8702
20684 10846
20684 11362
20684 11729
20690 5359
20695 11056
20695 11532
20696 6230
20696 6542
20697 982
20697 8113
20699 3703
20699 7517
20700 7466
20708 1965
20708 11858
20709 1779
20712 496
20712 4655
20712 10912
20713 299
20713 868
20713 4123
20716 4288
20716 10793
20721 3678
20721 4231
20723 6686
20727 1980
20727 3367
20727 4852
20731 737
20731 965
20740 10150
20741 8276
20742 3660
20743 612
20743 8633
20745 8098
20745 9462
20746 1332
20746 2810
20746 6037
20746 7616
20756 3740
20756 5791
20756 6598
20756 9567
20757 9094
20758 1781
20758 7520
20758 7810
20759 2675
20765 11841
20769 714
20769 3942
20770 1816
20770 2128
20775 59
20775 8021
20779 1136
20781 4186
20784 2782
20784 4636
20784 5621
20784 8874
20784 9685
20789 665
20789 3736
20791 7760
20791 7785
20793 7282
20797 910
20797 7547
20806 742
20807 1660
20807 2021
20807 3377
20807 6326
20809 2306
20809 3841
20813 2805
20817 6495
20818 7718
20820 934
20820 5766
20822 4763
20822 7824
20822 11404
20823 608
20824 1364
20824 1832
20824 2371
20824 3298
20825 553
20835 10070
20839 492
20840 1203
20842 14
20846 825
20846 1783
20846 3015
20846 3658
20848 6624
20851 167
20851 394
20851 3399
20851 3532
20855 204
20855 1578
20857 8762
20858 413
20858 1298
20858 3761
20858 6544
20858 10902
20859 6646
20861 14
20861 242
20861 1712
20861 5129
20863 2187
20863 7404
20866 3798
20866 8922
20867 837
20867 1142
20869 1783
20874 8198
20875 7626
20882 32
20882 6033
20885 1067
20886 280
20886 8956
20887 10983
20901 840
20901 1329
20901 3507
20901 6100
20901 8544
20901 10229
20908 1171
20908 3339
20908 6204
20908 8108
20908 11255
20910 7570
20916 6078
20923 3668
20923 6826
20925 2077
20925 3776
20927 342
20927 1338
20928 398
20928 6383
20928 8933
20930 817
20930 2967
20931 10443
20935 1492
20935 1494
20935 11801
20936 9770
20957 576
20957 2215
20957 2848
20957 5777
20957 7472
20958 3343
20958 7246
20958 11822
20961 1466
20963 3534
20964 3410
20964 6393
20965 2999
20965 5091
20971 2318
20972 10023
20972 10285
20974 76
20974 6090
20977 402
20977 1925
20977 4737
20977 6412
20979 6807
20980 3436
20983 1364
20986 9976
20991 3189
20993 558
20993 3562
20993 4622
20993 6073
20993 6174
20993 6265
20996 9332
20997 9020
20997 11674
21000 742
21000 8212
21000 11686
21004 3476
21004 4752
21004 7710
21004 11823
21006 4215
21013 733
21013 11231
21016 9033
21019 3135
21028 628
21028 724
21028 6447
21029 6639
21037 2282
21037 3784
21037 4648
21039 3958
21039 7465
21040 4723
21041 1759
21042 1996
21042 4914
21042 6207
21042 6300
21042 9345
21042 9517
21047 5071
21047 6023
21061 1842
21064 10976
21064 11294
21070 10418
21080 1372
21080 3750
21086 5790
21087 10583
21088 951
21091 5838
21091 10727
21091 10766
21093 5789
21093 7909
21095 105
21095 480
21095 2680
21095 3573
21095 3845
21095 6125
21095 7288
21112 2735
21119 4487
21119 10936
21122 9713
21127 9793
21129 2346
21138 6710
21138 7693
21142 9924
21146 741
21146 742
21146 2869
21150 577
21150 3287
21150 4273
21150 4937
21150 6904
21150 7869
21150 8459
21150 9284
21150 11098
21156 3208
21163 4315
21163 7213
21163 9400
21164 673
21164 2242
21168 256
21168 6167
21175 10977
21183 1631
21183 3916
21183 4121
21186 1064
21197 944
21197 4051
21197 10042
21200 5791
21201 4631
21202 6969
21202 11537
21203 576
21206 6930
21210 3530
21210 8091
21210 9071
21210 10847
21215 7663
21220 388
21222 3583
21222 7255
21223 10560
21225 4862
21225 5304
21225 5426
21225 5438
21225 8704
21238 7399
21238 8669
21240 84
21240 1279
21240 5459
21240 8031
21240 10594
21242 422
21244 8556
21249 521
21249 1707
21249 3934
21249 4332
21249 4899
21249 5755
21249 8722
21249 8856
21251 621
21251 5381
21251 11334
21253 67
21253 76
21253 1169
21253 1269
21253 2426
21253 2929
21253 3355
21253 3761
21253 5511
21253 6027
21253 6131
21253 6205
21253 8188
21253 10338
21253 11091
21255 1478
21255 2472
21255 2584
21255 3382
21255 4394
21255 4446
21255 4619
21255 6066
21255 6238
21255 6427
21255 6866
21255 7547
21255 10545
21255 11324
21255 11408
21258 916
21258 7591
21263 1520
21265 11512
21270 7560
21273 267
21273 10868
21276 2786
21276 8817
21280 6382
21281 273
21282 1016
21283 1251
21286 9949
21287 10234
21291 481
21292 2580
21294 608
21294 841
21294 2371
21294 3156
21295 521
21295 1561
21295 4657
21295 8277
21296 207
21297 1169
21298 1003
21298 2960
21301 1874
21313 4460
21317 11851
21320 1564
21320 1708
21321 1681
21321 9885
21323 4036
21326 2911
21326 5091
21326 5117
21327 8719
21329 2865
21329 3660
21332 4734
21334 11635
21338 6004
21344 241
21344 381
21344 884
21344 931
21344 1257
21344 1801
21344 3079
21345 740
21347 10235
21347 10535
21348 762
21348 2187
21348 5197
21358 1833
21358 8609
21360 2646
21360 6639
21361 4323
21361 11473
21362 6475
21363 3872
21367 127
21369 1637
21369 5689
21376 1542
21376 3875
21378 837
21378 1105
21378 1282
21378 2005
21378 4152
21378 8366
21378 9084
21381 714
21382 2565
21386 760
21389 3894
21390 4776
21390 7551
21392 2402
21394 2117
21394 5718
21396 10114
21396 10235
21402 3388
21411 1358
21411 3532
21411 8767
21422 2247
21423 1118
21425 1466
21426 6944
21428 3235
21428 9900
21430 3628
21430 5583
21432 1441
21432 3534
21434 394
21440 1257
21445 303
21447 1775
21447 8482
21451 2081
21454 9240
21458 1187
21458 2380
21458 11598
21459 5888
21460 6625
21465 3762
21466 6639
21469 7657
21469 8787
21476 6958
21477 7703
21483 1616
21483 5826
21483 6555
21483 8766
21483 9720
21483 11774
21484 11661
21487 3480
21492 7592
21494 2524
21494 9300
21497 1067
21497 3063
21502 5096
21503 10092
21505 4116
21505 6426
21506 4546
21511 3695
21511 8975
21512 5591
21514 5217
21515 8804
21518 1024
21518 2174
21518 5763
21520 3117
21520 6560
21521 3307
21522 4347
21524 4717
21531 1239
21531 4333
21531 9632
21532 1169
21532 8035
21533 373
21533 5649
21533 7186
21538 2900
21538 7792
21539 5164
21541 5384
21551 242
21551 4350
21551 7631
21551 8804
21552 6738
21561 5721
21565 10403
21566 4659
21566 10346
21570 1180
21570 6043
21571 1954
21573 5985
21576 3818
21576 3821
21576 11342
21577 271
21577 1789
21577 2365
21577 6399
21577 9303
21577 11215
21578 1342
21578 1443
21581 360
21581 742
21581 3343
21581 3462
21581 4013
21585 4164
21585 5342
21586 5615
21588 533
21588 576
21588 11038
21590 1412
21595 855
21604 1049
21604 4104
21604 4172
21604 7449
21605 2511
21605 7857
21612 1769
21618 8827
21621 1770
21621 10295
21622 413
21629 3472
21629 5475
21633 5481
21633 8521
21637 5234
21637 10475
21644 3256
21647 1925
21647 6683
21658 1135
21658 1876
21658 1879
21658 3418
21658 4585
21658 7586
21664 5510
21664 10153
21664 10780
21666 2281
21666 2708
21669 1098
21677 1538
21680 8191
21681 7396
21689 22
21689 43
21689 276
21689 2309
21689 9373
21689 10994
21694 4049
21695 2213
21701 689
21701 5441
21701 11298
21706 1282
21711 2710
21711 6048
21711 7794
21712 3962
21712 11242
21713 865
21713 1117
21713 3465
21713 6739
21713 9974
21716 2605
21716 3660
21717 5214
21717 7130
21717 11663
21718 1202
21718 10200
21724 316
21724 827
21724 5619
21724 10774
21724 11869
21728 1808
21731 10340
21735 17
21735 845
21735 2090
21735 2443
21735 4134
21735 7724
21737 9
21737 1048
21737 11472
21738 5061
21740 1489
21740 8594
21740 9467
21741 6679
21746 6874
21750 2706
21750 3499
21750 4172
21752 6946
21754 1378
21754 2206
21754 3170
21754 4548
21754 10716
21756 211
21756 4334
21756 6075
21756 8703
21756 10192
21756 10574
21758 1906
21758 3192
21762 1901
21762 3972
21762 4887
21762 5788
21762 7779
21762 8337
21766 1282
21767 3605
21767 10803
21769 6709
21770 5120
21773 741
21773 2528
21777 1864
21777 4227
21778 4837
21779 169
21779 9142
21779 11707
21782 2311
21786 6057
21787 8680
21793 80
21793 8896
21795 1149
21801 768
21805 3918
21811 4649
21811 4737
21811 7338
21811 10933
21822 2991
21822 8569
21822 8889
21822 9459
21825 3852
21826 10583
21832 1412
21832 6937
21837 3761
21838 10984
21841 883
21841 1257
21847 1342
21848 7177
21850 8724
21852 5624
21860 3492
21863 1004
21863 4019
21864 3215
21867 45
21867 5665
21867 11872
21871 1841
21874 76
21874 680
21874 3339
21874 6188
21874 7385
21874 7493
21875 131
21875 7765
21876 11354
21879 10314
21880 3164
21880 4311
21881 5677
21881 5800
21882 485
21884 2863
21884 4974
21884 5264
21884 7593
21887 4996
21887 5476
21892 4933
21894 10153
21901 1869
21904 413
21904 1979
21904 4472
21905 2189
21905 9392
21909 577
21909 2953
21910 298
21910 497
21910 515
21910 7102
21914 635
21919 1441
21920 3703
21925 547
21925 3400
21925 7177
21925 9522
21925 11752
21929 10238
21935 3302
21936 865
21936 1441
21936 3810
21936 7244
21947 4507
21954 3343
21956 3877
21957 3692
21957 4231
21957 7501
21959 3820
21960 524
21966 3185
21968 1003
21971 3274
21975 6030
21977 5251
21978 907
21978 5826
21981 7684
21982 6174
21985 634
21985 3195
21985 5021
21985 5742
21985 5763
21985 8060
21985 8769
21985 10162
21988 138
21988 1828
21988 2149
21988 2151
21988 2156
21988 6223
21988 8222
21988 8223
21988 8426
21990 3486
21990 7461
21996 2827
21996 7228
22000 3257
22000 3263
22000 9480
22001 2151
22002 1902
22002 4991
22002 6834
22002 7820
22002 8831
22005 8844
22007 4940
22009 1936
22009 2035
22009 2472
22022 2236
22026 724
22026 1378
22026 8872
22026 9553
22038 9988
22038 10349
22039 4449
22039 5247
22040 2555
22046 11517
22050 932
22050 3166
22050 3168
22051 337
22051 8962
22057 9303
22058 5904
22065 2451
22065 5290
22065 6222
22065 7975
22066 3395
22066 4039
22066 4265
22067 1925
22069 6132
22074 1109
22074 1556
22074 1693
22074 5398
22074 6235
22074 6958
22074 11841
22078 2665
22078 9245
22088 9136
22088 11115
22091 1305
22091 5347
22092 8113
22094 2882
22094 8964
22097 874
22097 3563
22097 5145
22097 9843
22097 11658
22098 5164
22099 205
22099 3405
22103 1478
22103 3135
22105 7880
22108 2762
22109 11162
22116 1740
22119 11720
22121 6639
22122 8582
22123 11603
22124 2855
22124 7007
22131 999
22131 4911
22131 5155
22133 1802
22134 6148
22138 8855
22139 2132
22140 9560
22146 923
22146 1584
22146 4870
22146 8574
22155 5928
22159 2948
22165 2020
22168 4155
22169 2789
22169 3713
22170 8762
22172 6089
22174 67
22174 84
22174 4035
22174 6126
22175 2704
22175 4061
22175 4734
22175 8787
22175 9329
22175 10107
22176 7284
22183 3300
22183 9109
22184 6222
22185 5459
22188 5400
22188 5492
22190 2466
22190 3298
22190 3559
22190 3658
22190 6259
22190 7839
22190 9815
22190 10853
22192 5858
22192 5972
22193 6281
22196 7862
22196 9587
22199 10060
22202 1013
22202 11426
22207 6994
22211 899
22211 2100
22211 10058
22211 10497
22212 2269
22212 4803
22213 3620
22213 4137
22213 4164
22213 8286
22213 9065
22213 11230
22220 2565
22220 8072
22220 9360
22220 10630
22224 2326
22224 2423
22224 3339
22225 6297
22228 4272
22228 4275
22229 7191
22230 3513
22230 10812
22233 5935
22234 570
22234 6427
22235 6585
22236 901
22236 2070
22237 4486
22237 7133
22239 3814
22239 7111
22244 1641
22244 2536
22244 6659
22245 7733
22247 3151
22251 961
22251 3261
22251 3853
22251 8214
22251 8389
22256 6834
22256 10016
22265 4907
22267 5238
22267 7725
22267 7888
22267 11836
22277 4598
22277 9596
22278 1552
22278 1847
22278 2198
22278 3275
22278 3889
22278 6996
22279 887
22282 3048
22283 2386
22283 3744
22283 4452
22283 10230
22285 4639
22285 6404
22290 2282
22290 5619
22291 9533
22294 267
22294 473
22294 2466
22294 5578
22294 9169
22294 10474
22295 1976
22301 291
22304 3467
22304 5895
22307 191
22307 2449
22307 6286
22307 10990
22313 4406
22313 5145
22323 509
22323 889
22323 9430
22327 1118
22331 2986
22333 4260
22333 6696
22335 1148
22335 4874
22335 6788
22338 11882
22341 4632
22342 1044
22342 3339
22342 3810
22342 6413
22342 11463
22346 8957
22347 7447
22348 137
22348 2380
22348 2471
22348 5824
22352 4970
22353 5553
22361 768
22361 6171
22361 6409
22361 11544
22365 395
22367 3979
22367 7275
22372 6713
22372 10280
22386 4306
22386 7277
22387 1023
22387 11846
22388 3315
22388 4386
22389 4854
22389 5826
22391 978
22392 11654
22396 1358
22396 5578
22396 9904
22396 10870
22403 4236
22403 4683
22403 5241
22406 2716
22410 5579
22416 4712
22417 11442
22419 5345
22420 4409
22420 9228
22423 8125
22423 10792
22427 1126
22427 2762
22427 4599
22427 9098
22431 7
22431 251
22431 311
22431 339
22431 1117
22433 11580
22435 1762
22435 2597
22436 8927
22451 5615
22455 2199
22455 3212
22455 8086
22457 2359
22460 8038
22461 1792
22463 851
22463 1337
22463 3977
22463 4052
22463 7266
22470 1229
22477 236
22478 1582
22480 6359
22481 5188
22484 10489
22485 3979
22485 10194
22487 1954
22490 413
22490 2372
22490 7940
22490 7994
22491 279
22492 2450
22504 1126
22504 1332
22504 1859
22504 8702
22505 11266
22507 10119
22512 78
22512 777
22512 8803
22513 3943
22514 9707
22516 557
22516 1109
22516 1533
22516 2282
22516 5714
22516 6167
22525 232
22526 11800
22534 6522
22542 2327
22549 4410
22549 4623
22549 10145
22550 3659
22553 14
22553 1610
22553 2683
22553 4259
22554 33
22554 5687
22554 6628
22555 2210
22561 11381
22563 7305
22563 10673
22570 6625
22575 1126
22575 2028
22578 2188
22580 708
22580 5458
22582 2016
22582 5620
22582 11712
22583 701
22583 6573
22585 6574
22588 464
22588 3859
22603 2348
22603 3186
22603 8956
22605 435
22605 1068
22605 3726
22612 1496
22612 8968
22614 5211
22616 4036
22620 5665
22620 9553
22621 1670
22628 76
22628 1602
22632 586
22632 1571
22632 3074
22632 6027
22632 7690
22633 11305
22634 2687
22634 7389
22634 11086
22635 2472
22639 901
22639 2657
22639 7125
22640 867
22648 1436
22651 7652
22651 10312
22669 1750
22669 6601
22672 2323
22675 1319
22676 4707
22677 2630
22677 5064
22677 7580
22677 11793
22678 4485
22678 9931
22680 2250
22685 438
22685 1540
22686 608
22686 3185
22687 6464
22689 812
22689 2178
22689 4902
22689 7734
22689 8037
22689 9629
22691 1842
22694 7030
22700 1779
22700 6332
22700 8186
22703 493
22703 3925
22703 10167
22709 558
22711 3883
22712 542
22712 603
22712 2130
22717 5132
22720 3713
22721 9596
22725 1169
22725 2312
22725 9527
22727 4542
22727 7507
22731 2890
22731 7204
22732 6741
22732 10658
22733 137
22733 4588
22733 4892
22733 6516
22740 1694
22741 4739
22742 876
22742 8650
22742 11061
22747 11752
22748 2247
22748 2666
22748 6732
22748 11732
22751 8525
22751 10920
22752 3296
22755 982
22755 1758
22755 3428
22755 3600
22759 7271
22763 948
22763 1230
22763 4217
22763 4262
22763 4645
22763 5073
22763 5484
22763 7324
22767 4581
22767 8106
22768 2236
22771 1646
22772 1585
22772 3267
22772 3278
22772 4902
22776 2756
22776 3877
22776 11381
22777 4333
22777 9902
22780 10002
22781 6713
22781 10247
22782 438
22782 1528
22783 3622
22784 5712
22786 905
22786 2732
22788 2348
22788 10157
22790 3089
22794 6930
22811 6184
22812 3761
22814 849
22814 1064
22814 1098
22814 4825
22814 6603
22822 2989
22824 1535
22824 6634
22825 3377
22825 8620
22833 4379
22837 4833
22837 5217
22838 4726
22838 7159
22839 3710
22842 8835
22844 4087
22845 7573
22845 8543
22845 10182
22845 11670
22846 9638
22854 3989
22862 4116
22862 6123
22862 6498
22871 1358
22874 10261
22888 2999
22890 4249
22890 4279
22896 1941
22898 11688
22899 2850
22899 3793
22902 8473
22912 786
22914 675
22924 5157
22926 1435
22926 2138
22926 4947
22926 5119
22926 11119
22931 4927
22931 10532
22931 10917
22933 11749
22934 1651
22937 3508
22939 8387
22941 2329
22942 9322
22944 8624
22948 682
22949 1305
22949 4053
22949 5572
22952 1595
22955 3323
22957 4867
22963 7161
22963 11228
22966 1400
22966 2178
22969 45
22969 1132
22974 3177
22974 9409
22974 9824
22974 11510
22975 6706
22975 6888
22975 7022
22975 8808
22975 9679
22975 11361
22977 2927
22977 4121
22977 4123
22977 5201
22977 8922
22977 8931
22979 101
22981 825
22981 1364
22981 3166
22981 7781
22981 10427
22981 11200
22986 4269
22992 1828
22992 3623
22993 2016
22994 168
22994 1643
22994 9284
22995 3787
22995 3920
22995 4324
22995 5231
22995 5769
22995 11846
22996 3517
22996 4837
22999 558
22999 1585
22999 5860
23000 9910
23015 1016
23015 10298
23018 413
23018 4174
23019 847
23019 3960
23019 7578
23025 10631
23026 2109
23026 3704
23026 4111
23026 5939
23026 5945
23026 6853
23026 8595
23027 1578
23029 3834
23029 8318
23031 191
23031 3660
23031 9207
23031 9411
23032 2555
23032 10138
23038 1372
23040 2562
23040 3653
23042 1627
23042 2010
23042 7964
23044 4204
23044 5792
23046 9637
23049 3287
23049 9626
23050 96
23050 3751
23051 1399
23051 9814
23053 11623
23054 6353
23054 7853
23057 3975
23059 1318
23063 10616
23070 8561
23072 4646
23072 11487
23077 868
23079 8790
23082 9981
23083 76
23084 1693
23084 6609
23088 304
23089 4527
23089 5847
23089 7205
23092 1406
23092 4023
23092 7554
23093 1940
23093 4861
23093 7740
23094 1630
23101 4662
23103 4738
23110 10973
23113 203
23114 4474
23114 5159
23117 2341
23117 2548
23117 3007
23117 7351
23117 10721
23119 9416
23119 11699
23121 1437
23123 4226
23123 4528
23124 1940
23124 3832
23126 14
23126 704
23126 2355
23126 3223
23126 4277
23126 5573
23126 9572
23131 76
23131 3874
23131 7455
23131 8154
23131 8190
23133 2006
23133 6379
23135 2294
23135 4962
23138 613
23138 5425
23139 4364
23140 6560
23143 1008
23144 1230
23144 4867
23144 7698
23144 8198
23146 5287
23149 576
23149 1953
23149 3261
23149 4776
23149 6683
23149 10097
23154 1358
23157 1292
23157 9747
23157 11863
23158 5476
23162 10162
23165 3979
23165 6716
23172 9204
23172 10650
23173 1004
23173 1319
23173 1935
23173 3588
23173 6464
23174 137
23174 3200
23174 3788
23175 83
23175 151
23181 3815
23186 3879
23187 3761
23197 5096
23202 1685
23202 8374
23202 10970
23205 841
23205 1906
23208 2934
23208 3762
23208 5093
23208 5269
23208 11296
23209 2074
23209 7592
23216 435
23216 3162
23216 7332
23224 6290
23228 381
23228 7676
23234 1281
23234 3960
23241 1632
23241 5792
23241 11372
23243 11529
23246 838
23246 8852
23248 373
23248 1442
23248 1954
23248 3298
23248 9173
23249 604
23249 2041
23249 6930
23254 11006
23254 11616
23260 67
23260 1840
23260 2871
23260 3489
23260 4591
23260 6046
23260 7676
23260 8521
23260 8666
23265 4279
23267 3965
23268 5454
23268 8897
23273 9
23277 124
23277 1567
23279 2568
23279 5115
23280 3063
23280 6317
23280 7275
23289 7550
23291 3876
23296 2588
23297 3548
23299 2134
23301 1693
23303 5375
23304 7343
23305 2281
23306 6240
23310 2297
23310 4405
23310 6898
23310 9322
23311 332
23318 10213
23322 927
23322 5076
23322 6174
23322 8321
23324 595
23325 20
23325 5971
23327 8977
23330 7632
23340 4732
23341 1947
23341 2038
23341 4713
23345 3877
23345 4212
23345 4248
23345 6464
23345 8167
23351 1352
23351 3709
23360 6153
23360 6701
23360 8968
23360 10331
23360 11913
23361 3212
23363 67
23364 881
23372 3758
23372 5826
23372 6173
23374 2403
23376 3212
23376 8682
23378 9764
23384 1581
23386 19
23386 32
23386 36
23388 1554
23395 4425
23395 10150
23399 1853
23399 8557
23399 9389
23417 6933
23426 7862
23426 9365
23426 11569
23427 3703
23434 701
23434 5884
23434 5885
23435 205
23436 7138
23437 4059
23439 562
23439 8318
23440 7824
23440 8280
23440 9140
23441 471
23441 1835
23442 2520
23442 3367
23446 322
23446 971
23446 1852
23446 2169
23446 4158
23446 5214
23446 10193
23448 3762
23450 10165
23452 2991
23454 1939
23454 4403
23454 6269
23456 4061
23458 4406
23461 704
23461 9078
23461 9370
23461 10019
23470 681
23470 685
23470 808
23470 2858
23470 2863
23470 3735
23470 3736
23473 7844
23473 11165
23473 11170
23477 1127
23479 11893
23481 149
23481 9817
23482 341
23488 744
23488 1959
23488 7420
23496 7733
23498 413
23498 884
23498 3645
23501 4899
23501 5634
23503 119
23503 3406
23505 1808
23505 4863
23506 849
23511 533
23511 2775
23511 2857
23511 2860
23511 2905
23511 4753
23512 3339
23512 5188
23514 9301
23515 3371
23515 8538
23519 7368
23519 7963
23523 2696
23523 10584
23526 3418
23526 5299
23527 154
23527 471
23530 1842
23530 7271
23532 1821
23532 9541
23535 6659
23535 6853
23537 3726
23539 462
23539 3514
23540 1131
23541 3758
23548 5510
23551 2623
23551 4032
23551 11469
23553 3252
23553 5363
23558 4646
23558 10233
23562 9590
23562 10754
23563 10218
23563 11003
23564 5550
23567 1978
23567 2015
23567 4929
23568 6536
23568 8038
23569 11614
23570 802
23570 924
23570 1016
23570 2114
23570 4033
23570 10416
23572 7437
23573 1842
23577 5806
23579 967
23579 1942
23579 3600
23579 4134
23579 5467
23579 7483
23579 9211
23586 10908
23593 9964
23597 5254
23598 2117
23598 4315
23598 9118
23605 2948
23605 7067
23605 7698
23608 3202
23612 6955
23615 2645
23623 946
23623 5416
23626 7421
23630 2475
23631 4646
23637 174
23637 1540
23637 8594
23637 11584
23638 9978
23642 2945
23642 3414
23642 8787
23643 1280
23643 3602
23646 6768
23650 1405
23652 8608
23659 3315
23662 3910
23662 9652
23662 9921
23664 2483
23664 9528
23666 1160
23677 2448
23677 4493
23690 9813
23699 6216
23699 11938
23702 2578
23702 3081
23702 4087
23702 4887
23703 9545
23704 351
23704 4609
23704 9924
23706 1148
23706 3123
23706 3762
23709 1994
23709 5940
23709 7699
23709 8122
23709 8341
23709 9591
23712 237
23717 168
23717 624
23717 7275
23717 7392
23720 2328
23720 4397
23720 7771
23720 9763
23720 11828
23730 410
23732 154
23732 1449
23732 1489
23732 1584
23732 1734
23732 3532
23732 4646
23732 5509
23734 5810
23735 4321
23742 227
23748 2640
23750 2607
23750 5208
23752 373
23752 443
23752 1331
23752 1693
23755 2012
23755 10401
23763 3273
23764 634
23765 2471
23769 1307
23773 8527
23774 141
23777 1648
23777 5720
23777 10071
23777 11746
23780 4021
23786 5649
23793 1256
23793 2035
23795 4737
23795 8247
23796 7657
23799 1041
23800 1137
23800 4191
23802 2437
23805 4646
23808 1096
23808 1887
23808 3653
23808 6590
23808 8192
23808 9187
23808 9892
23809 11642
23810 9702
23813 9146
23815 62
23815 5095
23816 5589
23822 2691
23836 2937
23836 3607
23839 7218
23846 3684
23847 2412
23847 9123
23855 1676
23855 2546
23855 6769
23862 4049
23862 10900
23863 2082
23864 6930
23868 5698
23875 2082
23875 6903
23887 10763
23889 11081
23904 6870
23904 11617
23909 48
23909 1028
23909 7569
23921 1251
23925 3022
23925 4986
23925 5714
23928 1980
23928 3601
23928 8817
23933 14
23933 4607
23933 5030
23933 8366
23935 1117
23935 3309
23935 6106
23935 6131
23948 5354
23951 11716
23954 5015
23954 5810
23954 6502
23954 6735
23954 7420
23954 7587
23954 8954
23954 9823
23959 1125
23959 4936
23965 500
23965 3700
23965 4269
23965 4957
23965 6079
23969 5303
23969 9181
23971 2718
23971 7126
23975 116
23975 1143
23976 1274
23976 1964
23976 4017
23976 5443
23976 11931
23977 4406
23978 7083
23979 3425
23980 411
23981 7891
23990 9669
23996 3789
23997 2459
23997 3254
23997 3788
23997 7038
23999 2790
24001 1326
24001 4312
24001 4331
24003 3537
24008 1717
24008 7328
24008 10977
24011 1310
24011 2464
24011 2841
24011 7412
24011 7491
24011 9933
24013 2555
24016 3854
24017 11324
24023 4437
24024 10772
24028 1556
24028 2010
24031 136
24031 5578
24036 119
24036 1815
24036 2581
24036 7459
24039 9680
24043 1923
24043 3764
24044 1247
24044 6183
24051 4048
24051 5176
24051 6147
24052 1254
24052 5330
24052 7332
24052 7720
24052 7968
24062 73
24062 230
24062 2187
24062 3662
24062 4033
24062 5854
24062 7182
24062 8182
24065 5300
24069 943
24070 2416
24073 9
24073 469
24074 45
24074 3910
24076 1274
24077 1535
24077 5547
24077 7304
24077 9033
24079 1181
24082 10151
24087 11564
24094 1645
24094 2572
24094 3915
24094 10917
24097 10528
24100 3821
24106 4243
24106 4715
24106 7788
24106 11568
24109 436
24109 4738
24109 9513
24117 884
24120 8642
24124 396
24124 980
24124 2829
24127 184
24127 413
24127 7096
24127 8850
24127 9123
24127 11727
24129 4039
24130 10749
24135 9069
24138 45
24139 4193
24142 5591
24143 8556
24146 3421
24146 5275
24151 2091
24151 2093
24151 3524
24151 4133
24160 7014
24161 7940
24165 2237
24166 4242
24175 1118
24176 3488
24176 4504
24176 5734
24176 6915
24186 2081
24186 2678
24190 5518
24191 1458
24191 2035
24192 2100
24192 7097
24192 8574
24192 8813
24192 11249
24196 10268
24197 570
24197 3507
24201 45
24201 843
24201 973
24203 5152
24207 478
24207 10113
24208 45
24213 5576
24216 543
24216 1731
24216 1758
24216 2111
24216 2605
24216 6434
24218 2236
24218 6818
24218 6871
24222 1645
24222 1861
24222 2281
24222 4259
24222 6571
24229 7229
24231 1033
24231 1842
24231 2719
24231 4285
24231 4880
24231 5074
24231 5475
24232 5021
24232 6337
24234 5079
24234 11077
24238 5581
24238 8552
24242 296
24242 1501
24242 2067
24242 6448
24242 8780
24260 394
24260 3728
24261 5527
24261 6188
24261 7629
24261 10649
24270 1269
24275 442
24277 3089
24277 7995
24277 8091
24277 11313
24284 1769
24284 2832
24284 5004
24285 469
24285 6274
24285 9228
24289 868
24289 7210
24302 1305
24305 9270
24310 3781
24316 5406
24319 720
24319 1493
24319 7745
24319 11690
24321 5222
24322 14
24326 11141
24330 2758
24331 7170
24333 442
24336 10323
24337 2400
24343 4658
24343 5202
24346 2199
24346 5873
24355 251
24356 200
24356 2801
24359 714
24359 1958
24362 204
24370 4876
24375 4083
24376 10874
24380 1996
24380 8654
24381 2829
24385 4334
24385 10829
24387 3608
24388 2270
24388 3479
24395 20
24395 1416
24396 2605
24401 45
24401 2814
24404 4257
24409 22
24410 1282
24412 6004
24415 12
24415 1520
24416 772
24418 11005
24422 10894
24425 4310
24425 5316
24426 1712
24427 9584
24430 466
24430 3503
24430 3504
24430 3791
24431 7706
24432 4174
24436 2659
24437 1812
24437 2038
24438 11107
24442 446
24442 3268
24443 6846
24449 1084
24449 10825
24457 3698
24457 11249
24458 7956
24460 1358
24461 1360
24469 5838
24470 3607
24473 995
24473 2473
24474 2328
24475 789
24478 1471
24482 6190
24487 1276
24490 5332
24490 6119
24490 11034
24491 10389
24502 7994
24503 7094
24509 3209
24509 3395
24511 1139
24511 9139
24512 5985
24513 5963
24517 7968
24519 4412
24523 8819
24526 304
24526 6779
24527 4122
24532 158
24535 1828
24545 382
24545 3733
24545 4200
24545 4693
24545 4933
24545 8092
24545 10754
24546 701
24546 3480
24546 4662
24546 5578
24552 10467
24554 1514
24559 8821
24562 3647
24567 10543
24574 7054
24583 199
24583 1758
24586 3957
24587 6560
24589 946
24589 2432
24589 4508
24590 2810
24590 3156
24590 3929
24593 899
24593 1621
24593 4674
24593 6779
24593 9484
24593 10479
24600 297
24600 853
24600 7617
24603 133
24605 576
24607 191
24608 8654
24610 66
24610 380
24610 1202
24610 2141
24610 5725
24610 7911
24613 577
24613 4591
24613 5459
24613 6639
24620 11606
24622 4194
24624 290
24625 7365
24625 9830
24625 11085
24626 2029
24626 9503
24629 1561
24629 4459
24631 396
24631 2805
24633 4860
24635 377
24635 699
24635 2166
24635 2200
24641 1282
24641 1976
24641 3139
24641 4084
24641 4118
24641 5847
24642 4881
24643 6639
24646 1545
24646 3788
24648 2609
24648 4934
24650 520
24650 2881
24651 3563
24651 8029
24651 8087
24652 1977
24653 2169
24653 6104
24653 8681
24654 986
24654 6392
24655 4262
24655 7914
24657 3839
24659 343
24660 1254
24660 2548
24660 2578
24660 3871
24660 4092
24660 5406
24660 8898
24660 9581
24663 437
24663 1529
24666 1686
24670 8482
24675 2912
24678 587
24678 6376
24679 1705
24679 6053
24679 8478
24681 531
24681 610
24681 1674
24681 1675
24683 520
24683 9979
24686 82
24691 1190
24691 11547
24692 1176
24692 1689
24692 4860
24692 6290
24692 6427
24692 7074
24692 7535
24692 10624
24695 8113
24697 3818
24698 3388
24699 115
24699 388
24701 6618
24703 11853
24704 2982
24705 2348
24706 1842
24714 3910
24714 8693
24718 3761
24719 132
24719 2472
24719 3532
24719 4791
24719 6923
24719 7437
24723 5554
24723 10565
24724 605
24724 5049
24724 11735
24729 6335
24738 2818
24742 2347
24746 152
24746 3903
24746 5282
24755 1356
24755 4478
24755 8732
24762 1148
24765 1903
24765 5607
24765 11908
24766 9930
24768 2315
24768 9453
24770 1327
24770 3163
24770 3165
24770 4493
24770 4851
24770 5559
24770 5751
24770 5920
24770 9764
24774 5997
24777 607
24777 2138
24778 1161
24780 839
24780 2064
24782 3415
24784 11219
24786 2129
24788 1536
24788 2269
24793 3691
24794 3108
24794 4990
24796 2402
24804 6444
24804 10608
24806 9647
24807 1515
24807 3845
24809 991
24809 4769
24811 5375
24818 2465
24819 4257
24822 1458
24826 907
24826 4567
24826 4572
24828 10514
24830 11406
24831 5466
24834 2903
24835 2021
24835 2616
24835 2893
24835 3817
24835 7376
24836 1720
24836 2603
24836 2943
24836 5762
24836 6290
24836 11471
24839 922
24839 3705
24839 4530
24841 1257
24842 889
24842 4966
24842 5333
24842 6738
24842 7557
24849 6669
24849 10657
24853 1514
24862 1382
24862 7160
24864 607
24864 1501
24864 2671
24864 3601
24864 5151
24864 11104
24865 6349
24872 5100
24877 1839
24884 10717
24894 264
24895 3093
24895 7338
24896 1514
24896 4221
24898 9153
24899 1923
24899 2023
24899 7036
24902 2415
24903 8865
24904 2472
24904 3536
24904 4522
24904 5482
24904 7244
24904 9168
24906 2031
24908 4922
24916 5071
24917 1458
24917 5492
24917 6533
24917 8488
24917 9721
24918 2611
24921 8543
24922 1171
24922 2312
24922 3892
24922 7718
24922 10925
24923 5596
24924 3684
24924 4603
24933 640
24933 3631
24933 7344
24937 2450
24937 9657
24941 11327
24947 9350
24962 5835
24962 6182
24962 6748
24965 1388
24966 4933
24967 2258
24969 3522
24969 11554
24971 2138
24976 267
24977 794
24977 796
24977 4330
24977 11328
24984 6936
24984 7617
24984 9707
24985 82
24990 822
24990 2269
24991 808
24991 1974
24991 2237
24991 6137
24991 8504
24991 10417
24992 1962
24992 5943
24994 1665
24995 1081
24995 3063
24995 5192
24996 1135
24996 8161
24999 4661
25001 10064
25001 10121
25002 3456
25002 4662
25002 5700
25002 6532
25003 3942
25003 4214
25006 8069
25007 10347
25014 816
25027 3740
25037 32
25037 732
25037 1220
25037 2558
25037 2912
25037 3304
25037 3947
25037 4979
25037 6302
25037 9420
25042 884
25048 2790
25052 2595
25053 4094
25054 8035
25056 2375
25056 4596
25056 8837
25056 10802
25058 632
25059 161
25059 9956
25060 1828
25060 2161
25060 2546
25060 4730
25061 1871
25061 3156
25061 3168
25061 7817
25065 10996
25069 3101
25069 5536
25069 7549
25071 1581
25072 768
25078 34
25078 368
25078 884
25078 1852
25078 2284
25078 2944
25078 3492
25078 4244
25078 4803
25078 5878
25078 5992
25078 6716
25078 7480
25078 8012
25078 8193
25078 9946
25079 295
25079 377
25079 456
25079 1015
25079 2930
25079 3465
25079 4079
25084 150
25084 884
25084 1135
25084 2185
25084 2865
25084 4249
25084 4882
25086 2473
25086 4080
25086 9978
25086 11169
25087 2904
25089 944
25089 9645
25092 1762
25095 3501
25096 806
25098 1024
25108 4188
25110 11345
25111 4907
25113 6955
25113 8392
25113 9051
25116 1234
25125 536
25129 561
25131 6263
25141 14
25141 3552
25141 5208
25150 6278
25152 17
25152 4169
25154 7956
25156 2419
25156 3877
25163 6056
25172 10725
25173 547
25175 4094
25182 6
25182 647
25186 577
25187 4770
25190 1554
25191 11185
25193 136
25193 565
25193 945
25193 1635
25193 4318
25193 6563
25194 4386
25195 1862
25195 1885
25196 399
25196 2616
25198 802
25201 1682
25203 535
25203 675
25203 1792
25203 3960
25203 5217
25205 2152
25208 11628
25213 4094
25214 3096
25217 3688
25219 3330
25219 5282
25219 11030
25219 11924
25224 2236
25225 2826
25225 6386
25225 10338
25226 618
25226 841
25226 1477
25226 2317
25226 2757
25226 3499
25226 3791
25226 4891
25227 1793
25229 5129
25229 5303
25229 9791
25233 7724
25235 1607
25235 6010
25235 11020
25235 11753
25237 9875
25241 1360
25241 2069
25241 2704
25241 4305
25241 6081
25241 6425
25241 7229
25241 9328
25241 10526
25245 1142
25245 7128
25247 3834
25247 7087
25247 9109
25247 11355
25256 5277
25256 6400
25264 11673
25266 2911
25266 3510
25266 6496
25266 8400
25267 11156
25268 493
25268 2472
25268 3810
25268 5013
25268 5329
25273 271
25274 304
25274 3962
25279 10238
25280 14
25280 2992
25292 395
25295 7759
25303 6280
25304 1904
25306 5607
25314 3725
25314 4441
25314 4761
25314 10947
25316 6716
25316 10328
25316 10488
25316 10683
25317 5703
25318 855
25318 1081
25318 1584
25318 2055
25318 5176
25320 9246
25320 11524
25321 8707
25322 1550
25322 4631
25326 6858
25327 1462
25335 4417
25335 4712
25335 9193
25339 3261
25350 11809
25352 104
25352 796
25352 1319
25352 11935
25353 806
25353 1202
25354 3265
25355 828
25355 1229
25356 9522
25359 45
25359 5938
25360 7975
25360 11565
25362 9039
25364 437
25366 2048
25366 6043
25382 1990
25382 3765
25384 4240
25384 5816
25384 10232
25385 4531
25386 2844
25388 11941
25390 7934
25391 7871
25394 10977
25398 112
25400 7088
25401 2104
25403 6316
25412 4999
25417 10628
25418 8835
25429 8777
25430 442
25430 5517
25434 2523
25434 10521
25435 358
25436 2845
25436 8579
25438 493
25438 6932
25444 413
25444 9041
25450 2871
25450 9429
25451 1282
25451 1307
25451 1694
25451 3132
25451 3504
25451 3645
25451 4157
25451 6876
25451 7934
25451 9452
25451 11180
25452 403
25452 602
25452 3057
25455 442
25456 1784
25456 4860
25456 6183
25457 2293
25457 11003
25458 683
25458 1120
25458 4753
25459 2829
25459 2832
25459 8245
25460 5430
25460 8358
25463 10409
25466 14
25466 1850
25467 1779
25475 3536
25475 8212
25475 10526
25477 4189
25478 2123
25478 5307
25479 4546
25481 96
25481 1215
25481 7925
25481 8356
25483 84
25483 696
25483 1245
25483 1614
25483 2722
25483 6930
25483 10985
25483 11241
25484 4085
25486 6030
25488 10160
25489 1759
25491 205
25491 8844
25492 866
25492 2823
25493 11439
25494 6639
25496 6333
25506 5818
25507 5209
25507 8762
25507 10367
25507 10586
25509 1911
25509 6210
25509 6377
25509 7869
25515 5188
25520 2501
25520 4794
25520 8655
25526 984
25526 1519
25527 2904
25527 4985
25527 5472
25527 5734
25528 2599
25528 2858
25528 7264
25529 413
25529 744
25529 1434
25529 3645
25529 6582
25529 6717
25529 7564
25529 10727
25532 8465
25536 201
25544 4493
25544 9580
25545 8132
25546 2073
25548 8923
25549 2039
25563 3956
25563 5037
25563 5116
25565 2471
25565 5806
25569 5329
25580 3077
25580 5921
25583 1282
25591 10219
25594 1941
25599 3804
25600 1916
25600 2550
25603 1847
25603 1904
25617 2381
25617 6178
25620 6124
25620 8509
25620 8695
25627 9727
25628 645
25634 1479
25638 886
25642 7049
25645 854
25645 4053
25645 5833
25645 6564
25645 7205
25645 7447
25646 804
25646 4262
25646 9717
25647 2250
25647 7189
25648 647
25649 413
25653 2568
25653 11798
25654 7369
25655 1135
25657 1482
25660 660
25660 1758
25660 3782
25660 10995
25664 947
25664 1693
25665 2020
25665 3903
25665 7900
25668 2587
25671 1914
25674 11399
25675 2605
25682 724
25682 1491
25682 1709
25682 3587
25682 3783
25682 4144
25682 4627
25682 5595
25682 8053
25682 11647
25686 10772
25688 5661
25691 538
25694 6930
25697 9545
25699 2869
25702 1652
25702 5911
25703 3442
25703 4220
25707 3395
25707 3562
25707 9515
25717 5648
25719 8694
25721 7237
25723 2348
25724 10119
25727 3843
25728 4996
25728 11169
25729 1825
25729 4379
25737 2849
25737 8694
25737 9057
25751 5693
25751 8368
25755 32
25755 67
25755 6254
25755 6400
25755 10684
25755 11561
25756 758
25756 7026
25756 7305
25756 11557
25757 1014
25757 10687
25761 5904
25763 7611
25770 8749
25771 239
25771 7025
25773 171
25779 1419
25779 2407
25779 7999
25780 1842
25780 7912
25782 4720
25786 5966
25789 395
25789 6237
25789 9190
25789 10851
25790 676
25793 884
25795 8931
25795 9484
25800 9593
25801 806
25801 1871
25803 3315
25804 9276
25805 3480
25805 7697
25813 4405
25815 4245
25815 7055
25820 4973
25820 5957
25821 4570
25823 1253
25823 2205
25823 2336
25823 4289
25823 4457
25823 4535
25823 5591
25823 5736
25831 763
25831 5501
25834 1678
25834 3393
25834 3537
25841 158
25841 3854
25843 11850
25844 445
25844 4232
25844 7118
25844 10727
25846 7894
25846 8913
25846 9259
25850 2247
25852 259
25852 532
25856 3413
25856 6290
25861 2966
25861 6936
25862 886
25865 2183
25868 3997
25872 11836
25873 411
25873 1885
25873 3062
25875 3367
25878 3006
25878 3375
25878 3410
25878 3861
25882 788
25882 3457
25882 4623
25882 5417
25883 5700
25889 1379
25889 1976
25889 8993
25891 521
25892 853
25892 1767
25895 2379
25895 2516
25895 5406
25896 4002
25896 6594
25896 7482
25903 2698
25903 9065
25903 10392
25904 5574
25919 734
25920 3390
25922 724
25923 571
25923 3981
25925 3393
25927 609
25927 3704
25927 5248
25928 1977
25929 1910
25929 5983
25929 7045
25932 6519
25938 6623
25944 5061
25945 2665
25946 169
25951 387
25951 1874
25951 5669
25954 2823
25954 4314
25954 4489
25959 7798
25960 3348
25964 3836
25964 7816
25973 521
25974 411
25975 393
25975 1658
25975 3063
25975 4290
25979 2839
25979 7643
25981 9789
25985 4016
25985 6153
25986 555
25986 1399
25988 3212
25988 6877
25988 7375
25990 3200
25991 417
25994 616
25999 9425
26004 3298
26004 4634
26008 535
26009 436
26009 5911
26012 471
26015 3803
26019 7823
26020 11159
26023 4439
26024 7252
26026 277
26026 9316
26029 2216
26030 3809
26033 3039
26033 6386
26036 1166
26036 1715
26036 3135
26036 4782
26036 6292
26036 10020
26038 3660
26038 4219
26038 4326
26038 5035
26039 4231
26039 9041
26045 822
26045 2731
26045 3086
26045 8328
26046 7138
26046 10566
26047 1937
26047 10517
26047 11695
26049 1816
26049 2753
26050 1707
26050 3418
26050 4646
26050 10272
26052 6819
26052 7492
26052 10998
26056 5424
26056 6799
26057 3378
26060 3678
26060 10319
26072 380
26072 7328
26072 7977
26075 2192
26078 740
26082 104
26082 5947
26084 11926
26093 6355
26098 3462
26103 6208
26103 8061
26106 557
26106 2141
26106 2623
26106 7039
26106 11439
26107 1828
26107 2657
26109 7030
26110 14
26110 1391
26112 2112
26114 3842
26114 6033
26114 11785
26119 5776
26125 28
26125 2499
26125 3217
26125 8034
26131 1600
26131 2753
26132 10802
26137 2142
26137 2715
26138 1409
26138 4420
26145 1538
26145 2290
26146 5874
26146 10968
26148 10121
26153 874
26153 1554
26153 6659
26153 7164
26153 8479
26153 9261
26153 10680
26156 2154
26156 2159
26157 5773
26159 3026
26163 615
26163 1781
26178 5074
26178 6639
26179 714
26179 6794
26180 6413
26185 886
26185 923
26189 4851
26189 7219
26192 743
26196 1766
26197 7987
26200 3623
26200 3925
26200 6753
26200 8418
26201 5283
26201 6890
26201 10475
26202 884
26207 919
26207 3107
26207 9147
26209 6477
26213 161
26213 1067
26213 11729
26217 1387
26218 5387
26219 11773
26222 1399
26222 4047
26225 5434
26225 11167
26226 637
26228 3192
26228 7265
26230 4981
26230 6742
26232 5544
26233 576
26236 1711
26236 4331
26237 632
26237 11293
26240 1552
26241 45
26241 278
26241 822
26241 1728
26241 2037
26241 3957
26241 6902
26241 7589
26245 4607
26252 576
26261 1904
26262 4602
26263 4406
26266 3022
26266 7077
26270 1257
26270 10830
26275 5507
26275 7886
26275 10900
26277 10743
26282 9904
26285 6568
26287 381
26287 8891
26288 793
26292 671
26293 8960
26293 9367
26298 1305
26300 4988
26302 2130
26304 4946
26307 7903
26310 245
26310 7110
26310 11553
26311 2141
26315 4827
26317 2972
26320 4409
26326 18
26326 7578
26328 6530
26329 1974
26330 40
26335 442
26338 8278
26344 4149
26344 11918
26347 1763
26348 883
26348 2401
26348 9492
26351 2348
26352 3152
26352 5931
26359 1169
26359 7831
26359 11740
26363 1270
26363 7980
26367 2983
26371 2154
26371 2161
26371 2546
26371 2657
26371 3591
26371 3593
26371 3644
26371 4673
26371 5491
26371 6107
26371 7088
26371 7513
26371 8994
26371 11918
26372 67
26372 4021
26376 732
26383 1979
26383 5344
26383 6666
26383 8704
26383 9656
26388 554
26388 566
26388 634
26388 4016
26388 6573
26390 558
26391 770
26391 1102
26391 1171
26391 7116
26392 3562
26392 3722
26394 4805
26400 2415
26402 1629
26402 4050
26402 5596
26402 11207
26403 5643
26406 918
26407 2247
26408 4831
26408 7166
26411 3088
26411 7256
26418 1254
26418 4796
26423 1980
26427 413
26428 4249
26435 3171
26435 6254
26435 7237
26435 7240
26435 11641
26436 3212
26437 1794
26440 7948
26440 8130
26440 9416
26442 2709
26446 14
26448 1476
26448 4360
26450 2138
26450 4353
26452 11522
26458 9042
26467 5974
26468 8873
26469 4249
26469 6509
26474 10201
26475 5619
26475 8417
26476 11712
26486 6680
26507 268
26507 1387
26507 11040
26509 1561
26513 2533
26513 3257
26513 8367
26516 5649
26518 9979
26519 5234
26519 8366
26520 10367
26521 255
26521 998
26521 7010
26531 7727
26531 10847
26532 6830
26535 10925
26543 11575
26547 7871
26550 8384
26550 10829
26554 203
26554 1793
26554 1930
26555 952
26555 10487
26556 6956
26556 9855
26558 413
26558 5087
26558 7902
26560 714
26560 10481
26562 5849
26562 10253
26573 558
26573 1387
26573 3416
26574 3827
26575 6484
26580 1033
26583 7851
26583 10025
26583 10138
26583 10313
26585 4205
26589 847
26589 1401
26589 2753
26590 2856
26590 3651
26590 8582
26598 414
26598 7690
26608 1763
26608 3395
26616 1131
26618 11415
26621 6294
26623 249
26623 2155
26623 2581
26623 5528
26642 8016
26646 1494
26646 3762
26646 8007
26646 9652
26647 1769
26647 3599
26647 10250
26652 3413
26652 3782
26653 3059
26653 7461
26655 10147
26657 10506
26659 4094
26659 7075
26660 2004
26660 5367
26660 6423
26660 7850
26660 8414
26666 3281
26669 6906
26671 3374
26676 352
26678 3047
26684 1103
26684 1581
26684 6258
26693 11035
26700 3708
26703 3542
26703 9959
26704 5826
26706 6715
26707 3808
26708 510
26710 2199
26710 9899
26716 8008
26716 9430
26718 1202
26718 1767
26718 4051
26718 7218
26721 205
26721 2921
26721 5145
26721 11280
26728 10943
26729 818
26729 3631
26729 10497
26734 45
26734 1756
26734 3260
26738 1885
26741 3128
26742 1098
26742 5268
26742 5772
26742 6242
26743 3968
26745 676
26745 2646
26746 2927
26748 822
26749 3761
26752 1801
26756 2312
26761 378
26761 1477
26761 1887
26761 2881
26761 3023
26761 4695
26761 4710
26761 5330
26761 6935
26761 7369
26761 7787
26761 8840
26761 8898
26763 1707
26763 5406
26776 632
26776 3334
26776 5416
26777 1548
26777 2395
26777 8622
26779 2709
26780 341
26780 1627
26780 7505
26782 1766
26782 4138
26783 8624
26788 1257
26788 1314
26788 3968
26788 5977
26788 6070
26788 6456
26788 7203
26791 1145
26791 3374
26793 53
26793 2181
26793 9601
26795 3668
26800 5296
26800 6008
26800 7153
26800 7271
26802 516
26802 10943
26804 520
26805 2161
26805 2664
26805 8787
26805 11042
26807 8329
26810 9748
26814 3622
26817 11007
26818 138
26818 1828
26818 2161
26818 2546
26818 2657
26818 4730
26818 6738
26819 8197
26821 4879
26824 6687
26826 683
26826 8975
26828 2258
26828 6249
26832 7790
26834 1541
26834 3152
26835 980
26835 6358
26837 5550
26838 20
26838 843
26838 2938
26838 5129
26838 9643
26840 967
26847 5476
26847 6456
26848 327
26848 9830
26848 9918
26849 174
26849 2647
26849 7382
26849 8812
26852 2276
26854 11894
26856 3302
26856 9496
26856 11563
26858 44
26858 388
26858 802
26858 1135
26858 2672
26861 6208
26861 10110
26863 2655
26863 4470
26866 8975
26870 4100
26875 7336
26876 740
26876 3154
26876 7199
26877 543
26877 615
26877 3910
26877 10936
26883 4530
26888 4777
26894 2082
26894 4030
26894 9854
26896 610
26896 5217
26897 4648
26897 7757
26899 10499
26902 8818
26902 10218
26904 5896
26910 2993
26919 1843
26919 11373
26919 11698
26919 11823
26923 6622
26924 1634
26928 827
26928 3654
26928 7275
26928 8235
26930 471
26930 7906
26934 6922
26934 7276
26935 395
26935 6358
26937 1172
26939 5014
26939 7610
26939 8640
26939 10452
26940 1123
26940 1441
26940 3783
26940 4321
26940 4645
26940 5387
26940 6317
26940 11951
26946 5113
26948 1110
26948 5119
26949 128
26949 5238
26949 6936
26949 11104
26952 3271
26953 369
26953 1157
26953 4845
26953 6779
26953 7967
26955 352
26960 596
26960 925
26960 7138
26962 724
26962 3415
26964 2025
26964 5567
26972 4008
26973 7978
26973 11724
26981 3840
26981 5562
26982 8324
26985 2622
26987 10766
26991 3842
26991 9084
26991 9445
26991 10791
26997 7348
26997 7795
26998 8835
27004 1135
27006 343
27006 1230
27006 1253
27007 1202
27010 521
27012 6516
27014 3578
27014 9266
27018 1680
27020 128
27020 3660
27020 6665
27024 1687
27024 1995
27024 6787
27024 7037
27024 11042
27024 11633
27025 2825
27028 2155
27028 9189
27036 3186
27036 5734
27036 5903
27039 3781
27039 6478
27039 6922
27041 11221
27050 1955
27052 2245
27052 9394
27053 413
27057 6151
27061 8890
27062 1110
27063 274
27063 4914
27063 7551
27067 9073
27070 7563
27070 9727
27071 1326
27071 2549
27071 4693
27072 6120
27074 1016
27076 750
27076 7873
27079 3981
27080 4208
27083 9796
27084 1135
27084 1498
27084 5914
27084 6081
27085 2742
27087 2312
27095 6747
27097 3761
27099 4974
27104 382
27104 1280
27104 2295
27104 2599
27106 3902
27106 9583
27109 11019
27110 417
27110 480
27110 2515
27111 3795
27111 3916
27115 1596
27115 1985
27115 8013
27119 724
27119 9637
27131 1702
27132 1520
27135 4860
27135 10869
27142 758
27142 5387
27142 7744
27144 2020
27149 169
27149 9075
27161 6240
27162 416
27162 10145
27162 11752
27163 2627
27163 5792
27165 3703
27169 535
27169 4753
27170 927
27170 7814
27171 366
27171 7575
27187 11041
27192 1822
27192 4837
27192 6348
27196 547
27196 2002
27202 11926
27203 5161
27203 6572
27204 11437
27205 1699
27206 76
27206 1039
27206 2706
27206 2994
27206 11046
27208 1581
27210 3062
27226 724
27226 8543
27229 10536
27233 2426
27233 7614
27234 2138
27237 14
27237 1873
27237 6886
27237 7372
27237 8924
27239 1179
27240 4976
27242 740
27246 4174
27246 11231
27247 5792
27256 5623
27258 2753
27261 7622
27267 435
27267 482
27267 2693
27267 3786
27270 1358
27271 6594
27271 11781
27274 5844
27274 6593
27276 671
27276 758
27276 1631
27276 1662
27276 2477
27276 3327
27276 4411
27276 8182
27279 6106
27279 6728
27279 7140
27279 11165
27282 469
27283 1466
27283 2316
27283 11342
27284 1680
27284 2868
27284 9777
27292 2663
27293 1842
27297 724
27297 4111
27297 4851
27306 634
27306 4222
27306 8522
27308 1953
27309 3962
27309 11853
27310 2425
27310 10291
27316 10583
27317 2565
27321 9321
27327 1283
27331 6945
27334 1379
27340 775
27346 7003
27346 7744
27346 9419
27346 11597
27350 4350
27350 5655
27350 9702
27352 3746
27352 7133
27352 7370
27357 3553
27361 4395
27361 6685
27362 12
27362 11448
27363 65
27363 8060
27368 5259
27369 5260
27369 6682
27383 859
27383 1434
27383 3037
27385 659
27385 2117
27385 5559
27385 7220
27385 11842
27389 704
27389 3673
27389 10565
27390 2090
27391 436
27391 6001
27392 1842
27392 3116
27392 11520
27394 10539
27400 2035
27400 3708
27400 11470
27401 1436
27401 6209
27401 6697
27401 8069
27402 2082
27403 5503
27405 757
27405 11315
27406 7256
27411 8007
27413 1023
27413 2183
27415 3107
27419 40
27419 825
27419 7807
27420 1455
27420 2568
27422 100
27422 104
27422 400
27427 3315
27428 2829
27430 3504
27436 3703
27441 1368
27441 6453
27441 7534
27446 1949
27446 2318
27446 9188
27449 1287
27449 5031
27449 10829
27452 1167
27452 1395
27452 1816
27453 45
27455 6636
27461 2671
27461 5088
27461 7575
27469 281
27470 8368
27470 8607
27470 9446
27473 9617
27476 1888
27477 3536
27480 6709
27481 2693
27481 7026
27486 884
27486 1520
27486 1777
27486 3472
27486 6249
27486 7648
27487 360
27487 4061
27487 9341
27488 4251
27488 7874
27491 4215
27491 10060
27494 4902
27494 10282
27500 3839
27502 924
27502 3797
27507 1908
27509 2758
27511 1021
27511 1358
27511 2487
27511 8355
27511 9564
27512 8443
27516 6476
27516 7520
27516 7835
27518 7212
27519 997
27519 3950
27519 6991
27529 4005
27529 7770
27534 3407
27534 6672
27536 4985
27541 442
27541 2020
27541 2602
27542 3470
27542 3810
27544 1645
27547 7754
27549 149
27549 2706
27553 5792
27555 8387
27559 4378
27563 3343
27568 8025
27570 39
27570 1181
27570 6890
27571 2555
27571 4336
27571 7359
27571 7687
27572 6216
27576 5847
27577 6560
27577 6997
27584 860
27586 7466
27586 11501
27588 6304
27594 271
27594 648
27594 1325
27594 8951
27594 10892
27598 1243
27598 2555
27598 2696
27598 4111
27599 2011
27599 4260
27599 11475
27601 5876
27603 5187
27603 9549
27603 11680
27604 6807
27604 10985
27608 6935
27615 2642
27615 5272
27618 1775
27618 7100
27620 1358
27623 3751
27623 4261
27623 9236
27627 5790
27630 3761
27634 2504
27634 3540
27635 249
27635 623
27635 4853
27635 5447
27635 7039
27636 115
27636 1188
27636 2258
27636 5045
27636 5701
27636 11488
27637 5942
27639 151
27640 2528
27642 2265
27643 901
27643 2161
27645 2753
27648 402
27648 1554
27648 2165
27648 2916
27648 4690
27652 304
27652 2504
27652 4330
27653 1499
27653 2511
27653 10278
27653 10805
27656 712
27656 2328
27656 2776
27656 4444
27665 3034
27665 4378
27667 4588
27667 4904
27667 7226
27667 7493
27667 7801
27668 7766
27669 2008
27669 3623
27670 2869
27672 4208
27673 732
27673 1953
27673 9700
27673 11535
27675 62
27675 8523
27684 200
27686 437
27689 57
27689 442
27689 4523
27689 9177
27689 9639
27690 1936
27691 6038
27695 4618
27695 8941
27696 5592
27696 5834
27696 6606
27701 2064
27701 3766
27701 4917
27701 7315
27701 9910
27706 10517
27709 382
27709 5292
27710 6602
27713 4280
27713 5082
27718 11091
27720 1399
27720 7533
27728 1016
27731 255
27738 246
27738 436
27738 4404
27738 7997
27743 11894
27746 2457
27746 3794
27746 5608
27746 9987
27747 2022
27747 4632
27747 7318
27747 9736
27752 3758
27757 4207
27757 5914
27760 2782
27760 4269
27760 7917
27760 8073
27760 8704
27760 9001
27760 10536
27760 11633
27761 9269
27764 11712
27764 11908
27766 7105
27768 237
27768 8198
27769 4766
27781 9757
27782 105
27782 2398
27782 4058
27782 4925
27782 11724
27783 6990
27787 80
27790 2560
27790 3032
27790 4528
27790 6146
27790 7139
27793 2317
27793 3221
27794 5341
27796 1404
27796 3763
27800 4696
27801 1861
27801 2281
27804 172
27804 8706
27807 11057
27809 4249
27810 11906
27811 1842
27811 9691
27813 10
27813 11408
27817 6592
27820 7197
27825 2672
27825 6997
27831 609
27831 2729
27831 4607
27831 5115
27832 8421
27836 9612
27837 116
27838 576
27838 2334
27838 4674
27838 5466
27838 7252
27845 301
27845 1098
27845 4370
27845 8382
27847 2136
27849 1357
27849 2664
27850 2312
27856 14
27856 1202
27856 4837
27858 5599
27863 15
27867 10398
27874 10047
27876 1577
27876 2109
27878 1702
27878 1828
27882 701
27882 3587
27882 9496
27887 3298
27889 3089
27894 5477
27897 2993
27899 3243
27899 8976
27902 4448
27906 4646
27906 7278
27906 9720
27911 4371
27911 11879
27913 1434
27913 3625
27913 6046
27913 6290
27917 7136
27918 7218
27919 3962
27923 5518
27923 9879
27925 10681
27926 3468
27926 11143
27933 2983
27933 7602
27933 9208
27935 2994
27936 2586
27936 7319
27938 9293
27951 2354
27956 4638
27956 5122
27958 7319
27960 1846
27961 4712
27963 2776
27964 10394
27966 3761
27972 10124
27974 32
27974 161
27974 2245
27974 3967
27974 4014
27974 4528
27974 7178
27980 469
27980 1515
27980 7999
27982 6025
27982 8765
27988 4942
27988 6427
27988 7734
27989 10083
27989 11810
27992 3508
27992 8753
27997 112
27998 435
27998 11583
28006 2123
28006 3496
28013 234
28013 4639
28013 5576
28013 7164
28013 7527
28013 7861
28013 10268
28021 3935
28021 5695
28021 8479
28024 1352
28024 2439
28025 295
28025 1015
28025 3010
28025 8915
28032 1643
28032 6516
28032 7133
28037 5183
28039 7641
28042 9056
28043 759
28043 2072
28044 734
28044 5165
28047 5475
28047 5911
28050 7320
28050 9031
28052 2829
28054 4218
28054 6622
28055 1315
28055 8067
28056 4628
28056 10877
28058 2562
28058 3043
28058 11831
28065 128
28065 1897
28068 11455
28070 676
28071 1358
28072 1504
28072 6967
28072 11442
28075 9407
28075 10545
28081 435
28081 4331
28081 5112
28081 6955
28081 11107
28089 5068
28092 4873
28096 4164
28096 7901
28100 4707
28111 1135
28111 9044
28112 175
28112 1004
28112 2741
28112 4404
28112 7704
28112 8762
28112 11752
28116 857
28117 5700
28117 7155
28119 251
28119 1901
28119 2638
28126 78
28126 3689
28126 3813
28126 7353
28126 9006
28127 11740
28131 7637
28131 11451
28135 1068
28135 1399
28136 2575
28136 5231
28136 7440
28136 8141
28140 82
28140 1763
28140 2459
28140 2527
28140 3225
28140 3539
28144 2077
28144 8190
28149 3979
28152 7339
28152 7567
28155 932
28155 7718
28155 10943
28157 11184
28158 10300
28160 2397
28164 1652
28164 8762
28167 3910
28168 1285
28168 1356
28168 10776
28169 924
28169 950
28169 1441
28169 5237
28169 5985
28169 8536
28183 3927
28194 138
28194 1828
28194 2546
28194 2657
28194 3591
28194 5359
28194 7333
28197 582
28200 2673
28203 1715
28203 5119
28206 11319
28207 2247
28211 9497
28214 9971
28214 11620
28215 5920
28217 1141
28217 5615
28228 7863
28229 5684
28229 7321
28230 4172
28230 11546
28233 952
28233 1226
28233 3439
28236 6958
28248 576
28248 9522
28252 7369
28252 10060
28252 10345
28254 2421
28254 11040
28255 8064
28256 435
28256 1231
28256 7026
28256 9028
28259 4094
28260 35
28262 2247
28262 3495
28262 6623
28268 1125
28268 2994
28275 5790
28277 8728
28277 9430
28278 748
28278 2389
28278 7810
28280 5422
28280 6127
28282 6799
28284 2312
28285 9779
28287 1247
28290 4958
28290 7103
28293 1356
28293 2020
28293 2175
28293 7218
28293 8681
28293 9803
28293 11802
28295 9555
28296 521
28297 4554
28297 6204
28297 9846
28299 3522
28302 7994
28303 8594
28305 2696
28305 3526
28306 413
28306 891
28306 2221
28306 4673
28306 4995
28306 5430
28306 5510
28311 4104
28311 7631
28313 549
28316 3918
28316 9225
28316 9632
28317 3532
28319 5290
28319 6420
28321 2517
28324 3877
28325 7650
28325 11929
28327 5230
28334 8306
28336 2468
28337 3939
28337 3962
28337 5393
28339 232
28339 6853
28339 9762
28342 3587
28342 6188
28346 1088
28347 233
28349 3499
28349 7649
28349 8191
28351 874
28351 9799
28353 628
28355 2827
28355 3842
28355 4147
28355 8143
28355 9157
28359 9145
28361 5606
28368 11085
28369 395
28369 1641
28369 1808
28369 1917
28369 2028
28369 2624
28369 3066
28369 3925
28369 4260
28369 4279
28369 6303
28369 6565
28369 7712
28369 9556
28369 9764
28369 10060
28369 10510
28371 576
28371 10906
28374 9107
28374 9556
28379 4965
28385 4009
28385 6799
28387 884
28388 8757
28389 542
28389 1792
28389 4860
28391 570
28391 3847
28391 8487
28395 6102
28395 7490
28401 1585
28401 4059
28401 4509
28411 3472
28411 7848
28415 2312
28415 4436
28418 6575
28418 9869
28425 6150
28428 341
28428 1900
28428 7003
28428 9868
28439 255
28439 359
28439 6408
28440 7317
28441 3306
28449 232
28449 3361
28449 3761
28449 3813
28449 7782
28451 9593
28452 7806
28453 6586
28453 6775
28456 1422
28456 2839
28457 8722
28459 5096
28463 799
28463 11950
28466 9960
28467 4035
28467 4308
28470 1869
28470 4870
28470 6404
28470 10583
28483 3107
28492 714
28492 1566
28492 3115
28492 4248
28493 1572
28493 7159
28494 4400
28496 1360
28496 3126
28496 5398
28500 3026
28507 9854
28509 286
28509 558
28509 5700
28514 869
28514 1039
28519 2227
28519 9902
28523 8107
28525 7570
28534 211
28534 3212
28534 7436
28534 7594
28534 7857
28535 6582
28536 2359
28536 3261
28536 11035
28541 7547
28543 1090
28543 9461
28543 9670
28546 1842
28550 3553
28550 4429
28551 1582
28551 3804
28561 891
28561 3606
28561 3969
28561 5523
28570 2556
28573 1215
28573 2732
28573 3875
28573 5020
28573 5066
28573 6437
28573 8163
28574 998
28574 1413
28574 1553
28574 5817
28574 9480
28578 6046
28587 8694
28587 11249
28588 413
28588 1004
28588 8414
28588 9243
28592 1929
28592 2799
28592 4776
28592 8769
28597 4036
28597 8474
28605 10055
28606 961
28606 8410
28606 10741
28610 4750
28610 4904
28610 6380
28610 6827
28612 9988
28625 6945
28627 710
28627 2572
28627 3307
28627 10410
28630 967
28630 8077
28633 338
28633 904
28633 4419
28633 5298
28634 1779
28634 9112
28637 7055
28638 727
28640 9702
28641 2251
28641 4706
28641 11131
28642 4160
28643 2665
28643 10234
28644 2614
28645 1305
28645 4137
28648 8214
28650 626
28650 828
28650 2342
28650 3516
28650 5835
28650 7415
28650 8195
28651 5826
28651 6244
28654 2758
28656 3933
28658 1431
28658 4773
28658 5049
28658 5082
28658 8324
28666 4205
28668 4249
28674 10673
28678 403
28678 1646
28678 3090
28678 11656
28679 3965
28679 5587
28682 6846
28682 10497
28683 9450
28685 3502
28685 6516
28685 9123
28687 538
28688 5283
28689 2829
28692 3761
28693 2992
28693 3227
28693 10343
28696 2187
28699 2782
28701 7274
28702 3339
28705 4591
28705 10507
28712 81
28712 8658
28712 10451
28712 11293
28719 7888
28719 7933
28722 8669
28725 1596
28726 632
28726 6930
28728 2233
28728 7033
28732 2765
28732 9033
28740 4735
28742 775
28743 122
28743 932
28743 7862
28743 9587
28755 535
28755 543
28755 1508
28755 3426
28755 5558
28762 6609
28765 303
28765 9869
28767 6753
28767 7219
28767 10740
28772 1721
28777 4867
28779 2584
28780 1140
28782 67
28782 570
28782 1561
28782 2987
28782 3035
28782 5396
28782 8170
28782 10519
28784 6544
28784 9006
28789 11242
28792 186
28792 4851
28792 6569
28792 9857
28793 1507
28795 1744
28799 2386
28799 2716
28799 3553
28799 7668
28802 783
28802 3095
28802 3317
28802 8628
28806 607
28806 2348
28812 2661
28814 3339
28814 6190
28814 7612
28818 9848
28819 7367
28822 5329
28822 8455
28824 6041
28826 782
28835 6253
28836 4638
28836 8111
28838 9437
28839 924
28840 359
28848 436
28848 4061
28848 5552
28848 5748
28848 8753
28848 10138
28855 497
28855 6676
28855 9807
28856 11546
28858 4524
28862 278
28868 7657
28869 186
28870 2753
28871 128
28871 494
28871 1373
28871 2411
28875 1056
28876 6942
28880 435
28880 2259
28882 381
28882 1329
28882 2485
28882 4243
28883 5620
28893 11854
28897 3212
28904 9288
28906 11736
28907 2704
28907 5533
28911 6222
28922 5952
28927 5064
28928 22
28931 3704
28931 8063
28932 1234
28932 8470
28933 5491
28934 6510
28935 20
28935 2912
28935 5980
28936 5340
28941 5161
28941 8804
28943 11065
28946 443
28946 7239
28946 8534
28950 8682
28950 9086
28950 10840
28951 558
28952 11070
28953 4385
28953 7228
28953 9084
28955 389
28955 3098
28955 4985
28956 471
28959 1581
28960 1979
28960 3255
28960 7381
28960 7734
28974 2478
28977 5794
28978 2533
28982 1269
28982 7393
28982 10228
28982 10731
28983 362
28983 3578
28983 8769
28995 5254
29002 7761
29003 1977
29003 2605
29006 65
29007 2310
29007 5874
29011 1358
29013 80
29013 3620
29014 3865
29019 2073
29020 1794
29021 7299
29022 7297
29022 10880
29023 4607
29028 303
29028 991
29028 4403
29029 5705
29030 2021
29030 3025
29032 3165
29033 5511
29035 6376
29039 6222
29042 558
29042 5599
29042 9546
29044 8487
29045 3418
29045 3526
29045 4291
29045 8991
29047 5908
29047 10362
29049 7832
29051 742
29053 2904
29056 7293
29061 1647
29061 6346
29061 8169
29063 5655
29067 2758
29067 7869
29071 4867
29071 10409
29071 10911
29073 1373
29073 1596
29073 2614
29073 3162
29074 11533
29077 9735
29080 3323
29081 10760
29090 10234
29090 10682
29092 5867
29094 873
29094 3472
29098 1587
29105 7247
29109 558
29112 9099
29113 1990
29113 3374
29113 4720
29113 4940
29113 5348
29113 5845
29113 7698
29113 9268
29113 9398
29117 1652
29117 6219
29117 8226
29117 8231
29117 8233
29118 7575
29118 11314
29120 1964
29130 5816
29142 5706
29143 2087
29143 5464
29148 514
29151 332
29153 254
29153 8566
29153 8887
29156 1033
29160 413
29160 6894
29161 10287
29166 4103
29167 5319
29169 3437
29169 4403
29169 6609
29169 7997
29169 10112
29169 10286
29169 10287
29170 2247
29171 8130
29174 5849
29176 8507
29180 8150
29200 2636
29200 6049
29201 1842
29206 666
29206 5113
29208 2819
29214 3203
29214 5242
29214 10870
29214 11794
29225 1418
29225 1994
29229 13
29229 566
29230 2866
29230 3089
29234 3454
29239 2159
29241 3235
29241 3783
29241 5290
29241 7143
29249 2736
29249 9017
29250 2705
29253 613
29253 2134
29255 284
29255 1652
29255 3338
29255 3597
29255 7949
29255 9799
29255 10355
29255 10849
29259 4384
29261 4315
29261 10864
29263 4937
29264 5999
29267 175
29267 2935
29269 3059
29271 10499
29275 1965
29275 5319
29276 435
29279 6123
29282 714
29282 789
29284 5437
29285 8526
29286 3522
29286 6686
29290 1128
29291 3836
29291 4612
29291 7668
29293 7497
29296 436
29297 313
29300 4046
29301 553
29302 1627
29302 1801
29302 10760
29303 4315
29303 4598
29304 11938
29306 1138
29306 2828
29306 2841
29306 8811
29309 4516
29317 4483
29327 64
29327 1564
29327 1974
29327 7853
29327 10960
29329 4352
29329 5186
29329 7231
29329 9527
29329 10845
29333 3877
29336 3227
29336 3259
29336 10469
29337 832
29338 5874
29339 2636
29341 4015
29342 2589
29345 4005
29345 10480
29349 2069
29349 7794
29354 5236
29354 5665
29354 8579
29356 4785
29361 588
29361 11881
29366 5751
29366 9736
29371 8732
29373 10119
29374 349
29374 1095
29374 5207
29374 9423
29375 9840
29377 3471
29382 2313
29383 5430
29383 8029
29383 11596
29384 1245
29384 3434
29384 6938
29386 3826
29394 1369
29405 3016
29405 4588
29405 8075
29405 9010
29414 7776
29415 616
29417 6337
29418 9556
29418 9782
29424 1808
29424 11321
29429 1257
29429 2823
29431 3553
29435 2579
29435 10508
29438 3519
29438 4765
29439 3040
29442 8709
29444 1645
29444 2439
29444 2756
29444 8433
29448 2247
29451 2651
29451 3901
29451 3903
29451 10933
29453 11882
29456 5325
29459 6973
29464 2775
29464 3355
29468 1341
29468 7652
29478 5071
29494 570
29494 9088
29498 3234
29498 7143
29498 8038
29498 8753
29501 3761
29502 3107
29504 1535
29504 10244
29505 6951
29507 1
29507 3130
29514 3232
29514 3329
29514 4034
29514 4256
29515 11775
29516 6316
29516 8457
29524 4262
29533 1843
29533 8835
29539 3853
29539 4970
29539 11700
29548 2716
29548 3740
29552 2103
29553 4051
29554 118
29563 1853
29563 2063
29563 5985
29564 1240
29567 1301
29567 7592
29570 3659
29570 4928
29570 9928
29571 9390
29573 7876
29576 1358
29583 8339
29586 11850
29588 438
29589 435
29589 3783
29590 1913
29591 2912
29592 4725
29596 3932
29603 6716
29606 1927
29606 6464
29606 10318
29608 3920
29610 3491
29617 19
29619 8706
29620 602
29622 2225
29622 5075
29622 6741
29626 2472
29626 4304
29626 4938
29630 4309
29630 6894
29632 3102
29632 6123
29632 6452
29632 6745
29636 9198
29636 11665
29637 5648
29642 238
29643 5776
29643 9141
29644 613
29644 1053
29644 3257
29644 4966
29644 7102
29644 8798
29646 5433
29646 7663
29646 11044
29648 1644
29648 4300
29648 6962
29648 9001
29648 10375
29649 8428
29653 8142
29654 5911
29657 341
29660 5566
29665 4569
29668 170
29668 4711
29668 7949
29668 9960
29668 10583
29671 8456
29671 10998
29675 2555
29678 1109
29678 5145
29679 85
29679 887
29679 2057
29679 2316
29679 2610
29679 3514
29679 4118
29679 5752
29680 4090
29686 249
29686 4292
29686 4530
29687 89
29687 284
29687 8447
29687 10849
29688 4942
29688 5685
29688 6686
29693 7523
29694 5026
29694 6909
29706 1451
29706 5260
29706 6544
29706 10430
29706 11636
29706 11640
29712 4264
29712 5819
29714 6124
29716 1664
29719 11191
29720 10261
29728 11947
29730 380
29730 463
29730 5628
29733 2466
29733 10625
29734 470
29734 3016
29734 5533
29735 13
29737 6178
29738 2366
29738 7001
29739 801
29739 1231
29739 2591
29739 7328
29739 8914
29739 10861
29741 5774
29751 9162
29752 7520
29755 10326
29761 1664
29761 2727
29761 5871
29761 6761
29761 7395
29761 8198
29768 3884
29772 877
29774 2502
29774 4525
29774 9461
29776 660
29776 3186
29776 4934
29776 6743
29777 2605
29777 3706
29778 2237
29779 905
29779 6370
29779 11665
29781 4331
29784 1294
29784 4995
29784 7277
29784 7793
29787 2413
29788 1941
29791 3275
29793 2437
29793 3762
29793 5790
29793 8265
29793 8631
29794 8896
29797 3006
29802 10201
29803 4867
29804 1828
29804 4673
29804 4730
29804 6226
29806 3739
29812 9398
29813 7192
29814 5794
29816 608
29816 3515
29816 5536
29816 7706
29817 5591
29817 9527
29819 865
29824 7229
29831 3212
29843 378
29857 1421
29857 3404
29858 949
29862 4057
29864 7110
29865 2130
29865 7475
29867 816
29869 620
29876 7520
29877 5720
29880 1172
29880 2115
29880 6059
29880 8181
29880 10962
29884 365
29889 7952
29890 10158
29895 4589
29899 101
29899 504
29899 508
29899 1802
29899 5051
29899 6510
29900 11769
29902 4022
29907 4478
29907 6516
29908 1584
29908 10894
29909 1422
29909 3094
29909 11193
29914 1282
29915 1652
29917 549
29921 2243
29921 11240
29922 2149
29922 2159
29922 2160
29922 6229
29922 8227
29924 7575
29931 4531
29931 5039
29931 9116
29936 1223
29936 7382
29936 8706
29936 11768
29939 7715
29940 1132
29946 6630
29954 1333
29959 448
29959 7288
29963 3836
29963 4609
29963 10966
29963 11159
29963 11688
29965 763
29965 3165
29965 4946
29965 7547
29967 3212
29967 3704
29967 6819
29967 7508
29967 10594
29967 11230
29969 413
29969 1288
29969 4454
29969 8274
29970 2473
29971 639
29971 765
29971 4061
29972 9029
29975 6740
29983 2258
29983 7288
29989 8009
29991 2486
29996 2237
30010 1974
30010 3558
30010 4851
30011 2863
30013 2473
30017 5891
30018 14
30018 15
30018 3047
30018 7388
30021 11557
30029 8787
30030 4143
30030 8337
30032 5229
30036 8740
30037 276
30037 552
30037 1044
30037 1084
30037 1874
30037 3499
30037 4262
30037 5175
30037 8247
30046 3473
30046 7718
30050 822
30050 1167
30050 1777
30050 4431
30050 5926
30050 6626
30050 7426
30061 1358
30061 2033
30063 9408
30066 11915
30068 3656
30068 8554
30073 2357
30073 4289
30073 4480
30074 2682
30074 4928
30074 8236
30075 11459
30080 1728
30092 2205
30095 3212
30099 787
30099 6505
30100 402
30100 1561
30100 9095
30105 694
30105 5084
30105 7560
30109 3058
30109 4468
30109 5544
30109 7752
30113 1874
30113 2682
30113 3036
30113 3277
30113 5247
30123 2605
30124 127
30128 6055
30129 2122
30138 1422
30138 2640
30138 3627
30138 9726
30138 10879
30139 8000
30140 2020
30142 3562
30143 10888
30144 1540
30145 7314
30146 2817
30146 3398
30146 5701
30149 11803
30153 5820
30155 515
30155 2849
30160 2955
30161 11501
30163 7636
30164 371
30164 849
30164 1531
30164 4456
30166 9750
30168 1660
30168 1941
30168 2718
30168 6222
30168 6601
30168 7228
30168 7995
30171 6885
30173 6519
30175 1110
30180 7718
30186 10747
30187 1397
30187 3669
30187 10545
30190 6353
30192 3526
30193 1489
30205 5732
30205 8656
30209 2799
30210 9268
30211 1766
30213 2069
30213 5638
30213 7794
30218 611
30219 104
30219 1954
30219 2937
30219 5400
30224 10684
30225 6290
30239 2247
30239 6930
30241 3657
30241 5459
30241 6223
30241 10335
30242 313
30250 10829
30254 3047
30266 417
30266 796
30266 1161
30266 10989
30269 1358
30269 2672
30269 5876
30269 6244
30273 5406
30274 8715
30275 1015
30275 3242
30275 4857
30275 6433
30276 1081
30276 2121
30276 4263
30278 6440
30282 1732
30282 9440
30286 3540
30286 4254
30286 4309
30286 6329
30286 7800
30291 1040
30291 1435
30291 2286
30291 4291
30291 8543
30291 11083
30292 1138
30293 2946
30299 10043
30300 3441
30300 4317
30301 4526
30306 4191
30306 4848
30306 4863
30306 7521
30307 4907
30313 6427
30313 6908
30317 2033
30318 519
30318 4646
30321 1358
30321 5432
30324 1688
30328 740
30328 2450
30328 2696
30328 4434
30328 8365
30328 11162
30329 4685
30330 3515
30332 3047
30338 2020
30339 846
30339 1283
30339 2258
30339 3364
30340 5820
30341 427
30341 8046
30343 6573
30344 1504
30344 7219
30344 7869
30344 11380
30345 14
30346 6057
30348 1874
30348 2682
30348 4463
30349 442
30357 536
30357 6562
30357 9509
30360 4129
30371 4860
30371 6946
30375 413
30377 2488
30377 3701
30377 5700
30377 7275
30382 980
30385 5066
30388 1815
30396 675
30396 7817
30399 2753
30399 5171
30399 9243
30401 724
30402 1358
30402 1976
30404 8218
30405 490
30405 1575
30405 6358
30405 9563
30406 5364
30408 6606
30410 6197
30423 6395
30425 408
30425 2859
30425 4759
30427 2380
30427 6042
30427 9656
30430 482
30430 2227
30434 267
30447 318
30447 11087
30449 45
30452 10967
30457 469
30466 3257
30466 5847
30470 7511
30474 1566
30482 2138
30483 7590
30487 104
30487 5304
30489 7938
30490 2936
30490 7983
30492 2456
30496 1763
30500 522
30500 3750
30500 3947
30503 855
30503 1904
30503 3508
30503 5867
30503 10127
30506 7166
30510 396
30510 566
30510 586
30510 1615
30510 2221
30510 2560
30510 2696
30510 4385
30510 5960
30510 6874
30510 7205
30510 8181
30511 5406
30516 205
30518 435
30518 563
30518 576
30518 1016
30518 3555
30518 5251
30518 6102
30518 6983
30518 8556
30522 6364
30522 9637
30523 3991
30523 4538
30525 676
30528 1869
30531 6199
30533 4405
30535 5826
30537 4646
30539 2547
30540 2222
30540 11372
30549 1160
30549 4668
30549 7991
30549 9925
30550 1049
30550 1155
30550 4348
30552 4249
30552 5437
30553 8844
30553 11502
30554 2411
30555 10937
30556 2035
30556 3385
30557 361
30557 1610
30557 3395
30557 9911
30560 2573
30560 4444
30563 10950
30564 737
30564 6552
30564 8019
30566 8619
30569 9365
30569 11931
30573 4412
30573 4414
30573 7199
30578 767
30578 1936
30578 2377
30578 2871
30578 7088
30578 7728
30578 8827
30578 10053
30583 5109
30585 11404
30587 724
30587 4283
30588 6249
30590 845
30592 1388
30593 869
30593 2133
30595 3696
30595 6508
30595 10021
30597 4512
30599 5546
30599 7275
30599 7634
30606 6290
30616 1265
30616 8252
30620 296
30620 1358
30624 1853
30625 2247
30625 6729
30625 7463
30628 1127
30633 3839
30633 4063
30633 4861
30635 10541
30637 2467
30637 10868
30639 1372
30639 2138
30639 4851
30640 8076
30640 8405
30642 14
30643 10311
30648 2991
30649 280
30650 413
30650 2495
30650 8406
30651 2966
30656 6231
30656 9367
30660 2690
30662 238
30663 847
30663 2829
30663 4414
30664 10741
30669 8817
30674 2481
30674 5430
30676 1693
30676 8877
30676 10285
30677 14
30677 4686
30678 14
30683 856
30687 2145
30689 7275
30691 2555
30693 36
30693 2486
30693 2557
30693 4480
30693 4782
30693 5194
30693 6190
30693 7615
30693 9751
30693 9771
30695 11234
30704 5406
30710 54
30713 1618
30713 7399
30719 847
30723 4249
30725 1547
30732 5634
30737 83
30737 217
30737 2121
30737 5128
30737 7999
30738 797
30738 1392
30738 3384
30738 4499
30738 7362
30739 849
30739 3212
30739 5344
30739 6105
30739 9780
30747 5134
30750 255
30751 3967
30752 2377
30752 3473
30753 6608
30754 1460
30756 1573
30758 169
30758 1652
30758 4863
30764 998
30764 2846
30768 2336
30768 3661
30768 11039
30770 7076
30770 8268
30772 303
30780 3168
30783 2863
30783 7829
30787 816
30787 10441
30788 32
30788 7290
30793 1004
30793 1110
30793 1978
30793 3339
30793 10321
30796 442
30799 6716
30800 186
30800 661
30800 1282
30800 2664
30800 5762
30800 5826
30800 9197
30800 11423
30808 5515
30810 2927
30812 4076
30812 4588
30812 4720
30812 10031
30813 97
30813 2532
30818 502
30818 1358
30819 4178
30824 3564
30824 6853
30825 1023
30825 7477
30826 768
30826 924
30826 4111
30837 901
30837 1921
30845 1953
30845 2727
30845 2943
30845 3206
30845 3329
30845 3556
30845 3867
30845 4111
30845 5442
30845 5556
30845 6059
30845 6222
30845 7585
30845 9512
30845 10906
30846 8447
30847 3586
30847 7529
30848 4851
30849 2231
30849 5354
30863 381
30863 11683
30868 10985
30877 11701
30887 268
30896 7919
30900 10797
30905 5892
30912 185
30912 341
30912 666
30912 1198
30912 1953
30912 2839
30912 3086
30912 3302
30912 5481
30912 10499
30912 11914
30913 7318
30916 11596
30924 676
30925 1902
30927 7560
30930 3415
30939 6622
30943 311
30943 8479
30944 6418
30945 892
30945 7150
30950 127
30950 1036
30953 6007
30958 974
30961 798
30961 4002
30961 4837
30962 602
30964 108
30964 2073
30964 7377
30964 9724
30972 6981
30975 14
30976 1060
30976 2443
30976 3410
30976 5595
30978 995
30980 2066
30983 3601
30983 8494
30988 62
30988 9321
30989 3885
30989 8093
30997 808
30997 8961
30997 10905
31000 1947
31000 2195
31000 2472
31000 3380
31000 3602
31003 774
31009 2276
31009 3217
31009 11600
31011 1115
31014 2333
31017 6709
31020 255
31020 5109
31020 6506
31022 4033
31028 701
31028 2792
31030 3271
31030 7248
31031 2204
31031 3493
31035 6486
31035 7401
31035 7629
31035 9798
31035 10015
31037 22
31037 558
31037 651
31037 1036
31037 1195
31037 1342
31037 2285
31037 3249
31037 4651
31037 6765
31037 7130
31037 7687
31038 3431
31038 6058
31039 4979
31047 1358
31047 10883
31051 1457
31051 2686
31051 3082
31051 4155
31055 3372
31058 2580
31063 352
31063 3670
31063 4404
31067 8528
31070 5939
31071 304
31071 1339
31071 1930
31071 2573
31071 2732
31071 2764
31071 4052
31071 5806
31071 6343
31071 8005
31071 9604
31076 9208
31077 737
31077 2661
31081 853
31081 2590
31081 4568
31081 5084
31081 5129
31087 7589
31089 2055
31108 2597
31108 10144
31110 2117
31110 9331
31117 4401
31117 6213
31119 1874
31122 4367
31122 5443
31124 4554
31124 6338
31124 7025
31124 8097
31124 11464
31129 1538
31129 8732
31129 10992
31129 11724
31130 263
31130 5615
31134 1180
31135 9587
31136 435
31139 700
31139 822
31139 10513
31142 685
31142 1792
31142 5040
31143 7204
31144 5959
31144 6888
31147 884
31150 837
31150 1047
31153 10657
31157 9449
31157 11502
31160 3660
31160 7110
31162 6095
31163 1134
31163 6821
31163 7579
31170 11799
31175 391
31175 6114
31176 3079
31176 8359
31178 7949
31178 9953
31179 8247
31180 5308
31182 1891
31182 5703
31182 5975
31182 9495
31182 11895
31183 3838
31185 930
31185 958
31185 1477
31185 6403
31187 5406
31191 786
31191 6956
31195 1202
31195 4182
31197 745
31197 3201
31199 4751
31199 5557
31199 11035
31200 103
31200 2199
31200 4005
31200 5369
31200 6312
31203 1232
31203 9675
31203 9899
31203 10741
31204 2595
31205 9248
31207 570
31210 8086
31210 8505
31213 9348
31223 4055
31223 4056
31225 2974
31228 2020
31229 6357
31231 3570
31231 5609
31231 6886
31234 2475
31237 3079
31237 5129
31249 1874
31255 172
31255 5700
31258 4607
31259 1110
31259 8717
31263 10213
31265 1842
31265 3062
31265 3393
31265 4624
31270 2255
31275 14
31275 854
31275 1400
31275 1680
31277 111
31277 150
31277 5773
31277 7612
31277 8575
31277 11328
31278 7287
31280 2775
31281 2090
31283 3118
31283 3586
31283 9433
31284 8550
31288 1360
31288 5552
31289 1029
31290 2206
31290 9022
31293 2850
31297 5937
31302 3212
31302 5195
31302 10298
31303 724
31306 10253
31308 5826
31308 9087
31313 2034
31314 4114
31315 7059
31319 1005
31319 5505
31319 10050
31320 9587
31325 76
31325 2158
31327 2736
31329 3268
31332 671
31332 9755
31333 8550
31334 41
31336 3348
31336 5201
31337 6398
31342 1068
31342 3466
31342 5953
31344 11249
31346 157
31346 2278
31348 5247
31348 6107
31349 1885
31353 11715
31354 7226
31356 3861
31356 5451
31359 501
31361 998
31361 1234
31361 1792
31361 2708
31361 3737
31361 4379
31361 5176
31361 7901
31362 2825
31362 3918
31362 10503
31364 2735
31365 1399
31365 2199
31365 6916
31365 8039
31370 5137
31371 1517
31371 9049
31373 6259
31380 5113
31380 5619
31384 4673
31384 5141
31387 313
31388 7303
31389 2053
31393 1098
31393 5440
31403 922
31403 1068
31403 3026
31403 3676
31406 891
31406 1564
31407 3279
31408 341
31408 9151
31409 1187
31411 7008
31413 6480
31413 8982
31414 883
31418 1206
31418 5171
31418 10699
31420 169
31421 2196
31422 2912
31423 6013
31429 3545
31430 2371
31431 6095
31431 9513
31433 2507
31436 7568
31436 10601
31439 1847
31439 7641
31440 3271
31442 303
31442 2380
31442 4749
31445 2281
31445 7067
31445 8715
31446 1489
31446 5456
31446 7026
31449 3761
31449 8510
31452 4860
31457 2410
31462 279
31462 3033
31462 5331
31462 9494
31476 3761
31477 6161
31478 6430
31479 329
31479 1434
31479 9435
31479 10114
31480 2034
31480 6246
31480 7136
31480 10254
31480 10947
31480 11766
31483 255
31483 998
31483 1276
31483 2215
31483 7414
31483 7790
31483 10475
31483 11020
31485 4391
31485 6710
31485 10158
31493 5512
31497 899
31497 3408
31497 3543
31501 1432
31501 1489
31501 2789
31501 2874
31501 7292
31501 10707
31502 9527
31516 814
31516 3206
31517 16
31520 1298
31521 3824
31521 9891
31525 1931
31527 1363
31527 7494
31531 1931
31533 4121
31533 6392
31535 10096
31536 7072
31539 884
31540 9326
31541 8836
31545 2287
31549 442
31552 2706
31552 3704
31552 4319
31552 5387
31552 11355
31557 5803
31559 271
31559 7985
31560 509
31560 3756
31560 7998
31562 9710
31568 2841
31568 4311
31579 2676
31579 6127
31579 11519
31580 442
31580 4299
31580 4523
31580 7778
31583 8663
31584 3060
31593 101
31593 343
31593 4233
31594 138
31594 1828
31594 2148
31594 2657
31595 11
31595 701
31595 4639
31596 2747
31596 3815
31596 9349
31599 816
31602 835
31603 4434
31604 3761
31606 4444
31606 7707
31613 2682
31618 911
31618 5395
31618 8057
31619 6743
31620 6001
31621 1810
31621 4132
31621 5395
31622 17
31622 7817
31627 2391
31627 2675
31629 7947
31629 10686
31630 1434
31635 6748
31637 1578
31637 6971
31638 9165
31642 3726
31642 10150
31642 11531
31643 11294
31645 7138
31646 6568
31649 2818
31649 8247
31654 303
31654 554
31654 3532
31654 5743
31654 7431
31659 3827
31659 4375
31659 5133
31659 6391
31661 80
31661 1962
31661 2372
31661 5700
31661 6663
31661 9669
31667 1801
31667 1885
31667 3407
31667 7176
31667 11547
31669 4036
31671 11041
31671 11628
31675 76
31675 832
31675 11304
31678 3904
31678 4734
31679 143
31682 1409
31682 8022
31683 10338
31690 6949
31690 7343
31691 4431
31693 6801
31695 911
31696 11291
31698 5920
31699 7108
31699 7707
31700 752
31700 3584
31701 1042
31701 2508
31701 5632
31701 10966
31704 7919
31704 8475
31706 322
31706 4297
31707 3743
31708 2599
31708 4135
31708 5038
31708 11588
31710 9028
31720 10314
31721 395
31722 1825
31722 1938
31722 3011
31722 4802
31722 8557
31725 10512
31728 799
31730 1568
31730 5040
31734 6304
31739 6915
31741 14
31741 533
31742 3480
31746 4565
31751 6174
31756 1842
31758 1098
31765 1792
31773 2638
31773 3929
31778 3355
31779 354
31779 1715
31779 5382
31780 724
31780 3269
31780 3857
31780 4133
31780 10169
31780 10945
31780 11388
31785 1441
31785 3339
31787 1100
31794 3390
31794 7055
31796 1793
31796 3135
31796 8161
31796 8198
31796 10806
31798 937
31799 3407
31800 8718
31800 10643
31800 11140
31804 5342
31804 10221
31811 609
31811 1273
31811 10343
31819 2829
31820 206
31820 7756
31821 1342
31821 1638
31821 2353
31821 2895
31821 3261
31821 3962
31821 4631
31821 4921
31821 5865
31821 6554
31821 7319
31823 4094
31823 4828
31823 8624
31823 8882
31823 10343
31824 4430
31824 6963
31826 1802
31828 14
31829 4982
31830 8778
31831 1416
31832 271
31832 753
31832 1852
31833 4049
31833 5469
31837 11808
31838 101
31838 2112
31838 8324
31839 4249
31842 1070
31842 10416
31845 682
31848 3701
31848 3975
31849 67
31853 1874
31859 7948
31862 9563
31867 11402
31870 8906
31876 9242
31877 558
31877 7570
31882 164
31882 4784
31888 816
31889 5329
31891 7203
31891 7628
31892 3543
31893 5451
31893 10536
31894 271
31894 2826
31894 5713
31894 8198
31894 11326
31897 1772
31899 7072
31901 108
31901 408
31905 1578
31905 10165
31906 4779
31906 9917
31909 9007
31909 11047
31910 3809
31913 7217
31914 1956
31914 3256
31914 5806
31914 10708
31914 11501
31916 469
31917 6081
31917 7090
31917 10461
31923 521
31923 724
31923 4020
31923 10201
31924 10022
31925 2784
31925 5368
31929 5903
31929 9415
31930 496
31933 251
31933 2646
31933 4282
31933 4405
31933 4853
31933 6878
31942 1770
31943 1202
31944 825
31944 4597
31948 2179
31953 5853
31954 417
31954 2507
31954 5155
31954 7644
31954 8409
31956 435
31956 3880
31956 4598
31956 4900
31956 5909
31956 7672
31956 11296
31956 11464
31957 3645
31957 4548
31958 3594
31958 6140
31958 9459
31959 2142
31959 5604
31961 1613
31969 3052
31971 1072
31975 9188
31977 1218
31977 7475
31977 7983
31985 2683
31985 5701
31989 972
31989 3039
31992 438
31995 1479
31995 5199
31999 8806
32003 6975
32003 7810
32004 1097
32007 3118
32007 9141
32009 11415
32010 538
32010 4750
32015 1946
32015 6305
32017 829
32018 210
32018 2736
32018 3820
32031 1157
32033 8266
32034 9803
32037 2008
32037 9845
32038 3577
32038 10977
32040 1947
32043 234
32046 1358
32046 3345
32047 1434
32047 11706
32048 4548
32048 6483
32048 6614
32048 7133
32048 7772
32048 7803
32056 1018
32056 2548
32056 2885
32056 3859
32056 5734
32056 6090
32056 7150
32057 3716
32058 1959
32058 7219
32061 11629
32063 6480
32070 2258
32075 1044
32075 3761
32077 12
32081 1878
32081 7842
32082 8970
32084 555
32084 2189
32084 3842
32084 5341
32084 5730
32084 8541
32094 306
32094 9786
32094 10977
32095 8038
32097 3200
32098 1358
32104 811
32104 1073
32104 1638
32104 4200
32104 4964
32106 1279
32106 3059
32106 8025
32108 286
32108 875
32108 3506
32108 3507
32108 4269
32108 4539
32108 6501
32108 10060
32108 11196
32111 1095
32113 724
32116 1004
32116 7869
32121 183
32121 7770
32123 6373
32123 7212
32128 7603
32128 11874
32130 4293
32130 5095
32140 7223
32141 5619
32145 7994
32146 948
32152 378
32152 2844
32156 4469
32156 10999
32160 1878
32163 2652
32163 4406
32163 4731
32163 5359
32163 8459
32163 9377
32168 5367
32170 6053
32170 9354
32177 4037
32177 4169
32179 6115
32180 760
32180 1156
32180 5257
32181 1206
32181 2406
32181 2647
32181 11930
32185 333
32189 230
32189 1238
32191 2312
32191 4581
32191 6497
32191 7493
32192 103
32192 1620
32194 1135
32194 6114
32194 10378
32197 2877
32201 11715
32206 883
32211 1067
32211 5382
32211 11437
32217 1157
32226 10200
32227 11406
32229 2951
32231 1005
32231 1421
32231 1503
32231 2472
32231 3508
32231 6768
32231 8808
32233 3287
32233 10738
32238 5205
32240 2371
32256 9358
32259 1816
32259 2388
32259 2863
32259 3975
32259 4179
32259 4454
32259 8497
32261 1484
32264 3772
32264 11879
32265 741
32265 2865
32270 818
32270 3104
32273 116
32273 5585
32281 6148
32283 4010
32286 5197
32287 241
32287 2447
32287 3684
32287 4925
32287 6128
32292 1105
32294 2683
32296 251
32296 1647
32296 9630
32299 8027
32299 9813
32299 9852
32299 11602
32301 2265
32301 5543
32301 8883
32301 11908
32302 2279
32302 2281
32302 5614
32305 3376
32305 9752
32305 11749
32311 1167
32311 1728
32311 2051
32311 2508
32311 3403
32311 7733
32311 9722
32319 1808
32319 10398
32322 4597
32323 834
32326 2469
32328 2137
32328 3040
32337 3208
32338 1876
32339 18
32339 8617
32340 2859
32340 4502
32340 5624
32340 6112
32349 3186
32349 3381
32349 9828
32351 4486
32352 4216
32352 9515
32355 8047
32361 2310
32361 2427
32364 11154
32366 6915
32366 9735
32370 780
32370 4157
32370 8641
32373 7522
32374 1955
32374 2094
32374 2206
32374 7349
32375 11467
32377 9352
32382 138
32382 665
32382 3591
32382 7776
32385 344
32385 11836
32389 1110
32389 7087
32389 7239
32389 7985
32389 9897
32389 10346
32390 11823
32393 395
32393 6377
32394 4141
32394 11183
32400 159
32400 10905
32401 819
32401 4044
32401 6126
32401 10364
32403 5484
32406 9185
32407 2856
32407 3451
32408 1885
32409 8198
32409 10455
32412 9313
32413 561
32413 1518
32414 10418
32416 3674
32419 7300
32421 3717
32421 8254
32421 10946
32423 6816
32425 935
32425 2138
32425 3569
32427 2348
32431 10020
32434 11757
32436 5208
32436 5774
32436 6609
32436 6625
32437 4364
32438 3213
32438 11690
32439 2758
32439 4396
32443 5395
32444 1847
32444 2217
32448 10892
32450 8691
32451 6876
32454 442
32454 3130
32454 4445
32455 6639
32456 13
32456 1798
32457 1168
32459 4646
32459 4690
32462 6493
32463 471
32464 10235
32468 1514
32468 2251
32468 4750
32468 7578
32468 7835
32468 8336
32475 9467
32483 547
32483 1459
32484 112
32484 174
32484 1842
32485 5985
32485 11924
32488 10847
32493 7914
32493 9770
32497 378
32497 437
32500 176
32500 4409
32500 6945
32506 333
32506 3282
32511 256
32511 6794
32515 3407
32517 1904
32518 10257
32519 36
32519 822
32519 1028
32520 2646
32521 1960
32525 2107
32525 4414
32529 2286
32529 9585
32530 14
32530 1388
32530 4687
32532 433
32532 7905
32535 7007
32539 8170
32539 8948
32542 5778
32545 6306
32550 1927
32550 2028
32550 3709
32550 5236
32550 6277
32550 6515
32550 9781
32560 4332
32563 10031
32564 714
32564 2391
32564 2492
32566 2641
32570 395
32570 1808
32572 2251
32573 2992
32573 6353
32576 4484
32578 5341
32583 4173
32587 1652
32587 1953
32587 2295
32587 3975
32587 4448
32587 5740
32587 5803
32587 7205
32587 7441
32587 8992
32592 8909
32592 10649
32593 7899
32596 1584
32599 8248
32599 8804
32600 2181
32600 4516
32600 5058
32600 7322
32600 7577
32600 7651
32600 7714
32600 8247
32600 8552
32602 2829
32603 5393
32606 2636
32608 8892
32609 2818
32612 7478
32613 388
32615 5768
32617 8209
32626 2271
32626 9662
32629 7633
32630 581
32630 4277
32630 6001
32630 10762
32634 4902
32634 5387
32635 7255
32636 1282
32636 4403
32636 5797
32636 6669
32637 907
32639 4451
32640 1352
32641 1268
32641 1617
32641 2799
32642 2521
32647 1906
32647 1990
32647 2864
32647 3047
32647 7611
32647 9137
32648 7940
32652 988
32652 7879
32657 2584
32657 7891
32660 2829
32661 6354
32661 6737
32661 8405
32664 183
32664 3504
32664 3588
32664 7675
32664 10160
32665 4580
32665 7107
32665 9044
32665 10343
32669 2766
32673 1884
32674 3077
32674 4746
32682 183
32682 9304
32682 9992
32684 6679
32684 9795
32693 4662
32698 1151
32700 5048
32703 189
32703 5255
32703 6600
32705 251
32705 6178
32705 7541
32708 8556
32708 11697
32716 842
32716 5109
32717 1311
32717 8610
32717 9544
32719 2407
32722 4436
32722 6011
32722 10983
32722 11882
32724 4634
32724 10673
32725 1929
32725 6018
32725 7292
32727 5048
32733 1658
32734 2165
32742 2696
32742 6290
32743 1377
32743 3289
32743 3411
32743 7277
32745 1202
32745 4221
32745 4335
32745 5369
32745 6505
32745 9139
32746 901
32746 1828
32746 2151
32746 4624
32751 7666
32752 208
32752 267
32755 4974
32756 1358
32757 1434
32757 3919
32757 4462
32757 8249
32757 9807
32758 1240
32758 5387
32765 3601
32766 6946
32771 1343
32772 2710
32773 1861
32773 5257
32774 5374
32774 9183
32777 202
32777 4747
32777 7299
32780 581
32780 4262
32781 1707
32781 8579
32786 2463
32786 3428
32789 3569
32792 7505
32795 2579
32795 3402
32798 3761
32798 9001
32803 498
32805 4221
32808 7154
32808 8086
32810 4671
32821 4173
32822 206
32829 1841
32831 8253
32834 809
32834 2468
32834 5231
32834 6414
32837 878
32837 5473
32837 6969
32843 232
32844 1304
32844 2841
32844 3580
32844 5548
32845 304
32846 986
32846 2969
32847 3065
32854 4221
32854 10891
32856 2870
32856 7158
32856 9371
32857 998
32861 3129
32863 1954
32863 8403
32866 2856
32866 5848
32868 1808
32868 4863
32871 2031
32871 3588
32871 3679
32872 10554
32874 174
32875 1631
32876 2672
32876 5575
32881 7520
32884 998
32885 8700
32885 11246
32887 1463
32889 724
32893 1718
32893 5775
32897 901
32897 1828
32897 2161
32897 8223
32902 3532
32904 2198
32904 2992
32910 2829
32910 7050
32910 7667
32910 10226
32912 874
32912 3653
32912 7975
32912 9435
32912 11427
32917 3660
32919 3975
32920 944
32926 6444
32928 3314
32931 128
32931 432
32931 2682
32931 2691
32934 371
32934 543
32934 704
32934 1798
32934 1830
32934 1979
32934 7263
32934 8837
32940 4798
32944 6290
32944 11399
32945 2103
32947 394
32947 985
32950 854
32954 2281
32954 2868
32954 2929
32954 4711
32956 3762
32961 6006
32961 6775
32961 9440
32961 9809
32961 10598
32964 3213
32964 3679
32966 839
32966 3946
32966 9492
32969 3331
32970 1388
32970 2338
32970 3339
32970 7893
32971 5392
32971 5894
32971 6042
32971 6696
32971 7712
32971 8245
32971 8582
32971 9319
32972 413
32972 2169
32972 3281
32972 10499
32979 8276
32981 825
32981 2627
32981 3691
32984 7400
32991 761
32991 7524
32991 9900
32993 11070
33000 3003
33000 6827
33004 6565
33004 11783
33005 11349
33007 4770
33011 2185
33015 10587
33018 2945
33019 960
33019 5681
33020 1247
33027 1974
33027 8208
33030 5229
33034 2605
33039 1381
33039 1386
33039 2982
33039 4036
33039 5857
33039 9999
33039 11877
33042 2236
33042 5868
33043 840
33044 632
33047 7049
33048 4757
33048 8957
33050 169
33050 5591
33050 6898
33050 9656
33053 1202
33054 7727
33055 901
33055 1828
33055 2546
33055 2550
33055 2657
33055 2658
33055 8224
33060 143
33060 1066
33060 3410
33063 2829
33064 6006
33064 11591
33065 5129
33067 395
33067 1808
33067 4587
33067 7355
33067 10749
33077 1098
33078 12
33079 82
33079 267
33079 522
33079 5371
33079 8193
33080 958
33080 1852
33080 1906
33080 3530
33080 3820
33080 11274
33084 3400
33084 5985
33085 6042
33085 11091
33086 1861
33086 2277
33086 2281
33086 5398
33086 8349
33087 3824
33090 4794
33090 6608
33091 5714
33092 24
33092 980
33092 2753
33092 3260
33092 9387
33092 10437
33094 5459
33102 7237
33102 9992
33110 7854
33110 9637
33113 2281
33118 104
33118 1319
33118 2002
33123 1564
33123 2074
33126 3984
33130 64
33130 5503
33139 6970
33141 6987
33141 7344
33148 724
33148 6847
33154 3172
33157 3631
33160 558
33160 1259
33160 1599
33160 5974
33160 10882
33161 10133
33161 11291
33168 3005
33168 3197
33168 3910
33168 6867
33175 3307
33177 1307
33177 2236
33177 2387
33177 2709
33178 1360
33180 576
33180 4283
33181 7718
33182 1206
33182 1512
33182 2818
33182 3851
33182 8125
33185 5339
33187 7744
33201 8912
33203 6140
33208 9408
33209 2533
33210 4267
33214 6331
33217 4625
33221 7883
33223 3026
33224 8903
33225 4612
33225 6057
33225 8070
33225 8523
33225 8701
33229 2623
33230 10967
33236 5371
33239 552
33239 8176
33240 6016
33241 8164
33242 553
33248 11536
33264 9808
33264 10823
33265 4492
33269 2740
33269 4995
33269 5384
33270 5734
33273 2665
33278 11920
33279 516
33281 2865
33282 435
33283 5058
33283 10119
33283 10881
33286 7733
33291 1783
33292 4191
33296 5596
33296 6468
33296 10199
33297 10187
33298 902
33298 3306
33299 5836
33299 8906
33301 1434
33301 3212
33301 7995
33304 4127
33309 330
33309 1757
33309 3761
33309 4512
33309 4554
33309 7669
33309 7779
33309 9798
33309 11314
33310 8573
33310 10656
33311 9
33319 2628
33319 7492
33321 462
33321 874
33321 4665
33321 7066
33323 5751
33324 1027
33326 10434
33330 6930
33332 413
33332 960
33332 1631
33332 9033
33332 9440
33339 10470
33340 6396
33341 935
33341 3880
33341 8427
33344 3393
33346 721
33346 11548
33356 6335
33358 9579
33359 2765
33359 3985
33359 4519
33359 8975
33359 10985
33360 10167
33362 6024
33362 9339
33362 11540
33362 11773
33366 1946
33366 6045
33367 775
33367 1764
33367 3079
33367 4914
33367 7252
33367 8601
33367 8927
33367 11371
33369 2716
33369 9564
33369 10823
33372 80
33372 11335
33374 2482
33374 4659
33374 4957
33375 2333
33381 613
33395 981
33395 3348
33395 5537
33395 9288
33395 11700
33397 21
33397 924
33397 5004
33400 20
33400 2912
33400 3656
33400 3877
33400 5573
33400 7289
33400 7508
33401 6838
33404 2927
33404 5830
33406 6289
33408 1195
33408 1212
33408 2231
33408 4738
33408 6351
33411 227
33411 4680
33411 5134
33411 6481
33411 10724
33415 11241
33418 24
33418 2104
33418 2896
33418 11245
33419 1931
33423 940
33423 1874
33427 981
33427 1373
33427 2565
33429 7502
33434 796
33436 1676
33438 2423
33438 8299
33439 2555
33439 3891
33439 5367
33439 10881
33439 11524
33440 4566
33440 9665
33444 390
33444 6910
33444 7344
33448 11467
33449 5283
33452 4160
33454 7472
33455 3842
33455 5083
33458 308
33458 3120
33458 9586
33475 1142
33478 5477
33479 1017
33479 2466
33479 2943
33479 6335
33482 1941
33487 2984
33487 11092
33489 8271
33491 2983
33491 8284
33491 8938
33491 10640
33492 7628
33495 7641
33495 10017
33499 8384
33499 9672
33500 1257
33500 4518
33500 6202
33502 1234
33502 5429
33502 11590
33504 19
33507 290
33509 1585
33515 1156
33517 1602
33517 6959
33517 10630
33519 5911
33519 7575
33521 263
33521 5387
33524 2012
33524 4646
33527 7698
33528 4254
33531 412
33531 10813
33534 7800
33537 5601
33538 1073
33538 1126
33538 4585
33540 3442
33542 7959
33549 7026
33549 7431
33549 11557
33551 6801
33551 10343
33558 961
33559 394
33559 7678
33559 8673
33561 3960
33561 11311
33563 1972
33563 5021
33566 175
33569 577
33569 10848
33570 5940
33573 2088
33584 632
33584 2282
33585 1120
33585 6788
33588 576
33588 8136
33595 1667
33595 1927
33599 3456
33607 3821
33610 39
33610 930
33610 3952
33610 4003
33610 4983
33610 7071
33610 8828
33612 1251
33613 375
33614 10949
33616 11651
33623 1230
33623 1652
33623 2504
33623 3507
33623 3700
33623 7873
33623 8132
33624 6810
33625 601
33631 2742
33633 8837
33636 943
33636 6002
33636 10440
33641 1126
33642 3842
33648 6994
33648 7012
33648 7403
33652 8000
33654 2310
33658 527
33658 3017
33659 953
33659 3808
33659 3839
33660 354
33660 10261
33662 1319
33662 2415
33662 2445
33662 11165
33664 11482
33664 11815
33666 6732
33666 9240
33669 1792
33669 9020
33673 813
33675 373
33675 980
33675 2375
33675 3775
33677 20
33677 849
33677 6238
33677 7162
33681 296
33681 5026
33681 9026
33683 4036
33685 4725
33687 5570
33690 4262
33691 169
33698 394
33698 2063
33700 7613
33702 3692
33702 4278
33702 8487
33703 5537
33703 7554
33704 1026
33704 2967
33704 3364
33704 8828
33709 4331
33709 6285
33709 9430
33709 9910
33709 9981
33716 2859
33727 948
33727 2790
33727 3608
33727 7520
33728 9255
33730 3374
33730 8923
33730 9653
33734 76
33734 603
33734 6860
33734 11924
33735 2675
33738 3503
33740 7801
33740 7992
33745 11648
33748 2450
33748 5960
33754 4168
33754 6509
33756 1512
33758 6514
33760 132
33760 7103
33764 635
33769 1932
33769 4025
33769 10377
33771 4934
33771 6445
33774 9443
33775 345
33775 2753
33777 840
33790 4731
33790 11629
33792 2418
33792 3894
33800 822
33800 5039
33802 10834
33804 2069
33804 2070
33804 6231
33805 582
33805 3125
33805 3623
33805 4244
33805 8901
33805 9404
33805 11476
33810 4257
33810 9955
33813 7114
33821 1867
33821 2123
33821 4755
33821 5523
33821 6068
33832 4277
33835 4735
33841 8430
33841 9330
33842 1172
33842 2871
33842 6504
33842 7146
33842 8842
33842 8895
33842 11184
33842 11697
33844 2269
33846 893
33846 1707
33846 2249
33854 8299
33856 339
33857 791
33857 2620
33857 4935
33862 9423
33862 10268
33862 10598
33862 10673
33864 11759
33865 2466
33865 3175
33866 3391
33866 11764
33869 4452
33869 7137
33869 7733
33869 11009
33876 924
33877 7808
33879 9178
33882 2604
33884 1482
33884 3391
33887 5123
33890 5550
33890 7688
33893 2205
33898 8063
33900 163
33900 503
33903 5010
33903 7639
33905 2290
33914 9872
33916 9779
33921 10178
33926 150
33929 6805
33929 8886
33929 9070
33932 1204
33932 2473
33932 6282
33932 10201
33934 7486
33934 11616
33941 7984
33942 3802
33944 2966
33944 5519
33945 7703
33949 7677
33951 8586
33959 5477
33967 1358
33968 4315
33974 3161
33975 76
33976 3562
33979 7801
33990 1118
33990 1842
33993 233
33993 4976
33994 3734
33995 9812
33997 6293
34000 8421
34001 36
34001 315
34001 1016
34001 1988
34001 2067
34001 2224
34001 2423
34001 3809
34002 714
34002 1048
34002 3169
34002 7994
34002 8594
34003 5578
34004 3238
34004 4272
34004 4557
34012 3005
34012 3328
34018 1101
34019 566
34019 2655
34019 2932
34019 7942
34019 8050
34019 9809
34019 10962
34019 11616
34025 1702
34025 3026
34025 4396
34025 9071
34026 11144
34027 5546
34027 11533
34032 1198
34033 5585
34034 1685
34037 242
34038 1359
34038 5393
34039 11558
34041 5466
34043 2499
34043 5905
34045 78
34045 3813
34045 6318
34045 8579
34047 342
34047 1652
34047 3507
34050 2451
34050 11299
34052 2225
34052 6840
34055 5108
34057 4837
34058 2349
34059 127
34059 1841
34060 3850
34062 521
34062 1995
34062 4966
34062 5145
34067 2828
34069 1358
34071 3152
34073 546
34076 5430
34082 1016
34085 338
34085 785
34085 2758
34086 761
34086 5395
34089 10949
34092 8803
34092 9913
34097 413
34097 553
34097 1490
34099 10072
34100 558
34105 1476
34109 10768
34110 1783
34113 6463
34113 7600
34115 2000
34115 3156
34115 6105
34116 728
34116 2375
34118 11070
34123 2511
34123 6414
34124 924
34126 437
34126 576
34126 4224
34126 4564
34126 5267
34126 10179
34132 16
34132 5645
34132 7475
34132 7592
34132 8306
34132 10303
34133 1693
34133 4784
34133 6172
34133 6967
34134 11380
34138 443
34138 1064
34138 1568
34138 2209
34138 5490
34138 6534
34141 9740
34142 2195
34142 3783
34142 4160
34142 6190
34144 289
34144 3685
34144 8976
34145 3709
34145 4403
34145 4841
34145 4867
34150 8275
34150 8327
34151 1320
34151 1648
34151 3842
34151 5721
34154 4645
34154 9216
34157 9756
34161 9830
34172 4062
34172 8728
34173 2937
34174 413
34175 151
34175 2925
34175 4215
34175 5650
34181 6285
34181 11752
34187 2623
34190 6107
34193 5359
34193 10734
34199 1231
34209 8749
34210 3365
34213 714
34214 9573
34222 686
34222 2905
34227 381
34227 7696
34227 8721
34227 11798
34228 14
34230 1665
34230 1909
34230 1949
34230 2556
34230 4642
34230 10085
34234 1105
34240 3339
34240 5776
34247 8235
34247 9353
34250 1789
34255 11920
34267 10131
34270 10416
34272 1400
34281 1806
34281 4852
34281 7006
34283 83
34283 4951
34288 6453
34288 7983
34289 4016
34290 1160
34290 1884
34290 4478
34290 8801
34290 11344
34295 2183
34295 7688
34296 255
34296 2117
34296 7116
34298 243
34301 3402
34305 5237
34315 2842
34318 1358
34318 2121
34318 7862
34319 3775
34319 4690
34322 5872
34325 2889
34325 4530
34325 7070
34325 10715
34332 138
34332 521
34332 1399
34332 3696
34332 7436
34332 8423
34332 10794
34332 11694
34335 884
34335 2111
34335 2196
34335 3738
34335 4277
34335 6068
34345 1724
34345 6956
34348 6585
34353 3649
34358 3072
34360 1520
34360 1626
34360 3006
34360 6524
34360 6821
34360 9341
34362 4282
34362 5058
34362 9966
34362 9978
34362 10072
34363 2069
34364 7984
34365 8231
34365 10622
34366 1530
34370 3933
34371 363
34371 528
34376 647
34389 2098
34390 10264
34394 8759
34395 2472
34396 1585
34396 3310
34396 8550
34396 11816
34398 491
34401 3981
34410 343
34411 435
34412 9623
34416 286
34416 5814
34417 4860
34418 3442
34422 9653
34422 10263
34423 8682
34424 5329
34425 7441
34428 946
34428 1755
34428 5356
34429 10653
34434 1372
34435 3813
34435 7741
34435 10201
34437 1343
34442 1098
34443 5892
34443 8102
34443 9444
34443 11222
34450 67
34450 10364
34452 518
34452 4659
34452 6160
34452 8514
34452 10367
34452 11356
34455 3773
34455 3934
34456 1842
34457 1234
34457 4656
34459 4695
34460 2946
34460 6286
34460 7263
34468 5911
34470 44
34470 394
34470 1701
34470 3361
34470 5873
34470 10075
34471 3898
34471 9971
34471 10949
34474 1363
34489 1342
34492 1869
34494 169
34495 1426
34495 2247
34495 2384
34496 3212
34496 10103
34505 10785
34507 1602
34512 112
34512 4319
34512 6431
34512 11317
34514 32
34515 106
34515 2380
34515 3750
34515 4275
34515 9680
34515 10516
34522 1115
34522 3733
34522 8416
34522 9158
34523 11426
34525 1086
34525 1097
34527 2082
34528 103
34528 412
34528 1122
34528 1556
34528 3740
34528 8297
34531 2131
34531 9834
34536 7142
34536 8254
34536 11943
34537 2623
34537 7153
34537 7319
34537 8878
34537 9567
34537 11011
34537 11340
34540 1758
34542 1455
34545 8336
34545 10179
34549 5562
34555 3057
34555 7976
34555 10112
34555 10286
34555 10663
34556 7486
34558 1136
34558 6364
34558 7578
34560 952
34560 6086
34561 2843
34564 84
34567 3645
34574 4886
34577 3565
34578 5774
34582 3872
34582 7119
34582 9480
34585 4288
34585 5135
34586 92
34586 306
34586 1540
34586 8728
34586 9499
34588 67
34591 89
34592 1932
34592 6956
34596 450
34596 5356
34596 7446
34596 8468
34597 3974
34597 10588
34604 5335
34607 558
34607 4851
34607 4982
34610 11046
34612 783
34612 1640
34612 3923
34612 4595
34612 5048
34612 5288
34612 7367
34612 9007
34612 10386
34612 11745
34614 394
34614 854
34614 2464
34614 4739
34614 5179
34614 5338
34616 5444
34621 3612
34621 9500
34628 1931
34628 3307
34628 9207
34632 9
34632 514
34632 1053
34632 1801
34632 2696
34632 5398
34632 5572
34632 6402
34632 7323
34632 7673
34632 8099
34635 5817
34635 7794
34636 65
34636 169
34636 1555
34636 3212
34636 3761
34636 5475
34636 5904
34636 7219
34637 7090
34640 5869
34641 2195
34641 11003
34641 11541
34642 3901
34642 9009
34650 5254
34650 9301
34650 10350
34652 3253
34652 4933
34652 6257
34652 6898
34652 8111
34652 10713
34653 1627
34653 11160
34654 5939
34663 295
34663 5440
34668 5214
34675 6809
34676 1984
34676 2512
34676 3461
34676 6663
34678 696
34678 5274
34679 9248
34679 11933
34686 10383
34686 11218
34688 635
34688 3468
34688 11629
34695 701
34695 8432
34695 9196
34695 11771
34699 4638
34699 10560
34703 1623
34710 3323
34710 4557
34710 8904
34714 9535
34717 2660
34717 5096
34729 11544
34730 4965
34733 3310
34733 6412
34733 7237
34733 7664
34734 5571
34735 1339
34735 1758
34735 8641
34742 1581
34744 1842
34744 5196
34748 3442
34750 2735
34755 6416
34762 2380
34762 4188
34770 7456
34771 2696
34771 5794
34771 7649
34771 11720
34773 1029
34773 2574
34773 7471
34773 11517
34776 7387
34780 6890
34782 4226
34782 4265
34786 6261
34786 7643
34786 11485
34788 714
34789 4685
34793 714
34804 1362
34808 5865
34808 5910
34808 6628
34810 1138
34810 8446
34812 1766
34812 2262
34814 1105
34816 1241
34829 1479
34829 2364
34832 9028
34838 2286
34838 5484
34838 5583
34838 6788
34841 3942
34849 2989
34849 5276
34854 1482
34854 10920
34855 11442
34859 4567
34859 7347
34862 5077
34863 345
34863 2458
34863 3515
34864 10009
34865 3460
34865 3966
34865 4754
34865 11922
34868 5295
34868 10816
34872 3660
34877 3562
34887 172
34887 3063
34887 3920
34887 4290
34891 4789
34901 8663
34903 2841
34903 4611
34903 5806
34904 3326
34904 3904
34914 1535
34915 2565
34916 6802
34918 2904
34918 10127
34921 4405
34921 5482
34922 84
34922 786
34922 1676
34922 6325
34928 89
34929 5277
34929 8594
34930 9890
34933 80
34933 8135
34936 438
34936 4654
34936 10320
34940 6110
34942 10479
34945 6864
34945 7926
34955 6981
34957 9143
34964 112
34977 1676
34977 3326
34977 9814
34978 267
34981 3209
34982 6131
34982 8886
34982 10171
34983 1530
34984 1221
34987 1342
34987 1538
34987 7738
34987 8666
34989 1953
34990 5139
34990 6694
34990 10651
34996 6772
35000 76
35000 1085
35000 2928
35000 2953
35000 3202
35000 4087
35009 34
35009 87
35009 913
35009 1951
35009 2029
35009 2375
35009 2527
35009 3086
35009 5064
35009 5671
35009 8817
35009 9561
35009 9947
35009 10603
35009 11686
35009 11834
35013 1358
35015 1358
35015 3601
35017 395
35017 5853
35017 6081
35019 4603
35023 286
35023 3710
35029 66
35029 251
35029 1954
35029 3653
35029 4581
35029 9126
35033 1358
35033 3169
35034 2845
35035 1178
35035 9712
35036 10895
35042 5092
35043 5456
35047 5711
35048 7698
35050 5454
35054 3645
35055 1081
35060 3553
35060 8006
35064 10862
35067 5648
35069 2586
35070 893
35070 2657
35070 5477
35070 5771
35070 7704
35070 9391
35070 10755
35074 2101
35074 9506
35078 8004
35081 680
35084 4716
35084 7832
35088 8622
35090 557
35091 870
35095 4722
35099 2053
35102 1742
35103 3085
35103 8837
35103 10856
35107 7756
35107 9365
35108 9428
35113 168
35113 1326
35113 7153
35113 7277
35113 8251
35113 8341
35116 4172
35116 5035
35116 6427
35116 10828
35117 4116
35129 632
35129 4685
35130 4249
35130 4666
35135 5046
35135 9674
35138 280
35138 437
35138 6325
35139 8263
35151 1060
35166 1397
35166 3777
35166 4665
35171 1514
35171 3102
35177 73
35177 2333
35177 9957
35182 865
35182 2405
35182 4145
35182 6360
35182 7420
35183 3703
35187 740
35187 2992
35187 3339
35187 4118
35187 4445
35187 6643
35192 902
35195 5341
35195 11540
35207 2473
35208 1572
35209 1350
35209 5920
35209 6376
35209 9439
35209 11429
35223 1190
35224 10155
35225 3842
35227 2067
35227 3962
35227 4155
35238 10170
35238 11864
35241 1530
35242 1864
35242 4164
35242 5164
35242 10489
35245 3024
35245 7426
35247 4249
35249 2076
35249 4439
35249 5073
35249 5074
35249 6136
35249 6253
35249 6958
35249 7452
35249 9636
35249 10330
35249 10508
35249 10816
35249 11649
35250 413
35253 3415
35253 6647
35254 1535
35254 1898
35263 954
35265 2044
35265 10234
35268 5041
35277 367
35279 2250
35279 5233
35281 3853
35281 4778
35281 11114
35281 11799
35283 3130
35291 1476
35293 9825
35293 11686
35299 11480
35300 4334
35300 4628
35304 3522
35311 5975
35315 4123
35315 6863
35315 8954
35316 6175
35316 10959
35318 5587
35319 857
35321 6102
35323 593
35323 728
35323 1016
35323 4393
35323 10700
35326 10651
35337 442
35340 11800
35342 887
35342 10508
35343 2424
35348 8038
35350 382
35350 4406
35350 4992
35350 6917
35350 8773
35352 5567
35354 10290
35354 11454
35356 6284
35356 6810
35356 7601
35356 9985
35356 10439
35359 5950
35359 9504
35363 1963
35377 1098
35379 183
35379 6379
35383 905
35386 608
35386 3516
35386 5413
35387 1541
35397 9649
35402 1037
35402 1972
35405 205
35405 5035
35408 2917
35408 5537
35408 9210
35416 7693
35416 11174
35423 1585
35423 9898
35429 1955
35429 7138
35430 8874
35439 11353
35445 11505
35446 2624
35452 380
35466 2783
35466 2986
35478 4406
35478 6197
35479 5700
35482 633
35498 10323
35499 136
35504 4528
35504 5649
35506 457
35506 7162
35506 8459
35506 10516
35510 2880
35510 9737
35511 2613
35511 4478
35512 7887
35513 5847
35513 8392
35513 10154
35516 6717
35517 1329
35523 3026
35524 4047
35530 22
35530 864
35530 1904
35535 2364
35537 1627
35537 2623
35537 3494
35537 3563
35537 5924
35546 3577
35547 278
35547 5532
35549 7716
35549 10183
35551 2759
35556 1404
35556 2873
35556 4628
35557 11061
35558 737
35564 1977
35568 1341
35568 6869
35570 8878
35576 5141
35582 3409
35582 6915
35586 902
35586 4137
35586 5775
35592 9429
35592 11264
35597 2318
35597 3519
35597 9332
35597 11702
35599 3931
35599 6199
35601 4716
35605 318
35605 10261
35610 8787
35610 9162
35610 10349
35612 856
35612 6841
35616 856
35616 2557
35616 7372
35617 80
35617 2510
35617 3620
35617 3627
35617 5062
35617 5583
35617 7668
35617 7888
35619 7863
35620 3324
35620 3671
35622 6925
35623 1511
35624 4646
35625 1425
35625 4940
35625 6702
35625 7774
35625 8554
35625 10038
35630 10561
35630 11338
35632 780
35645 11000
35652 1131
35653 11
35653 588
35653 4285
35653 10272
35657 3185
35659 5013
35664 576
35669 7536
35669 8884
35672 8207
35675 435
35677 1684
35679 274
35679 626
35684 1585
35686 1538
35686 1609
35686 2364
35686 3107
35686 6057
35686 9907
35686 10556
35687 4557
35689 734
35689 4188
35689 4538
35689 6044
35689 6393
35691 1107
35691 2495
35692 2191
35700 3082
35700 4881
35702 6660
35707 4115
35707 9906
35727 1792
35727 1839
35727 1990
35727 7443
35727 8340
35730 563
35730 7432
35730 9320
35738 2163
35738 4940
35739 2818
35740 7443
35742 271
35742 2441
35742 2445
35742 3017
35742 4297
35742 5308
35742 6066
35747 7748
35748 7682
35751 1265
35751 2904
35753 5109
35754 3740
35756 1392
35756 2682
35759 4152
35761 1374
35761 6774
35765 20
35769 60
35770 38
35770 1912
35771 342
35772 8042
35775 3505
35775 8906
35775 10191
35776 3532
35777 4283
35784 2236
35789 364
35789 1662
35789 4946
35789 8551
35790 4811
35792 676
35792 1257
35792 3056
35792 6269
35792 6456
35792 7868
35792 8804
35792 11184
35794 3444
35798 868
35798 1103
35799 10209
35804 3740
35805 1676
35813 6158
35814 2411
35817 4866
35817 7299
35819 5700
35827 6909
35833 407
35835 5737
35837 10432
35839 1274
35839 2309
35839 4113
35842 3586
35842 6004
35843 1822
35843 5917
35845 5668
35846 884
35846 4538
35847 816
35848 5420
35848 6545
35849 1921
35852 2437
35852 3545
35852 5800
35852 10522
35853 2394
35853 2569
35860 3631
35861 5557
35862 5690
35862 8855
35862 11070
35864 796
35866 10740
35875 363
35875 6443
35877 6769
35879 5242
35879 9615
35880 2468
35886 3942
35887 3274
35890 434
35893 1393
35893 5762
35893 5920
35900 2532
35904 453
35904 832
35904 1274
35907 5287
35909 8437
35915 3355
35915 4185
35916 8171
35919 8038
35921 727
35923 2829
35925 3692
35927 2453
35930 31
35930 2362
35961 2247
35966 2709
35966 6706
35972 10830
35979 36
35982 4666
35984 951
35984 7890
35992 8663
35995 1118
35996 5538
35997 8198
35999 760
35999 2067
35999 2395
35999 6264
35999 6360
35999 8060
35999 11219
35999 11498
36003 5272
36004 2138
36006 2791
36014 3910
36014 4508
36017 7813
36020 8437
36023 5406
36026 1535
36026 2829
36026 3430
36027 4549
36027 4760
36027 5119
36027 6266
36027 10587
36028 10515
36029 978
36030 7627
36031 38
36031 2316
36031 2377
36033 884
36045 490
36045 563
36045 1709
36048 8925
36052 772
36057 1091
36057 3346
36057 6395
36057 7709
36058 1202
36059 5650
36068 10669
36068 11690
36073 7804
36074 3946
36078 1901
36078 2928
36079 3768
36080 1904
36081 391
36081 1398
36081 4262
36081 10553
36083 1931
36085 6832
36091 610
36092 1023
36095 740
36097 4297
36108 2195
36108 9737
36113 1574
36115 5232
36115 5312
36115 10051
36116 1862
36116 2682
36118 9057
36122 118
36124 2550
36126 3107
36133 3096
36134 7697
36134 8087
36135 869
36135 6101
36135 10288
36139 923
36139 2640
36139 3236
36139 7121
36139 9998
36140 2848
36140 4208
36140 5514
36140 5701
36140 8760
36141 3963
36147 1342
36147 2492
36147 3227
36149 243
36149 2575
36149 2693
36149 3271
36149 7648
36150 8669
36150 10367
36151 481
36151 609
36151 967
36151 2904
36151 4050
36151 4379
36151 7481
36151 7483
36151 11429
36152 3962
36162 11520
36164 1352
36167 5247
36169 5161
36169 5374
36172 8925
36174 8127
36174 8467
36175 1930
36175 3441
36175 5730
36175 7176
36178 789
36181 1225
36182 29
36183 2317
36185 570
36185 607
36185 2204
36185 6249
36187 3810
36189 6935
36189 7716
36192 1828
36192 4058
36192 7329
36193 3553
36194 302
36203 6532
36209 1564
36209 6290
36209 7219
36211 925
36216 907
36218 7687
36220 9429
36228 1408
36228 3065
36230 721
36232 5169
36234 9488
36236 3660
36236 11950
36240 1550
36240 1575
36240 4094
36240 7497
36243 1804
36245 4830
36250 244
36250 5707
36251 2805
36253 1742
36254 244
36254 345
36254 3107
36254 5903
36255 1081
36261 822
36262 7123
36269 2196
36269 5268
36271 2472
36271 3057
36274 8102
36276 2694
36278 7429
36278 9230
36279 743
36279 11740
36281 9779
36283 1773
36285 3015
36288 1495
36288 1864
36288 2288
36288 3442
36291 5562
36292 2119
36292 7846
36296 1255
36296 1358
36297 1396
36301 1440
36301 2415
36301 2843
36301 3740
36301 6699
36301 8384
36302 4928
36303 10801
36310 2911
36311 251
36311 1693
36311 4092
36311 7906
36311 8501
36316 11584
36318 354
36321 4052
36325 4277
36330 2696
36330 4458
36330 7278
36330 10363
36330 10960
36332 576
36336 6448
36336 6826
36339 269
36339 5475
36339 10653
36346 4036
36347 240
36347 3763
36348 2314
36349 14
36349 854
36349 1283
36351 2346
36355 6591
36360 2330
36361 5581
36361 9094
36361 10456
36363 1948
36366 5395
36368 7407
36372 6680
36379 511
36379 852
36379 1016
36379 1043
36379 5014
36379 8814
36379 9244
36379 9685
36383 3507
36396 3709
36397 576
36403 3606
36414 7139
36416 322
36418 14
36418 169
36426 480
36428 20
36428 616
36428 2507
36428 4244
36428 9139
36431 96
36434 1396
36434 5100
36439 7838
36441 6357
36443 1808
36445 732
36445 4767
36454 982
36454 1028
36455 516
36462 9321
36463 2605
36469 5327
36471 2992
36471 3808
36471 6066
36471 6383
36471 6932
36472 884
36481 395
36481 1564
36481 4136
36481 4882
36483 9924
36484 687
36484 2701
36484 6079
36484 9109
36486 539
36486 3865
36488 5238
36494 199
36494 10906
36498 351
36498 1575
36498 2011
36498 2606
36498 5294
36498 9086
36498 10165
36499 2312
36501 1027
36501 3118
36501 4860
36501 5180
36504 8548
36506 826
36508 1202
36509 2422
36510 8722
36515 2665
36515 2719
36529 6623
36529 10632
36531 11557
36537 10632
36559 816
36559 4567
36562 1628
36564 2247
36564 4249
36564 8844
36565 841
36565 1520
36565 3428
36565 7265
36565 9634
36569 2240
36569 7353
36572 608
36572 1221
36572 3348
36572 10497
36574 10022
36576 1202
36576 1366
36578 11324
36581 2829
36582 11551
36584 288
36584 3914
36584 6639
36584 7236
36584 10310
36586 9795
36591 10389
36596 558
36596 2031
36598 737
36598 6189
36599 1994
36599 2472
36599 3503
36599 6349
36599 7269
36599 11062
36603 2499
36603 4631
36607 1355
36607 1928
36607 6000
36610 1904
36610 4749
36612 146
36612 1257
36612 1564
36612 2372
36612 9818
36612 10335
36614 6399
36617 1441
36617 11653
36619 2831
36619 7192
36619 7677
36621 3003
36621 4097
36624 4087
36625 6661
36625 10381
36626 7473
36626 7491
36628 1339
36628 2123
36633 998
36633 5751
36633 7289
36633 10051
36645 1766
36647 9279
36648 9772
36651 281
36651 1064
36651 2364
36651 3224
36651 3526
36652 870
36652 2077
36656 392
36656 1904
36656 5303
36656 7678
36656 8010
36656 10250
36660 4922
36663 2029
36663 5546
36663 9831
36666 1941
36667 10601
36668 175
36668 6335
36668 11772
36670 8046
36672 4755
36672 5324
36672 5497
36674 9423
36677 56
36677 2560
36677 2702
36683 548
36683 3802
36684 9353
36685 6425
36688 2696
36688 7212
36694 1397
36694 7664
36696 4666
36696 6182
36696 9921
36698 9248
36707 5110
36707 11598
36708 535
36710 2000
36712 217
36712 855
36714 1044
36714 2247
36718 6953
36723 8944
36723 10865
36726 2865
36726 7012
36726 8563
36726 8757
36729 3093
36731 435
36733 5475
36733 11899
36737 2992
36738 1923
36739 900
36739 1068
36739 10280
36745 2196
36745 2948
36746 4160
36749 1084
36753 62
36753 579
36753 1824
36753 3088
36753 3832
36753 5241
36753 5392
36756 1762
36756 6371
36760 10126
36763 4135
36764 8474
36765 342
36765 9033
36766 6704
36769 2237
36769 11437
36770 4249
36772 5303
36777 3622
36781 1976
36783 1902
36784 1358
36786 928
36786 2548
36788 2379
36792 62
36792 8306
36793 1387
36797 1130
36804 4490
36808 9342
36810 1741
36810 1808
36810 2172
36810 4406
36812 727
36812 2354
36812 6619
36817 854
36818 1766
36822 1524
36822 3820
36822 4330
36823 5332
36823 9495
36825 6748
36825 10894
36828 14
36831 5004
36836 3411
36836 4242
36841 174
36841 2675
36841 9401
36843 8450
36844 238
36844 1756
36844 2581
36844 7892
36844 8810
36845 3212
36845 5188
36845 6753
36845 11827
36846 367
36846 840
36846 3845
36846 4330
36846 7846
36846 7882
36846 8147
36847 2849
36848 1016
36849 3670
36849 11354
36851 2247
36855 1505
36855 1904
36855 4569
36858 10010
36861 2287
36861 3197
36861 4246
36862 1885
36862 11087
36865 267
36865 2176
36866 2035
36871 7922
36872 2117
36872 2655
36876 4528
36876 8463
36882 24
36882 2236
36882 2902
36883 6834
36884 2252
36884 9781
36884 10158
36884 10379
36886 1599
36887 7331
36893 1400
36895 2316
36896 6639
36899 395
36899 4527
36899 9791
36901 194
36901 1931
36901 3469
36902 2588
36903 8696
36905 1686
36909 1695
36909 6997
36912 7727
36914 11055
36915 1904
36915 4046
36916 15
36916 2334
36916 4289
36916 10774
36917 11120
36918 6150
36918 11746
36920 712
36920 4775
36920 7299
36920 9511
36920 11078
36932 1750
36933 1259
36933 1350
36933 1650
36937 2221
36940 2202
36942 389
36942 1135
36942 6814
36943 8193
36945 576
36945 796
36947 730
36947 1923
36947 11033
36950 5600
36956 278
36956 7591
36956 9146
36956 10357
36957 241
36957 1167
36957 3012
36957 9325
36957 10582
36959 448
36961 326
36962 10651
36965 140
36966 9520
36966 11834
36967 1358
36967 9464
36968 3697
36969 8159
36970 1869
36970 6771
36970 6826
36970 10023
36970 10075
36971 1419
36971 3518
36976 2347
36977 1858
36977 3152
36980 2691
36980 3562
36980 4631
36982 8013
36988 4326
36988 5028
36988 5689
36988 7378
36988 8682
36993 1339
36993 4012
36993 7636
37000 162
37003 9750
37006 866
37012 1842
37012 4057
37013 783
37013 1693
37013 2868
37014 3580
37014 7612
37017 3784
37024 127
37024 774
37026 867
37026 3360
37028 7740
37031 45
37032 4430
37032 5421
37040 822
37040 1208
37040 9213
37043 1886
37043 4648
37043 7275
37047 238
37047 1807
37050 5437
37051 1904
37054 10529
37057 413
37057 2103
37057 2560
37057 3851
37058 239
37058 3210
37058 5887
37059 5549
37060 3008
37061 552
37065 1435
37065 1799
37065 6456
37071 7506
37075 2781
37075 3839
37075 11566
37076 466
37078 4403
37078 10011
37078 11936
37079 4323
37079 8990
37080 5640
37083 842
37083 3519
37083 4983
37083 5833
37083 7071
37083 7817
37083 9450
37083 10979
37088 1358
37089 868
37089 2511
37091 2241
37095 2058
37099 6680
37099 10533
37106 853
37109 2782
37109 9745
37109 11875
37120 2865
37120 9087
37127 2347
37127 7492
37131 480
37131 982
37131 10536
37132 2953
37133 2711
37141 2665
37141 6630
37148 2106
37156 6780
37157 439
37157 7073
37159 14
37165 2258
37165 4208
37165 7956
37168 89
37168 306
37168 1470
37168 2028
37168 3581
37168 4094
37168 4638
37168 5924
37168 5978
37170 2605
37171 2247
37181 4208
37188 4322
37190 8146
37191 2296
37193 103
37194 2829
37196 6358
37207 815
37207 3639
37214 11129
37215 2280
37217 1784
37227 1440
37227 5773
37227 6336
37227 7649
37228 10766
37234 730
37234 3328
37234 3454
37235 2814
37237 4883
37237 7011
37240 1977
37240 7985
37240 9719
37243 8827
37248 3962
37251 647
37251 1391
37251 2328
37251 8604
37251 10004
37253 696
37254 3845
37263 5649
37268 1794
37268 2708
37272 1746
37275 11804
37282 3554
37282 10633
37282 11778
37283 10094
37283 10198
37287 1538
37289 3591
37289 4441
37289 8405
37296 250
37296 1195
37296 4992
37296 6122
37300 9349
37306 8262
37308 3442
37308 5002
37308 11110
37310 332
37310 413
37311 5765
37311 7906
37311 9121
37314 5208
37314 9748
37314 9981
37315 794
37315 1922
37315 4249
37315 5469
37315 8680
37320 3427
37321 1230
37321 3625
37321 8662
37322 14
37322 2236
37324 3975
37325 860
37325 5544
37327 1742
37327 2300
37327 7454
37330 874
37335 3891
37336 31
37336 773
37336 11109
37338 1202
37338 5406
37341 11557
37354 6921
37355 9544
37358 4075
37358 7867
37362 4129
37371 9139
37375 5552
37375 9945
37376 7416
37380 9653
37386 2859
37388 3360
37393 2664
37393 6403
37397 4892
37401 5679
37401 9151
37401 11751
37402 8522
37402 9303
37404 1779
37404 4535
37412 308
37412 420
37412 455
37412 515
37412 873
37412 891
37412 1086
37412 1648
37412 2587
37412 4269
37412 5040
37412 8158
37412 8985
37412 9737
37412 10099
37412 10158
37412 10611
37413 8366
37414 1627
37414 4469
37414 5774
37414 6006
37415 5430
37417 1288
37418 8130
37419 1718
37420 1028
37421 2012
37423 9868
37423 11875
37425 3322
37425 5421
37425 8505
37444 841
37445 3810
37446 2992
37446 3057
37446 6456
37448 6244
37448 6327
37448 7813
37448 8324
37448 9916
37455 188
37455 3804
37456 4400
37456 5145
37456 9969
37456 11076
37458 172
37462 6529
37464 2125
37464 4394
37466 3539
37471 2708
37474 1581
37474 3725
37475 3393
37477 7334
37479 1142
37479 1228
37479 2075
37479 3452
37479 5359
37479 5752
37479 9161
37479 11112
37485 6933
37485 9905
37487 39
37487 576
37487 1143
37487 3957
37487 4406
37487 4779
37487 9217
37487 10509
37487 11408
37488 239
37488 1992
37488 2721
37490 4333
37494 4046
37494 6206
37494 7728
37496 2508
37500 9231
37504 10433
37508 660
37512 3772
37513 2856
37522 128
37522 563
37522 1438
37522 4511
37522 5571
37522 7534
37522 8784
37529 596
37529 951
37529 6275
37529 9103
37529 10506
37531 608
37532 1308
37532 4025
37533 10729
37535 3089
37538 2546
37538 4262
37538 4730
37539 257
37539 795
37539 3047
37539 5995
37539 11450
37540 3574
37540 6290
37540 9973
37542 552
37542 2103
37542 4793
37542 10035
37543 10260
37544 2377
37544 4403
37544 11408
37547 576
37551 3551
37551 4071
37555 364
37565 7909
37569 4100
37569 4646
37569 11616
37573 395
37575 7227
37576 11598
37577 7186
37583 1842
37589 264
37597 9076
37601 1057
37602 3810
37604 5533
37609 9042
37610 2756
37613 11175
37616 174
37616 890
37616 5621
37616 6317
37616 10580
37619 5615
37620 4059
37620 10925
37622 6761
37629 7611
37632 102
37632 3389
37633 5454
37635 884
37635 9020
37636 5188
37637 301
37637 1864
37637 2698
37637 2985
37637 3355
37637 5307
37637 5400
37637 6602
37637 8658
37637 9142
37637 9998
37637 11765
37639 4867
37647 6646
37648 4051
37649 2829
37649 4753
37649 10343
37651 2818
37655 840
37662 2776
37662 4375
37663 402
37663 2982
37664 7299
37667 886
37667 5417
37668 1086
37674 3151
37676 7277
37677 5116
37677 5811
37678 3271
37679 978
37679 3603
37680 6209
37682 566
37682 1059
37682 1585
37682 2100
37682 2704
37682 4545
37682 5747
37682 8169
37682 8969
37682 11836
37683 980
37690 849
37690 3906
37690 8039
37693 5290
37695 1626
37695 1652
37695 2028
37695 3422
37695 3919
37695 10894
37696 2689
37696 5421
37696 8204
37701 3628
37701 6803
37701 7486
37703 840
37703 1481
37703 2490
37703 3249
37703 7909
37705 1931
37713 1202
37715 312
37715 7939
37721 4197
37721 5303
37724 6503
37725 6957
37727 3064
37727 3968
37727 4457
37727 5049
37727 5087
37727 5217
37727 8563
37728 2381
37730 1954
37730 3183
37730 4867
37730 8092
37732 5554
37734 377
37735 1874
37737 653
37742 145
37742 2453
37742 2871
37743 2846
37743 4340
37744 1282
37744 3334
37744 4129
37746 7298
37749 278
37749 2439
37749 4087
37749 9960
37749 10583
37754 923
37754 7946
37754 8183
37754 8320
37760 2138
37763 15
37764 8514
37769 5638
37776 10147
37778 9093
37780 3692
37781 1358
37782 11
37788 1828
37788 2159
37788 6448
37788 10975
37794 3736
37794 3960
37794 6980
37795 3645
37795 10588
37797 6376
37801 45
37801 8280
37802 10916
37804 2448
37805 901
37806 906
37806 4717
37806 9456
37807 2758
37810 2086
37810 7602
37810 10215
37812 14
37820 2698
37827 3904
37830 1984
37834 1528
37834 7266
37839 6923
37839 7288
37840 2863
37846 8956
37853 2035
37861 9745
37868 3957
37868 7033
37870 967
37870 4134
37870 6816
37874 10906
37877 6095
37877 6602
37877 7017
37877 8983
37877 11033
37887 7711
37887 8466
37887 9973
37891 2236
37895 5682
37896 2066
37896 2693
37897 123
37897 6123
37897 6742
37899 2264
37902 353
37903 910
37903 3256
37903 3421
37903 6337
37903 6954
37903 11136
37906 3151
37906 3302
37910 6348
37913 4436
37918 29
37918 10194
37919 3511
37920 5599
37920 9325
37926 2235
37930 1567
37930 10248
37933 420
37933 3550
37940 7107
37944 922
37944 6388
37944 7904
37951 407
37952 7692
37952 11209
37953 4227
37953 8498
37965 4917
37971 7630
37972 7539
37972 8274
37974 364
37974 11945
37975 244
37975 1126
37977 3671
37977 4240
37977 6199
37977 6603
37982 883
37982 2482
37982 4952
37982 6374
37982 10287
37988 1439
37991 520
37991 4855
37991 6611
37991 8627
37991 11586
37994 621
37994 662
37995 11060
37998 224
38007 857
38007 2024
38009 7820
38009 9546
38015 3775
38020 3761
38025 296
38028 1037
38028 3042
38028 9203
38029 2132
38033 9680
38036 8882
38039 1444
38045 576
38045 649
38045 6989
38047 1257
38047 1449
38047 2138
38047 5481
38047 8249
38047 8818
38056 2926
38056 5350
38059 9575
38062 431
38062 974
38062 1195
38062 7942
38062 8213
38062 9406
38066 4973
38069 541
38069 885
38070 2716
38071 2526
38071 5215
38071 6685
38073 4572
38074 3404
38076 136
38076 1436
38076 6317
38076 9690
38076 10634
38077 6297
38080 11420
38081 78
38081 1304
38081 2560
38081 3813
38081 3839
38083 1441
38084 796
38084 3307
38087 10374
38089 6614
38091 10708
38091 11183
38093 14
38097 84
38099 3460
38108 280
38110 9007
38117 1393
38119 3363
38119 6738
38124 4159
38127 4184
38129 3397
38133 6974
38138 3227
38144 2237
38144 9945
38144 10765
38145 874
38147 1624
38147 4217
38147 6853
38151 1871
38151 2843
38151 5472
38151 8189
38165 2012
38165 9733
38172 2599
38172 3683
38174 209
38174 277
38174 3532
38174 7497
38180 3759
38181 1857
38181 2179
38181 3255
38181 4036
38181 4111
38184 6568
38187 44
38187 2247
38187 4091
38187 9830
38192 9809
38194 6679
38194 7317
38194 11266
38202 2507
38202 3126
38202 3298
38206 2372
38206 10911
38207 1005
38207 1358
38209 269
38209 1528
38209 1902
38210 1520
38210 7796
38217 662
38224 8547
38227 1156
38228 2868
38228 6081
38229 49
38229 543
38229 1762
38229 11687
38230 20
38230 3702
38230 7644
38233 2652
38233 3380
38233 5341
38235 1878
38245 1756
38245 5698
38252 869
38255 2829
38256 4706
38258 4650
38263 7942
38266 6102
38270 11591
38271 14
38271 4856
38271 7100
38271 9217
38271 9433
38273 4208
38273 7486
38274 380
38274 1394
38274 3034
38274 7480
38274 9290
38275 5830
38277 229
38280 6997
38280 9395
38281 6573
38281 9123
38283 268
38286 1992
38289 10
38289 2187
38291 3562
38291 6290
38291 7976
38291 9937
38291 10112
38291 10287
38291 11914
38295 906
38295 9875
38299 3442
38299 10196
38300 251
38300 3220
38300 4465
38300 4740
38301 7924
38302 7695
38303 1120
38303 3462
38303 6964
38309 6859
38312 11784
38313 76
38313 623
38313 972
38313 5640
38313 7555
38313 8990
38315 4057
38320 10229
38328 3696
38335 2486
38337 2200
38338 3689
38338 11073
38344 10314
38351 3872
38351 6433
38351 9648
38351 10418
38352 7906
38354 4033
38354 4334
38354 6360
38354 10123
38356 2306
38356 8298
38360 711
38360 1129
38360 8766
38365 901
38371 4050
38373 4079
38373 10630
38373 11947
38374 818
38375 5978
38376 6185
38377 9320
38378 1358
38380 9927
38388 436
38392 1259
38392 1996
38396 221
38396 1990
38396 5861
38396 8355
38397 1482
38397 1584
38398 102
38398 3171
38400 9563
38402 901
38402 2158
38402 6256
38408 2511
38409 7718
38410 7260
38414 442
38414 1842
38415 5155
38415 6522
38420 395
38421 6889
38426 6677
38428 5004
38428 5008
38429 9232
38431 1990
38437 1511
38438 3917
38438 7948
38438 9236
38439 1777
38439 4490
38439 7851
38439 7864
38439 7899
38443 3660
38446 10841
38450 849
38450 3248
38450 6610
38450 10563
38450 11266
38451 1183
38453 162
38453 1257
38458 442
38462 948
38462 10203
38464 157
38464 4789
38466 2799
38466 7501
38466 7571
38466 8148
38466 10583
38474 2991
38475 9563
38475 11010
38482 8069
38483 1715
38483 6534
38483 8467
38483 11300
38484 6029
38486 5766
38486 10761
38489 3212
38489 4020
38489 7523
38494 1039
38494 2445
38494 5382
38494 5734
38494 10825
38495 6774
38498 1227
38498 1330
38498 4996
38500 1575
38500 8934
38504 5529
38504 6297
38504 8725
38504 10914
38505 8927
38508 3699
38511 5437
38511 6639
38514 2398
38514 3421
38514 4102
38514 5385
38514 5491
38514 9295
38514 9307
38514 9589
38514 9764
38514 9962
38515 4111
38515 8647
38522 11914
38523 8007
38525 8529
38525 8633
38526 1358
38531 10301
38531 10674
38533 2237
38540 465
38541 11806
38546 2243
38546 3107
38546 3891
38546 6809
38546 6955
38546 7637
38546 8923
38549 8289
38550 1635
38550 3895
38550 6601
38550 6976
38550 10080
38554 3502
38554 7635
38556 1399
38556 3533
38556 5480
38562 10585
38563 9335
38567 1942
38567 4380
38567 6498
38569 786
38569 2843
38573 4673
38573 5142
38574 616
38574 724
38574 9316
38580 435
38584 6550
38586 7123
38587 6476
38587 7324
38593 901
38593 3393
38595 442
38596 2118
38599 1409
38599 1618
38599 4420
38600 118
38600 5533
38602 84
38608 10234
38615 1586
38615 10170
38623 4405
38625 3185
38626 2468
38626 7023
38626 7210
38627 5622
38630 7486
38631 9
38631 3700
38631 6905
38631 8929
38631 9496
38635 2632
38637 4000
38637 10852
38638 1156
38638 3562
38638 3852
38638 5049
38639 1135
38644 2379
38645 694
38645 9110
38646 1182
38648 3570
38650 2927
38656 5469
38660 237
38660 5304
38660 7876
38660 11257
38662 7354
38663 413
38663 489
38663 7560
38667 689
38667 2706
38667 10583
38668 1051
38671 8253
38672 1524
38673 5459
38673 10381
38676 8069
38678 789
38678 1384
38678 2627
38679 2635
38679 3201
38680 958
38680 1280
38680 2829
38680 8093
38684 3680
38686 6355
38688 3173
38691 5806
38695 5283
38695 10672
38697 76
38697 136
38697 3148
38697 8302
38707 81
38707 4737
38711 10219
38712 10139
38719 2914
38719 8341
38721 1068
38721 6719
38723 4755
38725 4391
38727 959
38727 4009
38727 6204
38727 7835
38727 9389
38732 504
38732 7437
38732 7498
38734 9381
38735 1322
38735 5596
38739 11311
38741 11947
38746 2023
38749 6052
38750 1842
38756 6556
38759 8466
38762 2419
38767 535
38775 618
38775 1606
38775 2224
38775 3731
38775 10579
38778 11698
38781 208
38781 2887
38781 3494
38781 6068
38782 44
38784 1927
38784 5248
38786 2302
38792 2704
38793 1772
38793 6764
38795 1081
38797 1340
38797 1843
38797 4940
38797 7551
38797 9001
38803 6058
38803 10196
38804 475
38804 3423
38806 675
38806 2967
38807 4145
38808 5847
38808 6897
38808 10245
38810 855
38810 6353
38817 1059
38818 1254
38819 10553
38824 437
38824 7534
38825 11895
38834 703
38834 4319
38834 5511
38834 7387
38834 10865
38834 11295
38836 9809
38838 869
38838 8786
38842 3469
38846 2496
38848 3213
38852 4227
38852 6416
38853 4502
38854 1842
38857 5826
38858 570
38858 5121
38861 9028
38861 9628
38863 1552
38863 10310
38865 5459
38871 3876
38871 6296
38873 5108
38873 7298
38873 10465
38876 734
38876 9649
38878 5836
38878 6572
38878 8482
38880 5060
38880 8808
38886 2703
38886 7492
38886 7731
38886 8113
38886 9809
38889 10759
38902 3395
38902 9082
38902 10497
38903 3879
38903 8087
38903 8909
38903 11382
38903 11753
38905 66
38908 847
38908 3541
38908 6593
38912 608
38912 6434
38912 7465
38912 10242
38914 5965
38916 3339
38917 76
38917 2135
38917 5556
38920 123
38920 2312
38920 6352
38920 9921
38921 10144
38921 11304
38925 1699
38925 1828
38925 2539
38925 4710
38925 5396
38925 6990
38925 7333
38925 8290
38925 8405
38930 341
38930 10630
38933 6986
38935 1099
38935 1780
38935 2138
38935 4111
38937 10512
38941 2842
38941 3792
38945 5168
38946 1195
38946 1393
38951 7444
38951 8142
38953 651
38954 2725
38954 7817
38954 10101
38958 10
38960 9992
38962 2575
38965 1048
38965 1685
38965 3374
38965 3942
38966 5160
38968 7757
38981 714
38985 10218
38985 11003
38990 1808
38992 2022
38992 6153
38992 8709
38992 11143
38992 11195
38998 8246
38999 2175
39000 2372
39006 5354
39010 6197
39010 11414
39012 4687
39018 9995
39019 437
39019 7081
39019 10561
39021 3339
39023 1309
39026 141
39044 2937
39044 7934
39044 10528
39047 2256
39054 413
39055 1260
39055 1441
39059 2686
39063 894
39063 4775
39063 8401
39063 11405
39070 1234
39070 1373
39070 2568
39070 2599
39070 3731
39070 9750
39070 11017
39071 5454
39071 7508
39083 2716
39083 3842
39083 4178
39083 6702
39083 9076
39083 9292
39083 10823
39087 3373
39089 3359
39090 81
39092 5442
39093 740
39093 2304
39093 7996
39093 9596
39100 6187
39102 5167
39104 8095
39104 9961
39104 10461
39105 7300
39107 9322
39112 3881
39116 3296
39118 5960
39118 7985
39119 2415
39119 6337
39120 501
39120 2798
39120 3781
39120 7631
39124 3246
39124 5397
39126 3093
39128 3975
39128 6153
39129 8100
39131 5067
39131 5719
39134 4918
39135 2943
39135 9855
39144 2285
39144 2896
39144 6035
39148 436
39148 10293
39156 99
39156 9964
39158 3685
39158 9591
39162 1163
39162 7163
39164 2585
39164 9351
39167 1183
39167 1686
39167 4070
39167 4966
39167 5962
39175 2082
39177 195
39177 3406
39177 3539
39177 6403
39177 7212
39178 5501
39180 2740
39180 4851
39180 8804
39181 1126
39181 9430
39181 11689
39182 2450
39184 7278
39187 10349
39190 575
39197 601
39202 2265
39203 40
39203 3770
39203 4345
39209 5552
39218 7757
39221 1135
39221 9155
39222 413
39222 11719
39225 3480
39225 9339
39225 11548
39230 3193
39231 7685
39232 4886
39234 1631
39234 5054
39234 6057
39234 8271
39234 8965
39238 660
39238 4173
39238 7380
39238 8859
39243 10827
39244 2655
39249 11019
39253 8133
39258 3708
39258 9492
39262 10025
39263 8740
39264 7269
39271 2241
39271 4893
39271 6930
39271 8568
39271 9359
39271 9556
39272 5251
39272 5920
39275 6673
39280 607
39280 1996
39287 7743
39287 7853
39287 11323
39289 1585
39289 1644
39296 11815
39306 3555
39312 2708
39312 3873
39312 7412
39312 8627
39315 6642
39317 8799
39328 3839
39337 4316
39337 8198
39343 436
39343 8881
39347 45
39347 9020
39347 11872
39350 515
39350 2035
39352 3933
39353 305
39356 2562
39357 6922
39357 7091
39357 7239
39357 8198
39363 651
39363 2335
39363 3903
39363 6293
39363 6331
39363 7566
39366 1629
39367 6713
39370 3431
39371 4882
39373 5943
39377 6637
39378 76
39378 1162
39378 3451
39378 4761
39378 6453
39386 402
39386 9119
39386 9183
39391 9716
39393 1416
39397 45
39397 2111
39397 6323
39397 6931
39397 8196
39397 11104
39397 11729
39401 442
39403 9783
39405 670
39412 3544
39414 8575
39415 11756
39419 2141
39419 7026
39419 7738
39420 4128
39420 7206
39423 8188
39424 7534
39426 286
39435 186
39436 6793
39441 10
39441 36
39441 512
39441 907
39441 1246
39441 3227
39441 3400
39441 3821
39441 6098
39442 3438
39444 2883
39452 7063
39453 10640
39453 10938
39456 2071
39456 7833
39458 623
39458 2957
39461 2375
39469 14
39469 4160
39472 4050
39473 3829
39473 6136
39473 10047
39478 2790
39479 84
39481 1261
39481 1421
39481 6346
39484 9749
39485 558
39487 794
39488 4251
39490 1067
39493 4648
39495 10843
39499 3706
39502 2159
39503 4959
39505 7055
39505 9817
39512 11306
39514 1081
39517 4834
39517 5431
39517 6639
39519 267
39519 11700
39520 7420
39521 854
39521 3533
39521 5574
39521 9020
39522 1440
39522 9303
39522 11211
39526 11693
39527 2753
39527 4401
39527 7740
39530 714
39530 1895
39530 2555
39530 3904
39530 6467
39530 11288
39543 2940
39547 871
39547 1643
39551 5731
39552 869
39552 1150
39552 5089
39552 6513
39552 7292
39552 7385
39552 7948
39552 10185
39557 2308
39565 3393
39565 9621
39565 11743
39570 15
39570 442
39570 1130
39570 7239
39576 2748
39583 1906
39583 2664
39583 4379
39583 6191
39583 7787
39583 10973
39584 724
39584 4860
39585 3083
39585 8406
39589 5890
39589 7682
39594 313
39594 5620
39597 21
39597 3390
39597 3607
39597 7055
39597 7200
39598 62
39598 4423
39598 4851
39612 8856
39621 11816
39622 796
39622 6961
39622 11024
39623 10214
39625 6125
39626 5798
39626 6944
39628 11596
39637 1842
39637 3832
39637 5002
39640 5820
39643 3442
39646 9780
39649 549
39650 1226
39650 4364
39650 4617
39650 10592
39653 2251
39653 6169
39654 1358
39654 3838
39654 6335
39659 744
39659 6851
39659 8697
39666 2224
39673 2155
39673 11735
39674 10254
39674 11766
39679 2453
39680 6204
39682 10420
39690 8117
39693 449
39693 1434
39693 8241
39695 7179
39705 4172
39705 5599
39705 6544
39705 9568
39705 9899
39706 2584
39706 3761
39706 6639
39710 1029
39712 395
39712 4731
39712 7854
39713 364
39714 4867
39717 3508
39718 2704
39718 6006
39728 724
39728 4735
39728 4873
39728 10445
39728 11300
39733 2664
39733 3834
39733 5481
39733 9028
39738 651
39738 10538
39739 6516
39739 9170
39744 2575
39744 7736
39745 3371
39748 1406
39754 2375
39754 3877
39754 6574
39754 11322
39754 11448
39756 5048
39767 6364
39767 6386
39771 9036
39772 338
39772 6509
39772 9925
39772 10338
39778 10725
39779 1157
39784 3306
39784 9026
39791 8371
39791 10593
39795 967
39795 4004
39795 4347
39795 7169
39795 11131
39796 4655
39798 3791
39802 1578
39802 2315
39804 4870
39805 3438
39810 6289
39810 7471
39810 9320
39831 863
39831 3942
39834 238
39834 242
39834 411
39834 598
39834 2586
39834 3671
39834 4517
39834 4986
39834 6075
39834 7252
39834 8432
39834 11034
39835 2953
39845 654
39845 1578
39845 1715
39845 2696
39845 2724
39845 3262
39845 3904
39845 8730
39846 3212
39846 5395
39854 832
39854 1139
39857 1910
39857 9113
39858 5421
39860 671
39860 1929
39860 3865
39868 3230
39868 9228
39875 10785
39877 471
39877 5119
39881 3658
39881 5809
39881 11620
39882 1756
39882 10121
39884 740
39886 2713
39887 1561
39887 8006
39890 4921
39893 666
39893 1399
39893 1609
39893 1938
39893 2038
39893 2477
39893 2895
39893 3703
39893 7220
39901 1501
39904 6560
39905 794
39911 131
39911 4452
39911 5978
39912 753
39912 999
39914 11203
39918 1434
39918 3456
39918 4396
39918 4980
39918 6643
39918 10372
39920 3462
39920 4434
39920 9004
39921 1972
39921 8507
39927 2895
39927 4642
39928 943
39929 3317
39934 102
39934 493
39934 3049
39934 3543
39934 3661
39934 4190
39934 6286
39934 10177
39934 10942
39935 2633
39936 1258
39936 6030
39936 7230
39936 10851
39941 2472
39941 3257
39941 10588
39942 14
39942 902
39942 2522
39942 2928
39942 3395
39942 8970
39948 2118
39948 2352
39948 7718
39949 2227
39950 6368
39952 1864
39952 2472
39954 3989
39954 5818
39957 7575
39959 1062
39959 2705
39959 5826
39960 3854
39960 5922
39960 7523
39963 183
39963 837
39967 3267
39968 10595
39972 635
39973 1814
39974 1098
39977 169
39977 462
39977 9310
39977 11726
39978 6936
39980 4044
39980 5064
39980 6153
39980 8469
39981 576
39984 5081
39984 8176
39984 8727
39985 4851
39985 7756
39986 6333
39989 1666
39989 3917
39989 5602
39989 7277
39989 8923
39989 9301
39989 10005
39994 1535
39994 4173
39994 4316
39994 9196
39994 10523
39999 799
40003 5922
40005 10602
40009 2103
40009 5276
40010 413
40010 437
40010 3041
40010 3861
40010 10884
40025 11729
40026 1091
40026 1568
40026 4373
40035 93
40035 906
40035 1010
40035 2364
40035 8526
40036 9906
40041 9945
40043 8999
40043 10092
40045 1416
40045 2737
40045 5469
40045 11203
40046 516
40049 7418
40049 8801
40052 268
40052 3323
40052 6753
40052 6920
40052 8111
40052 11661
40053 3355
40057 1656
40059 5798
40059 11517
40062 3593
40064 780
40064 1251
40064 2891
40066 2100
40067 999
40067 8775
40073 6396
40076 1098
40078 67
40078 2605
40079 998
40079 5025
40079 5751
40079 6403
40079 6855
40084 505
40088 67
40088 5975
40088 8967
40091 169
40093 3934
40095 10886
40097 3339
40105 76
40105 169
40108 3758
40108 11107
40112 4861
40112 8408
40113 907
40115 226
40115 563
40115 661
40115 1201
40115 6716
40115 10431
40115 10700
40119 6992
40120 7823
40125 8326
40131 3761
40138 2372
40138 2829
40143 546
40143 2704
40147 981
40147 11030
40147 11451
40150 6310
40151 807
40151 11221
40154 2467
40156 1931
40161 1585
40164 11421
40167 4474
40174 11230
40175 1828
40175 2546
40178 2185
40178 3781
40179 10059
40182 1161
40182 3608
40182 11920
40184 4144
40184 7899
40185 5391
40185 10121
40186 1395
40186 3968
40186 4254
40187 3045
40187 3521
40188 3981
40188 10209
40189 421
40189 464
40189 1254
40189 4993
40189 5986
40189 8622
40190 3837
40190 4436
40193 8800
40193 10450
40193 10861
40195 8198
40201 162
40201 3531
40201 6060
40201 6169
40205 1646
40205 3538
40205 4639
40205 5550
40205 11861
40206 2082
40206 6793
40208 271
40208 1801
40208 2380
40210 8154
40216 6837
40216 7725
40216 11836
40219 44
40225 157
40225 161
40225 708
40225 966
40225 1434
40225 1536
40225 1572
40225 2483
40225 5549
40225 5695
40225 11506
40228 412
40229 2348
40229 2982
40230 1935
40230 4259
40230 7621
40230 10072
40233 76
40233 5444
40233 9960
40241 5252
40241 7281
40246 1631
40247 8887
40254 3798
40260 644
40260 3979
40262 3933
40263 1385
40263 2716
40264 4225
40264 9444
40265 1974
40265 8482
40271 5974
40271 6850
40276 332
40276 1655
40276 5243
40276 7498
40277 11217
40279 3915
40279 10178
40280 5727
40288 5626
40290 3227
40290 7359
40294 316
40294 2094
40294 5985
40295 3584
40295 9742
40296 711
40296 7578
40299 1432
40299 2075
40299 11704
40311 7724
40311 9243
40315 5591
40324 5367
40326 2914
40329 2301
40329 2665
40329 11616
40331 2314
40335 3526
40337 1947
40338 10681
40341 1564
40343 5720
40343 6980
40343 7179
40352 552
40352 2945
40352 4259
40352 5373
40352 6337
40353 7345
40353 11346
40356 2936
40360 11816
40362 1118
40367 1146
40367 3026
40367 9190
40368 634
40368 2789
40368 4371
40368 6805
40373 10833
40375 172
40378 31
40378 217
40378 6887
40378 9766
40380 9168
40384 2676
40384 4206
40384 9960
40387 2439
40387 8579
40396 382
40400 5009
40404 10094
40409 10101
40412 2472
40412 10814
40414 6016
40416 4423
40416 4559
40416 10402
40421 7343
40426 1842
40429 395
40429 3048
40429 6286
40430 5998
40430 8369
40430 8907
40430 11296
40435 727
40437 3212
40437 3904
40439 396
40440 2829
40447 4329
40447 4331
40447 10290
40449 2035
40449 6253
40449 9730
40452 880
40452 2991
40455 3761
40461 4116
40461 7963
40462 7280
40462 9094
40462 10874
40462 11533
40463 3711
40464 1528
40467 5591
40468 6347
40471 2484
40471 2686
40471 5014
40471 9007
40471 10174
40472 5483
40472 9040
40475 5928
40476 5442
40476 11639
40478 2495
40478 3810
40485 5751
40486 699
40486 4568
40488 813
40492 5360
40493 1904
40495 413
40495 1369
40498 4624
40498 6370
40501 9799
40503 1756
40503 3478
40503 3679
40503 11088
40509 471
40511 1224
40511 1643
40511 1821
40511 3649
40511 7698
40513 1575
40516 2016
40516 9897
40518 7636
40520 2138
40520 6101
40522 2800
40527 1247
40528 3931
40528 6556
40528 11614
40529 607
40530 7591
40531 5507
40531 7886
40535 5838
40536 7401
40537 1929
40542 4933
40545 703
40545 7239
40546 9271
40548 3201
40550 8979
40553 3824
40555 2986
40555 8739
40560 2945
40560 4331
40560 4639
40564 747
40566 5065
40570 2921
40570 11689
40573 171
40577 3526
40577 4845
40577 5360
40577 7026
40581 1535
40581 3442
40581 6639
40581 9350
40583 6450
40583 9483
40584 10906
40586 413
40587 8527
40587 10346
40588 6420
40590 6048
40593 9165
40594 169
40594 11168
40595 813
40595 2560
40596 924
40596 1977
40597 312
40597 7648
40602 411
40602 2704
40602 6560
40602 11810
40603 5387
40603 9822
40603 11609
40605 3384
40605 10106
40607 2181
40612 10845
40620 2296
40622 83
40623 4297
40624 1533
40628 1412
40633 1066
40633 7547
40636 1641
40636 5057
40636 10326
40637 2626
40637 5409
40637 6262
40637 8867
40637 10009
40640 1449
40641 1602
40642 78
40642 1262
40642 1959
40642 5305
40642 6146
40644 5055
40644 8798
40645 8891
40651 5934
40652 6268
40666 3110
40666 3508
40666 3850
40669 14
40670 11732
40675 2426
40679 2863
40681 11353
40685 1470
40685 5704
40685 6977
40685 8721
40685 9824
40686 6876
40686 10472
40688 2237
40688 5729
40697 251
40697 1194
40697 5014
40700 3156
40700 11522
40702 8741
40702 10069
40704 395
40704 509
40704 524
40704 2472
40704 2696
40708 1697
40708 8835
40709 1940
40713 8545
40713 10945
40715 5889
40718 2599
40721 14
40721 5308
40727 10233
40728 5341
40729 101
40729 715
40729 1513
40729 5468
40729 6656
40729 7574
40729 8250
40729 11837
40730 354
40735 7970
40735 9542
40738 5559
40745 3256
40748 6296
40753 4624
40753 7934
40754 4382
40764 7103
40765 634
40770 1932
40772 1328
40772 3170
40772 3326
40772 4356
40772 7159
40772 7772
40776 2031
40780 632
40781 1
40781 2193
40785 2522
40785 4716
40785 10825
40786 1421
40786 3400
40792 5135
40793 1418
40797 1348
40801 1572
40801 7905
40804 8769
40805 1118
40805 1358
40805 2141
40807 634
40809 9952
40811 137
40811 286
40811 342
40811 1540
40811 2252
40811 3622
40811 7325
40821 1293
40821 5816
40821 9854
40827 3761
40827 7293
40830 708
40830 5287
40838 2420
40842 100
40844 6323
40851 2856
40853 167
40853 2945
40853 5215
40853 5867
40853 6172
40853 6404
40853 6984
40853 9590
40854 843
40854 4611
40854 5790
40854 6598
40854 7239
40854 9322
40862 7627
40869 9288
40872 2580
40872 6176
40875 5741
40878 12
40878 1606
40878 2863
40878 3399
40878 3431
40880 3319
40880 3881
40882 6510
40886 2539
40886 2550
40886 7975
40889 3485
40895 3740
40895 6125
40898 534
40898 2572
40898 7205
40899 7235
40899 10583
40901 76
40903 3842
40903 6583
40906 529
40910 6201
40913 2890
40913 4263
40916 2994
40916 10691
40917 7088
40917 7504
40917 7995
40918 959
40919 1959
40919 2387
40919 2945
40921 763
40923 6755
40923 7743
40925 4645
40927 3853
40927 7728
40930 8519
40935 732
40935 11321
40936 3736
40940 280
40940 1024
40940 3271
40947 1854
40948 1558
40948 2877
40954 7700
40956 3422
40956 3597
40956 7507
40956 7663
40960 10995
40962 378
40964 5809
40964 6573
40965 2716
40965 6463
40970 1953
40970 11019
40970 11725
40971 1358
40973 8337
40981 413
40981 1561
40981 3339
40981 5065
40981 5939
40981 6353
40981 10257
40989 1693
40989 9104
40991 436
40991 2829
40993 37
40993 3837
40994 2466
40997 554
40997 2403
40997 2863
40997 3629
40997 10741
40998 1475
40998 7026
40998 9528
40998 9529
40998 10006
41002 1531
41002 9348
41003 10583
41005 442
41009 444
41012 5571
41012 8253
41014 76
41014 7456
41015 17
41016 161
41016 383
41016 2675
41016 3162
41027 5539
41029 2418
41029 3536
41029 4049
41029 5093
41032 10970
41036 6097
41036 9945
41036 11537
41037 3255
41041 1037
41041 8203
41043 6290
41044 318
41044 493
41044 3227
41044 5372
41044 6057
41048 1954
41054 2252
41054 4763
41054 4769
41054 6098
41054 11882
41055 411
41055 8994
41056 4094
41060 2094
41060 6694
41065 3813
41082 7985
41086 3740
41088 1016
41089 1828
41095 688
41095 1195
41095 2062
41095 9737
41101 1767
41101 7663
41107 1117
41107 3151
41107 4837
41107 6963
41107 7077
41107 8191
41110 413
41110 3227
41117 3747
41124 7761
41127 4908
41134 2038
41137 5130
41140 4674
41140 5607
41143 6378
41143 7340
41143 7718
41148 5591
41151 6799
41154 3902
41157 3704
41157 5040
41157 5485
41157 10012
41159 7640
41165 7
41165 570
41165 2930
41165 3198
41165 5077
41168 3278
41173 6306
41173 11019
41175 1003
41180 268
41180 4376
41180 6102
41181 337
41193 8038
41194 2427
41198 332
41198 396
41198 4863
41198 8273
41201 2546
41201 2657
41201 4673
41201 6226
41208 67
41208 6527
41208 10645
41209 670
41213 8139
41220 3837
41221 3306
41223 411
41223 6614
41223 8787
41226 36
41226 1851
41226 3645
41226 11284
41234 8745
41237 800
41243 80
41243 2086
41243 11672
41245 3388
41248 2532
41248 3802
41248 7226
41251 9001
41251 9646
41253 752
41256 812
41256 2185
41256 10563
41258 1005
41262 332
41262 1752
41262 3298
41262 3562
41262 5820
41262 8692
41262 8920
41264 4995
41264 6930
41282 2704
41282 2929
41282 7442
41282 9936
41283 9211
41284 251
41285 76
41285 7234
41285 9991
41294 6752
41300 3339
41303 5136
41304 137
41304 280
41304 1534
41304 1824
41306 413
41307 183
41309 11847
41310 3222
41310 9880
41316 2301
41316 3410
41316 4811
41316 5879
41316 6464
41316 8167
41323 7545
41326 3652
41326 6266
41326 7649
41326 8923
41338 519
41338 2741
41339 2391
41341 3797
41341 11874
41343 1888
41343 11662
41344 3579
41344 6611
41344 7368
41344 9619
41345 3211
41346 1541
41348 149
41348 8308
41353 3834
41356 7755
41357 10685
41362 9973
41368 2804
41368 5027
41368 5982
41371 2605
41372 8732
41373 7906
41373 8474
41373 11413
41374 2560
41376 6018
41382 796
41383 4067
41383 6903
41386 2559
41387 3606
41391 1923
41392 1394
41392 10680
41400 5943
41400 5971
41400 7353
41400 9217
41406 6683
41413 3490
41413 11794
41416 1653
41416 9013
41419 6626
41424 3165
41425 4092
41425 7164
41429 3227
41429 3428
41436 208
41437 298
41437 4441
41437 8814
41439 161
41439 456
41439 1234
41439 3579
41439 4709
41439 5939
41439 6843
41439 8744
41439 11783
41439 11953
41444 60
41444 9216
41447 3804
41450 5482
41450 7634
41451 2199
41452 10462
41454 174
41454 2535
41454 3033
41456 442
41456 9542
41457 6427
41457 7614
41457 11451
41459 1068
41462 2140
41463 1257
41463 1879
41463 7251
41465 249
41465 680
41465 1172
41465 6427
41467 1594
41467 6290
41470 5904
41470 10898
41473 4379
41476 5491
41476 6736
41479 1008
41480 3736
41485 437
41485 951
41485 3458
41485 5599
41485 10151
41488 2087
41488 7950
41489 4036
41494 7355
41496 6006
41497 7684
41498 5590
41502 4799
41502 7305
41502 8220
41502 10625
41503 1807
41504 4227
41504 4790
41504 8179
41506 5065
41513 5922
41513 10365
41516 8930
41518 6358
41519 5115
41522 9221
41526 4387
41526 4523
41526 4836
41526 7455
41531 1761
41531 8382
41540 311
41540 3442
41542 2597
41542 2732
41542 4674
41542 5116
41542 9823
41544 747
41544 1273
41544 5229
41544 6356
41546 2927
41555 7772
41556 1436
41556 1954
41560 8540
41563 7359
41567 6582
41567 6933
41567 7348
41567 8207
41567 8534
41579 1249
41579 1693
41579 3121
41579 3422
41579 3551
41579 4297
41579 4417
41579 4490
41579 4592
41579 5464
41579 6131
41579 6304
41579 7836
41579 9153
41579 9651
41579 11510
41580 2252
41581 1380
41582 172
41584 9430
41586 2200
41602 924
41602 4849
41612 1648
41614 9973
41620 1493
41620 1497
41620 7728
41622 1651
41625 2952
41625 9897
41626 7498
41628 2170
41630 11488
41636 1575
41636 7612
41640 6131
41641 1144
41641 1418
41641 3200
41641 3317
41641 4493
41641 5806
41642 1148
41646 1627
41647 1240
41648 4032
41651 9078
41656 1874
41656 5303
41656 7288
41657 496
41658 1659
41662 3428
41665 2312
41666 4886
41666 5751
41672 5776
41674 4249
41679 744
41684 10473
41685 286
41685 5243
41685 7351
41685 8277
41685 9207
41685 11806
41690 3170
41690 3925
41690 11102
41691 3413
41691 5003
41692 10
41692 11906
41694 1541
41694 9929
41696 4691
41696 6686
41699 921
41699 7219
41705 1522
41705 6277
41713 546
41713 7187
41713 8150
41714 87
41714 413
41714 2221
41715 5243
41717 849
41717 1218
41720 1247
41726 7244
41737 2443
41737 9186
