3 10596
4 17757
19 5166
19 9801
19 11547
28 8844
29 16168
30 2938
30 24454
44 3720
44 11902
44 15715
45 5135
52 7045
52 22953
60 5119
60 10835
60 11040
61 14760
65 9313
65 24227
70 14034
70 21060
74 21795
80 16240
87 3917
87 4038
87 6664
88 6557
89 2310
89 18443
92 13544
92 16277
104 11656
104 12368
114 2271
114 7482
114 21258
116 17341
120 9775
120 16124
131 5591
131 9710
131 11044
131 14332
131 23090
135 12821
135 22760
144 10387
147 9115
147 9775
147 11611
149 1151
149 4716
162 4500
180 12765
194 21608
196 22973
203 6415
205 16014
213 13595
218 13588
228 16700
228 17364
234 5310
234 18920
235 10003
235 16005
235 18947
237 10789
239 10243
239 18397
239 21503
240 2335
240 16101
244 7045
244 14209
259 5492
259 13925
259 19553
259 22736
261 18205
267 10982
267 23368
273 4816
290 10083
291 14981
296 9191
302 7677
302 22608
302 23069
306 8781
306 18894
321 10866
322 21510
333 12266
333 14131
333 23612
340 11206
340 17000
340 22801
341 10146
346 14195
346 15625
348 21012
348 22071
351 8937
351 9991
351 13371
351 20087
352 22896
352 24121
353 20421
367 24452
397 115
397 14271
397 19667
415 7389
418 7460
418 12270
418 14225
420 2696
426 18602
426 20288
428 187
429 8650
432 5663
434 12941
443 11923
449 11874
449 13557
449 22560
451 13557
451 20357
456 15185
466 4803
466 6820
466 12710
466 14074
466 16366
466 16956
466 24121
468 23501
488 12475
490 2885
494 13381
497 19955
509 1165
509 7215
509 11926
514 8679
538 373
538 19754
538 23058
540 24532
544 7594
554 3669
554 7489
554 13313
554 19741
554 23167
563 2782
563 20908
564 6829
569 13224
573 1203
574 17792
575 348
575 580
575 3376
575 4498
575 5357
575 6800
575 20708
575 23690
578 24447
581 3271
581 12972
581 15229
581 16470
581 17578
581 20169
582 7332
593 13783
593 20838
593 23500
594 3701
594 3814
594 6135
607 16242
615 24405
631 4423
631 13031
632 9627
632 16811
636 10917
636 16519
645 16975
650 1914
650 23512
651 1203
657 5317
657 9115
657 9541
657 10874
661 4541
661 17400
668 22753
669 19595
671 15797
681 15251
694 16073
694 24044
696 3121
696 22085
698 4724
698 6218
698 19294
700 720
703 8358
703 22956
712 2826
712 18644
714 10495
714 17760
727 7253
729 5028
731 6354
731 16736
731 20122
733 22154
735 10874
735 15294
740 20919
766 16152
774 10155
774 14086
776 7489
776 18029
776 18295
787 8517
787 9317
787 16715
792 2994
805 650
805 1220
805 8685
814 2179
814 7966
814 16573
836 11743
850 18886
870 18986
878 15631
884 6547
884 17456
887 10157
887 12316
894 1914
894 22014
894 23731
897 3167
897 13248
897 20216
900 22607
917 18847
924 5246
924 12941
924 20051
941 9635
941 13941
943 16456
944 20078
948 9774
948 21911
950 8912
956 3591
956 10748
956 14336
956 19825
963 8991
963 10503
963 22630
972 7641
984 2457
984 11681
986 8450
988 10159
988 12024
988 21386
992 15995
994 8869
994 11197
994 12282
996 207
996 4049
1014 3084
1014 6173
1014 19388
1014 23498
1018 287
1018 23383
1026 21773
1031 8991
1031 9981
1031 14506
1040 12972
1040 15229
1040 17578
1040 20169
1047 21211
1051 14846
1052 23197
1063 15038
1063 17441
1069 616
1069 15478
1069 18738
1082 9771
1082 10872
1082 12820
1082 12936
1082 24514
1083 5252
1083 23960
1100 13399
1104 7804
1107 766
1108 5067
1108 15102
1127 8051
1133 3697
1133 5545
1133 15166
1140 3591
1140 10748
1140 14336
1140 19825
1147 10634
1147 13496
1149 1149
1153 2043
1153 12988
1155 5460
1155 13718
1155 13808
1161 7886
1161 13224
1161 13925
1161 19543
1161 19878
1190 2459
1190 17898
1196 4724
1196 11044
1196 22971
1207 6786
1212 21887
1221 2696
1221 6607
1234 6110
1234 13841
1236 10874
1236 12050
1236 13307
1241 3443
1241 5660
1243 9395
1243 13616
1243 16795
1257 6662
1257 23090
1257 23512
1267 20476
1268 15559
1268 21788
1272 20877
1274 1483
1275 229
1275 10602
1278 21664
1279 13803
1291 14284
1293 11866
1293 13442
1298 4682
1298 13746
1313 4686
1318 4584
1330 2461
1330 13260
1330 15905
1331 20079
1338 327
1343 20835
1346 23501
1348 6093
1348 17868
1363 14449
1363 23974
1373 6660
1380 1133
1380 13719
1385 11611
1385 17728
1386 17879
1389 7532
1391 3077
1391 7252
1391 9008
1391 13697
1391 14986
1398 15865
1400 18872
1405 21106
1410 7886
1410 13224
1410 13925
1410 19543
1410 19878
1412 4845
1417 9215
1417 10350
1417 15375
1428 23909
1433 6848
1433 18719
1440 2652
1443 8066
1446 2686
1446 11274
1446 14647
1452 10386
1459 10710
1459 11181
1465 14535
1466 8991
1466 10503
1466 22630
1468 6115
1468 7840
1481 20956
1495 13008
1496 19955
1504 6965
1509 8804
1510 6333
1512 7425
1512 8410
1512 21694
1512 22729
1513 16802
1513 23250
1517 9802
1517 14189
1520 1203
1522 20134
1525 17923
1528 8991
1528 11173
1528 11418
1541 2873
1541 11725
1541 11802
1541 13244
1541 15359
1549 3619
1549 3942
1549 4015
1553 2700
1553 3604
1553 14390
1556 3202
1556 13557
1556 16475
1556 17306
1556 18362
1556 20357
1560 15519
1560 15777
1560 17961
1562 15129
1563 3121
1568 18482
1571 16152
1578 11116
1579 13954
1583 6996
1584 2885
1585 20134
1591 7233
1600 3121
1600 15246
1603 4968
1603 11499
1608 8672
1616 40
1626 22420
1631 4773
1637 16641
1642 2584
1642 11359
1645 14466
1645 15453
1645 15869
1650 13078
1654 1984
1654 6690
1654 15410
1661 19504
1671 8991
1671 9626
1671 11173
1673 1073
1680 5178
1680 24435
1681 12708
1682 2320
1684 1925
1713 6165
1731 5586
1731 19991
1740 9775
1747 491
1748 16041
1750 24128
1761 6557
1761 23909
1778 2329
1778 9020
1784 1261
1806 10315
1825 7456
1825 8991
1825 11418
1828 2641
1828 15047
1834 23930
1837 6311
1840 16926
1845 5274
1845 6932
1845 8738
1845 21927
1846 8374
1846 8662
1846 23330
1847 8627
1861 13008
1861 23091
1868 12323
1890 14615
1890 23604
1895 5317
1895 19713
1896 16242
1896 23512
1903 5317
1907 2356
1907 2457
1907 3940
1907 6451
1907 7680
1907 9142
1907 10499
1907 11645
1907 12127
1907 12695
1907 17002
1907 23809
1907 24137
1917 1446
1917 2179
1917 14093
1922 15050
1930 24121
1931 10789
1937 15351
1937 19078
1944 5812
1944 6778
1944 9295
1944 12973
1944 22811
1944 23671
1963 21425
1964 14248
1964 21368
1970 15517
1986 8202
1986 21624
1990 1529
1990 18383
1990 20184
1997 16718
2001 23177
2011 3802
2011 4056
2011 19146
2021 15286
2021 20816
2023 17063
2026 5328
2045 1336
2045 6833
2047 12904
2050 20857
2050 21397
2055 1538
2055 12613
2058 456
2058 2882
2058 19741
2058 20084
2071 12323
2080 3723
2087 18100
2087 21729
2088 6833
2089 13193
2089 24261
2093 1165
2093 7215
2098 1914
2098 14287
2098 20270
2098 22014
2098 23731
2114 21419
2115 7317
2115 8103
2115 10539
2121 1544
2121 8010
2121 15185
2121 18986
2129 6103
2129 12685
2129 12957
2129 14153
2146 8385
2146 11101
2175 20024
2175 20676
2179 1197
2179 10794
2179 21944
2179 24295
2185 15427
2185 19447
2186 52
2186 8371
2186 13027
2187 8844
2190 18425
2196 2546
2196 21767
2196 23683
2201 2687
2203 6786
2203 9910
2203 21387
2209 19598
2215 10693
2216 18248
2222 3454
2222 17744
2222 18115
2222 19328
2234 6480
2235 9980
2239 2428
2242 178
2250 7243
2257 9295
2257 12973
2269 2887
2271 1639
2271 23537
2274 9777
2275 8252
2275 22551
2275 22729
2276 8916
2290 8247
2294 9632
2306 15642
2308 10789
2309 10022
2309 13759
2312 23214
2314 2817
2314 8656
2326 9666
2327 2072
2327 23340
2338 9313
2339 9341
2339 11420
2339 17241
2340 9668
2342 9552
2343 14034
2343 21060
2355 15442
2356 6867
2362 1172
2362 20290
2365 20260
2375 13193
2375 24261
2385 15439
2385 19750
2386 20419
2395 2823
2401 6118
2403 18328
2410 1707
2410 12880
2416 4020
2416 6662
2416 14287
2418 2764
2418 9814
2418 13826
2418 16510
2421 191
2421 3200
2421 16067
2424 11260
2424 20288
2451 21042
2457 13687
2457 15651
2457 20989
2470 7004
2470 10874
2470 14633
2470 21147
2477 16979
2477 19080
2477 19188
2480 10547
2485 23027
2499 13225
2500 340
2500 13808
2513 18683
2514 20575
2514 23383
2519 18768
2520 20476
2520 24138
2524 24276
2532 22390
2556 1165
2556 7215
2556 11926
2557 7398
2557 23313
2560 15093
2563 11071
2576 9405
2583 1141
2583 10048
2583 11978
2583 13980
2589 2574
2589 21824
2589 24323
2590 21184
2598 18981
2619 16596
2647 23466
2655 12713
2660 21184
2663 9139
2674 8638
2676 7809
2676 22586
2693 2329
2705 2720
2705 5197
2725 6035
2725 17291
2727 8916
2727 24436
2731 9505
2731 16067
2731 22229
2735 3817
2742 14990
2754 10808
2760 2584
2760 12621
2778 687
2778 8163
2778 20870
2789 16874
2789 20771
2794 8836
2794 12815
2794 19126
2811 2571
2811 12323
2817 16808
2825 2522
2825 16208
2835 15529
2835 17737
2836 18669
2839 19779
2855 387
2855 4294
2855 11560
2855 20171
2855 24612
2865 19566
2883 10857
2883 18104
2902 17839
2902 23107
2917 11279
2934 9443
2942 32
2942 1306
2942 9493
2942 15229
2942 20458
2951 7422
2951 16505
2953 3986
2953 20980
2954 14677
2954 22932
2985 4618
2985 13655
2985 17265
2997 20266
3012 12332
3012 22294
3023 14134
3028 4987
3028 15111
3028 16806
3050 4807
3056 10086
3056 16890
3056 22424
3060 12475
3061 1185
3062 5203
3062 15646
3062 19485
3073 5668
3073 20134
3076 2860
3076 20278
3080 21500
3084 4257
3089 7084
3089 13488
3092 21664
3104 6956
3112 1837
3112 21450
3126 172
3126 8969
3126 12006
3137 5934
3137 17305
3143 902
3143 16028
3149 2532
3153 8414
3153 9910
3159 2656
3160 6604
3164 19458
3168 128
3169 5494
3178 7318
3178 10980
3179 9666
3179 18461
3179 23337
3180 11640
3188 2573
3188 17298
3192 6053
3192 8907
3192 12506
3192 15738
3193 7336
3193 12971
3198 14718
3208 616
3208 1067
3208 18738
3208 20484
3208 23722
3210 8415
3213 2459
3224 1586
3224 4680
3225 1199
3225 11754
3225 13545
3225 15897
3236 19503
3236 19713
3239 4057
3239 4669
3239 8412
3259 5966
3266 18348
3276 7983
3276 20771
3277 10706
3277 16460
3277 21641
3277 21677
3278 9438
3284 1583
3284 5019
3284 6326
3284 17585
3284 22203
3290 2924
3296 1496
3296 4618
3296 15905
3304 16918
3304 18720
3304 21883
3305 6954
3307 7800
3307 16355
3310 21264
3317 19429
3318 15089
3320 3669
3320 6218
3320 10630
3320 22014
3327 9642
3329 778
3329 3669
3329 8647
3329 10617
3329 20254
3331 3175
3331 11071
3339 480
3348 15537
3351 2622
3351 13940
3352 16661
3364 881
3364 7870
3364 8309
3364 16850
3364 20951
3368 3503
3368 16455
3373 17176
3373 23797
3375 3841
3382 7727
3382 9313
3382 9666
3382 10061
3395 1165
3395 7886
3395 11926
3395 13925
3395 19543
3395 19878
3400 112
3400 2584
3400 4606
3414 15533
3416 2068
3416 9093
3420 17231
3427 10760
3427 12451
3427 22322
3433 3907
3442 10479
3443 6961
3457 373
3457 19754
3457 21697
3463 890
3463 23694
3483 3175
3483 11071
3484 10727
3488 21114
3489 18208
3491 373
3491 3214
3491 4585
3491 11698
3491 20935
3508 21313
3510 3591
3510 10748
3510 14336
3510 19825
3513 3122
3513 6873
3513 18578
3513 22343
3525 6757
3528 10471
3529 529
3529 15427
3530 16014
3530 18052
3530 20308
3530 24206
3534 15502
3534 21979
3539 1165
3539 7215
3551 3357
3551 18545
3560 7750
3571 3077
3571 7252
3571 9008
3571 13697
3571 14986
3574 2457
3574 21335
3594 9633
3597 10431
3603 687
3603 8163
3611 2781
3615 12971
3618 1141
3618 1778
3618 10419
3618 13980
3647 4139
3647 6313
3649 14652
3652 23337
3661 13306
3661 22712
3676 20565
3680 2764
3680 9814
3680 13826
3698 3485
3698 12744
3698 21636
3700 13132
3701 1914
3701 2917
3701 20550
3701 22014
3704 1925
3708 1165
3708 5492
3708 11926
3708 13224
3708 13925
3708 19553
3708 22736
3730 24452
3732 2882
3732 14965
3732 18916
3737 7658
3739 283
3739 12393
3740 7318
3754 3994
3757 16450
3757 16907
3757 21014
3757 23793
3766 418
3767 5849
3767 13243
3767 17615
3767 19976
3767 24518
3770 18264
3783 9981
3783 18944
3783 21727
3808 7840
3808 14515
3808 21217
3808 23371
3820 2622
3820 11874
3820 13980
3826 10514
3826 21716
3826 21928
3828 3986
3828 17439
3832 2568
3832 20134
3833 5873
3835 32
3835 1306
3835 9493
3835 15229
3835 20458
3867 18307
3867 24452
3870 21160
3882 5410
3882 10159
3887 12985
3900 2457
3905 11405
3905 23073
3914 10994
3914 15980
3917 1283
3946 10357
3953 691
3953 22702
3958 2194
3958 13307
3961 23578
3975 3156
3975 10874
3975 13506
3976 1516
3976 3531
3976 12643
3976 22699
3977 13923
3979 8991
3979 10503
3979 22630
3983 6542
3983 14034
3984 23495
3994 7368
3994 21100
3999 21745
4001 14847
4002 16316
4005 7084
4005 13488
4016 7638
4016 14833
4016 16601
4016 20793
4016 23261
4029 13224
4029 13925
4029 22736
4043 3133
4043 6370
4043 7064
4051 8844
4051 18352
4052 18818
4062 7441
4062 9317
4062 20746
4066 7045
4073 401
4073 9910
4073 14652
4079 1165
4079 7215
4079 11926
4088 12457
4088 13057
4098 12955
4098 16052
4108 12848
4108 14081
4111 8703
4111 11892
4111 18327
4119 3612
4120 3611
4120 9823
4140 1758
4140 6032
4140 9403
4146 6932
4146 9092
4146 21071
4146 23943
4151 3232
4162 2457
4162 21335
4172 14160
4179 13701
4179 20474
4183 5069
4183 5878
4183 8681
4186 4101
4186 11303
4190 24510
4196 22166
4199 22980
4204 21510
4206 14125
4218 6868
4218 24156
4219 3121
4219 22085
4220 1853
4226 1365
4226 7919
4226 13004
4226 20139
4229 1818
4234 3475
4237 7318
4239 2356
4239 3208
4239 15980
4239 22165
4241 17627
4246 4120
4247 19119
4265 5835
4267 16211
4269 1421
4269 13359
4272 8998
4272 10866
4277 7750
4277 8203
4282 9663
4282 11260
4282 14716
4282 20288
4290 21381
4299 2715
4299 17644
4306 24277
4307 3690
4307 14216
4307 21518
4321 22943
4321 23091
4337 9142
4337 17602
4345 17692
4347 3183
4347 12973
4347 23363
4355 4988
4355 6116
4355 17711
4357 5017
4357 9164
4359 3271
4359 15792
4364 17366
4364 20404
4368 13375
4389 224
4389 21700
4391 16641
4393 4318
4394 12434
4394 20997
4399 20990
4404 2356
4404 16351
4411 10279
4417 17238
4421 3789
4421 3841
4421 10061
4421 21085
4423 1307
4423 14150
4430 5079
4430 11060
4434 5850
4438 3803
4438 10693
4438 21071
4442 12050
4452 19662
4456 14652
4459 8518
4462 1008
4462 2739
4462 6861
4463 3548
4463 9295
4463 15992
4468 4206
4468 15506
4468 19049
4471 5201
4477 15491
4491 14849
4491 17075
4494 2885
4512 766
4513 4348
4521 10243
4537 1348
4538 7084
4538 13488
4544 4747
4547 7302
4547 9752
4556 616
4556 1067
4556 9443
4556 15478
4556 18738
4556 20484
4556 23722
4565 16641
4571 11703
4578 2873
4578 11725
4578 11802
4578 13244
4578 15359
4581 17362
4583 1257
4583 15990
4583 16191
4583 19210
4586 17875
4586 19026
4595 14677
4599 21258
4606 2672
4606 7697
4606 17332
4610 16981
4611 7240
4611 10186
4612 3240
4616 853
4616 7639
4616 22239
4618 11006
4619 8537
4619 10638
4619 16171
4619 18521
4621 21165
4622 22917
4631 5882
4635 5668
4635 20134
4645 19521
4645 22168
4645 23261
4651 20419
4652 1937
4652 2276
4652 14985
4652 15427
4652 19754
4672 16986
4685 2457
4685 11507
4686 19078
4694 10500
4697 13841
4697 15528
4709 529
4709 23683
4712 3048
4712 5447
4712 15086
4712 21485
4712 24299
4724 3969
4724 10915
4724 24181
4729 13399
4730 1165
4730 7215
4730 11926
4736 2060
4736 7696
4736 9237
4741 12941
4741 19598
4743 9502
4745 1087
4746 7972
4746 14153
4746 23786
4751 22612
4756 8414
4765 8625
4766 7070
4766 10807
4766 21419
4768 446
4768 3644
4768 20508
4770 21349
4770 23179
4775 1165
4775 7215
4775 11926
4786 3789
4788 17879
4788 20969
4793 10995
4793 17125
4794 3841
4802 13467
4805 18262
4807 17918
4807 19083
4810 21510
4817 2767
4817 16977
4820 18486
4825 8066
4832 21184
4859 1553
4859 21627
4860 20180
4869 12367
4872 22806
4896 2611
4896 10740
4896 11058
4924 1544
4924 21590
4924 23954
4925 4583
4925 7628
4930 20797
4935 1689
4935 3475
4935 8912
4937 23781
4955 16104
4958 3231
4964 12367
4969 3333
4973 18887
4978 2911
4990 18986
4998 3734
4998 13681
5002 916
5003 5209
5023 12973
5033 10874
5033 11129
5043 1809
5043 6490
5043 8414
5043 9193
5043 14077
5044 2879
5044 7001
5044 7125
5044 16568
5047 4303
5051 7496
5065 6786
5065 9910
5075 18260
5077 12680
5089 5838
5089 17603
5114 18159
5115 20614
5119 7456
5119 8991
5119 11418
5130 17238
5132 7886
5132 13224
5132 13925
5132 19543
5132 19878
5133 6085
5133 7751
5134 11640
5134 16195
5141 867
5141 7130
5141 16066
5141 18660
5146 4255
5149 22281
5151 21887
5166 529
5166 12027
5166 15427
5166 20576
5166 21734
5175 23645
5181 16874
5181 20771
5186 6786
5188 21165
5202 4407
5207 648
5207 17521
5209 2584
5209 16770
5209 17372
5212 6272
5212 21325
5225 17017
5229 3271
5229 16470
5232 5492
5232 13224
5232 19553
5232 22736
5241 2792
5241 7840
5244 5721
5249 1914
5249 3161
5249 19294
5250 18024
5250 23182
5261 9175
5261 10874
5261 15782
5266 7192
5281 23794
5297 4219
5304 3443
5307 7220
5310 5403
5310 8851
5324 20288
5328 6646
5345 17280
5349 4192
5349 11869
5367 19472
5368 4674
5368 9558
5369 203
5369 13902
5369 19761
5373 14677
5377 1185
5377 1435
5395 12941
5397 12740
5399 7084
5399 13488
5402 15187
5402 21071
5417 21818
5420 3283
5432 626
5432 23763
5439 12710
5440 18237
5446 20565
5446 24157
5448 21617
5464 9229
5473 1008
5473 6089
5475 2457
5475 9142
5477 6810
5477 10081
5477 10331
5477 12856
5486 4162
5486 15963
5486 16956
5500 21307
5506 8241
5506 13557
5506 16475
5511 21994
5516 2529
5516 6128
5517 9335
5517 20977
5522 4504
5522 9993
5522 17891
5522 21635
5533 17615
5533 23518
5552 2628
5560 16587
5564 8389
5564 8553
5567 123
5567 11480
5567 23326
5582 5459
5595 18204
5598 2123
5598 22109
5598 23504
5615 6278
5617 4885
5625 5934
5625 22526
5629 15887
5633 1078
5633 14342
5633 21155
5633 21644
5642 12963
5645 16718
5655 13202
5656 11303
5663 9139
5663 22230
5665 2933
5683 17311
5683 21318
5696 2171
5696 6717
5696 24145
5697 6972
5699 9470
5712 3126
5712 4548
5712 11105
5712 18677
5728 1165
5730 10530
5730 10780
5730 19533
5734 11552
5735 12838
5738 2098
5738 2308
5738 20789
5742 6462
5742 7816
5742 16055
5742 23630
5748 9623
5748 20508
5751 8247
5753 9086
5753 10431
5753 10874
5753 18416
5754 1165
5754 7215
5754 11926
5770 14209
5782 16912
5782 21411
5783 726
5783 19188
5786 5492
5786 13224
5786 19553
5786 22736
5790 22243
5790 24399
5797 9914
5797 12100
5798 9735
5798 19491
5798 21489
5807 13375
5817 10310
5817 13991
5818 24538
5828 10711
5828 11978
5828 13662
5828 14142
5828 16757
5828 23644
5840 549
5840 10086
5844 1623
5844 20686
5846 5129
5856 14468
5863 2465
5867 22688
5868 4867
5877 23466
5879 1064
5879 7043
5886 2096
5886 8413
5886 18012
5886 19093
5893 23752
5894 19906
5920 22571
5932 869
5932 6443
5932 16381
5937 17475
5950 16454
5950 23797
5951 14537
5973 18135
5974 10916
5974 14098
5977 23968
5979 24276
5980 20837
5993 2329
5993 17692
6002 6393
6020 10125
6020 13442
6025 5559
6025 15931
6025 18502
6039 16149
6041 6476
6041 7639
6041 13083
6046 22010
6047 3329
6047 10387
6047 12926
6052 5886
6052 11846
6055 16366
6062 20134
6065 18242
6067 7412
6067 9939
6067 14194
6074 23104
6081 6851
6085 10699
6117 13099
6117 13925
6120 14090
6131 786
6131 5519
6138 14776
6138 20154
6168 3622
6168 5168
6170 16322
6170 17743
6185 8414
6191 1752
6191 9910
6191 20184
6197 1385
6197 2195
6197 17548
6203 2592
6203 7627
6211 10874
6211 19697
6214 16750
6224 1266
6226 2018
6244 10984
6244 11781
6244 16308
6250 14916
6258 10436
6267 4169
6269 20496
6271 1165
6271 11926
6273 3135
6273 12295
6279 5494
6279 12437
6286 8202
6286 12066
6286 15821
6291 14212
6291 20924
6292 19205
6313 1732
6313 3121
6313 8627
6336 22755
6344 3576
6344 4000
6348 5581
6348 23864
6349 1165
6349 7215
6349 11926
6358 4867
6358 12393
6373 3046
6373 16765
6375 17522
6382 1621
6382 3207
6382 3223
6382 10919
6382 15394
6386 17757
6396 13868
6401 18630
6404 373
6404 4802
6433 3813
6444 1467
6472 15778
6472 18716
6476 650
6476 7425
6476 8647
6476 21694
6477 3841
6479 22513
6481 8042
6490 5317
6493 3702
6493 9608
6493 14859
6493 24433
6494 5550
6495 4954
6495 13318
6506 16171
6506 24121
6507 23717
6515 17711
6515 22012
6515 23615
6532 2873
6532 11725
6532 11802
6532 13244
6532 15359
6535 7356
6535 13014
6535 17057
6538 2712
6538 21100
6538 23717
6543 7649
6545 6219
6545 21339
6550 22079
6561 3384
6561 4015
6561 13887
6561 18546
6561 21450
6562 778
6562 5591
6566 5542
6570 20865
6570 21495
6572 2873
6572 11725
6572 11802
6572 13244
6572 15359
6586 1165
6586 7215
6586 11926
6589 23065
6589 23092
6593 16628
6593 17757
6599 20922
6606 580
6606 3613
6606 7064
6606 7124
6606 15412
6606 17783
6607 13335
6610 123
6610 11480
6610 23326
6616 882
6618 7287
6618 15372
6618 22186
6625 4218
6638 13854
6657 12941
6671 3841
6671 21217
6671 23781
6672 12323
6675 1424
6675 21664
6678 2571
6681 1685
6682 580
6682 6572
6682 9019
6682 11282
6682 13915
6684 14615
6686 6045
6686 22383
6693 71
6697 2739
6704 1872
6704 3812
6704 14423
6704 19581
6713 19598
6745 731
6745 2822
6745 14677
6757 1055
6759 9191
6766 1362
6766 6406
6766 19356
6774 902
6774 3475
6774 16028
6785 23383
6788 4068
6788 24121
6818 15529
6818 19351
6822 1236
6822 1810
6822 13496
6822 15589
6822 18646
6822 23458
6824 16242
6831 1581
6831 6118
6831 18541
6838 24451
6843 12323
6844 5925
6844 12042
6850 24406
6866 6790
6867 373
6867 18020
6867 19754
6867 23683
6870 13375
6922 1689
6922 8912
6925 8578
6926 22930
6933 7358
6939 1184
6939 18976
6946 11451
6946 14757
6946 22719
6954 8740
6954 14345
6955 9513
6959 19407
6962 9171
6962 18156
6963 4220
6965 2248
6970 18451
6973 9788
6978 6993
6993 451
6993 7497
6995 605
6995 19891
7002 18642
7005 20373
7008 16018
7010 15907
7014 6443
7015 2807
7015 20134
7021 24473
7032 3841
7039 5629
7039 23285
7045 11362
7048 23383
7058 17569
7064 2356
7064 3208
7064 15415
7064 16924
7064 22165
7068 8353
7069 7646
7079 3344
7087 6462
7087 23630
7094 1829
7094 10256
7094 19487
7102 6746
7102 12705
7108 5262
7108 5738
7108 18118
7109 20502
7109 21911
7118 11260
7118 20910
7118 21171
7123 16945
7140 1220
7140 4724
7140 7978
7140 22971
7142 3084
7142 4605
7142 4795
7142 5575
7142 6370
7142 9746
7142 13915
7142 19501
7147 1165
7147 4972
7147 7215
7147 11132
7147 11926
7147 15605
7150 9517
7157 13404
7161 1581
7161 18541
7164 16828
7171 10196
7173 10901
7177 3048
7177 21485
7177 24299
7187 12250
7189 10509
7189 11311
7189 21687
7191 22503
7196 11752
7201 9626
7203 17692
7214 6786
7214 14523
7216 1858
7216 14596
7216 22932
7220 7992
7227 22607
7228 1961
7228 9229
7231 1705
7231 2111
7231 12771
7231 17098
7247 4255
7248 20351
7249 9633
7250 4420
7255 23675
7258 1555
7274 10086
7275 5966
7275 20134
7277 24416
7278 21050
7278 22594
7283 12973
7290 3200
7290 11461
7291 1334
7291 16306
7300 8397
7302 18683
7302 19553
7320 3946
7330 878
7331 23604
7332 1830
7335 13083
7335 20270
7336 17570
7336 21513
7343 2199
7343 4611
7347 6255
7354 9767
7406 1165
7406 3048
7406 5447
7406 7215
7406 11926
7406 15086
7406 21485
7406 24299
7410 1596
7410 20927
7416 9002
7416 19178
7418 3408
7419 229
7423 21339
7424 22247
7429 16706
7431 9870
7437 6354
7437 14527
7441 5090
7443 6561
7452 1165
7452 5492
7452 7215
7452 11926
7452 19553
7452 22736
7454 22943
7460 21786
7462 3121
7462 22294
7464 16041
7464 17438
7465 14814
7468 9203
7468 18435
7478 13003
7478 16478
7480 9256
7483 19784
7510 3789
7510 10334
7518 14757
7518 21481
7519 8577
7519 10296
7519 17443
7521 529
7521 13232
7521 14030
7524 14634
7524 18087
7526 52
7526 6462
7526 11971
7540 16458
7540 21483
7541 11322
7541 16745
7546 1581
7546 18541
7546 20997
7549 3333
7552 5033
7552 16699
7552 18991
7556 11499
7556 22669
7560 2202
7560 23285
7566 50
7566 13224
7566 13925
7566 17165
7576 10745
7584 9910
7586 4307
7586 20832
7587 4189
7587 11611
7589 4288
7625 23744
7628 14465
7634 4043
7638 1376
7638 5245
7638 16157
7647 14564
7652 8703
7654 9671
7654 10874
7654 15006
7654 15055
7654 19999
7674 9068
7674 21656
7675 17971
7678 20725
7679 7477
7681 23217
7689 23909
7697 12185
7697 22571
7705 12323
7705 19247
7709 15038
7710 9266
7717 2873
7717 10748
7717 11802
7717 15359
7717 15664
7717 19825
7717 21469
7717 24116
7740 16524
7768 8847
7769 23040
7772 50
7772 330
7772 12681
7772 14258
7772 15605
7779 23311
7789 3125
7796 8714
7799 20874
7802 4252
7807 4002
7807 10537
7807 17922
7808 10500
7814 7084
7814 13488
7815 14947
7821 1581
7821 18541
7824 5317
7824 5923
7824 11303
7833 12973
7835 3121
7835 22747
7848 1034
7849 3121
7849 17918
7852 16792
7852 18363
7855 13743
7856 782
7856 1429
7856 17844
7856 19749
7869 5294
7869 12074
7869 22688
7874 816
7880 12593
7880 18208
7884 19299
7884 20817
7892 10874
7892 18307
7892 21022
7934 22289
7938 23683
7945 7456
7945 8991
7945 11418
7948 9229
7963 13114
7963 15008
7963 19409
7963 21529
7970 16763
7970 19497
7974 14743
7975 22453
7989 21339
7992 11754
7992 14171
7992 14509
7999 20120
8018 616
8018 1067
8018 15478
8018 18738
8018 20484
8018 23722
8021 881
8021 4057
8021 22329
8021 22528
8021 24500
8023 22954
8024 3229
8028 16539
8046 8844
8046 15001
8049 1414
8049 7110
8049 15499
8049 17692
8049 19197
8049 20730
8051 21616
8056 3957
8056 8844
8056 15001
8059 6578
8059 21684
8059 22023
8073 18887
8073 19276
8075 3121
8088 21213
8091 12551
8101 763
8124 9620
8124 23027
8131 20270
8134 7233
8134 10348
8142 6747
8154 9980
8155 13375
8155 20134
8163 8152
8165 10514
8165 17663
8181 23717
8190 9229
8190 13470
8190 19212
8196 19986
8204 2268
8204 7445
8210 13681
8211 9142
8211 16945
8216 2912
8216 8294
8216 12427
8216 13526
8216 20480
8216 24488
8231 11866
8231 13442
8231 20435
8235 549
8235 9625
8235 16480
8238 13083
8238 22014
8238 23731
8250 7185
8250 23176
8251 19933
8252 7691
8258 21469
8258 24116
8260 13452
8260 18284
8260 19049
8272 7551
8272 17570
8280 11071
8280 14189
8280 15233
8291 13307
8293 3321
8293 17189
8298 616
8298 1067
8298 15271
8298 15478
8298 15605
8298 20468
8298 20484
8298 23722
8304 6354
8306 17134
8307 5327
8307 9229
8317 13110
8324 16265
8328 4020
8342 8388
8342 19511
8348 13533
8348 23476
8349 23041
8357 3313
8357 19396
8370 972
8370 12580
8370 19174
8370 20606
8370 21090
8373 6954
8373 19914
8378 6268
8378 17248
8382 17879
8387 10280
8401 2092
8401 14071
8411 2885
8420 1435
8420 1666
8420 11752
8434 15398
8434 18122
8436 23890
8444 24044
8451 8763
8457 7641
8457 20476
8457 24121
8462 10495
8462 22569
8464 5689
8466 2529
8466 11155
8466 14325
8466 20203
8469 1566
8469 2796
8469 21147
8475 7953
8475 13487
8475 20826
8480 24292
8498 18315
8510 24272
8527 2933
8528 3462
8528 10626
8533 8406
8533 17836
8533 20223
8534 9582
8545 4786
8545 5225
8545 6098
8545 10564
8545 22252
8558 11479
8568 13340
8568 21530
8591 3229
8593 1819
8593 6340
8595 1581
8595 7998
8595 18541
8596 4010
8596 13557
8596 20357
8598 1795
8598 7331
8598 15263
8598 24281
8598 24429
8599 14900
8599 21165
8599 21604
8604 7192
8606 7740
8608 1207
8608 8530
8608 8970
8608 19911
8614 5912
8615 17792
8621 19314
8621 22910
8634 13498
8642 17879
8656 11879
8659 9145
8659 12166
8678 3922
8683 9350
8683 13803
8686 3942
8690 2571
8702 11225
8707 2792
8707 14515
8707 23371
8712 18237
8721 11455
8728 2329
8728 20419
8731 2689
8734 6115
8734 7840
8734 11826
8737 1490
8737 17562
8748 853
8748 4461
8748 16242
8749 4758
8749 23911
8750 23812
8757 5037
8757 18683
8757 19074
8760 10163
8770 9313
8770 11718
8770 21751
8771 6093
8780 7975
8788 1230
8788 6576
8793 17692
8794 17648
8797 23440
8800 16095
8804 12027
8804 22564
8804 23683
8824 19859
8835 23069
8842 16482
8853 11199
8856 9666
8857 17621
8858 10586
8858 15519
8861 5377
8863 13858
8864 11656
8864 12980
8869 3993
8869 9373
8869 20576
8869 23683
8892 21134
8896 8307
8896 19074
8896 22760
8902 10997
8915 11823
8926 19893
8929 9424
8933 24215
8941 11260
8943 3631
8943 17280
8948 7117
8956 15606
8958 5317
8958 11611
8958 16578
8958 19713
8958 19967
8961 3121
8965 14548
8981 6547
8981 8025
8981 8853
8981 14716
8983 3568
8983 10194
8988 4402
8989 21664
8995 9187
8998 12027
8998 17938
8998 23469
8999 7895
8999 12253
8999 14119
9000 22376
9001 5492
9001 13224
9001 19553
9001 22736
9006 9151
9006 18293
9008 11303
9008 17856
9008 21251
9008 21751
9009 21402
9011 9910
9013 22721
9014 16034
9016 13904
9016 22971
9016 23512
9020 15260
9026 8991
9026 11173
9026 11418
9027 1581
9034 20980
9042 1012
9042 12010
9050 6113
9052 6700
9052 7937
9052 12208
9068 4324
9068 20363
9068 21504
9075 14042
9081 529
9081 7220
9081 22702
9091 2999
9096 12876
9113 7727
9124 17479
9125 2807
9125 20134
9127 3994
9129 22014
9130 17888
9133 6478
9144 17942
9146 1205
9146 1477
9146 8266
9146 15819
9147 12395
9147 18097
9156 15865
9181 18348
9184 3411
9184 11260
9188 20625
9200 5849
9200 13243
9200 17615
9200 19976
9200 24518
9202 16843
9210 3731
9210 11500
9210 16455
9216 9896
9216 13573
9219 1732
9219 19083
9219 22294
9221 2732
9221 5063
9221 5868
9224 23261
9227 50
9227 330
9227 12681
9227 14258
9227 15605
9232 1825
9232 15120
9233 5231
9249 17465
9249 17548
9249 21864
9263 20910
9267 16043
9276 50
9276 330
9276 12681
9276 14258
9276 15605
9277 21368
9289 4961
9289 8741
9289 8988
9289 11497
9298 13287
9302 6881
9305 2156
9305 6691
9305 12198
9305 12204
9318 9658
9318 23209
9325 7716
9325 17369
9325 18538
9325 23689
9333 3477
9335 282
9335 14342
9335 17879
9343 8184
9343 20092
9351 24299
9352 9662
9352 22591
9355 12842
9355 14754
9355 19273
9357 1220
9357 5799
9357 7639
9357 14332
9357 15658
9365 18079
9379 6604
9379 13614
9379 21510
9380 14677
9388 18257
9391 10996
9391 11555
9391 24488
9394 4466
9396 15129
9400 9775
9401 17527
9432 1288
9432 3090
9432 4469
9432 11333
9435 1175
9435 14827
9435 18551
9440 15865
9446 2158
9446 15879
9452 5492
9452 13224
9452 19553
9452 22736
9458 626
9458 23763
9470 6261
9470 11479
9478 7258
9483 5418
9490 6278
9490 13803
9490 23311
9493 13399
9498 7233
9498 11528
9505 18683
9506 1354
9506 2640
9509 11266
9512 8459
9515 20232
9521 2118
9521 2696
9521 6607
9529 17076
9542 13307
9542 18416
9542 24178
9549 14130
9554 2792
9554 11826
9554 23571
9566 15038
9586 6791
9586 15800
9587 13677
9589 4341
9589 10537
9589 11113
9589 18431
9590 11404
9595 9910
9604 2449
9613 22420
9617 8828
9623 18719
9637 9414
9647 14535
9670 3774
9670 23551
9674 9536
9674 19533
9692 11552
9692 18216
9696 11536
9697 1581
9697 18541
9698 14255
9703 2058
9706 18071
9713 17998
9727 3183
9727 12973
9727 22811
9727 23365
9730 22943
9735 5818
9735 6644
9735 19942
9735 22130
9752 9654
9752 11137
9756 3238
9756 8051
9756 17414
9763 1165
9763 3048
9763 5447
9763 11926
9763 15086
9763 21485
9763 24299
9770 7933
9781 7045
9781 9038
9792 6923
9797 22564
9803 10023
9803 14223
9803 21944
9805 17178
9806 15008
9807 12599
9811 13339
9813 7743
9819 3866
9819 3993
9819 12685
9819 23683
9819 24618
9825 23539
9828 1012
9828 12010
9836 7278
9837 14230
9845 6916
9852 3591
9852 10748
9852 14336
9852 19825
9857 1210
9863 2508
9863 18719
9864 9611
9865 2807
9865 20134
9877 18758
9881 190
9881 2865
9882 21908
9889 14156
9889 15792
9897 4322
9901 11277
9903 8660
9905 17075
9906 123
9906 11480
9906 23326
9913 2199
9913 2225
9913 10676
9918 10874
9921 19598
9931 12833
9931 22194
9935 9350
9947 13827
9965 22760
9967 4163
9967 7750
9969 47
9969 6984
9969 7837
9969 11542
9969 12580
9969 16493
9969 16859
9969 19174
9972 529
9972 18020
9989 19859
9991 5861
9991 7220
9991 13202
9991 21697
9991 23050
9994 1261
10005 7441
10005 16170
10005 17168
10012 12972
10012 15229
10012 17578
10012 20169
10017 1172
10017 20290
10020 1220
10020 13904
10020 23731
10021 10024
10021 19485
10024 19121
10026 3918
10026 4508
10026 17231
10046 12140
10046 23779
10055 5966
10063 2060
10063 7696
10063 13110
10063 14385
10069 7840
10075 11
10085 11260
10088 2123
10088 22109
10089 20318
10096 529
10096 4027
10096 7329
10096 9571
10096 19859
10107 16539
10113 21767
10113 22564
10113 23683
10118 6533
10130 11260
10130 18602
10130 20288
10140 1148
10162 23427
10164 1104
10164 21767
10166 3429
10173 9517
10176 22691
10182 240
10182 3516
10182 7994
10182 13521
10182 23653
10182 23715
10183 10608
10183 15900
10186 6093
10189 1435
10206 9031
10206 11376
10206 20565
10207 10109
10208 6786
10208 11303
10208 13399
10213 1857
10213 15223
10215 15052
10217 12973
10219 20878
10242 2885
10258 21883
10260 4995
10260 7015
10260 17246
10260 18041
10260 19481
10266 9102
10266 22765
10287 3669
10287 3805
10287 13313
10293 7783
10293 20705
10295 13291
10302 13307
10315 5245
10315 18783
10315 23909
10316 22
10316 4504
10319 1058
10334 5450
10334 23416
10337 13925
10337 15122
10338 10544
10338 15312
10340 7696
10342 12693
10344 21473
10348 2194
10348 13307
10353 7022
10353 8844
10353 23778
10356 15591
10375 8371
10375 23094
10382 11692
10383 23445
10385 15699
10389 11210
10389 17492
10389 21851
10389 23645
10410 19002
10412 20575
10415 13155
10417 11306
10419 7886
10419 13224
10419 13925
10419 19543
10419 19878
10427 10604
10432 10126
10450 4365
10450 5290
10450 5829
10453 14363
10454 21640
10455 11193
10455 12328
10457 8928
10457 13072
10459 6780
10459 12963
10460 5799
10460 6066
10460 13083
10460 22239
10460 23731
10472 17582
10472 20181
10483 1225
10483 5262
10483 15355
10483 24622
10485 4623
10485 11378
10486 503
10488 7725
10494 9910
10494 13117
10495 10874
10495 15038
10495 19999
10496 11638
10499 10684
10503 6431
10513 6262
10513 20317
10515 4407
10520 4303
10530 23091
10540 21674
10542 8241
10542 13517
10542 18362
10553 12941
10557 13700
10559 19480
10561 432
10561 16365
10562 2792
10562 6115
10562 14515
10565 5459
10565 22930
10566 3652
10568 1483
10568 6465
10580 4497
10581 3121
10593 1937
10593 3866
10593 16736
10593 24618
10596 229
10598 23064
10602 5845
10613 18929
10619 8253
10619 10495
10624 4302
10628 17522
10630 1517
10630 10458
10633 32
10633 1306
10633 9493
10633 15229
10633 20458
10651 5492
10651 13224
10651 19553
10651 22736
10659 9520
10659 12871
10659 20851
10665 19459
10669 15463
10669 19741
10669 22300
10677 1896
10677 14433
10681 15313
10681 22314
10702 20726
10708 3271
10708 15792
10709 1061
10709 11301
10709 20013
10710 18130
10717 3841
10717 14968
10719 13198
10723 3250
10723 7945
10736 9517
10741 21948
10745 10508
10753 7500
10757 8241
10757 14589
10757 16475
10757 17306
10757 18362
10758 6688
10758 21135
10761 12973
10764 23523
10789 4407
10792 7716
10792 11455
10792 15819
10798 12250
10803 19859
10807 2098
10808 8892
10808 12213
10824 6805
10824 11068
10824 13717
10835 9962
10841 13184
10841 17381
10843 5981
10843 22816
10852 1398
10855 20997
10864 1220
10864 6662
10864 7639
10864 10630
10864 14332
10864 14651
10864 21817
10864 22971
10864 24036
10867 678
10867 5757
10868 19568
10871 93
10871 7550
10871 15136
10876 333
10876 13452
10876 18999
10890 3133
10890 4059
10890 4341
10890 6882
10890 12152
10890 14249
10890 16175
10890 23498
10920 3511
10921 1581
10921 18541
10945 913
10945 13240
10951 3573
10957 17325
10965 19550
10967 7215
10967 11926
10970 21010
10970 21217
10974 17941
10974 23705
10976 2253
10977 8640
10977 14947
10977 20264
10979 3841
10982 9582
10985 6731
10990 14259
10990 14495
11002 597
11002 872
11002 9582
11007 15020
11011 5263
11014 3200
11014 5751
11018 12698
11020 19485
11020 21929
11023 22936
11026 4365
11026 5310
11029 16735
11033 5814
11047 1067
11047 15478
11047 20484
11047 23722
11049 19485
11056 7233
11056 13841
11056 17298
11061 14945
11063 5900
11063 8693
11063 21266
11064 3810
11064 19239
11064 24160
11065 20419
11071 6923
11078 2673
11078 17980
11078 23651
11082 21874
11084 6588
11084 18334
11091 3333
11092 12365
11092 20900
11092 22138
11097 16682
11097 18375
11097 21986
11125 15631
11126 2786
11126 3079
11126 4630
11126 19390
11126 19709
11132 23675
11134 372
11134 2403
11134 7489
11134 11560
11134 20171
11134 23512
11134 24612
11136 468
11136 24089
11147 13379
11148 8820
11149 3930
11150 15050
11151 21662
11152 13978
11155 10657
11155 14216
11155 19374
11156 19598
11176 1858
11179 13375
11187 3157
11187 7425
11187 8252
11187 8410
11187 22300
11187 22729
11196 12393
11196 12475
11216 1165
11216 5492
11216 11926
11216 13224
11216 13925
11216 19553
11216 22736
11235 13287
11243 16718
11243 21313
11244 7181
11244 17937
11262 2356
11262 12127
11262 22900
11265 5317
11269 5849
11269 13243
11269 17615
11269 19976
11271 6751
11282 6406
11283 9295
11283 9744
11283 12973
11283 19853
11294 5875
11294 8752
11298 2253
11306 16310
11317 14583
11317 22719
11356 18203
11362 10288
11384 7318
11384 21184
11391 20134
11394 10874
11394 11611
11394 18348
11406 616
11406 1067
11406 7886
11406 13925
11406 15478
11406 18738
11406 19543
11406 19878
11406 23722
11409 20815
11412 16242
11412 20254
11412 20270
11412 23675
11417 3789
11418 4165
11418 23891
11439 8408
11439 15911
11448 20072
11458 16198
11458 16805
11459 7080
11466 4752
11467 373
11467 2242
11467 4585
11467 21767
11467 23683
11472 19110
11479 11200
11484 14074
11488 1879
11499 1581
11499 18541
11499 20003
11506 1262
11506 3782
11506 20910
11507 7551
11521 23532
11527 12973
11546 12475
11547 20061
11552 1964
11552 9190
11553 22558
11555 3121
11558 9910
11559 9625
11561 2571
11567 586
11567 2293
11573 21090
11578 10086
11587 1455
11587 17111
11587 22387
11588 1931
11588 23576
11589 650
11589 10281
11589 11307
11589 22014
11591 2656
11591 3103
11591 3611
11599 4251
11599 12653
11599 22890
11607 1206
11607 6272
11607 23032
11609 14801
11609 18523
11618 1421
11619 6165
11620 17075
11627 3841
11627 10357
11633 3049
11655 1165
11655 7215
11655 11926
11658 11843
11660 3325
11660 5450
11663 11451
11672 11397
11674 2571
11682 542
11682 1139
11682 9701
11687 7531
11687 8419
11687 16020
11692 5533
11692 20106
11696 10868
11707 17760
11710 18921
11713 5034
11715 1937
11715 20576
11715 24110
11715 24618
11717 651
11717 9890
11719 12738
11725 1199
11725 7629
11734 2039
11739 3121
11739 3930
11741 32
11741 1306
11741 9493
11741 15229
11741 20458
11742 12440
11745 2571
11747 4068
11756 21160
11761 17069
11776 10873
11783 4068
11783 6131
11788 14487
11791 20807
11797 22653
11800 17076
11803 4937
11805 15104
11807 12323
11807 13399
11808 23490
11808 23533
11815 7963
11818 9672
11819 432
11822 14757
11822 15480
11823 882
11823 1685
11823 8592
11824 8739
11826 22291
11836 1581
11836 18541
11840 2628
11840 7848
11850 13201
11850 20767
11851 2167
11862 1925
11862 24457
11864 18451
11871 4604
11884 24532
11888 6906
11888 11111
11888 12671
11888 15632
11903 9585
11905 8784
11905 9712
11905 9749
11907 2894
11907 17711
11916 2241
11916 4012
11916 9614
11920 5689
11926 3841
11943 3271
11947 13614
11965 18262
11966 20429
11966 21560
11968 3351
11968 23556
11968 23895
11972 2273
11972 10965
11972 16499
11976 1133
11976 19626
11976 22773
11982 4416
11988 16981
11988 18372
12003 2049
12003 9337
12003 24049
12015 5600
12015 13407
12015 18797
12015 23105
12017 12972
12017 15229
12017 17578
12017 20169
12019 1905
12019 11183
12019 21978
12021 15063
12044 5507
12044 21500
12044 22910
12051 18493
12052 10808
12060 17069
12069 11440
12069 12785
12076 9666
12080 13557
12080 20357
12085 11413
12085 16032
12103 9143
12103 11975
12104 17342
12110 5494
12113 8181
12134 13954
12150 24412
12152 16124
12161 1912
12168 650
12168 7496
12171 204
12171 4656
12171 11206
12171 22801
12179 21193
12189 5638
12189 11681
12190 21100
12198 7886
12198 13224
12198 13925
12198 19878
12199 18834
12217 11370
12217 14119
12217 23036
12222 7175
12224 16961
12234 23161
12237 16778
12240 23629
12244 1925
12260 15631
12262 19620
12271 1189
12271 17389
12271 22052
12287 12508
12287 14111
12287 19870
12287 23743
12288 7425
12291 1185
12291 11041
12299 16874
12299 20771
12301 2873
12301 7294
12301 11725
12301 11802
12301 15359
12301 23604
12303 2764
12303 9814
12303 13826
12315 24060
12323 2538
12323 17522
12326 10248
12339 1652
12339 13904
12339 18295
12339 23675
12342 327
12348 2592
12348 11752
12355 7646
12362 3895
12362 7287
12362 15372
12362 16620
12365 9802
12365 20941
12374 5424
12374 5849
12374 13243
12374 17615
12374 19976
12376 9134
12386 1045
12392 2356
12397 1225
12397 10441
12397 16770
12397 18471
12397 24622
12400 6956
12404 17920
12404 24415
12411 7716
12411 15819
12411 24411
12418 3665
12418 16833
12419 1331
12419 23027
12422 10398
12429 23417
12438 23203
12439 8505
12439 9996
12440 4584
12440 9725
12441 15699
12459 22932
12462 1104
12462 2345
12462 9483
12462 10904
12462 13202
12462 21064
12462 23683
12467 5694
12468 7978
12475 18171
12479 8898
12479 15375
12479 18511
12489 609
12489 1621
12489 3022
12489 22971
12499 11266
12499 12262
12499 23316
12503 2329
12503 16805
12505 4361
12505 7302
12505 9752
12505 21213
12508 5850
12508 7012
12511 825
12512 5317
12519 4930
12519 10519
12519 22846
12525 5592
12525 10213
12525 22571
12526 89
12526 15152
12526 17738
12538 4496
12538 21728
12538 21887
12539 6604
12539 7268
12539 11584
12542 5849
12542 13243
12542 17615
12542 19976
12549 4276
12549 5418
12553 373
12553 5519
12553 23090
12555 3077
12555 7252
12555 13697
12561 8757
12561 11735
12569 5164
12569 6233
12569 13307
12577 6620
12578 2858
12579 11340
12579 21294
12596 16498
12600 2497
12600 12805
12600 16451
12609 8488
12611 3739
12611 14716
12615 1165
12615 3048
12615 5447
12615 7215
12615 11132
12615 11926
12615 13224
12615 13925
12615 15086
12615 15271
12615 15605
12615 19553
12615 20468
12615 22736
12626 7117
12634 1309
12634 2242
12634 5818
12634 6644
12634 7220
12643 7012
12643 14695
12645 13868
12645 19485
12647 3133
12647 6173
12647 17374
12647 22349
12647 22389
12648 4042
12664 22253
12666 19592
12667 8202
12667 12066
12667 15821
12669 6016
12669 16572
12669 19049
12674 11147
12674 14962
12682 10196
12683 1336
12683 2522
12687 3789
12687 18315
12688 13632
12711 7185
12714 5849
12714 13243
12714 17615
12714 19976
12714 24518
12731 9517
12738 11370
12738 16833
12739 15754
12739 21184
12742 7975
12747 4567
12747 12326
12747 23881
12762 8716
12764 2458
12764 8390
12767 10917
12769 8799
12779 1689
12779 3475
12779 8912
12779 19191
12784 3202
12784 13557
12784 20357
12791 7726
12791 15027
12802 22614
12803 4536
12803 5074
12815 11497
12845 8202
12845 12066
12845 15821
12849 11260
12865 13257
12871 20911
12871 21229
12872 825
12873 12323
12873 13399
12881 373
12881 4586
12881 12027
12881 21734
12881 23683
12883 8770
12883 13442
12883 21863
12884 402
12890 4735
12905 17949
12927 18822
12931 20900
12933 2180
12933 16347
12933 23836
12936 1430
12936 2290
12936 4642
12936 13993
12941 3048
12941 5447
12941 19808
12941 24299
12956 16124
12957 13557
12957 20357
12959 23915
12960 8714
12965 387
12965 2403
12965 3638
12965 7489
12965 11560
12965 18295
12965 20171
12965 22239
12965 24612
12967 9483
12967 20879
12971 18386
12976 2465
12979 22844
12994 2457
12997 5416
12997 7014
12998 12565
13004 283
13007 1419
13022 7451
13024 9814
13029 7318
13032 16018
13033 2885
13033 6278
13034 14716
13034 20288
13043 69
13043 5415
13043 6390
13043 11431
13043 13588
13043 13943
13043 15519
13046 1045
13046 4415
13049 22943
13051 7851
13067 19087
13069 7456
13069 8991
13069 11418
13078 7551
13078 12024
13083 7886
13083 13224
13083 13925
13083 19543
13083 19878
13087 10333
13087 11568
13087 21526
13087 21713
13095 2273
13095 16499
13106 16767
13106 17395
13114 3121
13114 17868
13114 21728
13120 34
13120 6688
13121 4972
13121 11132
13121 15271
13121 17165
13125 4283
13125 6215
13133 19639
13133 23225
13136 4971
13138 13858
13139 869
13139 15770
13141 456
13158 22753
13163 10618
13163 24452
13170 13032
13172 19643
13177 12475
13186 6932
13186 8371
13186 20560
13186 23943
13191 16459
13191 17760
13191 23518
13192 14652
13192 20419
13192 23772
13202 8235
13202 18259
13203 3705
13203 13072
13203 14583
13206 4019
13212 8184
13213 21708
13216 3534
13221 5369
13221 22526
13221 23824
13226 21817
13235 5201
13235 12098
13236 1172
13238 9709
13242 24012
13251 10636
13257 7080
13260 9910
13265 19612
13273 15566
13304 604
13328 23780
13330 4442
13330 10795
13337 20484
13339 5307
13345 2082
13345 18698
13345 24121
13346 9229
13346 9256
13346 23976
13348 17402
13349 13666
13357 331
13357 9540
13357 14041
13357 19130
13378 4766
13378 5384
13378 16483
13381 1631
13381 5529
13386 3841
13386 7793
13386 10357
13389 10874
13389 11566
13394 17492
13419 11492
13419 18502
13419 23292
13425 2329
13444 15353
13452 9605
13452 14527
13452 20935
13455 10225
13465 1697
13465 6717
13472 18973
13473 9814
13473 12946
13473 20627
13486 8928
13491 709
13491 722
13495 2571
13495 13399
13496 1226
13506 8309
13506 11111
13506 16572
13509 631
13509 5056
13513 9731
13524 1165
13524 7215
13524 7886
13524 11132
13524 11926
13524 13224
13524 15271
13524 17165
13524 19543
13524 19878
13525 12149
13543 902
13543 3475
13543 8912
13544 9910
13548 1012
13548 12010
13562 1376
13562 16157
13564 14771
13564 16364
13564 16836
13566 4491
13566 18077
13567 1865
13567 9223
13570 6786
13574 10052
13574 14219
13582 10309
13585 1295
13585 22802
13587 6923
13588 21941
13609 23599
13611 5435
13611 7164
13616 4567
13616 12326
13616 23881
13620 6237
13622 926
13626 24452
13631 20134
13631 21457
13649 5550
13651 1177
13651 17405
13657 20304
13660 2733
13660 20337
13660 21552
13675 8181
13688 4771
13698 10711
13698 11401
13702 3942
13706 17718
13707 480
13708 10594
13714 12941
13720 23386
13722 20051
13728 7886
13735 5668
13735 20134
13736 20885
13744 1165
13744 7215
13744 11926
13747 7412
13747 11611
13756 7886
13756 13224
13756 13925
13756 19543
13756 19878
13761 14041
13767 373
13767 529
13767 3866
13767 22530
13767 24115
13773 24352
13777 4255
13777 21239
13777 21523
13778 21510
13789 17186
13799 1165
13799 7215
13799 11926
13800 3688
13800 16102
13807 617
13807 16930
13813 4678
13822 18668
13828 7639
13828 14651
13828 23512
13837 12972
13837 15229
13837 17578
13837 20169
13841 2701
13841 8322
13841 22719
13845 19069
13845 21725
13847 90
13847 4215
13850 2329
13855 12475
13857 1203
13862 9363
13867 4358
13867 8018
13867 21133
13875 10821
13875 16736
13878 2388
13878 5437
13878 6075
13878 15825
13878 18330
13880 1086
13880 1203
13880 20957
13880 22709
13884 9910
13887 3930
13887 11317
13887 16804
13887 22085
13890 10357
13896 5056
13896 11153
13896 19586
13900 8000
13904 52
13907 2356
13907 5586
13907 19991
13915 9885
13915 17748
13919 13307
13927 1165
13927 7215
13927 7886
13927 11132
13927 11926
13927 13224
13927 13925
13927 15271
13927 15605
13927 19543
13927 19878
13927 20468
13929 3692
13929 8298
13929 8371
13929 9092
13935 16843
13952 5553
13955 13783
13960 3210
13965 3022
13965 10605
13965 17094
13971 331
13971 14041
13971 19130
13973 6807
13973 16372
13973 16925
13974 17328
13974 20013
13994 6108
13995 18237
13998 2423
13998 4640
13998 14472
14001 7688
14001 12157
14001 18250
14001 23257
14002 1528
14010 10431
14010 10874
14010 13506
14010 18208
14014 22079
14024 2457
14024 21335
14037 7745
14050 20266
14056 3782
14056 8370
14056 8844
14057 18013
14061 192
14061 1261
14061 7045
14065 10357
14065 14968
14077 3271
14077 15792
14088 2080
14090 4347
14090 24472
14095 3188
14100 12050
14107 7233
14107 16310
14107 17083
14114 4014
14114 13267
14117 3200
14117 5751
14117 18795
14117 23252
14124 2917
14124 11154
14124 20499
14129 11866
14129 13442
14137 7830
14149 778
14149 1914
14149 5591
14149 10281
14149 11307
14149 13313
14149 14332
14149 15788
14152 9156
14157 6016
14157 10919
14157 19049
14157 20345
14182 18683
14183 11011
14183 17176
14183 23797
14184 8836
14184 12815
14190 2179
14190 5422
14190 19968
14195 18107
14196 7868
14196 12888
14200 50
14200 5492
14200 12681
14200 13224
14200 13925
14200 15605
14200 19553
14200 22736
14204 13450
14204 14668
14204 16956
14204 20520
14231 5323
14239 1013
14239 6586
14240 14495
14240 15689
14240 16207
14240 23030
14242 1593
14242 7531
14251 3841
14254 16778
14257 5608
14277 6956
14283 3789
14283 18352
14283 22032
14301 5265
14301 11548
14302 10171
14302 18371
14308 4302
14311 8873
14311 12676
14311 16736
14314 1415
14316 2792
14316 7114
14316 14515
14316 19407
14317 23
14317 6604
14317 10874
14317 12055
14317 13506
14328 6695
14328 9605
14328 18020
14328 23683
14334 16724
14346 250
14346 17309
14346 23277
14358 2329
14359 8244
14359 21263
14361 2186
14361 3268
14362 18758
14366 8762
14366 19024
14366 23563
14376 18724
14378 13508
14381 10064
14383 23207
14396 5461
14396 12845
14396 20050
14396 22823
14399 3271
14399 15792
14405 5494
14405 8488
14412 10874
14412 19863
14414 15577
14424 2885
14440 2996
14440 10100
14450 11257
14452 8405
14452 14850
14452 22571
14472 11217
14475 19439
14476 9017
14476 9585
14476 18986
14476 19873
14476 23207
14485 8704
14485 9843
14485 11065
14485 12681
14485 14818
14485 15605
14485 21806
14485 23636
14494 5550
14494 11570
14495 6600
14502 1011
14502 2265
14502 4181
14502 8622
14505 8324
14505 20266
14523 6063
14524 10608
14529 21355
14535 20611
14538 22
14542 6800
14542 19297
14542 22389
14543 609
14543 1143
14543 6192
14543 12098
14543 13516
14543 14532
14543 17094
14546 6542
14546 11611
14546 17328
14555 12437
14567 1755
14567 6111
14567 13712
14575 9379
14576 23525
14583 3669
14583 20254
14586 13857
14589 18598
14590 3890
14598 22052
14603 6359
14603 13490
14603 13546
14603 21184
14605 9194
14605 19923
14613 13117
14622 16454
14622 23797
14626 10608
14626 12475
14629 19472
14636 15606
14636 23518
14652 5296
14652 6043
14652 8531
14652 19407
14653 3866
14653 10821
14653 12993
14653 13202
14653 17096
14653 21738
14653 22530
14684 4726
14687 1625
14687 11303
14687 17802
14692 21792
14697 20919
14700 8708
14711 15777
14711 18551
14715 3048
14715 5447
14715 13224
14715 13925
14715 15086
14715 21485
14715 24299
14719 8412
14719 15088
14720 4110
14720 6085
14720 19533
14725 2383
14726 14709
14726 15932
14729 50
14729 330
14729 12681
14729 14258
14729 17165
14733 8371
14736 24538
14739 10450
14740 9295
14740 15015
14740 19853
14740 22811
14747 2661
14747 18167
14760 2885
14766 22045
14769 3048
14769 11132
14769 12332
14769 15271
14769 19808
14769 21485
14769 24299
14797 22234
14802 6325
14802 14988
14802 18311
14802 19643
14807 21335
14808 2681
14823 4588
14823 7183
14823 18708
14831 21505
14831 21750
14831 23133
14837 18307
14856 12666
14857 9649
14860 2882
14860 20270
14863 1172
14863 8241
14863 9722
14863 13557
14885 5425
14897 8389
14900 19450
14900 20220
14906 1895
14906 24047
14907 15462
14914 8916
14930 72
14930 3692
14930 15693
14938 7287
14938 8969
14938 10639
14938 16492
14943 19921
14951 7088
14951 20008
14957 10802
14957 15282
14961 13200
14961 20639
14962 7966
14962 11494
14973 17761
14976 24121
14978 12879
14980 8503
14980 14824
14983 24215
14990 18881
15000 9910
15001 10196
15022 2457
15022 9142
15022 21335
15024 7456
15024 8991
15027 13498
15033 9602
15033 22885
15035 14586
15040 7727
15040 14564
15042 10243
15058 9516
15067 998
15070 15725
15076 1002
15076 20565
15076 24258
15079 22380
15085 5492
15085 13224
15085 13925
15085 19553
15085 22736
15086 451
15086 1172
15086 17845
15086 19537
15105 6972
15105 9859
15145 16874
15145 20771
15146 17176
15146 23797
15149 22291
15153 20254
15153 23734
15158 8763
15158 21664
15168 24000
15170 125
15170 15506
15170 19049
15173 4302
15174 13129
15178 20997
15188 7220
15188 22130
15191 18683
15197 7278
15204 6446
15204 8476
15204 14067
15204 18973
15206 2457
15206 6379
15211 173
15211 10327
15211 20064
15231 631
15234 9229
15237 8133
15242 18986
15245 1621
15245 4206
15245 11976
15245 19049
15249 17819
15267 13067
15268 3048
15268 5447
15268 21485
15268 24299
15292 4307
15292 17266
15293 381
15293 9520
15293 12871
15293 17183
15293 18164
15301 3702
15301 10341
15301 18136
15301 24433
15307 616
15307 1067
15307 15478
15307 20484
15307 23722
15314 11374
15315 2792
15315 19155
15315 22753
15316 16079
15319 4207
15322 9014
15324 50
15324 330
15324 12681
15324 14258
15324 15605
15342 18986
15342 20486
15348 902
15363 22944
15377 17487
15382 2951
15382 13629
15382 18800
15394 1267
15394 2656
15404 5604
15404 20304
15408 5660
15413 11725
15419 8119
15419 14660
15427 12541
15427 22700
15439 12551
15445 774
15445 1076
15445 4821
15445 20296
15455 19893
15462 7057
15479 9666
15479 18869
15481 1818
15502 1220
15502 7496
15502 7639
15502 18916
15506 5317
15508 2508
15508 18719
15513 4257
15518 19713
15518 22586
15524 3648
15524 5128
15532 3839
15537 5492
15537 13224
15537 13925
15537 19553
15537 22736
15548 3498
15548 3573
15548 9681
15548 18682
15548 22566
15557 8991
15557 22630
15566 13152
15566 20183
15573 18348
15592 21339
15596 11611
15601 18216
15624 987
15624 10211
15624 16541
15630 7639
15630 22239
15632 20005
15651 2457
15651 9142
15651 21335
15652 7004
15652 10874
15662 18683
15662 22760
15673 12941
15673 23217
15690 15791
15691 24044
15693 4643
15693 7287
15693 12646
15693 13009
15693 16492
15695 16991
15695 22396
15696 6215
15701 2465
15701 15606
15709 1212
15709 6590
15710 15924
15710 19943
15710 22986
15721 3121
15721 22085
15728 208
15728 3800
15729 4276
15729 5418
15730 283
15732 7837
15732 22013
15733 7027
15742 2446
15754 618
15756 24044
15760 10636
15763 6177
15763 10057
15763 16135
15764 1165
15764 7215
15764 11926
15765 5144
15766 4631
15766 6652
15778 22952
15784 18897
15790 11490
15805 10146
15813 4413
15813 18719
15813 20905
15815 22971
15822 15043
15831 23731
15833 324
15834 1261
15834 12832
15834 21513
15835 14652
15839 3801
15840 19745
15843 10569
15843 13717
15843 17441
15843 24057
15846 10727
15847 7055
15847 7392
15858 1165
15858 7215
15858 11132
15858 15271
15858 15605
15858 20468
15876 8716
15876 13169
15876 17657
15877 3997
15877 7233
15879 838
15879 5857
15879 21532
15879 22921
15881 2329
15887 19294
15887 19741
15887 21817
15887 23512
15907 11472
15928 4376
15931 7886
15931 13224
15931 13925
15931 19543
15931 19878
15932 4948
15932 5765
15932 11363
15932 14728
15979 331
15979 2208
15979 13628
15979 14041
15986 2732
15996 23412
15998 23989
15999 7456
15999 8991
15999 21727
16000 1020
16002 2860
16002 5672
16002 7012
16002 9012
16002 11879
16002 22672
16002 24081
16004 5010
16021 7870
16021 13516
16021 14532
16021 14954
16021 18652
16021 20951
16022 214
16022 17238
16030 20636
16032 7347
16032 19221
16033 21449
16039 11126
16039 12328
16039 13718
16039 20881
16040 18237
16043 3957
16049 5492
16049 13224
16049 19553
16049 22736
16063 22246
16064 23255
16065 12440
16066 20910
16073 3052
16073 9492
16073 12645
16073 21927
16078 7304
16078 8770
16078 11866
16078 14000
16078 21863
16089 12986
16089 20846
16090 23928
16095 7192
16097 6245
16097 17320
16097 18758
16112 5257
16112 6896
16112 23034
16114 6375
16121 12698
16123 22558
16148 13336
16153 2267
16161 22747
16164 12786
16166 4312
16172 2329
16173 11716
16184 16124
16189 16221
16190 22560
16201 7941
16206 434
16207 10072
16207 18785
16226 11367
16240 12393
16252 15495
16253 21753
16253 23337
16257 10491
16260 8991
16260 10503
16260 22630
16263 11710
16269 21178
16273 7314
16274 2893
16274 20708
16274 22572
16286 20226
16287 2695
16287 7951
16287 8414
16287 13307
16287 13925
16288 17095
16293 8202
16293 12066
16293 15821
16296 1597
16296 4075
16296 13195
16304 3018
16304 3279
16304 6462
16304 20622
16314 5979
16314 17465
16314 17548
16315 16641
16322 13925
16329 9861
16331 7840
16334 14200
16338 11002
16363 4382
16363 15724
16368 18262
16371 9443
16378 2041
16378 6523
16378 23979
16383 7258
16383 21937
16386 11266
16386 22233
16388 1226
16390 529
16391 7750
16393 187
16393 1058
16393 4000
16393 13161
16401 6218
16401 7489
16406 18179
16407 21396
16426 9610
16432 15687
16433 10288
16434 15196
16446 9910
16449 1165
16449 3048
16449 5447
16449 7215
16449 11132
16449 11926
16449 15271
16449 17165
16449 21485
16449 24299
16451 19783
16456 3645
16456 21824
16471 14398
16471 15514
16473 2573
16473 17298
16473 18683
16482 6896
16482 19858
16482 20915
16499 4965
16499 9065
16499 12476
16499 14384
16499 21939
16506 9610
16509 11147
16514 682
16514 2935
16514 13104
16522 8025
16522 11260
16522 17456
16522 20288
16524 13218
16524 13980
16524 15880
16526 3271
16526 15792
16531 20134
16536 15351
16536 22234
16538 9536
16538 24410
16539 16778
16550 1581
16550 18541
16572 11770
16579 1267
16579 2001
16582 1038
16602 3801
16623 7964
16626 2423
16626 4640
16626 21692
16628 551
16628 2511
16628 6541
16628 8750
16628 10442
16628 17407
16628 17708
16629 12988
16629 15754
16629 16085
16630 2970
16630 21262
16638 762
16638 3567
16638 17349
16641 1675
16646 20295
16648 4571
16648 7840
16660 2573
16660 20676
16662 9829
16699 1521
16699 8193
16699 15120
16700 3048
16700 5447
16700 15086
16700 24299
16711 22
16711 5035
16711 6115
16711 7840
16716 9295
16717 12140
16717 22269
16717 23779
16732 9910
16736 2571
16736 7696
16736 20476
16742 372
16742 626
16751 2396
16756 10874
16771 5668
16771 20134
16773 4592
16782 3048
16782 5447
16782 15086
16782 24299
16789 20807
16789 20878
16789 21441
16796 15120
16796 17033
16796 17828
16796 22470
16798 10703
16798 22778
16799 1277
16799 1802
16799 3911
16799 6764
16799 11495
16799 12738
16799 17407
16799 23820
16799 23886
16813 6325
16813 19643
16814 10982
16814 18307
16814 20771
16821 13287
16823 15115
16833 6287
16838 13375
16839 7278
16840 8298
16840 12645
16840 22666
16848 14194
16853 18959
16856 23734
16858 5849
16858 13243
16858 17615
16858 19976
16858 24518
16865 9540
16865 9808
16865 13628
16865 19130
16882 1220
16882 7639
16886 3679
16886 9166
16886 15334
16886 20217
16888 3874
16904 6309
16904 7506
16904 17336
16904 18801
16904 18939
16904 22147
16906 1468
16906 11260
16911 11552
16911 18216
16914 7215
16914 11926
16927 8371
16927 19156
16927 20560
16927 21409
16933 975
16940 7674
16943 3070
16947 6517
16952 2043
16961 5122
16961 19480
16969 3113
16969 14489
16971 22669
16973 7750
16978 616
16978 1067
16978 15478
16978 20484
16978 23722
16991 3121
16991 17280
16999 22688
17005 12365
17005 22138
17008 9980
17013 1165
17013 7215
17013 11926
17016 6331
17016 14239
17021 21510
17026 15179
17026 19856
17026 21623
17027 16204
17029 3260
17029 3809
17035 3850
17038 529
17038 1104
17038 21767
17038 22702
17038 24064
17039 9295
17039 19948
17040 20919
17042 9154
17042 14322
17044 1364
17044 5294
17044 7439
17046 1185
17048 2202
17060 3271
17060 15792
17063 19533
17066 18262
17078 23368
17082 11971
17082 23257
17090 15172
17094 24116
17102 529
17102 22702
17106 14230
17111 18024
17122 16454
17122 23797
17127 18104
17128 3895
17128 16620
17128 22186
17131 7020
17131 24034
17144 24062
17156 6692
17171 4678
17171 8380
17183 22298
17196 7464
17206 15754
17206 18822
17207 9626
17213 477
17236 4504
17241 12876
17241 13919
17241 17886
17241 19124
17241 20482
17242 8076
17242 14018
17242 15614
17251 22166
17252 12701
17262 13375
17262 16006
17273 5849
17273 13243
17273 19976
17273 24518
17281 10419
17281 11401
17281 16455
17282 14677
17283 2792
17311 11640
17316 7696
17316 10675
17325 6557
17325 7750
17330 2567
17330 8505
17330 16160
17330 17247
17332 8025
17332 14716
17332 17456
17346 1510
17346 3692
17346 8298
17346 8371
17346 20560
17359 12930
17363 4462
17363 4648
17363 13601
17363 19471
17363 21702
17370 10366
17371 20419
17390 6829
17392 1012
17392 2571
17392 12010
17392 12323
17408 9443
17408 10494
17408 17918
17414 4348
17418 5201
17421 20184
17430 569
17430 16353
17430 22239
17437 10884
17439 20680
17461 11460
17461 24101
17464 3339
17467 2689
17467 8740
17467 10205
17468 11866
17468 13442
17473 1087
17473 1240
17473 6916
17479 432
17479 14081
17479 22842
17482 19598
17484 11592
17496 21510
17497 91
17503 2192
17503 16794
17505 7591
17505 18721
17515 6811
17515 21783
17517 8771
17518 12286
17533 283
17539 17419
17542 15122
17549 22943
17562 19064
17568 996
17568 7134
17577 9567
17577 23204
17595 10975
17595 15739
17596 7426
17602 1303
17612 3015
17612 4948
17612 12544
17621 10182
17623 3344
17628 853
17628 20254
17628 23763
17634 10885
17640 10864
17640 17527
17654 19212
17655 2658
17655 5784
17655 23623
17656 14652
17656 21381
17671 649
17690 20997
17693 20764
17699 19713
17699 22586
17700 3711
17700 3812
17700 19581
17710 4764
17710 7295
17712 50
17712 330
17712 12681
17716 4461
17716 13904
17718 3279
17718 8371
17718 8738
17718 23094
17718 23630
17720 4806
17720 16575
17720 21690
17720 24185
17733 15047
17734 872
17734 15627
17742 7233
17745 4093
17745 6674
17745 7881
17745 18392
17757 18237
17768 16310
17769 5529
17771 19620
17772 13224
17772 13925
17772 19543
17772 19878
17774 18404
17779 4324
17779 20839
17779 21734
17785 4508
17785 10449
17785 17231
17790 22691
17792 12475
17793 8307
17793 18683
17795 14654
17797 17710
17797 19598
17797 21402
17800 20352
17808 12803
17808 14101
17810 21862
17814 2329
17815 13681
17818 336
17824 3305
17836 1067
17836 13575
17836 15478
17836 20484
17836 23722
17838 15804
17843 1761
17843 3295
17843 7123
17843 9976
17843 11005
17843 16812
17843 24448
17843 24570
17847 6382
17855 18804
17858 2098
17859 17832
17866 1705
17866 12771
17866 17097
17874 6705
17874 10483
17890 19491
17890 21489
17890 23541
17893 3121
17893 15814
17902 7672
17902 16456
17907 5136
17907 19713
17913 18871
17914 14814
17919 10243
17920 22866
17928 1041
17928 6790
17928 14340
17928 19220
17928 19297
17928 22389
17929 12751
17933 18451
17936 8991
17936 10503
17936 22630
17938 2097
17948 9697
17948 16573
17948 20910
17965 22
17965 21084
17966 3271
17966 16470
17967 18734
17969 5553
17971 13313
17972 17555
17979 20850
17980 7886
17980 13224
17980 13925
17980 19543
17980 19878
18001 2885
18002 5789
18016 5214
18017 9910
18018 4648
18019 2822
18021 12100
18021 15237
18021 21619
18021 22503
18021 23449
18023 17262
18023 22930
18024 1818
18025 3174
18036 4407
18036 6568
18037 16242
18037 20254
18037 23731
18038 15313
18038 22314
18040 10917
18040 22196
18047 9405
18048 1441
18048 18926
18049 1492
18055 15833
18072 2253
18079 4434
18079 22702
18079 23683
18079 24064
18095 2457
18101 7318
18111 4576
18111 12349
18111 15768
18112 1818
18114 8157
18114 23496
18116 10138
18116 14180
18116 16296
18125 22306
18128 9280
18129 2018
18130 3830
18133 1320
18133 2584
18138 9020
18145 19826
18145 20536
18145 21042
18145 24483
18148 6697
18148 7161
18148 21038
18156 20134
18162 7045
18162 10411
18169 3778
18169 10470
18169 16305
18169 20435
18179 8614
18189 3048
18189 5447
18189 15086
18189 21485
18203 123
18203 11480
18203 23326
18205 22151
18216 23513
18222 10874
18222 21804
18237 23680
18240 11468
18240 13870
18240 19573
18243 4801
18243 13399
18251 18248
18252 9313
18270 1689
18270 3475
18270 8912
18275 21664
18275 24243
18285 14505
18290 3841
18300 14488
18303 8229
18303 8617
18312 6688
18313 3435
18323 7489
18323 16242
18323 18295
18326 1049
18326 5408
18334 7455
18342 340
18342 11193
18342 13808
18344 11866
18344 13442
18350 11093
18360 18793
18365 20547
18376 807
18376 4059
18376 7064
18376 9566
18376 9721
18376 10537
18376 14249
18376 17496
18376 21219
18385 13738
18386 12191
18391 11251
18394 7257
18394 8488
18395 4101
18395 5924
18399 6690
18399 24018
18409 5732
18417 13072
18422 8928
18431 22514
18432 2748
18432 11636
18432 19210
18437 4012
18438 13677
18461 7258
18468 3084
18468 9721
18468 11750
18468 16648
18470 2786
18471 19410
18473 926
18473 4561
18475 6165
18480 13861
18480 22025
18481 5139
18481 11042
18481 11879
18481 18226
18490 14283
18491 11411
18496 16985
18501 7220
18501 11698
18501 22564
18509 3810
18509 6462
18509 6486
18509 6932
18513 3852
18513 6071
18513 17826
18514 17692
18517 2702
18535 11670
18536 14718
18543 510
18543 5339
18543 13196
18544 13470
18556 1051
18556 10644
18556 21156
18560 11718
18560 13261
18574 18768
18595 18435
18596 14515
18596 23371
18597 6395
18597 22925
18609 7084
18609 13488
18610 3200
18613 3271
18613 16470
18614 10136
18614 23830
18615 1165
18615 7215
18615 7886
18615 11926
18615 19543
18615 19878
18624 608
18633 13058
18633 19472
18640 9203
18640 16208
18642 4255
18642 4302
18649 3027
18649 4272
18649 7327
18649 13037
18653 10387
18653 18111
18653 22315
18664 11
18664 977
18664 5681
18664 21614
18666 13027
18666 19346
18670 23604
18674 23915
18679 15239
18680 12369
18684 7886
18684 13224
18684 13925
18684 19543
18684 19878
18686 5400
18686 19772
18686 21325
18696 2991
18696 8796
18696 21897
18703 3703
18709 1093
18709 24557
18718 17176
18718 23797
18734 20270
18734 23167
18735 6673
18743 8324
18749 14669
18756 484
18756 21824
18756 24323
18760 9315
18760 14520
18760 16524
18764 18384
18767 17937
18774 609
18774 1143
18774 1621
18774 8218
18774 10206
18774 20345
18774 22329
18779 21165
18782 776
18784 21457
18785 18447
18794 4526
18794 19659
18800 9295
18804 12233
18821 11370
18821 12512
18831 16641
18832 20997
18833 15120
18837 1621
18837 6007
18837 10919
18837 18654
18839 4303
18850 16028
18854 1342
18854 1871
18854 2388
18854 5933
18854 8145
18854 15825
18854 23220
18854 24016
18855 12905
18867 8095
18867 18130
18875 13147
18875 18625
18875 22856
18875 24425
18888 14194
18895 7980
18895 12798
18895 14859
18895 15711
18895 19915
18907 9433
18907 24576
18913 1485
18913 8804
18913 16680
18917 583
18917 748
18917 1886
18917 2932
18917 7135
18917 11391
18917 20878
18917 22080
18926 1253
18926 13942
18930 6780
18930 11507
18938 19485
18945 19368
18946 12988
18948 4750
18948 12433
18964 10684
18965 7029
18966 2567
18969 5475
18970 9187
18972 17712
18990 5933
18990 8145
18990 21423
18990 23619
18990 24016
19002 676
19012 1863
19025 13078
19026 14042
19026 18788
19028 7716
19028 8047
19028 15169
19047 1200
19047 4260
19047 11359
19056 10585
19070 2329
19079 18719
19089 4294
19089 19294
19092 24389
19094 4965
19094 8980
19094 11575
19094 12476
19094 14384
19094 15125
19094 17880
19094 21939
19099 4898
19099 7350
19099 9711
19113 1474
19137 18130
19138 10454
19142 10817
19142 20676
19155 22569
19172 6786
19180 11089
19183 9722
19183 13557
19183 20357
19192 7886
19192 13224
19192 13925
19192 19543
19192 19878
19204 639
19205 15897
19214 9068
19215 8991
19215 11173
19215 11418
19217 6680
19219 207
19219 1749
19219 19755
19219 20455
19225 6695
19225 17248
19230 5452
19230 11721
19230 18660
19231 1165
19231 7886
19231 11926
19231 13224
19231 13925
19231 19543
19231 19878
19232 11303
19235 8991
19235 11173
19235 11418
19240 8836
19240 12815
19241 11197
19241 15027
19241 22365
19243 4241
19247 16245
19256 3121
19265 19366
19268 998
19275 2242
19275 5861
19275 18020
19275 19927
19275 21504
19275 21697
19276 18758
19282 4786
19282 7937
19282 22532
19291 23717
19293 10874
19293 12050
19293 15055
19302 16641
19307 19296
19315 2167
19315 10627
19319 9591
19319 12835
19320 21173
19321 8502
19321 19573
19324 22585
19331 15038
19332 20728
19341 16212
19341 23746
19342 15070
19343 10635
19343 11334
19343 14521
19353 3293
19353 3692
19353 6932
19353 21927
19372 4497
19387 6300
19387 14053
19397 1165
19397 1449
19397 7215
19397 11926
19420 7388
19420 14831
19420 23988
19426 10309
19438 636
19441 4521
19446 4113
19453 19096
19462 9910
19463 1887
19463 3674
19465 3747
19465 7818
19465 12102
19465 14634
19465 18087
19471 1874
19471 3465
19475 2329
19483 12936
19494 20448
19499 5849
19499 13243
19499 17615
19499 19976
19499 24518
19510 3100
19512 2338
19512 21334
19516 7716
19516 11541
19516 15819
19527 23122
19551 12261
19551 16405
19556 14677
19564 18262
19565 10454
19568 10573
19568 23475
19575 7852
19575 12262
19575 12995
19576 8251
19577 335
19577 4736
19577 4942
19577 19049
19583 4253
19583 8759
19583 10857
19583 16710
19583 18104
19583 19639
19583 23225
19587 19723
19599 599
19605 4407
19606 11965
19614 20919
19617 8741
19617 9333
19623 3576
19623 9020
19623 13717
19623 17996
19626 13688
19626 16738
19626 19119
19637 3184
19661 4006
19661 13474
19663 4833
19663 6824
19663 11155
19663 15952
19663 17183
19663 22889
19672 22078
19683 20884
19686 3536
19686 11504
19686 17398
19686 21357
19687 13110
19693 22164
19693 22429
19693 24012
19712 18266
19726 727
19726 10874
19726 11197
19728 8280
19728 10116
19733 1216
19733 4677
19733 8339
19733 17802
19741 18006
19741 21819
19744 4049
19744 9787
19744 9934
19744 23177
19748 20134
19751 7815
19751 15878
19751 21092
19751 22137
19760 15460
19768 23069
19774 7215
19774 11926
19775 5317
19776 12944
19785 2998
19785 8578
19793 16563
19800 5317
19800 11611
19803 5492
19803 13224
19803 19553
19810 2457
19812 8191
19813 8247
19813 14688
19821 16317
19821 16512
19821 16520
19821 19383
19822 10517
19830 12250
19833 5882
19833 21095
19834 13110
19834 18425
19834 21745
19834 21924
19841 8375
19841 8762
19841 23563
19842 2305
19842 24007
19849 18613
19850 13357
19850 19525
19850 24488
19851 6929
19851 10571
19854 8660
19855 20902
19855 23321
19856 13785
19863 5435
19863 13021
19863 20476
19865 11317
19868 648
19868 22668
19870 10789
19871 7898
19871 20360
19871 21909
19871 22035
19873 23479
19873 23802
19884 7646
19889 1025
19889 7318
19891 9823
19899 9550
19907 22230
19912 1012
19912 12010
19916 11262
19916 11679
19916 22801
19918 6786
19923 16169
19932 10081
19937 16735
19941 347
19941 6268
19941 15427
19941 23683
19944 13498
19944 16133
19956 12666
19960 2220
19968 2985
19974 9142
19978 2312
19978 3039
19978 5635
19978 6934
19978 22858
19979 4461
19980 23623
19986 20332
19987 4201
19987 9084
19987 22229
19992 21381
19993 11497
19993 14076
20006 8138
20006 12989
20006 15677
20014 6431
20014 9663
20015 1983
20015 6618
20020 4330
20022 222
20022 9890
20022 23311
20025 17749
20025 18160
20025 19900
20040 12091
20042 15053
20054 3050
20054 5648
20054 10121
20062 7886
20062 13224
20062 13925
20062 19543
20062 19878
20065 8332
20065 10554
20065 17677
20065 22938
20066 882
20067 331
20067 13628
20068 2642
20068 20910
20071 3841
20084 13841
20084 17298
20084 18683
20084 22760
20088 12754
20089 1220
20089 10281
20089 19294
20089 22239
20091 1813
20096 4379
20099 24479
20102 9885
20102 17893
20110 12367
20114 3183
20114 9295
20114 9744
20114 21301
20114 23363
20116 9720
20116 15099
20116 20747
20119 8324
20124 9363
20133 20357
20141 10857
20152 11471
20152 17148
20166 23518
20169 3692
20169 6462
20169 11971
20173 23069
20177 11901
20177 22456
20184 1189
20184 3142
20186 5062
20188 24484
20202 17368
20203 5668
20203 20134
20205 1433
20205 10327
20205 15017
20205 20795
20221 13193
20221 24261
20241 16118
20242 5644
20242 11139
20242 23440
20250 18984
20251 14757
20258 16953
20258 19454
20258 24390
20264 6047
20264 17802
20264 23085
20266 1257
20266 2748
20266 7261
20266 11636
20272 22431
20282 11260
20282 18602
20282 20288
20289 14535
20292 15050
20306 11231
20306 12988
20312 872
20312 13003
20312 21041
20317 3632
20320 7537
20322 14362
20325 3121
20332 20016
20341 2792
20352 9616
20352 12953
20357 1421
20363 20134
20372 1914
20372 11154
20372 22014
20380 420
20401 616
20401 1067
20401 5509
20401 9843
20401 11065
20401 14818
20401 15478
20401 18738
20401 20484
20401 21806
20401 23636
20401 23722
20403 21867
20412 10773
20429 3071
20429 7587
20429 11585
20435 17778
20435 22813
20439 20373
20445 13099
20445 14756
20445 19553
20448 1165
20448 6118
20448 7215
20448 11926
20459 7629
20459 17555
20475 4818
20476 9666
20476 9910
20476 13117
20477 2329
20490 12936
20496 3104
20499 2632
20499 17266
20506 11362
20508 4302
20508 14849
20533 8098
20536 18887
20539 23843
20557 726
20557 19065
20557 19188
20557 21045
20566 2080
20569 3132
20571 7045
20571 11752
20575 19435
20577 8264
20577 24029
20578 8928
20583 15724
20587 4303
20593 9229
20598 5737
20601 5054
20603 6462
20603 9483
20603 23630
20610 6325
20610 12213
20610 21023
20611 16811
20622 16507
20633 7661
20633 18526
20633 18821
20640 4303
20644 168
20659 4079
20659 5418
20659 22930
20673 2020
20673 16464
20675 17018
20689 22294
20694 21002
20696 3623
20696 5491
20696 13147
20696 15934
20696 22856
20710 6462
20710 14541
20718 15161
20721 16590
20729 4091
20731 19598
20733 7240
20733 10186
20746 9683
20746 18941
20752 2584
20752 4606
20752 19890
20754 11306
20754 11485
20754 17958
20761 1398
20761 6829
20761 17180
20761 24432
20783 1524
20783 9188
20791 20771
20801 20865
20805 1071
20805 3694
20805 3747
20805 20115
20809 19270
20809 23234
20811 20910
20815 12323
20815 13399
20815 17328
20817 11071
20819 12401
20819 18918
20829 3841
20829 15444
20829 21510
20843 13177
20857 12787
20857 17656
20889 12040
20891 19865
20893 1625
20893 9666
20893 21751
20894 12071
20896 17178
20896 23511
20899 19601
20899 23065
20905 3317
20905 7458
20905 12470
20905 19764
20911 21213
20914 5627
20915 4563
20915 4726
20916 2447
20916 12046
20916 13706
20919 3611
20919 15256
20930 13306
20931 9859
20931 24209
20931 24415
20938 1392
20941 5256
20944 4766
20944 5932
20944 6476
20944 17278
20949 5159
20952 9789
20952 22236
20953 17760
20963 2504
20963 13053
20965 7215
20965 7886
20965 11926
20965 13224
20965 13925
20965 19543
20965 19878
20974 16371
20981 17655
20983 8321
20991 10253
20991 13793
20994 22
20994 7358
21000 8025
21000 9663
21000 17456
21000 24170
21002 22384
21008 18295
21012 10176
21012 15768
21014 20480
21023 10495
21024 5452
21029 12050
21033 6800
21033 9721
21033 15412
21033 19220
21033 22389
21044 3849
21047 11805
21047 14516
21047 14814
21050 9062
21050 14596
21054 6040
21054 18113
21054 19652
21054 21325
21057 2179
21057 19652
21060 17407
21060 21512
21062 61
21065 21184
21085 8518
21085 13798
21085 14299
21085 19447
21095 955
21095 10133
21095 12671
21098 20090
21106 10046
21108 11274
21108 14647
21108 14999
21113 8062
21115 17908
21119 5799
21119 18295
21119 23512
21120 13920
21120 16049
21125 3271
21125 15792
21129 5492
21129 13224
21129 13925
21129 19553
21129 22736
21130 2329
21130 6833
21132 2573
21132 11528
21132 18683
21142 16028
21148 19129
21148 20408
21148 22909
21158 10171
21161 5084
21161 10361
21161 13721
21161 15296
21161 22853
21167 8452
21167 8563
21167 17730
21167 22047
21178 1624
21182 2882
21182 23731
21191 2457
21193 13460
21193 20567
21194 9890
21207 22326
21211 2457
21211 2590
21211 13375
21215 23708
21217 11804
21218 4972
21218 5492
21218 13224
21218 13925
21218 19553
21218 22736
21221 69
21221 2017
21221 14177
21221 17221
21244 9541
21244 10874
21260 12393
21260 24044
21274 6531
21282 2571
21282 12323
21293 15184
21293 15810
21301 7467
21301 8378
21303 19119
21306 3336
21306 6456
21306 22447
21313 19927
21313 20576
21313 24123
21313 24269
21318 13823
21318 16696
21327 2378
21327 2969
21327 5674
21327 10059
21329 206
21329 1440
21329 3398
21329 10707
21329 21095
21330 22942
21332 365
21332 13211
21335 61
21342 4341
21342 16582
21342 22349
21353 22618
21353 23654
21353 24160
21357 1165
21357 7215
21357 11926
21359 20332
21361 14153
21361 15788
21364 4162
21364 15963
21366 18758
21367 279
21367 2858
21370 10197
21377 7233
21377 16587
21377 23694
21381 10745
21381 19110
21392 2894
21392 14767
21396 425
21396 10776
21398 3475
21398 19745
21401 5410
21401 6967
21401 10159
21404 6786
21404 14564
21407 1744
21407 7014
21407 18922
21409 19800
21409 21357
21416 3211
21416 13962
21440 20134
21461 3090
21461 19729
21461 21636
21466 16270
21468 9377
21492 3475
21492 8912
21492 19745
21509 11279
21509 17736
21509 21325
21518 15342
21530 1061
21535 8879
21535 19280
21535 21864
21554 14150
21555 6262
21556 1261
21556 2651
21570 6969
21571 15738
21573 2131
21573 13134
21574 5592
21574 8405
21574 10213
21575 576
21575 8157
21576 9910
21578 21339
21583 6115
21583 7840
21589 6165
21594 5533
21594 10850
21594 21253
21594 22012
21595 9443
21596 52
21596 6462
21596 9092
21596 21390
21605 4878
21605 10750
21605 11585
21605 24589
21610 7886
21610 13224
21610 13925
21610 19543
21610 19878
21613 5849
21613 13243
21613 19976
21620 5288
21620 22842
21633 12005
21633 20247
21635 18116
21636 18307
21637 18092
21639 2933
21654 9305
21655 13002
21655 23090
21658 6322
21659 4303
21659 18696
21661 3271
21661 15792
21663 1110
21663 5491
21663 5687
21665 6103
21666 23826
21687 334
21702 15519
21704 3744
21704 13437
21704 19527
21708 16330
21711 16930
21718 1165
21718 5509
21718 7215
21718 7886
21718 11926
21718 13925
21718 14818
21718 19543
21718 19878
21718 21806
21718 23636
21720 5849
21720 13243
21720 17615
21720 19976
21720 24518
21722 5274
21722 8371
21722 20560
21730 211
21731 3836
21731 12233
21760 19697
21769 10159
21778 7006
21778 8759
21778 10857
21778 18104
21778 19639
21787 12876
21787 17675
21787 23188
21791 11190
21794 7358
21801 21814
21801 22604
21803 4855
21803 7401
21803 13951
21807 6118
21807 17677
21809 3454
21809 22129
21810 20879
21838 2276
21838 9483
21838 20935
21847 20806
21850 576
21850 1016
21859 11405
21859 23073
21863 6273
21870 2438
21870 5484
21877 1011
21877 2329
21877 19640
21883 20476
21885 19883
21886 3841
21891 2546
21891 4585
21891 17096
21891 21767
21891 23683
21895 24265
21905 427
21905 6354
21905 8290
21912 2618
21912 9884
21912 14131
21912 19166
21915 14271
21926 1835
21926 13650
21931 10884
21932 2885
21937 23261
21954 3271
21954 15792
21975 10758
21977 2858
21977 20704
21978 9882
21979 20713
21981 16510
21988 18451
21989 5198
21989 10069
21989 12475
21989 18042
21998 17692
22002 19521
22003 12066
22004 16157
22009 21339
22011 3202
22011 5725
22019 2352
22019 19889
22020 11071
22020 15233
22034 6262
22035 13702
22035 21758
22044 2194
22044 14668
22054 14081
22061 7937
22065 12405
22067 5330
22067 15444
22080 8019
22090 9631
22096 1910
22096 17429
22096 24044
22104 24596
22110 17828
22114 13540
22114 19119
22116 13072
22116 13841
22116 17298
22121 14875
22121 18044
22122 14826
22122 17793
22122 21688
22138 5818
22138 6354
22138 22564
22144 12018
22144 22201
22146 1312
22146 3034
22146 16611
22148 8622
22148 20274
22151 23064
22169 7063
22169 24417
22185 24276
22192 50
22192 330
22192 4972
22192 12681
22192 15605
22194 11266
22194 22233
22207 15052
22209 7451
22210 7927
22210 9155
22210 9728
22210 9813
22219 1407
22219 7197
22225 5258
22225 8331
22225 19279
22227 7523
22229 14051
22235 4290
22235 19927
22259 8157
22259 23496
22296 10672
22296 17967
22300 22569
22303 7093
22308 1275
22324 9295
22324 14468
22324 19853
22340 11335
22340 18916
22340 18971
22340 22239
22344 9435
22345 23466
22374 18760
22385 2702
22392 175
22393 3841
22396 19128
22397 742
22397 16456
22400 18758
22404 23279
22405 10357
22405 10874
22412 24044
22414 11214
22414 12006
22414 23394
22415 206
22423 270
22423 10983
22423 17709
22425 8892
22428 6476
22428 11154
22428 11335
22428 13083
22428 18906
22428 18971
22429 19136
22429 23294
22441 20476
22446 6967
22446 7551
22452 50
22452 330
22452 3953
22452 5447
22452 12681
22452 14258
22452 15605
22452 21485
22452 24299
22463 8251
22474 7103
22487 14583
22492 22890
22501 6353
22501 14053
22508 20049
22508 20303
22516 3121
22516 20077
22524 11656
22527 10155
22527 14086
22539 9910
22543 13848
22543 21653
22552 6901
22555 19713
22555 20353
22567 3692
22567 5749
22567 15187
22567 23943
22567 23964
22570 10927
22570 18078
22574 5966
22575 744
22575 12266
22575 24241
22577 7886
22577 13224
22577 13925
22577 19543
22577 19878
22581 4219
22605 22117
22607 3956
22607 8789
22612 10479
22612 23811
22618 4924
22628 10086
22633 7735
22633 9541
22633 10874
22633 12050
22633 14222
22633 17437
22636 13824
22649 20900
22668 3782
22684 17300
22684 18070
22684 22063
22688 972
22690 3734
22694 7130
22694 21824
22694 23973
22698 21252
22706 7318
22712 1462
22712 4337
22718 6443
22723 7014
22744 23727
22747 2571
22747 12323
22756 4042
22756 20422
22756 20498
22759 5806
22762 22943
22763 13337
22763 17192
22763 23589
22765 17958
22779 1751
22782 13011
22786 1533
22787 9582
22787 13003
22787 21041
22788 650
22788 8410
22788 14002
22788 22729
22791 2696
22796 10740
22796 22914
22801 8024
22808 6457
22811 23503
22811 23517
22829 6941
22829 13997
22834 10500
22843 17879
22843 20969
22843 21925
22857 8617
22859 11611
22866 3353
22866 21759
22867 15928
22870 12765
22870 14804
22880 754
22880 21023
22890 19635
22892 3973
22892 13414
22898 4998
22899 14081
22904 1165
22904 7215
22904 11926
22906 12050
22906 21147
22917 5419
22917 6568
22926 762
22926 3567
22926 17349
22930 52
22930 6462
22930 6932
22930 15187
22930 18810
22939 5275
22939 13228
22939 23615
22940 19191
22947 1863
22949 21344
22950 8143
22950 8373
22950 14296
22952 7973
22954 4469
22954 18924
22954 21636
22955 7061
22955 12091
22961 14186
22961 22014
22961 23731
22971 12988
22976 16463
22980 3638
22980 16242
22980 22729
22980 24564
22984 10265
22986 3048
22986 5447
22986 15086
22986 21485
22986 24299
22989 5297
22992 1067
22992 15478
22992 20484
22992 23722
23011 853
23011 2646
23011 3805
23012 867
23012 7130
23012 14762
23012 16066
23012 18660
23012 21824
23018 10604
23019 18186
23024 282
23024 500
23024 8475
23025 6906
23026 2356
23057 5668
23057 20134
23068 8157
23068 23496
23071 823
23085 10367
23087 4818
23087 18703
23089 3500
23089 13300
23121 10315
23121 18693
23122 15120
23129 22052
23135 17125
23146 7247
23160 14103
23164 23024
23167 8270
23167 18590
23170 14860
23171 8069
23171 17895
23176 3475
23176 8912
23176 16028
23178 632
23178 16956
23180 2276
23180 19927
23180 23683
23213 8934
23213 20332
23223 8140
23223 10033
23229 17879
23229 20969
23230 1104
23230 2276
23230 2546
23230 6334
23238 19586
23258 6568
23258 19598
23259 7439
23259 9788
23266 1165
23266 7215
23266 11926
23270 5097
23270 15631
23270 21302
23270 22381
23272 23717
23274 18267
23277 1283
23280 5765
23282 7937
23287 20732
23287 21140
23293 2573
23296 1016
23296 3789
23296 3841
23301 1581
23301 17178
23301 18541
23312 19876
23318 1012
23318 12010
23326 902
23326 3475
23326 8912
23326 19745
23350 928
23350 5967
23354 6964
23354 9807
23354 19544
23370 174
23370 5408
23370 11455
23375 2885
23375 9890
23375 11720
23382 14034
23382 16993
23396 6564
23396 9474
23398 20332
23399 13817
23404 5553
23407 7727
23412 4666
23421 4469
23421 10203
23421 15519
23427 5492
23427 13224
23427 22736
23428 15584
23432 24593
23434 6931
23434 8642
23437 13072
23441 12395
23445 2059
23460 20831
23474 21510
23481 2457
23502 2447
23502 4347
23502 9935
23502 12046
23502 24472
23505 2512
23507 9663
23507 11557
23513 17049
23519 12332
23535 20686
23536 616
23536 1067
23536 15478
23536 18738
23536 20484
23539 3121
23548 5722
23548 21035
23556 1067
23556 3048
23556 5447
23556 15086
23556 18738
23556 21485
23556 23722
23556 24299
23570 3121
23575 8410
23589 19294
23599 6746
23604 4020
23604 16242
23612 8577
23615 5866
23618 7477
23619 8004
23620 24532
23630 8575
23630 17692
23631 10135
23633 18100
23634 12091
23641 24044
23642 2276
23642 7220
23642 22314
23651 22096
23652 19396
23653 16073
23654 20254
23660 12475
23661 6251
23665 18650
23665 22824
23667 6165
23672 6259
23672 23420
23682 20362
23691 10874
23691 15055
23691 19999
23692 5569
23700 4724
23700 14332
23700 20320
23700 23675
23705 7318
23712 2242
23712 3993
23712 11704
23712 21697
23716 6382
23716 20364
23727 7114
23730 1261
23731 9910
23735 5738
23743 4407
23753 7393
23753 15819
23757 18262
23760 21131
23771 6568
23771 15275
23784 10545
23787 23987
23794 10874
23799 10243
23801 13038
23802 2436
23802 13052
23802 13557
23802 22778
23813 12973
23815 6786
23815 14535
23820 9743
23820 10659
23821 2329
23824 20910
23828 16498
23829 13925
23829 18683
23838 17176
23838 23797
23841 17692
23841 19598
23845 10421
23845 18113
23853 6218
23853 10630
23855 160
23855 18651
23858 15467
23861 16959
23861 21152
23869 1570
23871 21015
23871 21421
23873 17075
23882 11614
23887 4548
23888 114
23888 3353
23892 15144
23895 220
23901 3836
23915 16703
23925 22906
23928 13440
23928 24309
23945 1165
23945 7215
23945 11926
23966 4046
23966 8563
23966 24476
23968 15447
23973 3800
23973 22294
23978 2641
23978 14925
23987 1581
23987 18541
23990 15141
23994 1429
23994 17844
23994 18991
23994 19243
23994 20818
24006 16058
24006 16572
24006 17965
24006 21749
24010 12188
24012 20259
24020 7886
24020 13224
24020 13925
24020 15050
24020 19543
24020 19878
24021 1165
24021 7215
24021 11926
24022 20419
24047 3918
24049 133
24049 6983
24049 22519
24056 7615
24056 23311
24064 2206
24064 16804
24069 2024
24069 14960
24072 8408
24072 9469
24072 22081
24081 52
24081 9092
24081 11971
24086 3916
24093 2085
24093 10860
24102 4573
24109 21217
24111 1073
24111 3971
24111 18348
24111 18869
24116 1581
24126 18451
24130 8928
24130 19074
24130 19553
24141 1448
24141 2356
24141 2510
24152 7727
24155 10281
24156 16805
24177 5958
24177 17026
24177 18653
24177 19824
24181 21245
24186 16417
24186 23826
24213 529
24213 13366
24217 3918
24221 22470
24231 12905
24247 5297
24250 9868
24250 10998
24250 21339
24253 17760
24264 9269
24265 21850
24266 21251
24275 7992
24276 6767
24278 3841
24294 10745
24298 5651
24298 19333
24309 1057
24309 1185
24309 21858
24314 3894
24314 7537
24314 12666
24316 3866
24316 11698
24316 15657
24320 3772
24320 11479
24320 19683
24320 23285
24325 4416
24327 10555
24339 6165
24340 2396
24347 6033
24351 2594
24351 5124
24351 11170
24351 12092
24351 15697
24358 12796
24358 21373
24358 23820
24360 52
24360 7917
24360 8371
24360 22787
24362 880
24362 5113
24362 6455
24362 14207
24362 19470
24368 9428
24368 10483
24368 19859
24377 20419
24386 23542
24398 5966
24408 18328
24417 16157
24417 20469
24417 23811
24419 10159
24422 10270
24422 15693
24431 13117
24431 18869
24438 5317
24438 10874
24439 10748
24439 15664
24439 19825
24443 10479
24444 9786
24447 7215
24447 11926
24448 14591
24448 16131
24448 19105
24448 22646
24448 24104
24449 13845
24449 19971
24454 7062
24458 50
24458 330
24458 616
24458 12681
24458 17165
24458 18738
24458 20484
24458 23722
24461 3803
24461 10693
24461 21071
24467 23337
24469 206
24469 3398
24469 12285
24469 18566
24471 3399
24471 15647
24485 178
24488 529
24488 13936
24488 18020
24498 11567
24498 14599
24500 8718
24500 12437
24510 13506
24515 20134
24516 13381
24516 22930
24525 20161
24525 23027
24531 5302
24534 13399
24537 10464
24537 22799
24549 14312
24549 23383
24550 18642
24550 20275
24561 12941
24568 1389
24568 4484
24568 14424
24568 20929
24568 21897
24570 50
24570 330
24570 1165
24570 3048
24570 5447
24570 5492
24570 7215
24570 13224
24570 15086
24570 17165
24570 21485
24570 22736
24570 24299
24584 7084
24584 13488
24594 23294
24597 20831
24599 3183
24609 9398
24614 12786
24630 9350
24630 23405
24633 11479
24636 3104
24644 5010
24655 3949
24656 22085
24668 9143
24668 21876
24676 1450
24676 8268
24676 17313
24676 24568
24694 17967
24694 22078
24696 18230
24696 20126
24718 9822
24718 16794
24718 17176
24720 977
24720 11878
24720 12211
24720 12719
24720 21614
24721 4806
24721 9011
24721 21690
24721 24185
24730 4586
24730 6447
24730 8827
24736 20629
24738 7963
24738 13198
24738 15370
24738 17632
24743 4876
24744 19129
24749 6262
24750 7886
24750 13224
24750 13925
24750 19543
24750 19878
24756 2062
24756 3156
24756 5254
24756 12905
24756 20853
24757 9881
24758 16780
24758 18581
24786 344
24786 9499
24794 13307
24794 18993
24798 4253
24798 19639
24800 23110
24811 12765
24813 6172
24813 16183
24813 22565
24847 8157
24847 23496
24848 9859
24848 21060
24853 11244
24860 21751
24873 6455
24873 14207
24873 18046
24873 19470
24873 23154
24875 4726
24875 6085
24875 19533
24881 11184
24881 19783
24893 18479
24899 2946
24901 2320
24903 18145
24908 15428
24918 2029
24918 12213
24918 21501
24922 8075
24926 1165
24926 5492
24926 7215
24926 11926
24926 13224
24926 13925
24926 19553
24926 22736
24930 3271
24930 15792
24933 13381
24947 10508
24947 12874
24947 23121
24954 13396
24954 19598
24959 7257
24967 1462
24978 1165
24978 7215
24978 11926
24982 16025
24982 21360
24991 3800
24991 17273
24995 3674
24995 11245
24995 16054
24996 19802
25005 8194
25005 9518
25008 15225
25010 1411
25011 12267
25014 744
25014 6881
25014 13117
25014 16297
25023 4101
25023 17494
25036 10682
25036 17797
25036 20558
25036 22861
25049 11451
25049 14583
25055 9517
25057 11108
25057 16909
25063 6756
25065 11923
25066 6219
25074 17566
25080 13307
25085 5317
25087 5519
25087 10398
25087 24272
25127 21204
25134 13198
25139 616
25139 10086
25148 4972
25148 11132
25148 13224
25148 13925
25148 15271
25148 17165
25148 19543
25148 19878
25163 16930
25164 4924
25167 16802
25167 23250
25178 3861
25178 14903
25178 21897
25178 21963
25179 22
25179 8097
25179 8121
25179 18207
25185 23604
25194 2329
25201 23466
25205 1261
25220 7805
25220 16191
25220 16594
25220 18666
25220 18673
25229 11817
25238 19503
25240 8325
25241 5423
25241 14814
25244 2936
25244 21767
25253 2419
25253 11356
25253 23925
25254 15090
25259 13624
25259 17505
25261 375
25261 10874
25263 10159
25266 9910
25272 729
25272 6476
25272 11307
25272 15439
25272 23731
25274 16539
25288 12905
25293 21160
25300 5932
25300 23512
25302 22234
25308 9067
25334 20331
25351 340
25351 5322
25351 13718
25351 13808
25357 9509
25357 16317
25357 20941
25357 23312
25370 18365
25379 21098
25379 24495
25381 1581
25381 18541
25387 1705
25387 6685
25387 17097
25387 17098
25401 14652
25401 21381
25404 8627
25404 21664
25404 22294
25404 24243
25420 12050
25420 20367
25422 3801
25437 16507
25442 8459
25445 7439
25454 9910
25456 12031
25456 23987
25466 3121
25466 22085
25469 7677
25470 6921
25478 560
25481 23604
25487 2329
25495 3930
25504 6022
25509 3133
25509 6173
25509 6370
25509 16175
25509 22349
25512 5586
25512 16113
25512 17002
25512 22364
25512 22900
25518 20283
25531 8307
25531 19074
25531 21879
25532 227
25532 22681
25543 22079
25557 12973
25572 6729
25572 18035
25574 4583
25591 6215
25591 12657
25606 5369
25613 456
25613 8387
25613 15463
25613 19741
25613 20270
25614 4314
25614 13291
25614 17443
25621 19160
25631 15495
25639 23909
25642 5317
25642 14757
25653 362
25657 2290
25657 4338
25657 5234
25661 1165
25661 7215
25661 7886
25661 11926
25661 13224
25661 13925
25661 19878
25664 15371
25669 208
25673 17332
25678 2571
25678 12323
25679 13716
25701 5492
25701 13224
25701 13925
25701 19553
25701 22736
25724 14057
25724 16308
25724 23430
25725 271
25725 7233
25725 7532
25725 8408
25725 20520
25740 5586
25740 15980
25740 19991
25740 22364
25744 6805
25748 14202
25752 19933
25754 13352
25759 11357
25759 15792
25759 19713
25759 22071
25766 12787
25768 1228
25768 1968
25768 7081
25768 11341
25769 16778
25769 18262
25770 15649
25785 3942
25785 21021
25791 17953
25798 5799
25798 5932
25798 8647
25798 13002
25798 20550
25799 10055
25799 13239
25801 3319
25806 20332
25818 13287
25823 427
25823 3961
25825 2151
25825 2436
25825 4209
25832 3121
25832 3930
25832 22085
25838 9731
25842 1220
25842 20254
25847 4630
25847 15191
25854 8991
25854 11173
25854 11418
25858 1206
25858 20629
25861 4407
25864 17692
25864 20504
25868 10050
25868 22776
25868 24176
25882 21277
25891 2457
25891 18479
25891 23776
25894 12928
25899 5274
25899 7901
25899 8298
25903 13971
25903 17097
25910 13803
25910 22297
25917 22551
25919 1510
25919 3692
25919 5274
25919 11971
25919 13100
25923 11580
25948 11022
25952 10061
25952 23029
25975 9115
25978 933
25983 15754
25984 10884
25989 4416
25992 20789
25996 8825
26008 14131
26020 1189
26020 3142
26020 17389
26020 22052
26025 806
26025 2687
26044 17198
26055 6218
26055 10630
26055 18295
26055 20320
26064 1937
26064 6581
26064 10821
26064 13047
26064 19754
26066 20184
26071 228
26071 853
26071 18295
26076 16365
26081 17879
26087 123
26087 11480
26087 23326
26089 4278
26095 22795
26100 8981
26100 22047
26105 22376
26113 9295
26115 6271
26115 16609
26115 16860
26115 20840
26134 7456
26134 8991
26134 11418
26137 15129
26151 7233
26151 9469
26158 5814
26158 9800
26158 15074
26158 19703
26159 1172
26159 10336
26164 5269
26164 11640
26166 13683
26174 19764
26180 23416
26184 4094
26189 19893
26199 1073
26199 14868
26199 15859
26199 18869
26210 10493
26211 3898
26211 5928
26217 14468
26217 19853
26219 15144
26223 12642
26225 21664
26232 14520
26233 1129
26233 2130
26233 2255
26233 3173
26233 3759
26233 5798
26233 6549
26233 7222
26233 7754
26233 8641
26233 9602
26233 9931
26233 10760
26233 10887
26233 15454
26233 16239
26233 16562
26233 18453
26233 18809
26233 21592
26233 22091
26233 22322
26233 23246
26233 23598
26233 23646
26237 1359
26237 4801
26238 8780
26239 1993
26239 18782
26239 21510
26242 1751
26249 20910
26249 22688
26259 6967
26259 12024
26259 21386
26267 9404
26267 10797
26267 15508
26270 6548
26273 2329
26281 9478
26281 15689
26281 16031
26281 24245
26287 529
26290 13399
26295 17760
26306 9520
26307 8267
26313 12088
26313 18827
26318 1498
26318 11440
26318 19495
26324 1323
26324 7192
26324 9763
26327 21248
26339 7489
26339 16242
26339 18029
26339 20320
26342 17176
26342 23797
26344 11306
26352 286
26373 13110
26378 5455
26378 6113
26378 24543
26398 7456
26398 8991
26398 11418
26404 5588
26405 6932
26405 23630
26411 5450
26420 146
26420 10336
26420 19096
26421 12603
26421 17257
26421 22888
26423 872
26423 9606
26423 10035
26423 11727
26423 15038
26424 11333
26424 12061
26424 12744
26424 17644
26428 10466
26432 265
26432 16572
26432 18882
26455 1986
26459 8181
26464 32
26464 1306
26464 9493
26464 15229
26464 20458
26469 14473
26469 16366
26469 19209
26469 20742
26470 4508
26470 17231
26481 9936
26481 21165
26497 11870
26497 14868
26497 15416
26497 20998
26525 13810
26534 14221
26538 4959
26538 19958
26543 5668
26543 20134
26549 5209
26549 8184
26554 2276
26554 4290
26554 5861
26554 17721
26554 21697
26562 15528
26562 20676
26584 762
26584 3567
26584 17349
26612 23201
26624 7646
26626 2390
26634 15338
26646 1818
26646 18559
26668 18493
26670 22966
26674 6935
26681 10404
26681 20755
26685 13951
26687 15705
26692 22390
26700 1444
26700 13546
26700 23447
26705 8374
26713 7659
26713 21745
26719 5451
26719 15955
26719 19476
26720 7951
26728 2457
26729 17441
26729 23383
26737 2860
26737 7012
26737 13952
26765 24236
26768 21071
26768 21927
26775 8408
26775 9469
26780 14804
26783 21682
26788 945
26790 20910
26791 91
26791 9469
26796 12763
26796 21546
26805 18389
26807 2362
26821 11016
26826 16424
26827 10327
26827 15880
26827 17866
26827 20064
26828 11201
26832 9450
26839 648
26848 2702
26859 12475
26868 1225
26868 15355
26868 21650
26893 32
26893 1306
26893 9493
26893 15229
26893 20458
26894 3631
26896 4681
26908 1689
26908 9620
26918 5297
26919 9139
26919 10061
26919 11303
26921 19598
26938 12972
26938 15229
26938 17578
26938 20169
26946 10868
26947 9986
26947 18709
26950 5253
26950 9027
26950 19884
26950 21338
26950 21804
26959 12973
26973 17692
26974 14081
26982 16697
26984 1914
26984 6662
26984 14332
26984 23675
27004 12908
27005 5932
27005 14287
27006 12367
27011 12021
27027 16436
27027 22310
27029 5751
27030 21381
27038 8666
27038 12128
27038 13461
27040 13892
27040 17047
27040 19485
27057 671
27057 1625
27062 14558
27065 7890
27066 5317
27066 17940
27066 21751
27067 18100
27076 3385
27076 21534
27076 22690
27078 12972
27078 15229
27078 17578
27078 20169
27086 1083
27086 19575
27086 20019
27100 8760
27101 1165
27101 7215
27101 11926
27104 432
27104 9611
27113 19987
27115 83
27120 5274
27120 6462
27122 7318
27123 5153
27138 20134
27139 1686
27139 2136
27139 16859
27146 19685
27159 10982
27159 18307
27165 6127
27165 15102
27169 12207
27172 2195
27172 15574
27172 21864
27179 2242
27179 6334
27179 15427
27179 19927
27185 6798
27185 9405
27190 16641
27191 5398
27191 7318
27191 9127
27201 15313
27201 22202
27201 22314
27207 21147
27209 11552
27209 18216
27224 6414
27225 5136
27234 4818
27234 8469
27234 12853
27256 691
27256 19754
27274 5451
27274 15955
27274 19476
27287 17139
27289 20900
27294 16073
27302 15353
27304 11217
27323 9334
27335 1890
27339 10554
27344 9732
27348 13878
27349 9271
27349 14677
27355 10873
27361 6881
27361 11303
27367 14553
27379 14747
27393 12613
27393 13498
27393 22776
27398 15052
27408 219
27408 1544
27413 11611
27420 12475
27421 1206
27421 21723
27423 7281
27423 9607
27431 5492
27431 7886
27431 13224
27431 13925
27431 19543
27431 19553
27431 19878
27431 22736
27432 235
27437 4895
27437 11196
27451 9070
27454 3997
27454 4261
27457 1197
27459 5211
27462 2095
27462 23675
27481 5915
27481 20571
27484 22087
27494 300
27499 202
27531 5879
27546 10938
27546 12712
27546 17330
27548 7233
27559 8273
27559 12953
27560 6786
27570 20464
27576 2225
27576 2995
27576 9856
27580 2546
27580 21697
27580 23683
27582 3728
27582 20693
27599 6892
27599 21980
27600 5232
27600 13694
27600 20404
27603 24292
27609 18258
27610 4545
27610 16474
27611 6604
27615 2199
27624 7750
27630 1621
27630 8309
27630 11207
27630 19049
27640 13399
27643 8738
27643 18810
27643 20096
27652 15027
27658 17134
27666 8751
27673 16451
27673 21814
27709 6474
27709 16525
27709 24406
27721 14954
27721 15942
27731 4662
27741 3674
27741 9478
27746 227
27748 8820
27749 650
27749 22014
27749 22729
27764 5492
27764 11132
27764 13224
27764 13925
27764 15271
27764 19553
27764 20468
27764 22736
27765 14697
27767 8640
27770 24538
27779 123
27779 23326
27780 21948
27786 8098
27786 9035
27802 20172
27818 61
27818 3070
27821 597
27821 872
27834 10494
27835 3178
27835 23508
27840 3481
27840 20448
27855 13117
27855 22145
27868 5738
27868 7037
27875 11730
27881 23512
27881 23731
27887 1329
27887 10919
27887 14954
27887 15088
27887 16687
27894 22930
27896 529
27896 6354
27896 7276
27900 4127
27908 6604
27908 10431
27908 10874
27908 14745
27908 15292
27908 20316
27908 23924
27916 7727
27916 21449
27918 20751
27919 14344
27929 11322
27939 16411
27942 2423
27942 4640
27944 20209
27959 16875
27959 17332
27959 24280
27966 9986
27970 13726
27978 282
27978 8475
27984 5494
27991 14992
27996 8954
27996 19697
28001 9810
28002 16197
28012 436
28012 9627
28021 8820
28029 14097
28029 21776
28032 2945
28032 8820
28035 6165
28039 7745
28041 2158
28041 15117
28041 20067
28055 7963
28055 17968
28057 21767
28057 24064
28060 2356
28060 16653
28062 10431
28067 21264
28072 44
28096 3346
28096 4475
28103 4365
28104 6702
28118 9256
28118 19175
28122 24049
28127 1941
28127 7605
28127 18890
28134 23036
28135 9735
28135 19491
28135 21489
28153 3048
28153 5447
28153 21485
28174 52
28174 6462
28174 11971
28189 23630
28207 3841
28207 8502
28207 10357
28207 22742
28232 3271
28232 15792
28237 4163
28242 2860
28243 20288
28243 24170
28259 21664
28265 10780
28265 11279
28266 32
28266 1306
28266 9493
28266 15229
28266 20458
28268 10357
28270 762
28270 2414
28270 3567
28270 17349
28273 190
28273 2865
28276 13873
28276 14583
28284 7696
28291 14444
28293 19613
28316 5159
28322 10086
28331 6600
28331 7334
28333 22864
28348 7197
28348 14340
28351 2522
28351 8654
28351 16208
28351 22955
28362 20469
28367 22376
28368 2043
28375 22108
28377 4176
28394 5966
28398 15460
28404 229
28408 24044
28414 11173
28429 9517
28430 8423
28442 1382
28442 17652
28456 4687
28456 11009
28462 964
28462 2253
28479 12005
28479 22506
28481 9845
28486 8202
28486 12066
28486 15821
28491 6024
28497 5494
28503 10711
28505 4610
28511 3841
28511 7318
28512 5660
28512 17955
28519 14853
28522 9944
28528 3121
28528 3800
28536 14547
28536 17828
28536 22032
28537 23243
28540 9715
28540 14229
28543 6652
28543 10721
28547 21897
28547 22202
28547 22314
28558 52
28558 3692
28558 6462
28558 9092
28558 11971
28567 6542
28567 16930
28567 17328
28570 13171
28583 10417
28589 9145
28615 18262
28616 24452
28626 4380
28626 7422
28626 17454
28626 22891
28638 14716
28638 18602
28642 8098
28649 22448
28651 9229
28659 3271
28659 15792
28661 10495
28661 16198
28674 11179
28674 21410
28679 687
28695 21767
28698 13710
28705 2569
28714 12367
28718 6611
28727 18307
28728 12660
28728 23908
28733 2527
28745 4563
28745 22081
28746 6754
28748 1496
28774 8640
28774 20264
28774 21951
28776 21795
28781 9802
28783 8247
28783 24608
28785 23604
28800 1165
28800 7215
28800 11926
28807 3123
28810 9313
28810 11303
28825 2546
28825 9091
28825 9483
28825 16635
28829 7502
28831 3083
28831 3208
28831 6434
28831 17002
28831 19991
28831 22165
28846 3672
28847 6590
28871 22276
28875 11411
28875 21394
28877 18451
28881 12815
28887 4749
28887 14488
28896 5932
28896 15658
28899 21248
28902 11258
28902 23443
28910 18822
28915 12270
28921 2792
28921 22753
28935 360
28953 3841
28953 13117
28954 1504
28954 23550
28955 9191
28955 10465
28955 16287
28960 19883
28963 7077
28963 20026
28964 3048
28964 5447
28964 15086
28964 21485
28964 24299
28973 2885
28973 11720
28975 17879
28978 2755
28978 3029
28978 7069
28978 9285
28978 11401
28980 22936
28984 1148
28986 20270
29005 7715
29005 7898
29011 14465
29012 15754
29015 5587
29016 18171
29020 15814
29027 16200
29034 3996
29034 21271
29034 21488
29034 22055
29040 738
29040 16685
29040 18359
29040 19848
29041 23405
29042 816
29042 1282
29045 18461
29045 23337
29049 15930
29057 13204
29081 3994
29082 3147
29084 1448
29097 282
29097 8475
29097 21644
29099 4542
29099 14814
29099 23337
29104 52
29104 3803
29104 6462
29104 6932
29104 9483
29104 13100
29104 20560
29104 23630
29106 5144
29108 16428
29110 15793
29114 14546
29116 13967
29119 3800
29121 6671
29124 15826
29130 10763
29140 1511
29140 5266
29140 7045
29140 9100
29140 10498
29140 12869
29140 14307
29140 16001
29140 20349
29140 23016
29144 23366
29144 23610
29150 4303
29150 7358
29150 8098
29150 10114
29150 16270
29151 4523
29153 22071
29164 9114
29164 14039
29171 7113
29172 22294
29190 580
29190 9101
29190 17213
29190 17496
29190 21219
29192 11040
29197 2091
29197 2695
29197 4261
29197 15502
29197 18254
29201 6600
29202 2571
29209 16746
29210 12492
29210 13639
29216 7121
29216 12060
29218 4269
29218 9089
29218 17477
29219 8157
29228 13904
29228 20254
29228 23675
29228 23763
29252 648
29252 13470
29252 17969
29267 18551
29270 4382
29276 1541
29283 21381
29288 7922
29288 10756
29288 13507
29299 10061
29299 13117
29300 5553
29303 13506
29303 14362
29310 7886
29310 13224
29310 13925
29310 19543
29310 19878
29320 11260
29320 20288
29327 2882
29329 744
29329 17465
29329 19280
29331 9295
29338 20545
29338 22296
29342 13375
29349 9722
29349 13557
29349 20357
29350 20865
29353 9409
29353 12865
29353 15320
29356 9727
29359 11495
29363 1510
29363 4499
29363 5749
29363 13100
29363 20560
29365 3691
29365 20910
29373 9139
29373 17075
29381 9890
29385 11260
29397 12905
29397 18348
29397 20704
29404 23512
29406 5668
29406 20134
29411 6963
29413 9483
29413 10904
29413 15974
29413 20122
29413 24145
29420 2641
29429 1165
29429 7215
29429 11926
29429 21559
29431 578
29438 1723
29444 671
29456 2755
29462 16986
29465 17869
29467 21729
29483 10335
29486 8157
29486 23496
29494 10357
29496 3121
29496 17280
29496 17438
29503 1147
29503 10106
29505 12200
29505 13306
29505 16191
29505 18673
29506 16349
29512 1639
29512 2005
29512 11912
29512 18339
29519 9187
29519 22420
29523 1874
29528 9499
29531 3692
29531 8371
29531 11971
29535 10874
29535 21147
29538 14195
29544 4906
29549 1356
29575 872
29575 11026
29575 13745
29575 14963
29576 6218
29576 10630
29576 11206
29576 20965
29576 22801
29578 2792
29581 4366
29585 13224
29585 13925
29585 22736
29591 3208
29591 6082
29591 16924
29591 17002
29591 19958
29595 18267
29604 11317
29604 15907
29605 15613
29619 2459
29634 1540
29636 6568
29642 20620
29654 8979
29654 20134
29665 11317
29665 20847
29670 20029
29670 21865
29670 22561
29675 112
29675 3159
29678 6165
29701 5271
29701 20900
29710 23406
29713 11411
29744 6732
29744 22607
29747 18545
29751 10874
29751 12050
29757 4948
29757 13755
29770 1363
29770 2163
29772 23064
29774 7886
29774 13224
29774 13925
29774 19543
29774 19878
29785 11212
29785 23700
29785 24121
29794 22071
29821 23139
29826 17879
29827 17861
29828 6115
29836 5342
29836 9295
29842 81
29842 10676
29842 16122
29848 21678
29861 2882
29861 15439
29861 23512
29862 1914
29862 22014
29862 23731
29867 22112
29867 22792
29867 22855
29871 13459
29871 16152
29879 271
29879 3412
29879 16956
29879 18683
29879 19553
29892 6219
29892 8627
29894 19220
29894 19297
29894 21478
29898 9654
29912 21635
29920 19521
29926 16833
29934 3133
29934 12152
29934 14181
29934 17496
29935 6382
29935 13088
29941 2171
29941 6717
29942 12393
29943 20092
29945 10847
29945 12130
29945 12743
29951 7496
29951 15658
29959 6847
29971 7411
29973 919
29973 15114
29973 15948
29973 21480
29984 1165
29984 11132
29984 11926
29984 15271
29984 15605
29984 20468
29997 18435
30021 10323
30027 3020
30027 4759
30027 11927
30027 13530
30027 17948
30039 13526
30041 15494
30075 12321
30088 1143
30088 8309
30088 18295
30088 19245
30089 7886
30089 13925
30089 19543
30089 19878
30090 14505
30090 23518
30095 22983
30095 23289
30105 10748
30105 15664
30105 19825
30111 12046
30115 723
30115 7363
30126 52
30126 5274
30129 21264
30133 16707
30134 171
30138 3073
30139 23298
30145 15120
30147 3474
30147 6410
30148 7084
30148 10429
30148 10509
30148 13488
30151 4542
30151 12256
30153 23117
30158 1143
30158 4206
30158 8108
30158 20254
30160 21683
30162 1963
30162 3735
30162 8041
30162 11727
30162 11814
30162 13932
30162 19949
30169 15949
30169 16925
30173 20745
30175 23091
30182 6353
30195 15706
30204 4303
30209 1434
30215 7358
30219 8719
30230 9208
30231 18864
30235 742
30238 23604
30242 16524
30246 20774
30247 8217
30247 11797
30260 7084
30260 13488
30271 17918
30272 5317
30272 21381
30284 1871
30284 5933
30284 8145
30284 24016
30288 8516
30288 19853
30288 22811
30292 13155
30311 19713
30311 22586
30320 10874
30320 13506
30324 3970
30324 7177
30324 15876
30324 22441
30325 22330
30342 10926
30342 16736
30343 8202
30343 12066
30343 15821
30344 1356
30344 10874
30344 13506
30344 15092
30357 8656
30357 10984
30357 21627
30357 21661
30375 16718
30377 22108
30385 292
30385 6820
30385 14074
30385 16366
30385 19922
30385 20279
30386 4461
30389 12974
30389 19888
30390 3138
30390 12475
30397 2689
30405 10377
30407 21435
30412 15322
30419 4401
30424 15660
30454 15092
30459 21495
30470 5376
30470 10977
30476 1067
30476 20484
30477 3841
30483 20446
30487 9095
30487 23176
30488 6484
30488 11264
30502 4488
30507 2628
30512 12475
30512 17569
30515 6787
30515 23449
30520 9416
30524 12521
30527 8740
30528 6891
30528 20254
30528 22014
30529 12941
30541 7233
30559 283
30572 11266
30573 9739
30574 7551
30576 16722
30576 18262
30579 17677
30595 4407
30595 19598
30597 5471
30613 3018
30613 13100
30613 23141
30636 2537
30637 5574
30637 21264
30640 3562
30640 7878
30640 11837
30640 20029
30640 22561
30647 1176
30647 8714
30647 9775
30675 19119
30678 1000
30679 14342
30679 20969
30679 21644
30685 17069
30685 17927
30688 16746
30689 1776
30691 12941
30693 12851
30698 4475
30709 7322
30709 10357
30720 18801
30724 17732
30739 1002
30739 23332
30740 16067
30741 8740
30742 1031
30742 2882
30758 1879
30759 21426
30760 20578
30764 15064
30770 7740
30770 14513
30780 14513
30788 7485
30788 11975
30789 2885
30789 9890
30795 8370
30796 1991
30798 2390
30798 7886
30798 13224
30798 13925
30798 19543
30798 19878
30799 8854
30801 11486
30801 23909
30802 1165
30802 7215
30802 11926
30820 7489
30820 18295
30820 23167
30826 2158
30826 15117
30826 20067
30830 15672
30835 7852
30850 20878
30851 32
30851 1306
30851 9493
30851 15229
30851 20458
30853 16746
30858 7233
30879 9162
30879 9894
30880 13099
30880 14756
30894 20332
30899 2109
30904 230
30904 23992
30909 3123
30909 7900
30909 9108
30942 9735
30942 19491
30942 21489
30944 3111
30944 17298
30944 20024
30947 5934
30949 18092
30953 13616
30953 16795
30966 11752
30975 4339
30975 19078
30977 4969
31008 906
31008 8527
31013 13019
31013 15640
31014 4619
31025 14049
31027 1914
31027 5932
31034 22439
31035 8779
31035 13541
31035 18947
31052 481
31052 4757
31059 616
31059 15478
31059 18738
31059 20484
31068 334
31111 4736
31111 6906
31111 15632
31111 16880
31117 8184
31127 1705
31127 4923
31127 12771
31135 2885
31141 18307
31141 20844
31149 18822
31149 21262
31151 431
31151 16029
31151 23716
31155 13079
31171 12475
31177 15701
31203 5419
31204 11931
31207 13237
31207 19276
31213 2985
31218 4618
31218 9871
31218 10476
31218 12699
31218 17265
31219 9880
31220 12712
31226 16054
31226 21719
31226 22429
31231 9396
31239 4620
31239 8035
31239 9984
31244 17377
31253 20411
31256 2858
31256 14710
31256 15897
31260 21863
31267 782
31267 1429
31267 17844
31286 1220
31286 13083
31286 16067
31287 1220
31287 23167
31295 314
31296 1424
31296 3930
31296 22085
31297 19093
31297 21253
31315 4916
31315 15941
31315 17640
31318 16778
31319 178
31320 4631
31320 8739
31320 21132
31321 13663
31321 15057
31323 20134
31327 17325
31327 20643
31330 853
31330 13904
31330 22551
31330 23512
31332 4910
31332 20865
31342 2858
31348 9540
31366 16041
31373 2459
31373 19633
31382 52
31382 3803
31382 6462
31382 16787
31387 1879
31387 19315
31387 22356
31391 6576
31398 5288
31406 6462
31435 7937
31445 16685
31445 20383
31445 21500
31445 23929
31446 8040
31446 17587
31446 18138
31448 2619
31448 23179
31450 15111
31450 15585
31451 9295
31454 5866
31454 11260
31456 125
31456 2547
31456 8412
31456 15088
31466 7071
31466 22170
31470 18343
31476 19088
31499 20469
31503 2356
31503 12072
31509 8484
31509 14448
31509 14923
31510 12569
31511 12778
31520 17203
31523 21155
31523 22597
31538 2465
31546 4068
31546 7165
31572 5856
31581 4384
31588 4626
31588 8836
31588 10064
31588 13925
31601 8412
31601 16880
31601 18652
31611 18848
31614 18974
31619 50
31619 330
31619 1165
31619 7215
31619 11926
31619 12681
31619 14258
31619 17165
31635 11879
31635 16400
31635 21266
31642 10874
31642 15371
31646 11550
31651 6604
31657 19598
31664 19620
31667 1365
31667 2858
31667 16083
31674 9390
31678 10904
31678 13202
31678 23058
31682 6534
31682 13357
31682 19417
31689 2457
31689 9142
31689 21335
31691 20567
31707 529
31734 22753
31736 4563
31736 12941
31747 4303
31752 9666
31761 14214
31762 8518
31767 3445
31767 14034
31767 16993
31773 15263
31776 10868
31783 6721
31783 15266
31790 12437
31792 14730
31793 12848
31793 14081
31802 24098
31812 5316
31812 8031
31820 5114
31820 10662
31820 14984
31820 19096
31831 16595
31834 9295
31839 18886
31848 3232
31848 5967
31848 18016
31857 12050
31862 15351
31865 8047
31902 3022
31917 19633
31917 20792
31923 5183
31923 7454
31923 17080
31923 18961
31923 20729
31925 2406
31931 10874
31931 11460
31931 15748
31934 9910
31937 12160
31937 12940
31939 18063
31947 16823
31948 432
31961 208
31962 2220
31964 14214
31964 21076
31965 516
31965 2540
31965 5097
31965 12582
31965 23979
31966 17692
31969 4876
31969 15304
31969 19533
31972 17119
31972 17145
31972 21033
31976 762
31976 3567
31976 17349
31977 6417
31977 10235
31977 14922
31981 14221
31987 18756
31997 2517
31997 5538
32000 161
32000 7818
32000 9478
32000 16031
32000 18087
32003 21888
32004 6025
32008 10663
32010 20134
32021 4832
32022 500
32025 10900
32025 17393
32026 10700
32028 19398
32030 3664
32030 6786
32035 18602
32035 20288
32035 24170
32050 16345
32050 19915
32051 11931
32051 13008
32051 15946
32053 23266
32066 8412
32066 17094
32066 19245
32066 23995
32074 2356
32075 13335
32095 12644
32099 1771
32099 3769
32099 4988
32099 6054
32099 17861
32099 19821
32099 21184
32135 13399
32139 7750
32161 5187
32161 15072
32166 3841
32167 21128
32172 3271
32172 16470
32173 19923
32173 21499
32185 2018
32185 20184
32188 15102
32192 3680
32192 12819
32197 22081
32199 12475
32201 3841
32204 12326
32204 20169
32205 7090
32205 15191
32219 7318
32219 7727
32225 14217
32229 14230
32229 20134
32232 10281
32242 3121
32245 5845
32246 23331
32246 23503
32246 23517
32249 7886
32249 13224
32249 13925
32249 19543
32249 19878
32250 14472
32254 2415
32256 1143
32256 16572
32259 4402
32261 8375
32261 8762
32261 8876
32261 11314
32261 16602
32261 23563
32262 3692
32262 8371
32264 7716
32264 15819
32264 20430
32275 10874
32275 12050
32277 7299
32279 7814
32280 6678
32280 8938
32285 3897
32285 15201
32300 3866
32300 13978
32300 20363
32304 1489
32304 9908
32304 16507
32306 23520
32316 488
32316 5428
32330 15993
32330 16794
32344 8625
32350 20161
32356 1478
32356 2849
32356 5878
32356 7052
32356 7871
32356 10072
32356 11808
32357 2873
32357 11725
32357 11802
32357 13244
32357 15359
32358 6351
32362 16874
32363 15404
32363 16622
32365 15613
32370 6233
32370 6820
32370 8068
32370 13194
32370 14074
32379 12787
32392 7489
32392 18295
32392 20270
32392 23763
32393 3121
32393 17438
32399 1454
32399 8678
32399 12020
32399 15808
32399 17031
32404 2801
32404 19175
32423 3841
32423 22943
32427 18020
32427 19754
32427 21697
32427 22564
32428 330
32428 12681
32428 14258
32433 16832
32433 23516
32435 3880
32436 9775
32445 1937
32445 16635
32445 22702
32459 18879
32459 22776
32463 3429
32465 3841
32472 3993
32472 11704
32472 18020
32476 5867
32476 20419
32483 14472
32484 12308
32487 22930
32487 23064
32488 4896
32489 14235
32492 732
32492 4460
32492 19254
32504 1165
32504 7215
32504 11132
32504 11926
32504 12332
32504 15271
32504 15605
32504 20468
32505 6476
32505 18971
32506 1384
32508 22653
32517 13224
32538 5322
32538 11126
32538 13808
32540 13958
32541 5037
32541 8928
32541 18683
32541 22760
32583 5305
32589 24331
32594 3943
32598 17692
32603 16982
32605 1013
32605 6586
32605 10874
32605 17093
32605 23755
32607 5689
32614 20103
32625 7249
32625 11277
32625 15371
32649 20201
32650 21920
32653 2951
32653 18343
32655 1732
32655 3121
32655 3930
32655 12701
32655 14125
32655 15907
32655 20847
32655 21664
32655 22085
32655 22294
32663 15427
32667 12475
32669 13695
32669 22024
32673 4563
32673 5408
32676 18683
32676 22760
32679 4014
32699 9002
32701 15769
32715 484
32715 7197
32715 9298
32715 23973
32717 7886
32717 13224
32717 13925
32717 19543
32717 19878
32718 23503
32718 23517
32733 22052
32743 366
32749 19201
32774 3391
32774 7004
32774 11566
32774 15641
32780 16641
32784 1165
32784 7215
32784 11926
32799 20771
32816 21024
32821 17651
32831 8879
32831 21864
32831 23612
32833 18067
32835 5317
32842 14332
32842 15788
32842 20270
32846 15574
32846 22813
32866 11169
32867 872
32867 21041
32869 14652
32872 20759
32884 10874
32884 21804
32886 1941
32887 7472
32887 9333
32887 22675
32899 17890
32901 6165
32905 22688
32923 5345
32925 8051
32929 1448
32929 2356
32929 2510
32930 52
32930 10232
32930 16449
32930 23094
32937 3316
32937 7088
32937 11102
32937 20008
32937 20852
32945 21277
32956 3751
32958 10994
32958 16113
32987 6418
32987 8775
32989 4508
32989 17231
32996 5369
32996 17305
33010 23379
33014 8916
33015 19310
33021 18015
33025 5211
33025 20134
33031 12024
33031 21386
33031 22150
33043 18352
33049 3574
33051 15056
33053 18683
33055 9269
33055 20993
33063 14324
33067 18298
33071 2885
33074 8624
33082 762
33082 2414
33082 3567
33082 17349
33085 1707
33085 8627
33091 17248
33092 10789
33094 20288
33109 11260
33114 4302
33114 14849
33122 11698
33122 20935
33122 24064
33140 6553
33140 6644
33140 19942
33140 22130
33141 16
33141 4389
33141 5666
33141 6843
33141 10874
33141 11277
33141 13400
33141 14147
33141 24532
33143 2017
33143 8240
33143 15519
33143 17961
33150 16118
33154 20270
33163 6600
33168 17178
33174 9939
33178 20731
33184 4695
33184 7077
33184 10243
33194 7603
33194 14064
33194 20821
33210 3048
33210 3953
33210 5447
33210 21485
33210 24299
33213 1165
33213 7215
33213 11926
33215 93
33215 7550
33215 15136
33225 3946
33225 18346
33227 17573
33228 13415
33231 3841
33235 8958
33242 13677
33243 3841
33254 15366
33260 1078
33260 14342
33260 17879
33260 21644
33265 4407
33268 1261
33269 21650
33277 20134
33278 32
33278 1306
33278 9493
33278 15229
33278 20458
33279 20728
33285 2873
33285 11725
33285 11802
33285 13244
33285 15359
33302 13631
33312 1203
33312 3121
33313 7363
33313 17527
33313 19223
33317 923
33319 12693
33320 23649
33322 11611
33332 882
33332 5529
33333 7750
33346 477
33350 4603
33350 8319
33350 20813
33368 1739
33368 5168
33368 24479
33369 902
33369 3475
33371 2611
33372 22206
33373 942
33373 19877
33373 23224
33379 762
33379 3567
33379 17349
33381 14033
33381 21935
33383 23384
33384 18348
33385 7380
33385 13091
33385 14765
33389 8505
33396 19083
33403 13841
33403 15528
33404 115
33404 14271
33405 19876
33407 12666
33407 16746
33408 1171
33408 2728
33408 3161
33408 7972
33408 14153
33416 6916
33416 21339
33416 23501
33417 18267
33418 3048
33418 5447
33418 7215
33418 11926
33418 15086
33418 21485
33418 24299
33434 12810
33442 23279
33445 7192
33445 20384
33452 5494
33470 13545
33474 12612
33486 1689
33486 3475
33489 17953
33492 16941
33494 19144
33494 21598
33495 13489
33502 22753
33511 10357
33515 3930
33515 20847
33516 18734
33519 529
33519 21734
33519 21767
33519 23683
33530 16028
33531 944
33531 21302
33535 10507
33539 10454
33541 21863
33544 2457
33544 9142
33544 20419
33544 21335
33558 7084
33558 13488
33561 19096
33562 1538
33563 283
33580 1255
33580 11418
33580 22630
33585 7551
33600 18179
33618 14421
33618 15860
33623 4459
33623 4542
33623 4782
33623 6829
33623 12631
33628 21837
33646 5093
33646 11335
33646 23512
33654 1222
33654 14592
33661 1887
33666 16028
33671 12973
33674 23523
33677 1143
33677 4057
33677 21594
33684 125
33684 6016
33684 11976
33708 24518
33710 18096
33718 16738
33720 2257
33720 3375
33720 4570
33720 7928
33735 21734
33737 2938
33737 6891
33737 16703
33737 19752
33737 21051
33748 16778
33749 13925
33750 357
33750 5481
33750 23153
33754 9722
33754 13557
33756 3836
33756 6162
33756 14103
33758 16068
33765 1448
33770 12323
33773 6476
33773 11154
33773 11335
33773 16242
33773 20270
33790 648
33790 20731
33791 21248
33800 15246
33803 1199
33805 21516
33836 24452
33837 20013
33849 7544
33850 1669
33850 11566
33850 15641
33858 14488
33858 18441
33858 21510
33872 7651
33873 998
33880 5254
33882 20986
33896 6476
33896 13083
33896 14287
33896 18971
33898 5753
33914 7750
33916 17310
33927 4015
33927 8757
33933 18504
33938 5753
33938 9478
33938 14899
33944 251
33945 13545
33945 14171
33948 21503
33955 5494
33980 16565
33981 3892
33985 17692
33985 23217
33993 93
33993 7550
33993 15136
33997 5032
34004 52
34004 3692
34004 6462
34004 11971
34008 8517
34008 15124
34008 16715
34016 16838
34016 17900
34016 19058
34020 2686
34020 14647
34020 14999
34020 18373
34020 24614
34026 11266
34026 16865
34026 17735
34031 9229
34033 18295
34033 23167
34037 1510
34037 9492
34037 16905
34037 21409
34056 5274
34056 8371
34066 5865
34066 12588
34066 15077
34082 3121
34082 22085
34083 10143
34083 13204
34090 20832
34109 788
34112 4461
34112 13904
34112 14332
34115 529
34115 22443
34115 23512
34117 1151
34117 2716
34117 19002
34137 4508
34137 17231
34146 6685
34149 10817
34155 11641
34155 17902
34162 1575
34165 14515
34171 1538
34171 8916
34173 17083
34177 2329
34181 6462
34181 6932
34181 9092
34181 20560
34185 1051
34185 13227
34185 20848
34186 17515
34188 12934
34191 21147
34192 4253
34192 19639
34193 11770
34197 9067
34197 23027
34200 14488
34200 16778
34201 11303
34211 2276
34211 5818
34221 4813
34232 6218
34232 8685
34232 12230
34232 21817
34232 24036
34237 7499
34240 19885
34242 15099
34255 11548
34266 4448
34266 6790
34266 11282
34266 19297
34266 21478
34268 2376
34268 3390
34268 12452
34276 23518
34277 6258
34281 972
34281 12977
34281 19329
34281 22653
34290 867
34290 14762
34290 16066
34290 24323
34292 5206
34293 9092
34293 9883
34293 19803
34293 19928
34293 20560
34294 2329
34310 10159
34310 22150
34316 15798
34320 4674
34320 22166
34328 2223
34329 5849
34329 13243
34329 17615
34329 19976
34329 24518
34332 18772
34334 2092
34334 14071
34334 14826
34350 18856
34350 21821
34357 13785
34359 529
34359 2242
34359 5818
34359 19942
34370 7924
34374 14698
34383 7192
34386 5462
34386 24292
34390 13375
34401 11173
34401 11418
34401 19503
34405 5507
34405 20383
34420 2403
34420 4789
34420 23167
34420 24612
34427 3121
34432 2125
34437 5408
34437 16073
34445 5899
34445 12473
34456 2942
34456 5042
34456 16849
34458 1581
34458 18541
34470 21548
34474 10474
34474 13000
34476 2584
34481 15634
34487 50
34487 330
34487 1165
34487 7215
34487 11926
34487 12681
34487 17165
34488 1331
34495 1125
34495 5037
34499 24138
34517 18164
34517 23512
34525 11322
34525 13218
34533 23209
34550 3083
34550 3208
34550 5586
34550 15980
34550 16351
34550 22364
34555 15634
34560 18485
34560 21339
34564 6800
34564 11890
34564 12501
34569 2571
34571 5502
34571 9623
34571 20910
34575 7886
34575 13224
34575 13925
34575 19543
34575 19878
34581 3271
34588 15985
34588 18918
34591 14488
34600 15052
34601 2273
34601 15436
34601 16499
34602 5668
34602 20134
34610 20402
34610 21862
34613 19515
34619 23024
34626 1685
34632 12365
34632 22138
34653 23890
34654 10479
34656 632
34664 4015
34664 15650
34668 4833
34668 6824
34668 15952
34668 22889
34676 8272
34679 22930
34681 19396
34685 14110
34685 19876
34686 2873
34700 6218
34700 6662
34700 14153
34700 15788
34700 22014
34701 16073
34713 7063
34713 21692
34713 24417
34719 1203
34720 23081
34730 7898
34731 1012
34731 12010
34734 16874
34734 20771
34740 2274
34740 22886
34746 9424
34746 12941
34754 12646
34754 17669
34754 24250
34760 10357
34765 15447
34766 7516
34767 2611
34780 12813
34795 10874
34795 20830
34796 19191
34801 11266
34808 16074
34808 22396
34808 22681
34809 1281
34809 3417
34809 3561
34809 5782
34809 7222
34809 8642
34809 9018
34809 9875
34809 10227
34809 12484
34809 13054
34809 13676
34809 13750
34809 14765
34809 16249
34809 16607
34809 17676
34809 18586
34809 19230
34809 22276
34809 23662
34812 10573
34828 3918
34831 14125
34835 7318
34839 8380
34845 11866
34845 13442
34845 18234
34847 2348
34847 3316
34847 4253
34847 7998
34847 16127
34854 20257
34876 1220
34876 7639
34876 8371
34876 11971
34883 11173
34883 21325
34894 3054
34894 11344
34894 17222
34894 18772
34894 21021
34899 24097
34902 2029
34902 8892
34902 12213
34907 20419
34908 4545
34908 13226
34908 16474
34908 23037
34919 11833
34919 17129
34920 2858
34920 11461
34925 648
34925 5266
34927 2026
34930 1073
34930 11870
34930 12914
34930 18869
34944 5594
34946 2592
34960 9230
34970 1300
34970 13065
34970 19868
34978 23064
34980 13955
34980 16716
34981 11083
34982 1945
34982 20707
34985 15778
34986 5492
34986 13224
34986 13925
34986 19553
34986 22736
34989 13841
34989 15528
34991 10982
34991 18307
34992 548
34992 10644
34992 11786
34992 12200
34992 16594
34992 18666
34992 18816
34993 7859
34993 12777
34993 18050
35024 18312
35027 1145
35027 7820
35027 13336
35027 14450
35034 4972
35034 11132
35034 12332
35034 15605
35041 4506
35053 15249
35053 17902
35058 1331
35058 16411
35066 669
35066 2918
35066 5753
35066 9422
35066 14695
35074 9845
35074 14908
35077 480
35083 13239
35099 313
35099 4604
35102 4697
35123 3121
35128 9142
35135 1841
35142 11611
35144 7966
35144 9694
35144 20910
35149 22392
35151 14564
35166 2792
35166 23371
35168 21388
35171 9295
35171 12963
35178 2315
35178 8751
35187 9443
35192 11828
35192 21212
35199 16543
35202 13628
35202 24076
35207 15702
35207 17298
35207 20700
35209 3271
35209 15792
35211 7268
35211 18033
35223 67
35223 12615
35223 13363
35223 24464
35227 2329
35239 6770
35239 13239
35239 18411
35247 12787
35264 7886
35264 13224
35264 13925
35264 19543
35264 19878
35267 1621
35267 4942
35267 10818
35291 10874
35293 6723
35302 3942
35302 4015
35302 8535
35302 10930
35302 19964
35302 23979
35313 6431
35319 10456
35329 2885
35330 20419
35331 13155
35332 5651
35332 8857
35333 2474
35348 17617
35357 16041
35358 948
35363 16896
35363 16946
35363 22291
35366 10682
35370 2329
35371 7229
35387 15848
35387 18873
35387 21627
35387 21661
35388 8991
35388 11173
35388 11418
35391 5183
35391 7454
35391 16960
35391 18961
35391 20729
35393 7358
35400 401
35400 23611
35402 10909
35402 22702
35405 10779
35405 12202
35413 8028
35422 2696
35425 23946
35426 12894
35429 13631
35429 19344
35432 9535
35436 1210
35446 1449
35446 13381
35446 16912
35450 22291
35457 1884
35478 1220
35478 12230
35478 18916
35478 24564
35490 5849
35490 13243
35490 17615
35490 19976
35490 24518
35497 10407
35498 4864
35503 5317
35503 9414
35509 24550
35520 20910
35521 1858
35521 19099
35532 18352
35532 21449
35533 2323
35540 3824
35549 15784
35560 9775
35560 15897
35560 17637
35568 7287
35568 7959
35568 15372
35568 16620
35572 8057
35572 18744
35577 1165
35577 7215
35577 11926
35579 7698
35584 8108
35584 8309
35584 19049
35590 6298
35590 15412
35590 18431
35590 21478
35594 21801
35597 11071
35597 15233
35599 6165
35615 10760
35617 5903
35617 19962
35630 12337
35650 2174
35650 19006
35652 1625
35654 21713
35667 6218
35667 6476
35667 11154
35667 18971
35667 23090
35674 7838
35681 16507
35683 7250
35683 8032
35683 11471
35683 15408
35683 19804
35683 21284
35684 9354
35684 20183
35694 3022
35695 6923
35698 6426
35703 9081
35703 13023
35703 23590
35704 5632
35704 12233
35704 17917
35714 1931
35716 12409
35716 22514
35716 22657
35728 2016
35728 12112
35740 10119
35740 15241
35741 23365
35744 2967
35744 3507
35749 16386
35749 20618
35750 22150
35753 10279
35762 872
35762 3576
35762 3620
35762 4000
35762 21041
35762 21107
35767 2792
35768 16718
35782 5112
35782 22702
35787 19156
35787 21390
35791 902
35791 3475
35791 8912
35800 5824
35800 7947
35800 16931
35800 17516
35801 12599
35806 16188
35806 21198
35816 7739
35827 8181
35830 19625
35830 20767
35838 6219
35838 8627
35842 15860
35845 7233
35845 7992
35845 13072
35845 15528
35847 1185
35850 16197
35870 11465
35880 24276
35881 8298
35897 8969
35897 10472
35897 17112
35907 17788
35908 13470
35909 7304
35909 21863
35917 1165
35917 7215
35917 11926
35934 2938
35945 13375
35953 3398
35953 12285
35954 3789
35955 3971
35959 14297
35960 10753
35976 8315
35984 4206
35984 15394
35984 21594
35985 18732
36002 2873
36002 11725
36002 11802
36002 13244
36002 15359
36003 3128
36003 6327
36003 9446
36003 18289
36007 3121
36010 5245
36010 5720
36012 651
36012 2885
36023 4131
36023 5379
36024 14757
36024 15480
36025 7294
36029 7538
36029 15001
36036 867
36036 7130
36036 9298
36036 10056
36049 19739
36049 20210
36049 23559
36053 21545
36053 23753
36057 2567
36057 4132
36057 9910
36057 14652
36058 24094
36074 13151
36091 10096
36091 15016
36091 19672
36095 6604
36107 7233
36107 13307
36111 6268
36111 6644
36111 10231
36111 19942
36111 24253
36117 6354
36117 21767
36121 7641
36122 7004
36122 10874
36140 16031
36140 21876
36141 10357
36141 24276
36147 3111
36147 3720
36147 20024
36154 13293
36154 15519
36154 16339
36156 19853
36172 1133
36178 21636
36181 9229
36181 9513
36186 13110
36187 20665
36195 23717
36200 2069
36200 18897
36201 3271
36201 15792
36211 2123
36211 16468
36211 22109
36212 16547
36214 7215
36214 11926
36218 20878
36219 14488
36223 66
36230 3692
36230 8371
36230 13904
36230 15788
36230 22971
36237 7425
36237 8410
36237 12279
36237 16207
36237 22729
36237 23090
36240 19961
36241 7240
36241 10186
36252 93
36252 7550
36252 15136
36253 10270
36263 16524
36270 21245
36270 22294
36289 3548
36289 5868
36290 20938
36292 12551
36299 5803
36300 7220
36300 21767
36300 23683
36300 24365
36304 2901
36304 6461
36304 8879
36304 17548
36307 178
36325 1401
36325 9275
36325 12693
36331 1172
36333 853
36333 15476
36333 23090
36333 23512
36341 9509
36341 14189
36341 16317
36341 16512
36344 3157
36344 11154
36344 11335
36344 19741
36345 7245
36345 21169
36346 747
36346 14537
36346 16213
36350 14562
36350 23711
36355 17512
36355 19279
36355 22877
36361 9517
36362 1184
36362 2880
36362 16591
36362 19915
36366 20900
36368 23512
36376 11670
36391 8646
36397 20725
36400 6568
36416 17653
36420 19853
36424 1399
36424 2796
36424 18347
36424 22082
36424 24317
36429 3501
36429 6568
36443 17178
36449 23313
36452 8991
36452 16189
36453 13099
36453 14756
36453 24138
36458 22432
36463 12753
36470 14677
36485 21879
36489 11525
36495 4508
36495 17231
36506 1292
36506 20848
36511 21184
36512 23016
36518 8101
36518 9541
36518 10874
36518 21147
36529 9043
36536 7606
36541 12
36541 2669
36548 5553
36549 1061
36549 3395
36549 16012
36549 19152
36559 1542
36559 7722
36559 11123
36561 1925
36563 12850
36563 21003
36564 4283
36564 6215
36564 21100
36571 2443
36572 12367
36572 21814
36577 2699
36577 11538
36577 14911
36577 17650
36580 4338
36580 10706
36580 20048
36580 21641
36593 12666
36593 17273
36608 14686
36615 17027
36636 13925
36636 14342
36637 20789
36644 345
36645 10666
36647 9914
36648 23199
36649 16086
36649 18723
36650 3271
36650 15792
36653 18642
36667 10681
36667 21050
36687 14677
36691 10086
36700 1685
36701 22
36701 1199
36701 1863
36701 4504
36701 9842
36701 12644
36701 13390
36704 15144
36706 1446
36709 12679
36718 50
36718 330
36718 11132
36718 12681
36718 17165
36719 2807
36719 20134
36721 17879
36723 17178
36728 21113
36733 19974
36742 2125
36754 7760
36754 19333
36755 12975
36764 1220
36764 14651
36764 22239
36780 161
36780 2029
36780 21501
36785 19901
36793 1203
36793 2772
36793 21887
36796 19251
36796 19792
36802 7893
36802 17724
36802 24220
36804 3202
36804 8241
36804 9722
36804 16475
36816 22564
36816 23683
36819 5866
36819 20288
36821 3063
36824 1235
36841 21505
36845 17522
36861 12297
36869 17908
36884 8241
36884 16475
36884 17306
36900 2026
36900 14652
36904 21335
36906 11030
36915 7557
36916 23086
36923 14217
36923 18048
36924 7220
36924 16971
36936 13677
36955 5873
36961 12411
36972 18425
36973 1477
36973 7716
36973 15819
36974 2792
36974 8244
36974 14515
36978 9517
36978 13381
36979 12475
36979 14011
36987 14486
36989 6651
36989 10493
37003 3994
37010 12418
37011 17462
37016 18772
37018 17692
37026 7992
37026 8928
37026 13841
37026 20676
37035 2578
37038 2465
37038 12393
37042 10599
37047 13224
37047 13925
37059 7456
37059 8991
37059 11418
37060 19553
37062 13117
37090 3048
37090 5447
37090 15086
37090 21485
37090 24299
37099 8740
37099 18096
37104 1165
37104 7215
37104 11926
37104 13224
37104 19553
37104 22736
37105 8202
37105 12066
37105 15821
37108 437
37111 6340
37111 18929
37118 18822
37123 14891
37123 23111
37124 1835
37124 6894
37124 8939
37124 11383
37124 15300
37124 23330
37134 3942
37134 4015
37140 21925
37148 6836
37148 18188
37148 19146
37148 22116
37154 9517
37154 12233
37154 21318
37160 4419
37160 6811
37160 7484
37160 16376
37162 13307
37162 17830
37162 20024
37162 21548
37164 1189
37164 17389
37164 22052
37180 10366
37180 11160
37180 11999
37184 2991
37190 11720
37197 24087
37199 15889
37203 4409
37205 17289
37215 8426
37215 10787
37225 9641
37225 21469
37228 16265
37235 1195
37235 8174
37235 11219
37235 14970
37235 21278
37238 17760
37246 16778
37253 20728
37265 3767
37265 20479
37266 18563
37269 4413
37269 15768
37272 14332
37272 23090
37272 23512
37289 10208
37289 19522
37293 1359
37293 2571
37295 4838
37308 3015
37308 4649
37308 4948
37308 23018
37323 21060
37325 5235
37340 8826
37346 21339
37354 4458
37354 4866
37354 15620
37362 2546
37362 5818
37362 16736
37362 21767
37362 23683
37387 24094
37389 9743
37391 20061
37391 20537
37392 23501
37404 16326
37414 153
37414 12890
37416 10919
37416 19049
37419 4942
37419 6016
37419 10919
37419 16572
37419 23548
37419 24168
37421 1121
37421 8048
37439 1251
37439 10023
37439 12687
37439 14223
37444 19201
37446 6752
37446 20848
37451 10950
37454 3202
37454 9722
37454 13557
37462 8916
37462 12874
37462 18135
37470 13000
37470 20934
37471 1203
37491 178
37491 2681
37503 8195
37503 17692
37515 3281
37515 8326
37518 7992
37518 8419
37518 18416
37519 5494
37520 7278
37538 18581
37546 8202
37546 12066
37546 15821
37560 4504
37560 11060
37577 10818
37577 22329
37577 23548
37579 11705
37593 1794
37593 14630
37593 20532
37595 9077
37602 5369
37602 12267
37602 23368
37604 4220
37604 14802
37604 15577
37609 1732
37609 17280
37612 15233
37621 19470
37628 14142
37631 8183
37631 16861
37638 5929
37638 8946
37641 22501
37648 16778
37649 15070
37651 19595
37656 9295
37656 18092
37656 19853
37657 1192
37660 3815
37660 16407
37660 19423
37660 23934
37666 16454
37666 19602
37671 5280
37672 20567
37673 9842
37673 18092
37676 15309
37679 17069
37681 1749
37685 8181
37687 9983
37688 15456
37690 2695
37690 5008
37690 14271
37690 15043
37690 15502
37697 204
37697 10297
37697 10595
37697 11206
37697 17746
37697 22801
37701 9504
37706 11245
37706 24012
37711 4829
37711 13052
37711 24386
37713 22380
37730 2356
37730 3083
37730 6082
37730 17002
37730 19303
37730 22165
37730 22364
37737 15246
37744 6856
37744 8173
37751 6354
37756 12440
37756 23729
37758 9962
37761 6757
37761 18195
37769 3207
37769 8412
37769 11111
37771 22079
37792 22331
37797 8157
37800 2646
37800 23090
37806 9550
37806 20161
37816 2917
37816 20499
37816 20550
37816 24612
37828 17562
37828 23207
37840 12609
37868 11023
37869 20828
37875 16122
37875 21889
37880 5030
37885 3436
37885 11377
37885 15951
37896 3121
37915 8876
37915 10924
37915 16602
37915 19024
37915 23563
37922 5279
37925 7992
37926 13485
37938 825
37938 5080
37938 8157
37943 5423
37955 20419
37956 1685
37957 8631
37963 14963
37964 1200
37964 5262
37964 15355
37964 18907
37968 21381
37972 17968
37979 2873
37979 5849
37979 11725
37979 11802
37979 13243
37979 13244
37979 15359
37979 17615
37979 24518
37982 17860
37983 3475
37983 16028
37984 20276
37984 24224
37986 9517
37993 18567
37997 24276
38015 13506
38016 13098
38016 14338
38016 17582
38019 20398
38024 1188
38034 5274
38034 6462
38034 7816
38034 20096
38040 11326
38040 12973
38040 14887
38040 17898
38041 10309
38041 15038
38041 17184
38044 13752
38044 15649
38044 16833
38050 20254
38050 23675
38051 16086
38072 4685
38072 23034
38072 23793
38079 6388
38079 17014
38079 22142
38084 1581
38084 18541
38093 8380
38093 20649
38095 3552
38095 15459
38095 18583
38099 2060
38099 12267
38103 17076
38109 3692
38109 8738
38109 14543
38109 23943
38119 5494
38120 9033
38121 5253
38121 12050
38136 10357
38138 4295
38149 19312
38154 1581
38154 18541
38159 387
38159 20254
38159 24612
38168 436
38176 10682
38176 24044
38178 5262
38178 6286
38178 6923
38178 15355
38178 18800
38180 2873
38180 11725
38180 11802
38180 13244
38180 15359
38186 23698
38187 2329
38202 6462
38202 21927
38214 14488
38215 11528
38216 13307
38216 18683
38216 22760
38219 1871
38219 5933
38219 8145
38223 19472
38226 14677
38226 16778
38242 14145
38245 5741
38250 3271
38250 15792
38251 2699
38253 11470
38258 10276
38258 16330
38263 12629
38263 20556
38266 5751
38266 6600
38270 5274
38270 8298
38270 11971
38270 21071
38275 18669
38279 20476
38292 3344
38295 2252
38295 13730
38295 16517
38295 20772
38301 10834
38301 19279
38303 19096
38304 13803
38307 6821
38308 967
38308 6142
38308 14922
38309 23727
38321 10914
38321 15591
38321 16844
38338 2242
38338 7352
38338 19927
38339 14194
38345 3803
38345 21071
38345 23094
38349 529
38349 2242
38349 8303
38349 15427
38349 19927
38359 6620
38362 16550
38363 15449
38368 10433
38368 21856
38370 22341
38370 22837
38370 23493
38373 23217
38374 10374
38391 15055
38391 16843
38391 24358
38394 9761
38400 23689
38431 11505
38431 16695
38433 1776
38442 9910
38442 18744
38442 21745
38448 19902
38452 19359
38466 22255
38466 24585
38469 9654
38482 21395
38483 853
38483 22128
38483 23734
38487 208
38488 81
38488 8253
38488 10196
38489 11303
38497 10508
38500 2215
38500 16695
38500 16780
38503 3371
38503 6996
38508 5849
38508 13243
38508 17615
38508 19976
38508 24518
38514 9604
38525 3782
38525 4449
38525 8370
38529 549
38529 1073
38529 7538
38529 14868
38529 18869
38537 5520
38540 11303
38540 16718
38540 21251
38541 9399
38541 16525
38544 19643
38544 21023
38547 21926
38548 9206
38548 9295
38549 15052
38551 15052
38575 5897
38579 3692
38579 6462
38579 8371
38584 20057
38584 22198
38587 22943
38594 283
38594 23909
38596 10159
38608 8928
38611 5492
38611 13224
38611 13925
38611 19553
38611 22736
38632 10258
38636 9313
38636 21264
38636 21751
38646 4278
38654 52
38654 3692
38654 5274
38654 11971
38654 19896
38664 8670
38664 21986
38666 50
38666 330
38666 1165
38666 7215
38666 11926
38666 12681
38666 17165
38671 6547
38673 17229
38684 2195
38684 5979
38684 8879
38685 17176
38685 23797
38693 16710
38693 23225
38719 1094
38719 9014
38719 13050
38719 24316
38730 14034
38737 12164
38737 19677
38737 22943
38752 12973
38756 6462
38756 7716
38756 16905
38756 20430
38756 21409
38756 23689
38765 14564
38769 7215
38769 11926
38776 7206
38777 867
38777 7130
38777 11721
38777 14762
38777 18660
38784 4253
38784 7006
38784 19639
38792 139
38806 8568
38806 17403
38806 20890
38807 11470
38807 22335
38810 12911
38816 5553
38816 17076
38819 9666
38819 10874
38820 3433
38820 14863
38823 7487
38823 12481
38828 3789
38828 4094
38832 7901
38832 13478
38832 17350
38832 18810
38838 3271
38838 15792
38842 21447
38847 17884
38847 23064
38850 2571
38850 12323
38852 21495
38854 313
38857 22943
38861 5689
38861 17692
38866 23395
38868 3424
38868 19773
38868 22541
38869 11599
38870 14122
38886 2375
38886 5172
38890 22697
38902 7886
38902 13925
38902 19543
38902 19878
38909 3866
38909 14778
38909 17096
38909 20935
38909 21697
38910 6260
38910 6327
38910 11278
38910 23047
38922 3006
38924 1370
38929 12679
38937 1538
38937 12642
38952 16028
38956 4163
38971 1283
38988 781
38988 3296
38988 4512
38990 12374
38990 19243
38993 17014
38993 19401
38993 22142
39025 13958
39029 23408
39034 17793
39034 23712
39034 23815
39037 1516
39037 3531
39037 8521
39037 12643
39037 22699
39038 16067
39043 7727
39043 23091
39045 19598
39049 1323
39049 1966
39049 5237
39049 7895
39049 21453
39064 2945
39070 8475
39073 5082
39073 21069
39073 21740
39078 8043
39079 853
39079 23090
39083 11031
39083 21212
39085 3873
39085 9492
39085 11372
39085 21725
39088 6373
39088 14757
39088 22133
39089 7121
39089 15651
39089 20989
39090 5879
39092 9722
39092 13557
39092 20357
39095 12029
39095 13861
39096 10366
39099 12868
39103 14838
39108 3876
39125 5408
39128 2140
39129 21217
39133 5506
39138 76
39138 7309
39138 20641
39138 21151
39138 21156
39139 8227
39139 22310
39141 3967
39151 13709
39172 22797
39178 5925
39178 8544
39178 15511
39195 13500
39195 19087
39201 10927
39204 5317
39208 5620
39208 8853
39208 24170
39211 5672
39211 9012
39213 2329
39224 8879
39224 9884
39224 15574
39227 1825
39227 4508
39227 17231
39233 9814
39238 902
39238 16028
39241 12787
39245 13193
39245 24261
39247 16242
39252 14900
39255 9295
39258 18042
39261 5410
39261 6967
39265 23161
39265 23556
39270 5446
39270 5518
39270 15398
39285 9620
39285 12238
39285 16728
39287 21510
39289 7639
39289 14651
39289 18916
39296 8969
39296 10396
39296 16492
39309 13177
39313 9139
39317 7080
39323 21745
39324 9668
39325 12142
39330 20598
39331 17069
39341 452
39343 23512
39347 8694
39347 18135
39354 18492
39355 12551
39360 4923
39360 9863
39360 10088
39360 10996
39360 11555
39364 2068
39370 3803
39370 6974
39370 10839
39370 17350
39370 20560
39372 8419
39385 17047
39388 2327
39389 1581
39389 18541
39395 2043
39410 721
39411 2253
39415 6192
39415 18028
39416 6093
39417 2174
39418 3947
39418 4821
39423 8844
39423 10780
39424 1313
39424 18138
39424 19006
39424 23044
39434 1568
39440 10915
39440 24181
39444 7750
39447 6997
39461 10884
39464 4475
39465 2060
39465 7696
39465 12267
39465 13110
39468 24560
39479 11228
39479 11353
39480 3475
39480 16028
39488 13719
39495 10608
39497 3429
39509 9808
39513 1581
39513 18541
39524 1619
39530 19573
39551 6476
39551 7425
39551 11154
39551 22729
39566 2329
39572 3342
39572 18666
39574 2246
39574 6461
39574 23612
39575 10789
39596 20184
39597 6537
39597 10835
39597 22313
39598 1329
39598 4942
39598 17678
39598 20345
39616 9775
39616 17968
39619 2592
39620 3047
39620 5449
39620 12358
39620 15770
39623 11257
39625 22008
39627 4371
39627 20821
39637 4005
39637 13617
39637 15313
39637 19375
39637 22314
39655 16673
39656 2547
39656 11207
39656 11976
39656 24168
39661 9694
39661 10243
39673 2696
39673 6607
39673 23843
39684 407
39684 22081
39689 3591
39689 10748
39689 14336
39689 17615
39689 19825
39690 1925
39694 21184
39701 21876
39701 23069
39702 22384
39708 1022
39708 15958
39708 22584
39717 9443
39717 13224
39717 13925
39728 5725
39737 1022
39761 23630
39766 8371
39766 23943
39772 3462
39772 3773
39772 21825
39773 4755
39788 3237
39788 10874
39790 20547
39792 7185
39794 4924
39794 22804
39796 6916
39809 2463
39824 6218
39824 10630
39824 11154
39824 13083
39829 32
39829 1306
39829 9493
39829 15229
39829 20458
39830 529
39830 19754
39830 20879
39830 22702
39844 15754
39848 23412
39864 16086
39865 3174
39865 11153
39865 15213
39867 5263
39868 20464
39871 24121
39875 12786
39878 1016
39878 13410
39878 14564
39878 20725
39887 22652
39889 2068
39907 3473
39920 1398
39934 8019
39936 17420
39937 498
39937 19291
39945 5689
39946 1964
39957 407
39958 10153
39964 12513
39975 20947
39976 23279
39977 18092
39980 8742
39987 11045
39990 2267
39992 2241
39992 8932
39994 20173
39995 11912
39995 16365
39995 17121
40005 17077
40012 529
40012 6520
40013 4407
40016 3271
40016 16470
40021 8375
40021 8762
40021 23563
40038 9434
40038 10054
40038 10879
40038 15251
40038 17125
40048 3054
40048 17341
40048 21450
40062 112
40066 10061
40066 16067
40079 17879
40090 872
40090 2792
40095 8051
40095 18556
40106 7240
40106 10186
40114 2673
40114 5198
40114 23651
40115 8040
40125 8036
40130 23983
40139 1899
40139 10692
40142 22079
40171 24000
40188 20042
40194 3022
40194 19245
40200 15613
40205 9627
40213 6191
40213 19191
40218 12977
40218 19329
40218 22653
40224 8836
40224 16524
40226 3918
40230 3836
40232 16071
40239 5274
40239 6486
40239 16754
40239 23964
40245 13185
40245 17234
40251 1259
40254 13870
40258 16998
40258 18772
40263 11266
40270 7886
40270 13224
40270 13925
40270 19543
40270 19878
40273 1012
40273 12010
40275 11303
40276 15038
40281 6340
40281 18929
40285 723
40285 3392
40285 19114
40288 21134
40289 7639
40291 10884
40295 20419
40310 3572
40310 6329
40322 6013
40322 6304
40322 13974
40322 15974
40326 10202
40328 6690
40328 15264
40328 18625
40328 24425
40356 10010
40358 3170
40365 20469
40367 2461
40367 15151
40367 15905
40381 12223
40389 22707
40394 21693
40395 21574
40398 19668
40398 20572
40399 1907
40399 5850
40399 7540
40399 18058
40405 21245
40411 2457
40411 9142
40412 23757
40425 2786
40425 13641
40425 22914
40426 12941
40432 15052
40435 9451
40440 5262
40440 13629
40440 18907
40441 7641
40441 19175
40441 19686
40441 23091
40446 15689
40448 6150
40448 12318
40448 23644
40449 17178
40455 3861
40455 21897
40468 15128
40490 23806
40492 42
40494 11260
40495 2682
40495 11279
40495 14081
40495 18963
40498 9649
40498 12599
40519 4163
40521 20910
40523 12005
40528 3121
40528 21664
40535 3576
40535 13717
40535 18990
40535 20942
40544 8324
40552 19598
40556 7252
40556 9008
40556 9588
40556 13697
40556 14810
40581 12485
40581 19829
40590 1826
40590 10175
40590 19580
40600 20865
40605 11071
40622 22296
40630 6725
40630 15976
40646 22
40646 2792
40650 5581
40661 9139
40662 23090
40668 22
40668 1884
40668 2634
40668 7358
40668 18242
40668 19045
40672 22878
40676 421
40676 12175
40676 17608
40676 18840
40683 1364
40683 1398
40683 2267
40683 24432
40694 18216
40695 10745
40702 500
40702 20969
40702 21925
40722 257
40736 2372
40736 7994
40736 13980
40736 19023
40736 23653
40736 23945
40745 1822
40745 9654
40761 15076
40762 6165
40768 7511
40768 13885
40776 4519
40776 22331
40786 14488
40793 15930
40797 12437
40799 3593
40809 5932
40809 23512
40811 8387
40819 1707
40832 19096
40832 21339
40842 22378
40847 2796
40849 23087
40850 19859
40851 16428
40859 16718
40868 7641
40870 12871
40870 18164
40878 10357
40883 949
40883 1656
40883 13052
40886 7658
40887 16345
40887 24334
40890 529
40896 12519
40911 1724
40911 5201
40911 20474
40911 23744
40920 2672
40920 7697
40920 17332
40922 22291
40926 13760
40934 7047
40934 11866
40937 7068
40937 22845
40947 3121
40968 18451
40974 6115
40974 7840
40974 16250
40976 20997
40991 2732
40996 8324
40996 20266
41018 5562
41018 17437
41018 21165
41025 10740
41029 11930
41054 2187
41054 3810
41054 19239
41061 7318
41062 16541
41062 17075
41062 17702
41062 21418
41072 2611
41077 13677
41080 17281
41080 20675
41096 23217
41098 9722
41098 13557
41098 20357
41102 13428
41102 14177
41102 15736
41109 1505
41110 11620
41110 18384
41110 23417
41111 11901
41111 19355
41114 21559
41122 22943
41126 17077
41143 12038
41145 15940
41145 18435
41152 3084
41152 12806
41152 16175
41152 23647
41175 4508
41175 17231
41187 13622
41187 18071
41191 4711
41195 19713
41195 22586
41206 18262
41206 21873
41207 11267
41207 12876
41215 5254
41219 24326
41233 22824
41235 2860
41235 17114
41235 20889
41245 20476
41248 510
41248 5339
41248 13196
41251 21983
41252 5056
41260 9649
41260 12599
41262 16986
41265 1403
41265 9304
41265 20101
41266 4972
41266 11132
41266 15271
41266 15605
41268 22435
41270 12972
41270 15229
41270 17578
41271 18346
41277 21339
41284 3150
41284 21395
41290 19485
41303 6449
41303 16432
41308 13175
41311 22166
41314 5471
41314 6248
41317 16885
41320 762
41320 3567
41320 17349
41328 5787
41332 13287
41341 1283
41342 12213
41342 13493
41342 15689
41342 23030
41350 3774
41350 10899
41351 13892
41351 17047
41351 19485
41370 7886
41370 13224
41370 13925
41370 19878
41378 6476
41378 23512
41381 11071
41382 18594
41413 4563
41413 12323
41413 13399
41414 4104
41415 17566
41421 226
41421 963
41421 15006
41421 15055
41421 19999
41433 8247
41439 2457
41439 9142
41439 21335
41463 6165
41473 13870
41479 1205
41479 1252
41479 7716
41489 1409
41489 1732
41491 4402
41498 7273
41501 882
41513 16242
41523 10479
41528 4000
41530 16510
41542 13841
41542 22760
41562 23487
41569 22667
41570 2675
41572 20476
41576 1584
41610 6732
41618 14814
41634 679
41634 8836
41636 19573
41648 10431
41648 11566
41649 5368
41662 9172
41662 18021
41662 19518
41669 12367
41673 12682
41675 3803
41675 8298
41675 13027
41677 8541
41677 22323
41677 23464
41690 2320
41690 3986
41690 5006
41690 7963
41690 17439
41690 22322
41690 22930
41694 12838
41710 10048
41710 11978
41710 13980
41711 20419
41721 11801
41725 20265
41726 10747
41726 12091
41733 373
41733 12620
41733 17492
41744 2242
41744 9091
41744 10957
41744 23683
41748 8891
41748 23532
41750 10052
41750 14091
41761 3121
41761 3930
41761 14125
41761 17918
41761 21664
41761 22085
41761 23928
41789 9910
41789 10874
41792 2818
41801 6662
41801 6746
41801 15221
41812 10357
41812 19666
41812 23563
41819 11752
41824 17076
41827 18062
41831 15122
41838 23429
41844 6218
41844 10630
41844 20270
41846 10874
41846 13506
41846 15453
41851 6273
41855 228
41855 853
41855 1914
41855 2917
41855 6891
41855 18029
41855 20550
41859 5849
41859 13243
41859 17615
41859 19976
41873 1764
41873 13939
41873 18890
41873 21374
41886 3169
41895 8575
41895 9585
41904 5890
41904 11610
41915 16454
41915 19602
41917 21500
41917 22910
41920 546
41920 8937
41920 10992
41920 14678
41920 15192
41920 16691
41920 20918
41923 1440
41923 10707
41923 18566
41929 23337
41936 15615
41937 5591
41937 16242
41937 20270
41939 2661
41939 7435
41939 9831
41939 9943
41939 10828
41948 9910
41950 4253
41950 19639
41958 10
41958 3821
41958 19323
41958 22788
41960 7358
41960 13379
41960 16085
41979 16724
41990 1910
41990 17429
41990 24044
41992 529
42000 8844
42002 3638
42007 22291
42009 3943
42009 5317
42009 10061
42023 5689
42023 19598
42026 3197
42026 14363
42028 1511
42028 7045
42034 10238
42038 11857
42038 23833
42042 4104
42042 10013
42042 14518
42042 18002
42047 11793
42048 10790
42055 17944
42058 12988
42060 14202
42060 17692
42061 5373
42061 8189
42061 14817
42067 2225
42067 14278
42077 7141
42077 18114
42079 8679
42079 22501
42080 15727
42086 2276
42086 4434
42086 22702
42086 23683
42086 24064
42089 5230
42089 16454
42089 19602
42095 11752
42096 5066
42096 23949
42102 10362
42104 20484
42104 23722
42105 529
42105 2242
42105 6334
42105 24064
42106 698
42106 6272
42108 7411
42110 10711
42110 11978
42110 13980
42122 9529
42123 9417
42129 3237
42129 3391
42129 10874
42129 15641
42142 9540
42143 17014
42143 18026
42143 19401
42143 22142
42147 20865
42155 10546
42170 1012
42170 12010
42173 2696
42176 3602
42176 13073
42176 18050
42179 8202
42179 12066
42179 15821
42200 18585
42225 11720
42227 93
42227 15136
42232 3551
42238 9822
42238 15993
42246 5528
42265 649
42265 7629
42265 16714
42269 20254
42284 4026
42284 23922
42287 3212
42287 7004
42287 9132
42287 17341
42294 21024
42296 762
42296 2414
42296 3567
42296 17349
42302 17236
42308 2136
42312 23561
42348 8098
42349 19049
42351 3548
42351 18599
42351 20646
42355 20365
42358 6069
42358 24415
42359 2899
42360 17779
42360 18708
42363 21934
42367 24515
42373 9775
42376 11274
42382 3049
42387 4506
42392 3692
42392 8371
42392 23094
42402 22815
42410 24218
42411 18456
42418 12177
42418 21239
42418 24572
42426 20184
42429 24044
42430 1471
42438 11313
42438 14349
42442 10493
42442 18121
42442 20214
42455 8475
42455 18311
42464 15313
42467 10874
42467 12050
42471 2515
42478 5762
42478 19786
42483 11266
42486 10023
42486 14223
42486 21944
42487 373
42487 2242
42487 4290
42487 12620
42487 19927
42496 1507
42496 10417
42496 12213
42496 16031
42497 18253
42506 13307
42509 6665
42526 4015
42526 21534
42545 18331
42549 10853
42552 17047
42555 7160
42558 13904
42558 23675
42579 15102
42587 12207
42592 5044
42607 9541
42607 20865
42611 331
42611 1897
42611 9808
42611 13628
42612 13039
42617 1401
42617 5265
42618 15664
42618 19825
42620 23180
42644 11303
42648 2181
42648 9483
42648 10703
42648 13052
42648 22778
42653 357
42653 4288
42653 18085
42657 6025
42657 11071
42657 20565
42663 1011
42663 2265
42664 24066
42665 3231
42666 13034
42666 18255
42667 5629
42667 11479
42667 19683
42673 2901
42673 15574
42673 22813
42677 23512
42685 9115
42685 24347
42699 23213
42702 17918
42714 8285
42718 15878
42720 7485
42723 9367
42723 17418
42732 5492
42732 13224
42732 13925
42732 19553
42732 22736
42733 20134
42740 6031
42751 282
42751 6777
42751 17114
42766 1189
42766 14137
42766 18058
42770 3789
42770 7302
42770 9752
42771 2484
42771 10311
42771 18251
42773 15478
42773 20484
42773 23722
42782 17860
42814 16345
42814 17961
42818 10874
42818 21804
42824 13793
42831 22166
42834 1656
42834 3294
42834 18026
42836 19827
42836 23892
42841 18651
42845 17692
42845 21104
42848 12238
42848 19100
42848 22948
42855 17187
42855 17766
42859 21719
42864 2571
42864 12323
42866 2696
42870 19050
42878 24208
42887 7639
42887 8387
42887 22300
42891 3107
42891 4307
42891 18270
42893 17692
42896 18451
42899 22314
42899 22643
42910 6382
42917 106
42928 6483
42931 8098
42933 432
42933 9611
42934 10780
42939 3007
42939 4255
42939 12177
42939 23187
42940 8109
42940 8916
42940 17991
42941 14230
42950 17879
42952 10904
42952 13547
42952 23097
42954 11528
42956 263
42957 20270
42960 9350
42960 13803
42980 7750
42981 3945
42981 14340
42981 20085
42988 5128
42988 20184
42988 20221
42989 8820
42991 8222
42996 3866
42996 13047
42996 13936
42996 14778
42996 23097
43014 7080
43018 6310
43023 7914
43028 13721
43028 14726
43028 16186
43030 18810
43032 8879
43035 2068
43035 20549
43037 9462
43037 10595
43037 11206
43037 15076
43037 17000
43041 7302
43041 9752
43041 10357
43043 589
43043 21935
43053 22294
43058 1011
43058 2265
43058 19640
43068 24462
43071 5689
43073 23264
43078 9153
43084 3237
43084 3519
43084 10874
43084 12050
43084 15641
43099 10431
43099 10874
43102 22579
43118 2266
43127 13489
43127 24522
43133 3841
43137 19933
43141 9004
43146 5425
43146 10717
43146 18387
43160 14403
43165 2885
43170 13803
43174 10902
43177 11461
43178 8759
43179 656
43179 3054
43179 12512
43179 17222
43217 943
43220 6306
43220 9212
43220 16445
43221 1006
43226 17272
43226 20061
43227 18177
43227 22079
43227 22614
43231 22079
43237 2356
43237 16351
43237 19991
43237 22364
43243 569
43243 4656
43243 16353
43246 22773
43248 4569
43248 17272
43252 19464
43257 6259
43257 23420
43268 16680
43272 5507
43282 12876
43296 12787
43296 14677
43299 2885
43310 675
43310 676
43310 19165
43310 19738
43314 4076
43314 12445
43318 9049
43321 11207
43321 12500
43321 15942
43321 20175
43321 23995
43322 1220
43322 7639
43343 15470
43349 2967
43349 3507
43349 16572
43352 2699
43352 11634
43352 15305
43358 16505
43358 17454
43362 11014
43362 22518
43362 23553
43368 972
43371 3604
43372 21561
43372 23843
43377 22833
43389 17686
43392 12551
43392 19598
43393 5751
43398 20792
43406 2871
43406 18665
43406 22938
43416 8928
43416 12050
43416 13506
43419 5954
43419 8505
43421 5162
43421 19395
43425 11266
43425 11526
43427 22234
43433 10517
43435 21147
43449 3113
43449 8461
43452 11268
43452 20848
43452 21994
43452 22564
43458 7045
43458 23016
43458 24535
43463 16778
43476 14222
43476 17282
43476 18744
43482 5
43482 2791
43482 23713
43487 5538
43487 13719
43487 19626
43487 22571
43500 9014
43517 22719
43526 6462
43530 9070
43535 14317
43535 16322
43536 7864
43540 8775
43540 9773
43546 10086
43547 11881
43547 14245
43547 17516
43547 21952
43554 4589
43556 11306
43563 6967
43589 4942
43589 10206
43589 19049
43596 6165
43599 5408
43600 14230
43603 15830
43603 19115
43603 22380
43604 6644
43604 19942
43604 22130
43614 15001
43622 16717
43623 10403
43626 9683
43630 1348
43630 6300
43631 3884
43631 17959
43631 19601
43639 2632
43644 9654
43650 4474
43650 15383
43650 18683
43663 19108
43666 1424
43666 22085
43667 15622
43679 22376
43680 12323
43687 8241
43687 16475
43687 17115
43697 112
43697 1050
43697 6639
43697 15355
43697 24622
43701 18451
43709 10810
43715 287
43715 8638
43718 994
43720 10442
43720 23954
43727 19463
43732 8420
43732 11340
43732 18002
43732 21955
43758 17892
43761 18432
43762 21616
43767 13193
43767 24261
43772 3021
43777 170
43777 12852
43777 13522
43781 1566
43781 11301
43788 1936
43788 5222
43788 7749
43788 12386
43788 21223
43795 10517
43796 2728
43796 4724
43796 5799
43796 20270
43798 3830
43798 4644
43804 12828
43804 19105
43804 22646
43809 23090
43818 9626
43820 15613
43825 14202
43831 149
43831 1879
43831 8092
43831 20971
43831 22356
43836 12876
43844 11225
43856 13117
43857 19314
43857 19660
43857 21500
43858 16212
43871 1629
43871 17533
43871 19538
43875 16330
43875 16470
43878 6700
43881 3674
43881 8025
43881 11260
43881 20288
43881 24170
43883 16883
43904 6172
43904 6867
43904 16183
43904 22565
43914 7725
43922 2240
43922 24116
43927 6557
43933 9722
43933 13557
43940 778
43940 3669
43940 23167
43944 4803
43944 15963
43945 2457
43949 24326
43950 17506
43957 7302
43957 9752
43959 3803
43959 6974
43959 21071
43959 23094
43967 15027
43995 16434
44002 16028
44002 23405
44003 20005
44020 10865
44020 12365
44020 22138
44034 2873
44034 11725
44034 11802
44034 13244
44034 15359
44036 19853
44053 4733
44053 19667
44053 21510
44070 5553
44081 3016
44084 2011
44086 22821
44090 13776
44094 1199
44097 23802
44098 3104
44098 5660
44106 3350
44106 12644
44110 10357
44111 14948
44114 74
44128 52
44128 1510
44128 6462
44128 23094
44144 9663
44144 14716
44152 8506
44152 17047
44152 19485
44157 5384
44157 12456
44157 21645
44157 23530
44158 1331
44160 287
44172 2811
44172 8124
44172 9075
44172 18144
44172 19005
44183 3591
44183 10748
44183 14336
44183 19825
44191 10962
44191 13257
44196 18763
44196 19439
44199 13925
44226 24178
44226 24346
44228 24204
44242 9550
44253 600
44253 9955
44253 10149
44256 20134
44264 9735
44264 19491
44264 21489
44271 7331
44271 10559
44271 15897
44273 2220
44273 4807
44282 20469
44304 3890
44306 23171
44306 23523
44319 5461
44319 16768
44319 21461
44322 14324
44323 6353
44323 10849
44324 21510
44336 7947
44336 16858
44336 21520
44336 23388
44351 3271
44351 15792
44355 85
44355 18100
44355 23683
44361 22952
44363 6576
44375 4303
44382 9405
44383 23960
44386 19635
44386 20236
44386 21003
44387 597
44387 9582
44388 19503
44390 13217
44394 6872
44394 10055
44398 1189
44398 17389
44398 22052
44401 20878
44414 2880
44414 5792
44414 8240
44414 11891
44414 18481
44414 22997
44415 1398
44416 16154
44416 22503
44436 7727
44436 11303
44444 20419
44449 5974
44450 17226
44454 1206
44455 10165
44455 23604
44457 2060
44457 8558
44457 8844
44458 5668
44458 20134
44463 16529
44525 1916
44525 11329
44525 15076
44528 4297
44530 5849
44530 13243
44530 17615
44530 19976
44530 24518
44536 2906
44536 3923
44536 6293
44536 8347
44536 12843
44536 18835
44536 20150
44545 50
44545 330
44545 3048
44545 5447
44545 9142
44545 12681
44545 15086
44545 17165
44545 21485
44545 24299
44557 10745
44558 6261
44558 24504
44559 24035
44572 4764
44580 16149
44580 17375
44589 5702
44589 20024
44589 20676
44589 23393
44596 32
44596 9493
44596 15229
44596 20458
44599 7358
44601 11317
44605 20639
44605 22943
44606 16085
44609 24204
44612 19598
44629 1409
44629 1732
44631 9020
44632 7605
44641 14546
44653 4624
44657 10895
44657 20307
44658 3271
44658 13215
44664 23034
44669 4303
44669 14677
44669 21788
44673 3222
44673 6964
44673 11814
44673 12330
44673 13017
44695 17359
44698 24413
44707 3350
44707 16714
44709 2796
44713 2571
44713 12323
44713 13399
44714 548
44714 3802
44714 18188
44714 19146
44722 20332
44728 8084
44729 7233
44729 7532
44729 11528
44729 15153
44736 20900
44742 24276
44748 15793
44757 7605
44762 17918
44765 8562
44771 15038
44774 330
44774 8704
44774 9843
44774 11065
44774 12681
44774 14258
44774 14818
44774 15605
44774 21806
44774 23636
44785 9670
44785 12107
44785 24415
44806 18625
44809 21495
44815 13307
44817 2270
44817 14241
44817 18272
44822 17513
44827 3943
44829 4253
44829 19639
44833 9775
44834 12973
44835 22805
44849 16775
44855 16778
44864 5668
44864 20134
44880 16778
44882 18451
44886 11842
44887 19491
44887 21489
44887 23541
44888 3639
44892 19925
44899 13072
44904 22081
44917 3279
44917 3803
44917 13508
44917 13751
44917 19346
44921 17438
44921 17918
44929 8625
44933 18933
44935 19940
44935 21678
44938 4963
44946 14262
44946 21663
44951 10857
44951 12980
44956 16155
44964 9831
44964 10828
44964 13447
44968 14427
44968 14592
44969 8320
44969 10482
44969 11079
44983 123
44983 11480
44983 23326
44984 23907
44989 9067
44989 23311
44991 1449
44991 3121
44993 8324
44999 9910
45009 17879
45016 4961
45016 11497
45016 17290
45016 24334
45019 12385
45038 1185
45038 23347
45038 24139
45052 15282
45062 384
45062 6361
45062 24442
45067 872
45067 8505
45067 21041
45074 2592
45077 1689
45077 9620
45088 10454
45088 13554
45098 496
45098 2732
45098 5868
45100 11303
45101 4666
45101 9199
45101 23544
45110 7814
45122 10454
45125 9910
45131 21072
45133 8844
45133 10780
45133 20508
45135 2597
45141 2938
45144 1723
45150 20288
45151 5253
45154 6486
45154 8738
45160 7851
45172 2276
45172 5861
45172 7276
45172 10957
45172 16736
45172 20935
45172 23050
45172 24365
45176 3970
45176 13392
45176 21507
45178 6398
45178 6652
45178 9723
45196 5849
45196 13243
45196 19976
45196 24518
45198 17090
45207 5431
45225 14850
45228 6354
45229 2194
45229 13307
45230 12393
45230 12475
45231 1267
45231 9128
45233 19598
45246 2732
45250 407
45257 10789
45260 3271
45260 15792
45263 7468
45263 17491
45263 18052
45266 6700
45270 432
45270 9611
45273 3034
45273 16704
45273 20078
45277 16434
45277 24168
45299 3521
45299 11417
45299 19542
45300 2035
45300 9335
45300 14356
45313 7467
45313 8031
45320 11703
45321 10069
45321 12475
45321 17980
45322 161
45322 5660
45322 8892
45331 3169
45334 14034
45334 16993
45336 8403
45347 707
45347 4610
45347 6688
45347 24576
45356 3200
45360 8991
45360 10503
45360 22630
45367 1693
45367 9734
45371 18833
45373 6085
45373 19533
45373 23402
45373 23404
45378 895
45378 2015
45378 2880
45378 3690
45378 7708
45378 10586
45378 10657
45378 10766
45378 14216
45378 14450
45378 15736
45378 18551
45378 19374
45378 21991
45379 8117
45389 4795
45389 11113
45389 21478
45400 14652
45403 2242
45403 19927
45403 24064
45405 618
45416 9619
45421 13177
45425 2217
45430 11303
45439 5255
45440 23311
45444 7450
45458 3930
45469 3121
45469 7537
45481 19166
45481 21864
45484 8106
45492 10498
45506 12771
45506 17097
45517 20910
45519 4738
45527 4002
45527 4498
45527 6002
45527 14249
45529 3221
45529 24120
45537 21697
45548 10357
45552 20134
45556 16934
45564 23393
45565 1868
45573 15409
45573 20507
45573 21323
45610 8475
45626 22151
45626 23454
45630 2646
45630 13904
45630 14651
45630 18295
45630 20270
45634 13803
45646 7750
45650 432
45651 11821
45661 12590
45664 5419
45664 16874
45664 22607
45672 18451
45679 14698
45693 400
45700 6463
45704 1151
45704 2716
45704 4012
45704 20297
45707 20769
45713 17069
45733 8714
45733 9331
45736 10198
45736 17505
45738 3271
45738 15792
45742 1143
45742 1621
45742 2282
45742 4942
45742 13452
45749 19134
45756 4809
45756 6652
45756 8712
45757 8765
45758 1588
45759 23139
45759 23555
45764 5531
45764 21510
45803 10280
45805 9762
45817 10048
45817 10711
45817 16942
45819 902
45819 1689
45822 1165
45822 7215
45822 7886
45822 11926
45822 19543
45822 19878
45833 19598
45837 11591
45839 10506
45842 12211
45842 13885
45847 7923
45848 3692
45848 6462
45848 8298
45848 11971
45848 23094
45853 1225
45853 1460
45853 6639
45853 9305
45853 9629
45853 15355
45853 17372
45874 769
45883 4600
45883 10133
45883 11633
45883 21594
45883 23262
45890 14881
45892 14125
45896 4944
45896 5450
45896 21339
45907 13055
45907 13291
45909 9665
45909 15792
45916 23324
45918 222
45918 13803
45918 23311
45920 16011
45939 4544
45939 22662
45946 1165
45946 7215
45946 11926
45951 762
45951 3567
45951 17349
45956 8202
45956 12066
45956 15821
45962 16554
45968 123
45968 11480
45968 23326
45976 3669
45976 5591
45976 13313
45976 20254
45982 2526
45982 3519
45982 10874
45982 14643
45982 14994
45982 23429
45992 13011
46004 7886
46004 13224
46004 13925
46004 19543
46004 19878
46009 12323
46009 13399
46021 3789
46021 11266
46021 24179
46023 529
46023 9605
46023 22702
46023 24064
46029 1364
46037 12323
46048 21402
46052 14670
46053 22
46058 6891
46058 13083
46058 23675
46067 14975
46075 16394
46075 16595
46079 11303
46080 16874
46090 1165
46090 3048
46090 5447
46090 7215
46090 11926
46090 15086
46090 24299
46093 8669
46102 18017
46111 2796
46127 20048
46127 21641
46128 11609
46130 4726
46130 16816
46133 20305
46151 12973
46151 19853
46155 4585
46155 5861
46155 9483
46155 10904
46155 11704
46155 13202
46155 21504
46162 4344
46189 9962
46189 15519
46197 5506
46204 8053
46219 218
46219 6636
46219 17109
46235 11752
46235 20610
46238 13575
46239 1226
46239 17879
46240 3202
46240 9722
46240 13557
46242 8309
46253 1165
46253 7215
46253 7886
46253 11926
46253 13925
46253 19543
46253 19878
46259 21939
46278 9788
46279 1067
46279 20484
46280 4152
46280 6462
46280 7901
46285 2356
46285 3208
46285 10994
46285 15980
46285 16113
46286 4416
46301 22610
46301 23681
46308 5849
46308 13243
46308 17615
46308 19976
46308 24518
46316 20419
46317 12002
46324 13573
46330 9654
46330 23722
46343 2792
46350 10349
46357 3200
46357 8389
46357 17620
46366 19317
46370 20355
46379 7317
46379 14040
46387 18665
46396 10184
46399 5550
46400 20834
46403 5810
46403 14652
46404 18789
46413 10784
46413 14819
46416 4407
46419 7723
46419 15570
46419 20708
46427 12682
46433 5460
46433 11126
46433 20881
46436 3822
46436 6080
46436 21407
46439 961
46442 14310
46446 19895
46458 16361
46460 123
46460 11480
46460 23326
46461 16146
46462 1937
46462 12620
46462 17721
46463 10695
46463 15199
46485 13263
46485 15739
46489 23395
46489 24199
46493 17456
46502 13652
46505 14351
46507 4469
46507 4995
46510 18267
46512 16832
46516 15992
46516 20259
46516 23365
46525 2110
46547 3669
46547 20270
46547 23167
46547 23763
46558 22390
46568 11804
46569 2457
46575 4337
46581 21264
46583 4374
46586 22274
46587 7639
46587 18916
46587 22239
46592 1871
46592 5933
46592 7640
46592 8145
46593 6602
46593 9354
46593 13036
46593 13152
46599 10540
46600 4042
46600 21250
46609 530
46612 17187
46616 4871
46636 5492
46636 13224
46636 13925
46636 19553
46636 22736
46640 989
46640 23576
46645 7117
46646 22108
46648 8770
46648 11866
46648 13442
46650 23930
46653 20236
46653 23286
46658 2939
46658 14562
46671 1914
46671 17014
46671 19401
46673 11926
46689 8011
46689 21100
46696 15748
46711 1581
46711 18541
46717 9517
46719 5533
46719 23781
46720 902
46720 1689
46720 3475
46720 8912
46726 2664
46726 3573
46726 18682
46727 7750
46728 8928
46739 2571
46739 12323
46742 18624
46752 7213
46752 18598
46754 8685
46754 10281
46754 12225
46754 15788
46754 20270
46755 1022
46755 10049
46755 12492
46758 11266
46761 123
46761 23326
46762 12475
46764 10269
46790 12684
46803 9327
46803 15249
46803 18906
46807 10165
46811 6419
46819 19294
46822 18665
46834 4583
46834 7903
46834 10745
46838 18267
46840 6247
46840 8389
46840 10020
46840 12191
46840 18441
46843 7045
46845 1625
46845 10061
46845 17099
46853 24070
46858 2619
46858 5660
46858 16716
46866 7738
46866 20042
46870 6340
46870 15316
46873 17341
46873 18307
46873 21510
46882 7507
46882 19175
46884 4991
46884 8087
46884 8645
46884 12050
46884 15055
46884 16843
46884 18628
46884 19142
46884 19359
46889 15008
46897 5720
46914 5849
46914 13243
46914 19976
46914 24518
46921 8036
46921 12913
46924 982
46924 11913
46924 16049
46924 18479
46924 21994
46924 22181
46933 18719
46934 11179
46934 21410
46939 10005
46949 4979
46949 12207
46949 22015
46949 22069
46968 4257
46972 20332
46975 22760
46976 10431
46976 10874
47005 5097
47007 3121
47007 12701
47007 22085
47010 14188
47010 21502
47014 9313
47014 15422
47016 15154
47020 18669
47022 22747
47030 22291
47031 13336
47031 13628
47034 7298
47034 10363
47034 15662
47037 17389
47038 6923
47047 616
47047 1067
47047 3048
47047 5447
47047 15086
47047 15478
47047 18738
47047 20484
47047 21485
47047 23722
47047 24299
47051 7993
47052 403
47057 20567
47059 687
47063 5849
47063 13243
47063 17615
47063 19976
47063 24518
47070 17828
47072 7220
47072 20839
47072 22702
47074 2457
47075 11301
47081 3083
47081 3208
47081 6082
47081 17002
47081 19958
47081 22165
47081 24137
47084 20736
47095 6600
47095 6786
47095 9666
47097 15519
47097 16434
47109 5492
47109 13224
47109 19553
47109 22736
47115 8047
47115 17238
47121 1511
47128 13110
47129 1329
47129 6057
47129 20345
47129 22329
47137 13784
47141 14992
47142 12262
47142 18869
47145 8770
47145 17042
47145 21863
47158 8079
47159 344
47159 2607
47159 5398
47159 10615
47160 3113
47160 8461
47160 11819
47160 19329
47160 22653
47166 23030
47180 16805
47185 1022
47185 19077
47188 4449
47188 4756
47188 14354
47188 17445
47194 13647
47194 14145
47197 7950
47216 15941
47216 20722
47235 7886
47235 13224
47235 13925
47235 19543
47235 19878
47239 3665
47239 14757
47239 16833
47241 18267
47250 7997
47250 9870
47250 13829
47250 23621
47255 1555
47255 12599
47255 15410
47260 3207
47260 11976
47260 17094
47260 18652
47260 20951
47263 2329
47267 20812
47273 2516
47273 4163
47279 17656
47280 6862
47280 11957
47280 24216
47284 3962
47290 18419
47290 22312
47305 13683
47306 14367
47308 2188
47308 17328
47312 1838
47312 13294
47314 5357
47324 11307
47324 12230
47324 14332
47334 10233
47353 23331
47371 18264
47374 10233
47375 6249
47375 23578
47375 24301
47387 8820
47401 16125
47413 11311
47413 16665
47413 21687
47415 10733
47425 7852
47425 11303
47425 14535
47429 20254
47431 650
47431 8252
47431 15439
47431 21694
47445 5366
47445 9099
47445 12560
47449 648
47453 1210
47453 5280
47453 17081
47453 17677
47461 13406
47461 15230
47463 1012
47463 12010
47469 331
47469 14041
47469 15746
47469 18935
47481 4499
47481 7901
47481 8930
47481 11971
47481 21390
47486 7951
47486 13307
47486 18416
47494 2318
47494 2643
47494 6329
47495 52
47495 3692
47495 6932
47495 23943
47497 12609
47497 13470
47512 1424
47512 3121
47512 12701
47512 22085
47514 5240
47514 7366
47514 13358
47514 21922
47520 11455
47528 19083
47535 24176
47550 12158
47551 287
47552 4494
47554 16930
47556 13874
47558 15791
47558 23917
47566 16348
47566 23327
47568 15662
47570 1911
47584 8797
47584 8991
47584 11418
47590 1935
47603 18115
47613 5492
47613 13224
47613 13925
47613 19553
47613 22736
47619 2295
47619 6642
47619 6714
47619 8450
47619 8679
47619 8935
47619 9512
47619 22506
47623 3841
47628 2457
47628 9142
47628 15122
47630 7641
47630 23698
47637 20254
47637 22971
47637 23512
47640 21152
47641 5287
47641 14721
47646 9443
47646 14034
47646 21060
47647 14945
47647 16291
47652 10546
47652 16557
47666 2267
47670 13727
47671 2034
47672 3271
47672 15792
47676 14494
47676 20009
47677 14341
47677 23034
47682 4276
47682 5418
47692 3876
47698 3121
47699 11201
47705 19503
47705 22081
47713 9649
47713 12599
47714 5492
47714 13224
47714 13925
47714 22736
47725 3866
47725 13202
47725 21738
47725 22530
47725 24618
47729 15699
47730 18901
47731 9775
47741 9039
47741 24489
47744 8505
47744 9582
47744 13003
47744 21041
47748 69
47748 895
47748 1871
47748 2533
47748 3476
47748 5718
47748 5933
47748 6390
47748 7820
47748 8145
47748 9898
47748 12755
47748 13246
47748 16293
47748 16944
47748 18481
47748 22997
47753 1419
47754 1261
47755 15488
47768 20583
47768 24494
47771 12972
47771 15229
47771 17578
47771 20169
47773 23439
47774 7307
47795 372
47795 387
47795 20171
47803 5799
47803 6066
47803 8647
47803 10617
47803 15658
47806 8241
47806 13557
47806 16475
47806 17115
47806 20357
47815 867
47815 14762
47815 16066
47816 5310
47843 5477
47843 11206
47843 11879
47843 22801
47860 5410
47860 6967
47860 10159
47865 9368
47865 21313
47865 22688
47870 16613
47870 17622
47875 6685
47894 23909
47901 23090
47906 23097
47908 9541
47908 10013
47917 8513
47917 10296
47917 19872
47919 4508
47919 17231
47934 3048
47934 5447
47934 15086
47934 21485
47934 24299
47957 3843
47957 16229
47957 23158
47963 14652
47965 2344
47976 4590
47976 9086
47976 10874
47979 3994
47979 21745
47981 18758
47987 8578
47987 21544
47993 648
47994 2727
47994 5956
48009 8609
48012 13307
48017 4801
48017 13399
48021 3820
48021 5666
48021 10838
48021 10874
48026 2457
48026 2590
48026 21335
48029 11199
48030 13218
48030 17866
48030 22443
48031 8258
48031 19383
48031 20760
48031 20941
48033 7025
48033 8558
48034 1972
48034 11260
48042 11943
48042 21549
48050 8991
48050 10503
48050 22630
48051 10801
48051 13239
48051 22764
48059 482
48059 10874
48059 10933
48059 15932
48060 9882
48060 17294
48061 8893
48067 3121
48067 11266
48067 12890
48069 5079
48074 23065
48094 4504
48094 4979
48094 18242
48105 6860
48105 10897
48105 18039
48105 22497
48107 17456
48109 20900
48123 9350
48132 6747
48132 13243
48132 21251
48132 21751
48144 14599
48150 9427
48150 11970
48150 15735
48155 21667
48160 12693
48180 2571
48181 23864
48185 9666
48191 19598
48205 8916
48211 3789
48211 11266
48211 14551
48211 22032
48220 432
48222 5492
48222 13224
48222 13925
48222 19553
48231 6484
48236 5849
48236 13243
48236 17615
48236 19976
48236 24518
48240 8384
48243 7816
48243 8371
48243 20560
48243 21071
48243 21927
48252 3202
48252 9722
48252 13557
48257 334
48262 4112
48262 12472
48262 23015
48282 6891
48296 3669
48296 5591
48296 6662
48296 8685
48296 13904
48296 15788
48296 20270
48315 19216
48315 20558
48316 14310
48317 17189
48322 7639
48322 23512
48323 7090
48323 11260
48326 8564
48326 12828
48326 19105
48331 7641
48333 21100
48335 7641
48335 17794
48348 19381
48351 15367
48351 23689
48366 2796
48366 15533
48372 12188
48373 20134
48373 21457
48380 18278
48380 23280
48390 23199
48395 1121
48395 7755
48395 19578
48401 5702
48401 19553
48423 10395
48426 17273
48428 15992
48434 11260
48441 1435
48446 9869
48450 3942
48452 7233
48457 18292
48462 3731
48467 23660
48473 1206
48475 16242
48479 538
48480 1283
48483 5102
48483 5818
48483 20122
48493 16215
48494 5383
48494 12560
48501 52
48501 8371
48502 2652
48506 14463
48508 7604
48508 15896
48511 9229
48515 22
48518 6883
48518 20919
48519 7886
48519 13224
48519 13925
48519 19543
48519 19878
48524 2276
48524 10904
48525 2253
48525 18198
48528 182
48538 21510
48538 23194
48539 7233
48542 23924
48555 8626
48555 12618
48557 18026
48557 19401
48557 20270
48559 1724
48559 23744
48561 5900
48561 21266
48567 13158
48568 4438
48570 9735
48570 19491
48570 21489
48571 14778
48582 8413
48591 8844
48592 21510
48600 6992
48602 6660
48602 10146
48605 16370
48606 9424
48606 21251
48611 4697
48620 12973
48623 2147
48623 24281
48625 5737
48627 17077
48627 19503
48629 1863
48630 265
48630 13452
48630 18284
48635 2447
48635 12046
48635 13706
48644 8580
48651 9604
48651 22830
48656 6695
48656 24365
48661 5932
48661 15658
48661 23763
48670 6702
48679 16841
48681 178
48687 9608
48687 9769
48687 10981
48687 12798
48687 13783
48687 18953
48687 20838
48687 23500
48694 3271
48694 15792
48698 456
48698 7425
48698 8410
48708 16892
48723 1424
48723 3121
48728 22166
48743 549
48743 19396
48743 20830
48750 21486
48751 13681
48751 19925
48754 4959
48754 12180
48755 16006
48764 20469
48765 2573
48765 13925
48765 15715
48765 20024
48771 5668
48771 20134
48777 8836
48777 12815
48786 5817
48786 17879
48786 24587
48793 15906
48793 22441
48795 21342
48826 3624
48831 1625
48865 7333
48881 12963
48895 12716
48912 14051
48912 20728
48916 24452
48933 2792
48933 6115
48933 7840
48933 14515
48933 23371
48937 963
48937 1137
48937 10448
48937 15006
48937 15055
48939 1716
48941 7646
48951 1658
48959 22145
48980 5849
48980 17615
48980 19976
48980 24518
48984 17178
48988 19521
48988 23261
48993 1012
48993 12010
49013 17178
49017 5410
49017 22150
49023 7840
49023 23371
49041 20935
49054 2027
49065 5668
49065 20134
49074 9726
49079 14221
49080 20997
49081 5553
49087 4982
49091 7646
49095 21658
49099 7886
49099 13925
49099 19543
49099 19878
49104 3064
49104 14717
49104 15618
49120 3782
49123 16901
49125 23501
49151 1217
49153 970
49157 18262
49162 10512
49173 3160
49173 10342
49178 20184
49183 133
49185 10341
49185 18136
49185 24433
49205 17879
49206 10799
49208 529
49208 18020
49229 6462
49229 23630
49238 609
49238 4206
49238 10919
49238 19049
49248 21762
49254 20134
49258 825
49262 21510
49271 5660
49277 10740
49286 265
49286 881
49286 4736
49286 6239
49288 21534
49296 20636
49312 531
49312 23362
49322 7278
49322 10873
49324 19180
49325 2584
49325 2951
49326 9802
49326 16317
49326 19383
49334 8934
49335 5274
49335 9092
49335 11971
49336 9654
49336 14882
49340 214
49346 11843
49347 1210
49347 22943
49357 14562
49365 821
49365 3706
49368 10315
49368 10855
49368 12582
49368 16700
49368 23036
49379 13314
49391 23027
49391 23311
49397 7287
49397 15372
49400 13783
49400 20838
49400 23500
49409 19620
49416 10817
49416 11902
49416 13181
49416 18683
49417 4019
49417 4972
49417 5294
49417 21325
49417 22379
49418 11902
49422 5037
49422 7992
49422 20676
49423 2885
49423 11751
49435 6165
49437 4791
49437 13837
49444 9230
49451 4680
49451 6437
49451 21124
49455 6019
49457 12102
49457 14988
49457 19643
49458 15815
49458 17906
49458 22472
49458 22538
49473 61
49481 17771
49481 18931
49486 3841
49490 14074
49491 14125
49494 16505
49496 18179
49498 4618
49498 11235
49502 3813
49512 17918
49515 32
49515 1306
49515 9493
49515 15229
49515 20458
49538 12551
49538 17321
49548 1448
49548 2356
49550 9910
49559 16805
49565 2571
49571 13292
49571 16949
49580 23976
49588 7919
49588 13004
49590 7750
49597 4897
49597 16555
49597 19522
49601 16981
49603 22996
49604 93
49604 5715
49604 7550
49604 15136
49605 4347
49605 24472
49610 6191
49631 9607
49638 10868
49644 7269
49648 1581
49648 18541
49655 4697
49655 20774
49655 22964
49657 7907
49666 20259
49669 387
49669 3638
49669 18971
49669 23167
49669 23512
49697 9910
49697 14564
49706 4867
49707 978
49707 2859
49707 9454
49709 1246
49709 2469
49709 11604
49709 14231
49709 16699
49716 944
49725 13193
49725 24261
49727 24115
49731 6175
49731 10780
49731 11279
49734 13411
49734 23554
49738 16539
49738 22724
49741 22335
49745 6932
49745 8371
49762 19050
49774 5522
49774 9267
49784 4058
49784 4854
49784 5782
49784 6787
49784 7155
49784 9931
49784 11755
49784 13390
49784 13550
49784 14911
49784 15487
49784 16249
49784 19567
49797 150
49797 18993
49804 6844
49807 17957
49809 7933
49822 5849
49822 13243
49822 17615
49822 19976
49822 24518
49826 3556
49828 15907
49828 22294
49831 1051
49831 7261
49831 15468
49831 21156
49832 6542
49832 10378
49832 17328
49833 15144
49836 1165
49836 1283
49836 7215
49836 11926
49841 2060
49841 18425
49848 6377
49848 18030
49848 20777
49853 1283
49858 407
49858 2253
49859 823
49859 18950
49859 20878
49863 4801
49863 13399
49869 22372
49872 23915
49882 4253
49882 19639
49884 6980
49884 10647
49887 11496
49887 16858
49887 17825
49893 7318
49897 11362
49903 2060
49903 5754
49903 9237
49908 1203
49908 6780
49908 10573
49908 21887
49914 8585
49914 11207
49914 19049
49918 15819
49918 18538
49923 9390
49924 19096
49932 11747
49932 14904
49941 2571
49941 12323
49942 23107
49948 22
49948 12936
49952 1263
49952 11751
49952 18312
49956 5882
49968 22390
49968 22599
49969 1346
49969 13538
49969 18218
49985 7084
49985 13488
49995 15415
49995 15980
49995 16924
49995 19991
49995 22364
49995 24137
50001 7185
50004 12091
50006 5865
50007 2335
50007 3091
50008 18457
50008 24194
50019 13564
50019 14333
50020 1165
50020 7215
50020 7886
50020 11926
50020 13925
50020 19543
50020 19878
50028 5183
50028 16960
50028 17080
50028 18961
50028 20729
50029 21099
50029 23697
50048 4030
50048 14421
50052 10454
50065 1276
50065 1378
50065 20331
50067 4206
50070 15625
50077 9313
50077 21751
50090 8709
50090 12475
50105 492
50105 1220
50105 10281
50105 24564
50119 170
50120 19121
50123 8007
50137 18996
50137 20629
50138 21655
50139 3857
50139 12049
50139 17209
50156 7992
50156 8307
50156 19074
50172 1465
50175 13727
50176 23311
50178 13402
50178 22279
50179 15754
50197 11363
50199 2739
50200 297
50211 10364
50217 18863
50223 2146
50224 12323
50239 1480
50241 22014
50241 23512
50245 2873
50245 11802
50245 13244
50245 15359
50249 15427
50249 21767
50291 3994
50292 3239
50292 15120
50292 20789
50293 14520
50298 8109
50299 13050
50302 4407
50309 7983
50309 13117
50309 13399
50309 23543
50313 22010
50336 7591
50336 15353
50336 17184
50337 8307
50337 16514
50337 19074
50355 7233
50355 7992
50355 16925
50362 15505
50366 4678
50366 13575
50379 3789
50382 2329
50386 1538
50386 5355
50393 7358
50407 4944
50418 4178
50418 10546
50419 13375
50430 2282
50430 3966
50430 6016
50430 10818
50430 15089
50430 19049
50430 24500
50431 8625
50431 9517
50433 18451
50446 16073
50449 5492
50449 19553
50449 22736
50453 44
50453 7162
50453 23378
50464 16295
50469 13378
50469 20181
50469 21344
50472 10745
50479 499
50499 331
50501 7215
50501 11926
50531 1189
50531 17389
50531 22052
50532 7152
50537 3489
50539 7679
50544 16198
50559 23725
50561 6406
50591 5459
50596 8844
50596 23402
50600 10495
50601 4814
50613 61
50613 6385
50613 9067
50614 16498
50614 17761
50616 16209
50619 2208
50619 14137
50621 1652
50621 22833
50640 4284
50640 13105
50640 22031
50645 14821
50647 23604
50649 12977
50649 19329
50649 22653
50656 4726
50657 618
50657 9623
50666 20997
50672 11572
50672 12350
50673 650
50673 14186
50678 4795
50678 6790
50678 6800
50678 13915
50678 19220
50678 21478
50683 52
50683 8371
50683 9492
50683 20560
50684 8160
50693 1729
50693 2695
50693 18416
50699 1261
50701 3789
50703 2348
50710 7154
50710 7703
50710 21117
50713 15563
50726 50
50726 330
50726 12681
50726 14258
50733 18319
50733 21582
50741 7041
50742 1165
50742 7215
50742 11926
50751 11260
50753 3271
50753 15792
50762 3033
50762 7314
50770 1581
50770 18541
50775 8714
50775 17769
50778 5492
50778 13224
50778 13925
50778 19553
50778 22736
50781 10960
50781 11609
50782 661
50782 10375
50782 11105
50785 10615
50785 19201
50803 11086
50803 18558
50804 8824
50804 11266
50805 16874
50805 20771
50832 775
50832 15699
50835 5668
50835 20134
50844 4359
50844 13909
50863 7358
50878 23311
50879 15223
50888 15927
50888 18309
50889 8679
50889 13677
50897 20730
50903 4162
50903 4803
50903 16956
50906 4542
50906 6949
50906 7233
50906 23337
50917 4726
50923 11552
50923 18216
50924 52
50924 3692
50924 8371
50925 12646
50925 15372
50925 16620
50926 1729
50926 18416
50934 5722
50934 19667
50938 754
50938 2033
50938 17605
50938 21023
50941 1527
50941 22066
50942 3782
50942 18113
50944 15370
50944 20364
50945 1993
50951 2275
50953 8627
50959 14429
50968 2312
50968 3039
50968 6934
50968 22858
50983 19751
50984 716
50984 9199
50984 20707
50984 24368
50993 4257
50993 8324
50993 22077
50996 6110
50997 5558
51010 14013
51011 24029
51013 750
51013 9533
51030 7886
51030 13925
51030 19543
51030 19878
51047 23604
51057 6662
51058 4508
51058 17231
51059 11731
51062 10804
51087 2634
51097 4939
51097 9495
51099 17968
51100 6704
51103 1914
51103 6476
51103 13083
51103 18971
51109 12098
51109 20474
51121 3629
51121 6490
51121 17887
51126 20543
51126 23778
51141 529
51141 10831
51141 21767
51141 23683
51148 7358
51148 10681
51155 52
51159 8916
51160 6647
51160 9399
51165 1364
51170 14797
51174 12437
51183 1424
51183 1707
51183 3121
51183 8627
51183 22085
51191 1011
51191 8622
51191 19640
51193 4523
51195 1148
51206 8502
51206 9988
51206 17735
51206 21640
51207 2220
51207 12941
51207 20919
51214 3705
51214 17826
51214 22642
51220 6727
51226 23091
51237 2901
51237 14012
51237 22813
51241 20134
51242 7084
51242 13488
51254 270
51254 10983
51254 17709
51272 6568
51275 6969
51278 9949
51278 20563
51293 2888
51293 17648
51297 7972
51297 14153
51297 23512
51297 23786
51299 23610
51300 3121
51300 3894
51303 15788
51303 21817
51303 23090
51308 3692
51312 16041
51315 529
51315 4263
51315 9289
51316 6165
51323 19503
51326 1067
51326 18738
51326 20484
51326 23722
51327 18408
51328 2253
51329 825
51332 1090
51337 1220
51337 7639
51337 11154
51337 13002
51349 4644
51349 5707
51349 15740
51351 6220
51357 6212
51381 2628
51381 9295
51381 19853
51388 6496
51388 7318
51388 21403
51390 2664
51390 23399
51399 6379
51412 9301
51425 13177
51427 3917
51427 4038
51427 11805
51448 10687
51456 9660
51463 8241
51463 13517
51463 18362
51466 21843
51472 10874
51481 19598
51492 6692
51492 11801
51499 503
51499 13156
51504 251
51504 2934
51505 5090
51506 3414
51506 10572
51509 22638
51512 5852
51512 15089
51512 16572
51512 18284
51524 2792
51525 14194
51526 23570
51534 1480
51536 23926
51546 1078
51546 14342
51546 17879
51546 21155
51546 21644
51549 7358
51556 10086
51558 11009
51558 15241
51563 17053
51563 19478
51563 23069
51580 21165
51582 616
51582 1067
51582 13224
51582 13925
51582 18541
51582 18738
51582 20484
51582 23722
51594 12973
51604 6684
51604 17368
51605 20900
51618 11611
51622 6259
51622 23420
51623 3907
51623 7384
51623 7975
51627 19878
51631 8034
51632 12473
51634 4012
51634 15448
51663 15001
51672 19154
51672 23090
51672 23786
51673 19321
51688 1581
51688 8820
51688 20003
51700 3210
51709 10635
51713 18848
51727 4686
51728 742
51741 8396
51741 13009
51741 23071
51765 21719
51774 22470
51779 17768
51789 21864
51798 282
51798 8475
51804 778
51804 7978
51804 13313
51804 13904
51804 20270
51809 19784
51818 8916
51818 9823
51819 43
51820 10472
51820 15216
51820 22275
51826 11279
51830 18107
51833 5093
51845 22813
51845 24241
51866 12107
51866 24464
51870 872
51870 15627
51878 13744
51889 1896
51889 10398
51889 19521
51891 1220
51891 7639
51891 8387
51891 18916
51891 22014
51891 23675
51892 6644
51892 19942
51892 23683
51906 10357
51911 7080
51911 18262
51928 20571
51928 22059
51929 7063
51929 14472
51929 24417
51955 7605
51956 1165
51956 7215
51956 7886
51956 11926
51956 13224
51956 13925
51956 19543
51956 19878
51957 650
51957 21694
51957 22014
51963 287
51970 4678
51972 2098
51972 22470
51975 11362
51976 13739
51988 9295
51988 21301
51988 23363
51990 6217
51990 11258
51990 14831
52006 20134
52018 1230
52018 21872
52028 7696
52029 18262
52034 1952
52034 11397
52034 14769
52034 20310
52038 20184
52048 2725
52055 9068
52058 13577
52058 23708
52060 18986
52067 7856
52067 11071
52067 15233
52075 9483
52086 2017
52086 16345
52091 10196
52091 13353
52102 14594
52116 2695
52116 15502
52116 22930
52123 14963
52126 19779
52136 729
52136 6476
52136 18916
52136 19711
52155 20913
52155 21510
52157 12941
52157 13755
52163 5148
52176 15154
52177 10086
52177 16890
52193 13307
52198 12876
52199 3957
52200 13663
52205 23090
52206 17075
52208 8202
52208 12066
52208 15821
52224 12518
52224 20041
52224 23258
52224 23712
52232 7312
52234 7220
52234 11181
52234 22564
52246 6964
52249 11303
52253 13925
52254 2696
52254 9663
52254 13442
52255 13803
52265 20831
52267 5671
52267 13861
52267 23294
52269 261
52269 2968
52269 3562
52269 8246
52270 208
52270 19570
52292 19832
52294 13375
52310 4359
52314 15120
52317 704
52330 5586
52330 10994
52330 22165
52333 10366
52335 2273
52335 10965
52335 16499
52340 4789
52340 5932
52340 20254
52340 23512
52354 2098
52354 17360
52364 18234
52366 11626
52366 17456
52366 18602
52372 8714
52372 9663
52372 17456
52372 17466
52372 20288
52374 52
52374 6932
52374 11971
52378 20254
52378 24612
52379 10284
52390 9295
52395 21184
52396 14652
52402 3841
52411 2792
52413 1165
52413 7215
52413 11926
52418 7175
52424 8354
52429 5608
52431 21258
52438 5519
52438 14513
52438 19175
52439 24532
52441 5142
52441 14933
52448 13224
52448 19878
52456 8928
52460 17692
52471 6607
52472 3412
52472 7992
52477 6273
52477 18641
52480 22559
52481 6717
52487 11667
52487 19110
52494 7141
52496 23841
52507 3751
52507 7672
52513 5529
52513 13078
52524 21510
52526 9763
52526 18441
52526 21828
52526 23532
52528 16151
52529 172
52529 5476
52529 11214
52529 12006
52530 3841
52540 7750
52542 3890
52542 5751
52548 11153
52549 1840
52549 6340
52571 15528
52571 15702
52571 17298
52571 18683
52571 20024
52595 549
52595 7538
52613 22
52622 4594
52622 21808
52622 21931
52622 24560
52624 241
52624 829
52627 6633
52638 21650
52641 265
52641 8585
52641 16880
52645 692
52646 648
52646 1521
52646 19175
52648 2873
52648 11725
52648 11802
52648 13244
52648 15359
52652 1776
52656 529
52656 1684
52656 7339
52656 21946
52665 12905
52665 12963
52669 14894
52672 2999
52686 22993
52689 18657
52711 2457
52711 21165
52715 17566
52715 23179
52729 15229
52729 17578
52729 20169
52733 13925
52733 18683
52733 19553
52737 16268
52737 21846
52738 9229
52739 373
52739 13047
52739 24115
52742 18129
52743 5849
52743 13243
52743 19976
52743 24518
52747 9517
52756 14034
52756 16993
52762 2457
52774 2273
52774 10965
52774 16499
52780 12712
52785 3121
52804 8539
52807 8099
52807 15543
52807 21059
52809 16805
52812 10237
52812 17667
52822 21943
52825 6192
52825 23870
52827 24375
52829 516
52829 2858
52829 2926
52829 8757
52829 15631
52829 17222
52829 21510
52831 1172
52831 20290
52831 20611
52837 2641
52838 2873
52838 11725
52838 11802
52838 13244
52838 15359
52841 5335
52841 10985
52844 7318
52868 9910
52868 13008
52868 14564
52869 9092
52869 17350
52869 21927
52877 3747
52877 7818
52877 14787
52877 16294
52877 18087
52887 18760
52895 13047
52897 1900
52901 2792
52901 22753
52909 18822
52910 7933
52911 944
52911 17888
52916 2136
52916 6984
52916 16493
52917 19212
52923 121
52938 15052
52941 1835
52950 9877
52971 3841
52971 22943
52976 13700
52976 20214
52977 8499
52979 4610
52979 14085
52979 17218
52981 18967
52990 13375
52996 6382
52996 11451
53000 10699
53008 3271
53008 15792
53015 9620
53017 16168
53035 2652
53047 355
53047 3107
53047 20479
53048 17594
53048 20134
53050 13490
53052 7318
53053 17958
53065 7294
53074 4572
53079 3429
53079 12091
53084 11440
53100 12414
53100 13522
53105 3162
53105 5850
53105 19918
53123 450
53123 2329
53123 23470
53127 18602
53135 1165
53135 7215
53135 11926
53137 7886
53137 13224
53137 13925
53137 19543
53137 19878
53140 13177
53147 24041
53164 9451
53167 12973
53167 23363
53169 20006
53169 21184
53178 2060
53181 12953
53186 7456
53186 8991
53186 11173
53186 11418
53191 1073
53191 4012
53201 20560
53201 21409
53201 23943
53202 7886
53202 13224
53202 19543
53202 19878
53211 4407
53212 19308
53213 16778
53213 20911
53216 6644
53216 19942
53216 22130
53224 10874
53226 9541
53238 340
53238 11602
53238 13298
53238 13808
53238 21409
53239 12990
53239 19262
53239 23331
53243 7746
53244 12563
53244 18683
53251 7194
53251 12684
53254 3035
53254 20704
53257 10398
53269 14465
53269 18581
53273 2772
53274 21052
53279 1581
53279 9311
53285 13607
53285 16067
53287 4648
53287 8628
53292 11235
53293 7358
53304 330
53304 12681
53304 14258
53304 17165
53310 16454
53310 19602
53316 402
53316 21887
53328 1220
53328 22239
53335 18031
53338 15144
53340 10499
53342 10626
53360 10046
53376 10164
53377 9910
53377 11303
53383 5056
53383 16067
53383 21751
53384 24415
53392 4642
53392 12504
53396 20476
53400 13442
53400 20605
53406 17879
53406 20969
53406 21925
53406 22597
53408 14944
53417 18177
53418 10109
53420 4402
53420 15104
53423 5849
53423 13243
53423 17615
53423 19976
53423 24518
53432 22567
53435 5072
53435 7881
53435 23643
53436 12475
53438 616
53438 1067
53438 18738
53438 20484
53438 23722
53439 20254
53452 603
53456 17178
53457 427
53463 5866
53485 16041
53485 17280
53485 17438
53488 22480
53490 9669
53492 20448
53493 4622
53493 19266
53496 5979
53496 17465
53496 17548
53500 8415
53506 5010
53517 5661
53518 8371
53518 23094
53518 23630
53519 17499
53519 20132
53519 23086
53524 15129
53529 2068
53529 2792
53529 17904
53529 19407
53532 20419
53534 14067
53535 18335
53535 24068
53543 15351
53552 3093
53552 5448
53552 13305
53561 16314
53563 10960
53564 3391
53564 7004
53564 10874
53564 20170
53566 32
53566 1306
53566 9493
53566 15229
53566 20458
53568 8375
53568 8762
53568 19024
53568 23563
53569 9620
53569 23405
53573 5316
53576 23261
53578 1621
53578 7549
53578 20521
53580 10611
53590 1755
53590 6111
53590 13712
53590 15797
53598 3676
53598 3803
53598 10839
53598 16605
53608 15052
53609 1445
53611 5686
53615 20704
53622 752
53622 2915
53622 19601
53622 23065
53634 7727
53634 9910
53664 5569
53677 24452
53684 1225
53684 9305
53684 15355
53687 2667
53688 5428
53688 10207
53688 15231
53699 16529
53700 17656
53702 7886
53702 13224
53702 13925
53702 19543
53708 11613
53725 2686
53725 11435
53725 11827
53725 14999
53725 18373
53725 24614
53727 11612
53729 9517
53735 13375
53735 17538
53743 456
53743 4461
53743 22239
53744 12492
53754 17665
53754 21755
53756 11132
53756 15271
53756 17165
53756 20468
53766 3437
53767 14230
53770 16507
53773 3789
53779 2937
53779 15132
53779 23516
53780 22876
53782 3866
53782 14778
53782 15657
53782 16736
53782 19403
53782 21738
53782 22530
53782 24618
53800 2070
53800 11941
53800 16408
53800 20251
53803 6393
53803 13257
53803 16338
53814 9529
53823 5153
53849 15444
53854 32
53854 1306
53854 9493
53854 15229
53854 20458
53857 4161
53861 351
53868 5032
53869 9020
53879 17540
53879 20181
53885 10733
53886 4278
53905 1652
53905 20254
53920 1172
53928 8368
53928 11017
53932 1993
53939 3898
53942 12876
53942 21184
53945 24276
53946 913
53948 1867
53954 2493
53954 17702
53956 1083
53956 19575
53956 20019
53958 16805
53959 12851
53966 1262
53969 3091
53969 16101
53970 7254
53970 24312
53972 9540
53972 19130
53972 19329
53986 8147
53986 21864
53997 4508
53997 17231
54002 61
54004 6656
54008 12963
54012 18086
54014 848
54014 3996
54014 7001
54014 20565
54014 21271
54014 21488
54014 22055
54030 8916
54030 9039
54032 2396
54036 1169
54040 3048
54040 5447
54040 15086
54040 21485
54048 13267
54048 15251
54055 3643
54059 4012
54073 13307
54092 5295
54092 14230
54092 23371
54102 23457
54110 19119
54116 21525
54139 17815
54147 7047
54147 7757
54147 11866
54147 18047
54158 7897
54158 19283
54163 19162
54165 10980
54182 7654
54182 11075
54185 2567
54191 23069
54197 2628
54198 11435
54198 14647
54209 15370
54222 10357
54223 202
54223 1329
54223 21541
54223 23870
54240 15549
54241 11469
54242 12890
54246 2322
54246 3690
54246 9962
54246 17495
54246 21518
54250 16208
54252 2825
54252 4481
54252 6786
54254 9568
54254 18597
54269 2457
54273 16984
54276 3789
54276 21510
54277 2772
54277 13381
54277 14466
54282 10032
54286 3945
54286 14340
54292 1071
54294 23214
54297 7450
54297 18262
54305 8325
54305 10196
54306 5556
54316 787
54340 14550
54340 18103
54343 1509
54343 1817
54343 4530
54343 6630
54343 17535
54352 32
54352 1306
54352 9493
54352 15229
54352 20458
54355 3841
54370 10813
54370 22813
54374 4522
54374 13469
54377 2060
54385 5849
54385 13243
54385 17615
54385 19976
54385 24518
54388 12230
54395 10454
54401 2882
54401 23512
54416 12963
54421 14272
54425 3121
54425 17280
54432 9182
54448 10434
54459 3916
54463 1916
54463 11879
54463 15076
54465 19978
54465 20295
54477 11793
54481 2328
54481 22166
54491 1570
54491 18488
54492 15240
54496 5849
54496 13243
54496 17615
54496 19976
54496 24518
54510 23383
54511 8625
54534 1143
54534 8412
54534 11633
54534 14954
54537 14583
54537 15153
54542 5723
54542 22081
54554 5080
54554 18042
54555 2457
54555 9142
54559 13803
54566 3966
54566 4206
54566 10919
54566 11976
54566 15394
54570 2792
54571 14160
54571 24035
54574 3789
54578 11307
54578 12230
54578 24564
54582 6317
54585 21811
54588 1871
54602 23683
54603 2026
54604 3841
54613 21339
54613 23261
54625 2801
54625 12440
54636 2786
54636 3079
54644 7358
54644 20807
54645 20184
54646 3022
54646 11499
54646 22669
54678 15833
54683 2628
54708 7727
54708 7814
54711 7733
54711 9823
54711 9910
54712 4024
54712 20884
54719 18708
54719 24414
54720 2764
54720 9814
54720 13826
54722 2939
54722 13140
54733 18719
54733 21258
54746 20315
54754 1452
54754 21477
54763 21381
54764 11277
54767 5932
54767 6476
54767 13083
54769 3692
54769 13027
54769 13100
54769 21071
54769 23094
54769 23630
54776 21305
54777 1283
54782 4416
54782 13204
54788 1165
54788 4972
54788 7215
54788 11926
54788 13224
54788 13925
54788 14608
54788 15271
54788 19543
54788 19878
54789 18567
54789 20882
54792 22688
54817 5900
54817 6836
54817 7309
54817 12764
54817 16594
54817 18942
54821 6811
54821 17898
54822 6165
54824 13716
54829 24044
54836 9240
54854 6312
54854 10809
54854 20134
54856 3997
54856 21213
54856 24377
54858 4818
54858 8765
54858 12165
54858 20862
54859 24358
54863 16088
54882 18734
54886 3411
54887 9735
54887 19491
54887 21489
54890 7471
54910 17400
54914 4500
54918 24276
54919 330
54919 12681
54919 17165
54920 12967
54921 23585
54927 6195
54927 15888
54928 50
54928 330
54928 12681
54928 17165
54944 18254
54956 13177
54971 762
54971 3567
54971 17349
54974 1165
54974 7215
54974 7886
54974 11926
54974 13224
54974 13925
54974 19543
54975 2276
54980 7233
54980 9627
54980 11528
55004 9890
55009 8134
55014 11793
55017 10919
55017 12290
55017 16572
55017 20345
55025 5663
55037 24210
55040 15814
55043 5849
55043 13243
55043 17615
55043 19976
55043 24518
55048 16454
55048 16554
55048 23797
55056 14765
55057 12253
55060 18267
55061 13909
55072 1581
55072 18541
55083 11303
55083 17099
55091 5689
55091 17692
55093 2457
55109 7500
55115 9142
55122 882
55124 9984
55131 8054
55133 5492
55133 13224
55133 19553
55133 22736
55136 2792
55149 6611
55149 19565
55149 20704
55171 3841
55171 5936
55174 23048
55183 2607
55183 19973
55187 3866
55187 13047
55187 14778
55187 24064
55193 649
55199 2858
55201 10815
55209 18669
55210 12941
55214 9020
55216 12343
55216 17602
55223 23995
55231 9198
55235 12313
55239 853
55239 20270
55239 23512
55249 13177
55249 13727
55250 21970
55251 20469
55253 10520
55253 10572
55264 2057
55264 17983
55264 21184
55264 22537
55268 3841
55268 20559
55284 20476
55284 20865
55286 9735
55286 19491
55286 21489
55295 762
55295 3567
55295 17349
55298 1104
55298 1309
55298 2546
55298 6695
55298 21767
55299 16539
55302 5492
55302 13224
55302 13925
55302 19553
55312 1329
55312 10919
55312 23870
55323 17298
55325 5849
55325 13243
55325 17615
55325 19976
55325 24518
55328 3048
55328 5447
55328 15086
55328 21485
55328 24299
55332 10680
55333 23869
55334 6165
55336 11260
55336 15810
55345 6165
55346 2457
55346 14596
55362 355
55364 11688
55367 10682
55369 12876
55371 23521
55373 17456
55385 16028
55395 20476
55396 15528
55401 76
55401 2748
55401 8241
55401 13517
55401 16431
55401 16475
55401 20848
55401 21156
55402 3271
55402 15792
55404 2584
55406 12393
55417 21716
55423 222
55423 18482
55431 93
55431 7550
55431 15136
55432 1236
55432 1810
55432 8085
55432 11994
55432 23458
55434 14138
55434 18352
55437 6115
55437 9313
55437 15185
55437 18470
55437 21387
55437 21751
55451 23095
55454 11296
55455 5868
55456 17405
55456 17900
55456 23942
55458 9880
55458 16825
55460 5258
55468 6780
55468 17868
55496 20252
55500 4914
55500 21277
55506 2490
55509 5010
55514 8135
55514 17023
55514 22395
55517 7702
55520 21185
55522 6444
55522 20134
55524 2253
55524 8820
55534 1636
55538 5183
55538 7454
55538 16960
55538 17080
55538 18961
55543 22
55543 2792
55543 4504
55543 18724
55544 14488
55559 3999
55559 7987
55559 9814
55559 12946
55559 23952
55563 9587
55565 689
55565 4585
55568 3214
55568 20576
55568 23050
55570 1165
55570 7215
55570 11926
55575 16638
55583 8202
55583 12066
55583 15821
55589 4314
55589 8025
55589 8853
55589 20288
55589 24170
55590 8003
55591 24309
55598 6243
55620 15887
55621 9259
55621 21264
55622 21510
55622 23532
55635 6462
55635 11971
55635 20560
55639 1041
55639 6173
55639 6370
55639 6800
55639 9746
55639 10992
55639 11282
55639 11890
55639 15192
55639 16691
55639 19220
55639 19297
55639 22389
55639 23481
55642 5245
55644 265
55644 9207
55644 13452
55644 16058
55644 18284
55644 19049
55650 5677
55654 1206
55657 3048
55657 4972
55657 5447
55657 11132
55657 15271
55657 15605
55657 19808
55657 21485
55657 24299
55661 10428
55662 8009
55667 11720
55669 10748
55669 15664
55669 19825
55671 8408
55671 9469
55674 2034
55675 11971
55684 19381
55688 6290
55688 6314
55688 14323
55688 14461
55703 4978
55708 7869
55708 16568
55711 11260
55711 20288
55719 2715
55719 4469
55719 18077
55719 20489
55742 7215
55742 11926
55746 20730
55760 2469
55763 23856
55764 7233
55765 11044
55765 21817
55770 14259
55772 17527
55776 5369
55776 7696
55776 21115
55784 902
55784 1689
55784 3475
55784 9620
55792 5703
55793 6007
55793 6016
55793 10919
55793 19049
55793 20521
55797 19925
55799 2457
55810 2335
55810 3091
55810 16101
55812 17879
55814 1165
55814 7215
55814 11926
55814 23199
55815 19078
55817 19637
55835 2457
55835 9142
55835 21335
55836 11736
55839 8912
55839 16028
55841 650
55841 8252
55841 15658
55841 22729
55848 2111
55848 12771
55848 17098
55852 14488
55852 24452
55859 2571
55859 13399
55870 7122
55878 14913
55880 6334
55883 20420
55887 11306
55891 10748
55891 15664
55891 19825
55898 7886
55898 13224
55898 13925
55898 19543
55898 19878
55899 17266
55906 8461
55915 6881
55935 4932
55935 15693
55939 7081
55939 12466
55939 14943
55939 23352
55940 16716
55944 7639
55944 14651
55944 16242
55944 18916
55955 24165
55958 4697
55966 16028
55966 23405
55967 15052
55967 17692
55967 23501
55974 9550
55980 18822
55992 15250
56007 2873
56007 11725
56007 11802
56007 13244
56007 15359
56009 2592
56017 21031
56040 5543
56040 14789
56043 7220
56046 9948
56047 651
56047 9550
56055 13258
56057 6755
56057 17927
56069 6812
56070 4593
56070 23871
56077 5974
56078 15611
56103 23660
56107 4662
56109 16814
56115 3841
56115 5317
56119 5246
56119 19368
56119 22547
56122 427
56123 9039
56123 22432
56127 374
56130 12437
56134 8991
56134 10503
56134 22630
56141 16811
56148 7220
56148 19927
56148 21734
56148 21767
56148 22608
56148 22653
56149 5749
56149 21725
56150 20254
56158 12250
56164 529
56164 2242
56164 4324
56178 6174
56185 20649
56194 10982
56194 18307
56196 7804
56196 8557
56196 22052
56197 20474
56202 3778
56202 10470
56202 15245
56205 3048
56205 5447
56205 19808
56205 21485
56206 13233
56206 18311
56206 24361
56207 2059
56207 6692
56210 1257
56212 18783
56221 1680
56225 2757
56242 20212
56248 2496
56260 3333
56260 9002
56260 13443
56260 16287
56262 3692
56262 8371
56262 11971
56264 9409
56269 8639
56269 24001
56275 2060
56275 15719
56283 16242
56291 7618
56292 3327
56301 8564
56301 14029
56301 24104
56303 1148
56311 2885
56311 19119
56313 19201
56324 2036
56330 2373
56330 2510
56330 4959
56330 12180
56330 22268
56339 19610
56345 3237
56345 12050
56355 6786
56355 12615
56355 14324
56355 14535
56359 6972
56360 4550
56360 5985
56365 21302
56372 1051
56372 21266
56389 15081
56395 3433
56406 3271
56406 15792
56409 5972
56409 8844
56409 12104
56410 23949
56417 32
56417 9493
56417 15229
56417 20458
56420 21727
56420 23368
56421 2433
56421 5317
56424 1366
56424 3863
56424 8097
56424 10246
56424 12789
56424 12851
56424 19866
56425 2885
56426 3378
56426 10086
56428 7248
56430 4046
56430 8563
56430 23418
56430 24476
56432 23132
56440 2586
56440 4327
56440 10439
56446 4600
56446 13516
56446 15088
56449 52
56449 6462
56449 20560
56480 21846
56482 16524
56485 1625
56485 18470
56493 2772
56493 3894
56493 20046
56493 21728
56499 3184
56499 23186
56505 4227
56505 4469
56506 1471
56508 11841
56508 15342
56508 23449
56509 3121
56509 12701
56518 11923
56521 770
56521 3072
56521 19271
56546 24272
56549 10061
56551 8163
56555 4766
56555 9604
56555 16729
56556 11451
56561 13488
56584 222
56585 3676
56585 3692
56585 10839
56585 13298
56592 1240
56592 3942
56592 4319
56592 5677
56592 8535
56592 23036
56592 23903
56592 23953
56607 4780
56607 15673
56610 648
56610 6702
56610 10004
56610 22207
56616 18448
56629 1310
56637 21452
56656 5974
56664 616
56664 18738
56664 20484
56664 23722
56668 3157
56668 14332
56668 23512
56673 1723
56673 9556
56674 16789
56685 1459
56698 19212
56709 7696
56710 5932
56710 6476
56710 13083
56719 15139
56721 1011
56721 13336
56721 13628
56722 6773
56722 14933
56724 2356
56729 650
56729 7496
56729 10281
56729 15439
56729 22014
56731 2140
56731 10410
56735 8428
56735 20627
56740 17398
56743 1165
56743 7215
56743 11926
56746 4916
56746 10379
56759 3916
56759 11303
56765 870
56768 13545
56772 15151
56782 2028
56808 18683
56824 6600
56824 9550
56826 24231
56845 12323
56849 18782
56851 2356
56870 1005
56880 15412
56881 12890
56890 3961
56892 9006
56892 10123
56892 11641
56894 23630
56898 3731
56898 7612
56898 17866
56910 239
56910 5072
56910 7058
56924 2267
56924 16885
56926 2547
56926 15394
56928 10233
56936 2795
56936 5741
56936 6706
56936 19771
56936 19947
56939 1473
56939 13170
56946 2885
56946 9890
56946 23311
56955 5408
56955 7536
56956 20040
56959 7774
56959 9994
56959 10654
56959 14814
56973 11792
56990 11518
56990 13910
56990 19853
56992 8836
56994 18582
56996 18683
57001 2862
57001 4255
57001 12177
57003 5966
57010 24288
57013 20260
57014 7852
57029 3499
57040 11207
57040 12735
57040 18028
57040 18730
57044 15084
57044 20725
57045 22942
57049 21147
57062 3010
57064 14297
57073 23110
57075 50
57075 330
57075 12681
57075 14258
57075 15605
57087 20433
57094 10557
57094 21147
57096 2329
57100 6210
57100 13321
57100 23215
57104 8375
57104 16602
57104 23563
57107 16088
57108 542
57109 10698
57123 14104
57135 541
57135 3830
57135 5707
57147 18247
57150 2301
57150 20436
57154 7084
57154 13488
57156 6260
57156 6327
57156 18289
57156 20904
57159 32
57159 9493
57159 15229
57159 20458
57168 9010
57171 5036
57173 3121
57173 17868
57190 514
57190 6964
57192 1220
57192 22239
57192 23512
57195 21402
57199 1449
57199 3121
57201 22726
57212 12972
57212 15229
57212 17578
57224 18950
57226 50
57226 330
57226 12681
57226 17165
57235 2511
57235 5968
57239 498
57239 19291
57241 19949
57244 1189
57244 17389
57244 22052
57251 10448
57251 10874
57251 12050
57253 21402
57260 462
57260 21161
57264 1723
57264 9556
57268 4669
57268 10919
57268 11976
57268 19049
57268 24168
57277 14248
57290 11313
57307 22369
57320 13820
57320 15410
57320 18475
57322 12437
57329 8380
57335 11266
57335 12492
57337 14230
57356 10672
57357 9605
57357 12685
57357 20839
57362 9337
57362 20631
57366 21751
57370 15914
57371 16461
57379 9761
57379 19110
57379 23129
57386 21227
57390 6608
57427 1460
57427 4260
57427 5262
57427 9305
57427 15355
57429 18848
57442 13110
57442 15605
57445 7750
57451 16124
57453 22864
57457 8928
57457 15502
57457 18683
57457 22760
57461 8824
57461 22276
57461 24511
57468 7937
57469 1087
57473 12972
57473 13177
57473 15229
57473 17578
57473 20169
57474 10465
57480 3121
57480 22747
57483 4764
57499 6927
57535 10315
57540 23655
57542 21923
57552 16524
57564 8742
57572 741
57576 2571
57582 8307
57582 8928
57582 18416
57585 24550
57594 18470
57606 10917
57606 16519
57617 4122
57617 9148
57621 2901
57621 4547
57627 19967
57628 6891
57633 3665
57633 16035
57633 17856
57640 5494
57640 21022
57640 21344
57643 23623
57644 2060
57644 3994
57644 7696
57647 1480
57649 23868
57655 2347
57655 23304
57662 3669
57662 6218
57662 16242
57666 402
57676 2592
57678 3961
57685 20740
57686 1203
57695 10887
57698 4825
57698 7927
57698 9155
57698 9728
57698 9813
57700 1479
57700 6807
57706 13803
57711 20134
57717 3271
57717 15792
57718 8419
57718 11903
57718 21381
57722 9419
57723 8307
57723 19074
57723 24116
57725 10682
57727 23745
57729 12061
57729 17644
57730 18062
57730 20750
57754 5702
57754 12563
57754 23393
57762 21499
57766 19848
57770 3531
57773 13716
57774 6330
57778 3202
57778 9722
57778 13557
57778 20357
57780 8786
57788 22983
57800 340
57800 5322
57800 6443
57800 13718
57800 13808
57808 1831
57823 3237
57823 8995
57823 10874
57828 18508
57833 8617
57837 2628
57837 8803
57837 9206
57837 9295
57837 22811
57841 15702
57841 15715
57842 12368
57843 21165
57843 22524
57844 456
57844 4294
57844 14332
57844 15221
57844 24036
57849 23403
57852 6165
57854 7456
57854 8991
57854 11418
57858 18262
57862 61
57864 11553
57864 22987
57871 19486
57871 20236
57871 21003
57877 3894
57878 6400
57883 3789
57883 16539
57883 20704
57888 15427
57901 4347
57901 7992
57901 16263
57907 6670
57907 7813
57907 17448
57919 5435
57935 3121
57935 17280
57935 17438
57936 9862
57936 9918
57936 16070
57936 20763
57936 24589
57951 5335
57958 17176
57958 23797
57961 19891
57969 1937
57969 2242
57969 20576
57969 22971
57974 4253
57974 7006
57974 8759
57974 10857
57974 18104
57988 902
57988 8912
57988 19745
57989 2792
57997 7750
58000 11581
58001 1071
58001 17053
58001 19478
58001 23069
58007 17178
58007 20910
58007 22842
58011 2873
58011 11725
58011 11802
58011 13244
58011 15359
58017 24550
58020 18482
58025 9658
58034 2571
58034 13399
58037 6916
58037 9062
58037 13598
58048 11703
58056 21751
58059 14652
58073 15223
58093 6476
58093 11154
58093 11335
58093 23731
58097 16219
58097 24044
58101 16496
58119 16912
58123 8325
58124 20209
58133 5492
58133 13224
58133 19553
58133 22736
58135 20378
58135 23225
58147 7791
58147 13470
58147 21745
58153 13727
58173 16227
58176 11999
58179 20900
58182 7450
58182 13109
58185 17561
58185 20942
58187 1165
58187 7215
58187 11926
58202 21745
58204 20144
58204 23530
58205 17134
58209 5608
58210 5631
58210 11173
58210 11418
58216 7439
58217 4592
58217 12985
58218 14034
58218 21060
58223 8495
58223 12704
58223 15994
58225 20134
58226 3917
58226 7181
58226 8916
58226 12569
58226 14817
58226 17407
58226 23884
58229 1012
58229 12010
58231 6673
58231 16122
58233 23641
58239 4643
58239 8396
58239 13009
58239 14616
58276 6353
58276 12682
58287 7080
58306 1165
58306 7215
58306 11926
58308 8589
58308 10780
58308 19396
58327 1134
58345 7886
58345 13224
58345 13925
58345 19543
58345 19878
58350 5849
58350 13243
58350 17615
58350 19976
58350 24518
58351 11071
58351 19324
58357 21635
58365 6025
58365 9918
58365 20763
58365 24589
58374 12905
58374 21510
58380 20049
58382 2873
58382 11725
58382 11802
58382 13244
58382 15359
58387 9033
58395 22
58395 4504
58395 9764
58403 2060
58403 3841
58403 13008
58403 20476
58403 23091
58410 12972
58410 15229
58410 17578
58410 20169
58411 20539
58411 21036
58414 11756
58420 2843
58434 5318
58434 6391
58434 10508
58440 5206
58440 5658
58440 21513
58445 11333
58445 11543
58445 17644
58447 872
58457 11038
58457 13375
58458 7584
58458 10728
58458 22617
58459 18544
58465 1165
58465 7215
58465 11926
58466 8495
58483 5408
58492 882
58492 19765
58500 4319
58500 8311
58500 16126
58503 12559
58508 22938
58518 20448
58522 16847
58528 12248
58528 16609
58528 24403
58529 19436
58530 32
58530 1306
58530 9493
58530 15229
58530 20458
58532 20865
58548 11159
58553 1825
58555 15441
58559 11198
58569 1203
58569 14729
58575 6165
58576 4721
58576 6746
58576 11260
58579 11164
58579 19728
58579 20859
58583 7411
58584 2873
58584 11802
58584 13244
58584 15359
58588 9775
58588 22943
58588 23064
58590 8815
58594 3994
58594 10824
58599 18307
58609 10656
58609 18288
58612 6447
58612 9720
58612 13942
58612 16402
58622 20890
58623 4418
58623 16812
58623 18557
58627 14230
58630 3237
58630 10874
58631 3720
58631 15702
58631 20905
58640 13691
58645 2885
58656 5459
58656 7084
58656 13488
58659 6786
58659 21449
58660 13007
58668 4585
58671 10443
58672 187
58692 21448
58708 12024
58716 1009
58716 5644
58716 11139
58716 18711
58716 23440
58717 20046
58727 20800
58729 5439
58730 9416
58755 24389
58760 17020
58764 20980
58766 10389
58769 3513
58769 11795
58769 17075
58769 20514
58769 23566
58776 1012
58776 10780
58776 11279
58788 17760
58796 2167
58798 957
58802 3268
58802 10723
58802 12105
58802 14922
58805 19191
58809 2641
58810 8025
58810 18602
58810 24170
58812 8894
58816 22380
58820 5723
58822 9890
58837 6215
58837 10434
58837 21100
58837 23717
58839 23629
58856 15514
58857 1100
58857 5925
58857 8544
58857 14077
58857 15511
58858 9229
58858 12004
58858 22243
58863 685
58863 10635
58869 16473
58870 7886
58870 13224
58870 13925
58870 19543
58870 19878
58873 1329
58873 16434
58873 23995
58879 3803
58879 6462
58879 8298
58879 10693
58879 21071
58882 16014
58883 6271
58883 24508
58888 648
58888 3721
58888 9229
58892 2358
58892 7801
58901 21050
58903 17570
58908 12394
58909 12549
58909 16615
58910 16409
58911 10325
58911 16381
58911 24395
58914 2930
58914 10780
58914 13110
58917 283
58917 7750
58917 10069
58917 18042
58917 23651
58927 7727
58927 10874
58927 11303
58927 16833
58929 824
58929 835
58929 12441
58930 6786
58931 23207
58933 1480
58942 13177
58945 3239
58946 2195
58946 5979
58946 17465
58964 1172
58965 1687
58965 6080
58965 21407
58974 384
58974 2322
58974 3690
58974 12844
58974 16345
58974 21843
58976 6829
58976 17139
58977 14405
58979 4489
58979 6720
58995 18353
58995 23724
58998 3095
58998 6382
58998 11451
58998 13522
59002 6684
59002 17368
59005 7318
59020 1918
59028 2423
59028 5502
59029 24087
59043 7358
59044 7852
59044 16909
59055 23091
59056 22938
59058 580
59058 3084
59058 3133
59058 14249
59058 17496
59066 11307
59066 14332
59066 15221
59066 20254
59066 24564
59071 3291
59075 14308
59075 14521
59083 5317
59083 12267
59093 23193
59094 18307
59098 18171
59098 21510
59102 9541
59102 18744
59102 22557
59103 881
59103 14954
59103 17094
59103 19049
59103 22329
59108 4402
59108 21762
59112 2626
59112 13294
59112 13631
59115 2235
59136 5231
59136 6717
59136 24589
59143 843
59151 9002
59173 283
59173 17377
59174 15185
59174 15743
59181 1262
59181 3782
59181 14354
59186 8408
59186 23490
59187 185
59187 6341
59187 19434
59197 21361
59198 1462
59198 15154
59207 4755
59215 13727
59216 10866
59216 11238
59227 2634
59227 6499
59227 7914
59227 13799
59236 19779
59258 1581
59258 18541
59275 17480
59285 265
59285 881
59285 10133
59285 17820
59285 22329
59286 3170
59286 16100
59289 1935
59297 13841
59297 18683
59297 20676
59297 22760
59306 10127
59311 2270
59311 15749
59311 18272
59315 4607
59315 6827
59316 8928
59316 18683
59316 19553
59327 5494
59336 1707
59336 3121
59336 12701
59336 16041
59336 17918
59336 22085
59341 6354
59343 1806
59343 3789
59343 11266
59352 1418
59352 3344
59352 9459
59352 14257
59356 23445
59356 24608
59394 18497
59395 6115
59395 7840
59399 20771
59405 6085
59405 7751
59406 11942
59406 18868
59407 2052
59408 4283
59412 16242
59413 17178
59419 2104
59424 18559
59438 16833
59438 17405
59441 14812
59444 675
59444 8622
59449 17856
59455 13745
59456 1042
59462 7639
59462 18916
59462 22239
59470 5230
59472 10061
59472 14138
59473 11932
59474 16718
59475 5492
59475 13224
59475 19553
59475 22736
59476 24415
59481 17077
59490 12227
59496 15613
59505 9585
59517 829
59517 9808
59517 13628
59521 14583
59521 22719
59522 13379
59526 5919
59526 19165
59526 21957
59532 3930
59536 20660
59540 3082
59540 5113
59540 6455
59540 8304
59540 14207
59540 20711
59542 4470
59542 19870
59543 636
59543 1323
59559 19002
59568 1165
59589 10874
59592 5743
59592 20654
59595 11266
59595 16163
59596 2695
59596 15502
59601 1859
59601 9364
59603 5870
59604 2573
59604 12416
59604 20676
59604 22009
59609 11780
59611 14652
59619 5317
59625 13841
59625 15528
59625 20700
59629 6447
59629 8827
59630 9666
59630 11303
59630 14094
59631 10745
59631 23358
59636 19779
59639 5492
59639 13224
59639 19553
59639 22736
59647 10264
59647 13719
59647 22773
59650 1023
59650 13733
59650 19121
59657 9002
59661 5260
59661 7359
59661 12443
59661 14587
59661 22203
59663 12423
59665 765
59679 21078
59687 5331
59687 9910
59687 20582
59687 21208
59699 10874
59700 18989
59705 14230
59707 20402
59707 23813
59707 24159
59714 13243
59714 17615
59714 24518
59716 867
59716 7130
59716 14762
59716 21824
59717 13224
59717 19543
59717 19878
59718 7727
59718 12621
59725 2608
59725 5917
59747 2933
59752 2571
59754 3676
59754 10839
59754 15187
59757 11260
59757 20288
59768 4724
59768 6662
59768 12225
59768 24036
59768 24564
59780 1414
59789 23800
59803 23090
59804 10868
59811 4508
59812 2082
59812 12973
59812 17564
59813 9795
59824 2098
59824 19117
59824 22619
59826 14034
59826 21060
59831 13904
59831 19294
59831 23512
59846 631
59846 9910
59847 2201
59847 10208
59847 22938
59856 20952
59860 2584
59860 11843
59860 18822
59862 9910
59862 11843
59862 13261
59869 2814
59873 13375
59874 5849
59874 13243
59874 17615
59874 19976
59874 24518
59880 409
59880 6894
59880 7415
59880 11383
59880 18366
59881 22930
59889 124
59889 23028
59894 245
59894 11803
59894 21136
59913 17176
59913 23797
59922 20419
59933 9666
59933 14535
59937 708
59937 5274
59937 6462
59940 23405
59942 2459
59947 7129
59947 11237
59947 14509
59947 21696
59982 7798
59989 7233
59989 19553
59992 2696
59992 11260
59997 17868
60002 3841
60021 1504
60021 13923
60024 18223
60024 23173
60032 3070
60032 20161
60047 21430
60053 14716
60053 18602
60053 20518
60053 20845
60053 24170
60063 1032
60066 12191
60066 21264
60067 15038
60068 17050
60068 19404
60073 22797
60097 11011
60097 14188
60097 21502
60101 21999
60102 19
60102 12298
60102 13741
60102 18743
60102 22494
60119 3692
60119 8371
60119 11971
60119 13027
60119 23630
60133 18267
60137 10128
60140 19570
60142 5685
60142 11336
60142 13420
60142 20869
60148 1104
60148 22564
60151 20727
60151 23905
60162 11641
60162 15249
60168 456
60168 5932
60168 23090
60168 23675
60169 12971
60169 14209
60172 22079
60172 23259
60173 5111
60173 13358
60174 1292
60174 13306
60174 22752
60176 2806
60184 18658
60192 2474
60192 11845
60192 17512
60194 10865
60205 5668
60205 20134
60209 8536
60209 9566
60209 15192
60211 2911
60211 19089
60222 24520
60223 14565
60224 11497
60234 7412
60235 7886
60235 13224
60235 13925
60235 19878
60239 12892
60240 8792
60240 14492
60240 21449
60244 13224
60244 13925
60246 3424
60246 21528
60246 22541
60250 13278
60265 19532
60272 2076
60272 6425
60272 13922
60272 15587
60273 9910
60279 8238
60287 8872
60287 22353
60293 7517
60293 22503
60311 4420
60311 9562
60311 10590
60311 14042
60319 11611
60322 2356
60324 553
60324 1585
60324 2892
60324 18658
60332 3334
60340 2208
60340 3789
60340 13628
60340 14041
60346 3121
60349 23680
60357 5658
60358 20613
60358 22392
60382 9513
60402 268
60406 3640
60406 3804
60406 14084
60406 17223
60406 18898
60410 9443
60425 14138
60435 12323
60435 13399
60443 1362
60443 6406
60443 19356
60447 650
60447 13002
60447 14332
60447 15439
60447 23731
60455 3835
60455 8301
60455 21862
60455 23990
60465 2225
60465 21608
60466 8450
60471 9034
60471 24074
60482 14583
60482 22719
60489 22570
60491 6509
60495 2308
60502 8095
60502 21751
60505 3271
60505 15792
60506 10573
60510 18581
60513 4673
60517 4303
60520 2811
60520 12213
60520 14431
60520 14899
60520 21501
60536 20807
60537 3327
60539 4807
60542 17057
60545 12332
60546 21737
60557 1165
60557 7215
60557 11926
60601 7750
60603 9300
60603 18498
60603 19637
60605 5035
60605 9099
60609 8036
60611 17248
60611 18103
60613 6127
60618 15866
60618 22359
60622 23989
60627 6041
60627 9056
60629 11303
60637 18929
60652 5799
60652 10281
60658 10336
60658 14895
60678 21269
60682 18057
60686 7320
60689 7233
60714 10590
60716 21912
60716 22192
60716 22242
60723 1689
60723 8912
60732 7106
60732 7211
60732 10023
60732 10794
60732 14223
60732 15801
60732 23398
60738 6029
60738 8650
60758 1220
60758 12230
60758 18916
60758 21805
60758 21817
60758 22014
60758 23734
60761 1364
60761 7439
60765 12941
60771 4339
60772 8245
60772 17922
60772 20814
60777 6165
60785 24553
60790 10366
60800 7886
60800 13224
60800 13925
60800 19543
60800 19878
60804 10874
60815 17620
60815 20525
60825 3121
60825 21887
60835 9890
60835 11720
60848 10454
60853 5826
60854 7020
60855 5849
60855 13243
60855 17615
60855 19976
60855 24518
60859 484
60859 2574
60859 14762
60859 24323
60865 7063
60865 24417
60868 23604
60870 6192
60870 10422
60870 21594
60870 23995
60871 16124
60874 13417
60876 12909
60876 17494
60876 22127
60886 6490
60887 3701
60888 14034
60891 3048
60891 3953
60891 5447
60891 21485
60891 24299
60899 4034
60899 15663
60903 4951
60911 1309
60911 1914
60911 7677
60911 24110
60918 2329
60918 12437
60922 18307
60927 7886
60927 13925
60927 19543
60927 19878
60935 4372
60935 6692
60946 1835
60948 142
60952 5245
60952 15120
60953 3271
60953 10757
60953 15792
60954 4337
60954 17342
60954 23214
60968 2273
60968 10965
60968 16499
60970 21759
60999 11303
61002 8355
61015 17014
61023 16157
61023 20469
61029 10243
61029 11270
61035 18459
61036 15814
61055 2465
61060 2034
61066 2584
61066 19988
61073 5159
61079 22943
61085 10281
61085 20270
61085 22014
61091 4944
61091 15282
61098 12771
61098 13971
61145 14313
61148 15392
61155 22291
61156 8371
61159 1759
61159 12117
61160 9627
61160 18267
61161 4818
61170 3022
61170 13306
61175 12746
61177 405
61177 4198
61177 20972
61179 1309
61179 5594
61179 22130
61179 24110
61185 11307
61185 15221
61185 20254
61212 1996
61212 8215
61212 15754
61230 23090
61234 23994
61253 16843
61253 20048
61254 2911
61254 20476
61257 3133
61257 9101
61257 10537
61257 12806
61257 21219
61261 11071
61261 15233
61261 19324
61262 7080
61275 22943
61275 23256
61275 24452
61279 265
61279 6906
61279 10919
61279 18730
61279 19049
61295 3018
61295 9092
61295 20560
61295 21071
61295 22621
61326 1177
61328 9132
61328 10648
61366 1014
61366 4530
61366 6630
61366 17535
61386 14760
61386 15598
61389 7424
61389 8554
61389 20843
61407 23329
61415 3048
61415 5447
61415 21485
61423 10635
61423 11948
61423 13329
61423 17439
61428 1364
61437 10238
61441 13307
61446 10289
61447 50
61447 330
61447 12681
61448 1189
61448 3142
61448 17389
61448 22052
61452 2076
61452 6425
61452 14683
61456 23094
61456 23630
61461 8728
61466 8879
61468 23404
61482 5668
61482 20134
61483 3015
61483 21688
61502 7456
61502 8991
61502 11418
61506 6288
61506 18847
61510 2996
61510 9910
61510 10980
61510 24158
61515 9113
61515 13316
61518 1226
61518 17879
61524 23285
61530 3465
61541 4239
61541 14911
61553 3782
61553 14354
61567 1907
61567 2406
61568 720
61569 17898
61576 14779
61576 16307
61578 16641
61579 3916
61584 19294
61592 6462
61606 15144
61611 22458
61613 14014
61623 11611
61623 15973
61623 16850
61623 19300
61624 2349
61629 12323
61635 22228
61635 24589
61653 18292
61656 8090
61656 10598
61656 12820
61656 14972
61662 3237
61662 7004
61662 10431
61662 11566
61669 7437
61669 21747
61669 23278
61680 15092
61683 20910
61683 23383
61686 13912
61686 15787
61686 16120
61686 20444
61689 20997
61694 7085
61706 24190
61713 12936
61719 2873
61719 11725
61719 11802
61719 15359
61721 10243
61744 10176
61744 16860
61744 20840
61744 22709
61749 8750
61749 9166
61749 9800
61749 18069
61749 23525
61762 1779
61762 4382
61762 14858
61765 339
61765 9864
61765 10302
61775 9522
61775 11114
61779 13962
61779 24459
61788 2996
61788 18098
61801 6110
61801 6829
61806 3102
61815 616
61815 1067
61815 18738
61815 20484
61815 23722
61821 11193
61821 13718
61833 19598
61839 23700
61845 9735
61845 19491
61845 21489
61848 24276
61855 8851
61865 9582
61865 15502
61865 20683
61865 21029
61867 10916
61867 14098
61867 21352
61869 10621
61869 17372
61869 18343
61871 1217
61881 9910
61883 5062
61884 19049
61886 2457
61886 3121
61894 21003
61899 3744
61903 14104
61919 2571
61919 13399
61924 23783
61927 1220
61927 6218
61927 7639
61927 11044
61927 14332
61927 15439
61927 19741
61927 23167
61930 6462
61930 11971
61942 10357
61943 19738
61948 11895
61948 23628
61949 15649
61954 5080
61954 15606
61954 22688
61958 17150
61958 23408
61961 21510
61979 18948
61990 7750
61991 16086
61998 8625
62018 16087
62025 20254
62025 20270
62025 23763
62026 21447
62030 16358
62032 22719
62034 16399
62034 21697
62034 22084
62040 7570
62043 9142
62045 3129
62047 24410
62071 23976
62072 12437
62074 4303
62074 23243
62077 20474
62079 10416
62087 5660
62088 7750
62090 12352
62092 24550
62094 1914
62094 4724
62094 20270
62097 16757
62105 18718
62109 2353
62130 4245
62130 8265
62134 7750
62140 1867
62147 8344
62152 187
62152 13307
62155 5689
62162 20419
62162 22930
62166 18042
62179 13727
62181 1261
62200 9775
62210 11173
62211 13909
62217 15235
62224 3648
62224 22359
62224 23492
62226 6353
62235 17709
62277 5522
62284 23512
62285 12036
62287 2571
62297 20753
62297 22942
62298 4384
62298 10756
62298 11995
62304 21184
62316 7641
62317 11634
62317 23100
62317 23196
62335 3369
62349 10266
62349 10621
62349 13629
62363 22760
62375 10745
62377 23372
62381 21043
62394 4407
62400 14677
62402 15122
62404 8414
62414 7624
62414 21616
62418 20024
62424 23813
62424 24159
62425 10171
62425 24362
62428 16885
62429 12024
62429 22150
62430 7233
62443 6300
62445 5065
62445 15733
62445 17100
62451 3883
62451 4818
62451 23600
62461 4382
62461 4670
62463 17692
62464 16811
62465 4015
62465 5097
62465 11076
62468 1012
62468 12010
62471 2215
62471 16695
62473 3504
62473 6600
62481 17879
62488 616
62488 1067
62488 18738
62488 20484
62488 23722
62489 1007
62489 18479
62489 18625
62490 17183
62494 24452
62498 19598
62502 2329
62509 7358
62509 7840
62511 12905
62511 22721
62511 23770
62512 20134
62514 10843
62517 16211
62517 19402
62517 21839
62526 17879
62541 7358
62544 11781
62544 16308
62544 23430
62546 6528
62554 2822
62555 21713
62555 23142
62564 11303
62564 17989
62577 10407
62577 12754
62599 22943
62607 7084
62607 13488
62622 8969
62622 10332
62622 16492
62626 10999
62626 23466
62628 4538
62628 6753
62632 4241
62632 23604
62639 10049
62658 487
62658 3650
62658 11158
62683 17002
62683 22900
62683 24137
62686 7814
62686 9666
62686 13261
62695 5966
62713 15236
62714 22078
62722 10243
62722 20134
62735 14417
62740 10080
62741 4845
62741 22129
62752 2095
62763 21003
62771 7233
62772 4637
62774 4669
62774 8412
62774 15632
62774 17820
62774 17976
62780 11297
62780 19143
62780 21645
62792 12343
62793 8894
62793 17494
62795 5335
62798 1364
62798 13824
62798 17170
62807 5280
62809 16809
62815 192
62821 20684
62833 12941
62841 15527
62841 16317
62843 8307
62843 19074
62847 736
62847 16918
62847 23600
62850 3398
62850 5882
62851 1914
62851 11154
62851 18971
62853 22847
62855 9085
62863 21588
62864 8346
62870 19407
62879 3830
62879 17424
62900 8414
62900 20771
62922 11922
62922 13461
62924 8959
62924 9591
62924 21147
62924 23091
62925 14596
62927 4426
62933 2584
62939 6382
62939 15370
62948 21063
62949 2457
62949 7992
62949 8928
62949 9142
62949 22760
62962 5310
62962 18920
62962 19136
62963 3414
62963 7830
62963 14563
62963 24524
62970 12414
62972 2252
62972 13730
62972 16517
62981 12941
62989 16979
62989 17939
62989 19065
62989 21045
62990 15368
63001 22291
63005 24156
63008 10458
63008 18238
63008 19040
63025 20237
63030 8543
63030 15291
63037 946
63037 12393
63037 23403
63038 3467
63038 13711
63050 18951
63063 4468
63063 11728
63070 683
63070 797
63070 5430
63083 4643
63083 8396
63083 13009
63083 23071
63086 50
63086 330
63086 12681
63086 14258
63086 15605
63088 876
63094 16778
63108 22691
63117 16718
63119 1689
63119 2933
63119 9620
63130 9992
63130 10133
63130 10453
63130 22329
63134 8729
63134 15229
63134 17578
63143 19078
63146 13677
63146 16011
63149 20469
63157 2423
63157 4640
63158 5774
63158 8609
63158 20616
63166 19901
63171 14188
63180 24011
63182 22651
63202 14652
63206 23148
63207 4749
63221 13783
63221 20838
63221 23500
63223 14310
63231 11114
63231 21063
63235 16986
63248 9550
63254 5015
63254 8424
63254 24366
63258 6479
63258 7965
63258 9370
63258 16732
63258 20115
63259 6945
63267 5849
63267 13243
63267 19976
63267 24518
63298 4673
63301 7183
63306 10133
63306 19822
63306 20249
63306 22329
63315 2457
63315 13110
63315 21335
63318 13177
63321 19236
63323 19033
63325 2457
63325 9142
63325 21335
63327 14814
63333 10472
63333 10639
63333 17112
63339 4433
63347 7927
63347 8443
63347 9155
63347 9728
63354 8627
63360 20476
63372 17677
63374 5668
63374 20134
63378 2712
63378 21100
63378 23717
63384 3916
63388 16850
63388 20951
63391 1593
63391 7531
63391 23211
63392 4634
63392 12261
63395 13841
63395 20676
63397 15316
63402 6834
63406 4338
63406 12835
63406 16460
63416 9175
63416 16820
63417 14221
63421 14363
63422 20259
63422 22735
63432 19089
63444 285
63445 10647
63445 20538
63450 6165
63450 20020
63463 3445
63463 10604
63463 16973
63470 270
63470 10983
63470 17709
63479 23513
63481 8200
63498 6476
63498 11154
63498 20550
63541 3552
63541 9922
63541 15459
63558 3433
63558 17393
63558 19693
63565 13292
63565 13489
63571 10608
63584 9153
63592 2796
63592 14138
63594 12182
63594 16497
63594 19020
63596 1984
63596 2696
63596 6138
63602 616
63602 1067
63602 3048
63602 5447
63602 15086
63602 20484
63602 21485
63602 23722
63602 24299
63603 12393
63619 19649
63621 142
63621 532
63621 8370
63621 13210
63621 15309
63642 1935
63642 19587
63645 6462
63645 18086
63646 5932
63646 14332
63646 16242
63646 23167
63649 806
63649 1520
63655 2098
63660 11686
63662 9831
63677 8893
63680 14589
63691 16470
63700 13211
63707 229
63712 3048
63712 5447
63712 19808
63712 24299
63714 5459
63715 6881
63733 6883
63737 21005
63745 24615
63757 15474
63760 22470
63767 21381
63786 8307
63803 5494
63806 5475
63806 6462
63806 6746
63806 8371
63806 8760
63806 16481
63807 8916
63807 16438
63807 17940
63816 6695
63816 22149
63816 24365
63817 3142
63817 17389
63817 22052
63832 2326
63832 4301
63839 2885
63839 13803
63841 32
63841 1306
63841 9493
63841 15229
63841 20458
63842 9478
63842 10417
63842 16031
63859 23724
63865 18950
63871 5510
63871 9683
63871 14043
63873 7318
63886 6271
63886 16609
63899 484
63899 2793
63899 23973
63906 50
63906 330
63906 1165
63906 7215
63906 12681
63906 14258
63906 17165
63911 6085
63911 19533
63917 32
63917 9493
63917 15229
63917 20458
63920 9677
63920 20758
63925 7215
63925 11926
63929 12710
63930 17017
63938 3232
63938 6009
63938 8447
63944 5418
63949 2874
63954 10255
63956 1905
63956 11183
63956 21978
63957 17858
63965 18451
63975 5159
63993 8946
63996 8202
63996 12066
63996 15821
63999 11451
64001 387
64001 2403
64001 19294
64001 20270
64026 14757
64027 10255
64027 17300
64034 19402
64034 21839
64035 2686
64035 11274
64035 11827
64035 14647
64035 14999
64035 18373
64035 24614
64042 1177
64055 1203
64063 9725
64069 13493
64071 14995
64075 19853
64075 21185
64077 15015
64088 7437
64088 21747
64089 7474
64095 5507
64095 19848
64095 21500
64095 23929
64100 41
64100 8714
64106 13961
64112 373
64112 2242
64112 6354
64114 4508
64114 17231
64117 8518
64117 19447
64119 7294
64128 4461
64128 23090
64130 5056
64130 9666
64130 10366
64130 12107
64143 13294
64157 6753
64157 12981
64157 21755
64158 3927
64187 19883
64193 6311
64197 22081
64204 17176
64204 23797
64209 20134
64211 7113
64211 19521
64213 5741
64213 6324
64213 6706
64213 19947
64216 14677
64229 8505
64229 22639
64230 2329
64234 11378
64237 4050
64240 4166
64241 6152
64241 11496
64241 16858
64242 5849
64242 13243
64242 17615
64242 19976
64242 24518
64250 17879
64256 724
64256 13029
64256 15790
64256 22535
64273 1881
64273 2322
64273 3690
64273 8240
64273 16345
64273 17495
64273 21825
64278 12050
64279 16228
64283 5028
64286 10203
64286 11333
64286 11543
64286 15156
64292 3769
64295 9595
64298 24452
64303 8251
64308 6820
64308 16366
64308 19160
64308 20846
64310 2826
64310 6786
64310 8460
64310 13565
64310 15705
64318 2252
64318 21417
64322 11906
64332 10917
64333 5452
64333 12015
64333 24499
64353 3431
64353 3841
64353 12107
64354 1071
64355 24341
64356 11366
64363 22241
64374 7287
64374 12646
64374 15372
64374 16620
64377 10981
64377 14859
64377 15711
64377 18953
64378 17692
64382 3866
64382 4585
64396 10682
64396 21325
64396 22477
64397 7677
64400 2265
64400 8622
64400 19640
64402 3576
64402 8505
64402 13717
64402 20942
64404 5662
64405 9313
64406 9384
64406 23091
64407 6340
64407 13188
64413 726
64413 16979
64413 19065
64413 21045
64414 5966
64417 3573
64417 10011
64418 16206
64425 7564
64425 7753
64425 17097
64425 23814
64426 1143
64426 16051
64426 24168
64432 1378
64432 4302
64432 6600
64441 3271
64441 13215
64451 3121
64456 488
64456 5108
64456 10207
64456 15231
64456 19121
64457 16205
64459 4359
64459 19294
64466 5994
64478 20419
64480 14617
64487 17760
64489 3237
64489 3391
64489 15641
64492 17540
64492 20181
64492 21022
64514 24009
64530 21449
64535 3475
64535 9620
64535 16028
64553 21745
64553 21924
64580 590
64580 2060
64580 9948
64597 12014
64603 15630
64603 24425
64623 3475
64623 9620
64637 5232
64644 11657
64653 12367
64661 20419
64662 13375
64666 50
64666 330
64666 12681
64666 14258
64666 15605
64669 5067
64669 21948
64670 1480
64670 13858
64672 13177
64683 14202
64685 9941
64685 18039
64699 21650
64700 22953
64710 2242
64710 2276
64710 19927
64710 21697
64730 19201
64759 529
64759 3866
64759 6354
64759 24618
64766 17953
64799 1311
64799 10049
64799 22652
64806 4726
64811 15120
64814 24214
64818 10056
64818 16066
64818 24323
64820 16399
64839 5281
64843 11055
64846 19480
64856 5396
64856 16455
64856 20341
64864 4373
64864 8062
64864 11551
64865 22014
64866 10902
64868 10874
64868 12050
64868 20865
64869 1165
64869 7215
64869 7886
64869 11926
64869 13224
64869 13925
64869 19878
64873 1172
64873 10336
64880 11624
64880 16196
64882 18034
64891 4296
64899 3596
64899 21382
64900 24029
64908 3121
64908 12701
64908 14125
64908 22085
64908 23928
64912 9135
64925 7084
64925 13488
64943 5882
64943 9100
64946 2939
64946 3061
64946 19165
64946 19355
64946 19738
64947 10669
64953 7114
64954 18112
64955 20596
64960 5553
64962 762
64962 3567
64962 17349
64963 1514
64967 8836
64967 12815
64976 648
64995 3841
65002 7750
65003 15239
65004 2457
65031 6651
65031 20214
65034 19618
65036 882
65044 6059
65044 13539
65044 21804
65050 4461
65050 7496
65050 15439
65060 20567
65071 14141
65075 12706
65079 7233
65079 15502
65079 22445
65105 23512
65107 50
65107 330
65107 12681
65107 17165
65119 19598
65122 7157
65131 17692
65138 15371
65138 19460
65148 2573
65148 17830
65148 20024
65148 23393
65157 7084
65157 13488
65167 13971
65167 22910
65171 1608
65171 18665
65180 13824
65191 1385
65191 3237
65191 4590
65191 9086
65202 2555
65203 5037
65203 11903
65203 22760
65214 8641
65214 12973
65214 13448
65214 17676
65214 23662
65222 18616
65240 6378
65243 3473
65243 7766
65243 10648
65244 12145
65244 15026
65249 4726
65259 15934
65259 22902
65259 23776
65261 2792
65261 22753
65265 12372
65266 16068
65277 11267
65277 13729
65293 3602
65300 14932
65308 12437
65313 16727
65315 5881
65315 9180
65318 16805
65323 11268
65323 21994
65327 14388
65334 2908
65334 6724
65370 8506
65370 21094
65373 9045
65377 5500
65379 5492
65379 6680
65379 13925
65379 19553
65379 22736
65383 18958
65385 5529
65391 20725
65401 17134
65408 5651
65409 6526
65410 6356
65414 8272
65426 20288
65428 7261
65428 17713
65433 12599
65433 16497
65433 19020
65442 4049
65442 8660
65449 12905
65449 21143
65453 3121
65456 1980
65456 4562
65456 13479
65459 52
65459 3692
65459 6462
65459 8371
65459 18086
65463 2254
65463 7603
65463 14064
65463 18222
65469 4432
65469 9374
65476 7682
65476 7923
65477 982
65477 8395
65477 15630
65483 20134
65484 6568
65484 17692
65484 19598
65493 6344
65512 12738
65523 5581
65523 13267
65533 23409
65544 5824
65544 13532
65544 13814
65544 23202
65546 18386
65548 17692
65548 19598
65549 19585
65549 19883
65565 288
65572 21113
65587 10980
65587 14138
65589 1276
65593 14418
65593 16410
65605 18848
65606 17858
65610 5389
65610 11159
65610 18257
65616 15499
65617 4015
65617 10431
65617 11010
65618 142
65618 4449
65618 20611
65620 12107
65625 10196
65630 8149
65634 17280
65645 14448
65645 14923
65645 15818
65649 5591
65660 580
65660 9721
65660 14231
65660 15662
65660 16175
65660 16382
65660 22887
65671 1276
65671 9499
65674 4255
65676 778
65676 15788
65676 21805
65676 22014
65676 23731
65676 23734
65678 14381
65681 2194
65687 2168
65690 17865
65691 11303
65699 6168
65699 13986
65699 18368
65699 18413
65713 3918
65719 4669
65719 11111
65719 15632
65724 4276
65724 5418
65725 9350
65732 21335
65735 17692
65739 19464
65742 131
65744 24227
65746 20704
65749 14230
65749 18822
65749 24314
65755 16028
65765 8157
65769 9002
65773 18683
65773 22009
65773 22760
65776 17535
65783 12988
65783 15470
65783 19485
65784 3658
65784 3805
65784 20270
65789 6103
65789 16242
65789 16757
65800 7090
65808 14468
65808 15992
65808 19853
65808 21400
65811 10874
65817 16411
65820 7889
65820 17711
65827 17518
65827 19265
65830 2546
65830 3732
65830 4864
65838 11725
65838 11802
65838 13244
65838 15359
65840 872
65840 2792
65840 13003
65859 2540
65859 10930
65862 712
65865 1165
65865 3048
65865 5447
65865 7215
65865 11926
65865 15086
65865 15605
65865 20468
65865 21485
65865 24299
65868 15968
65872 14619
65878 50
65878 330
65878 12681
65878 14258
65883 3917
65909 7369
65910 2356
65910 24137
65915 20028
65918 1621
65943 5372
65943 18453
65946 8247
65946 15693
65947 19070
65955 9910
65955 19959
65964 11362
65964 17224
65975 1220
65975 7639
65975 14651
65975 22239
65975 23167
65976 16843
65976 20048
65978 3255
65981 902
65988 11270
65988 16860
65988 20840
65988 24403
65998 2273
65998 10965
65998 16499
66001 3911
66001 15661
66001 24525
66017 21213
66027 8108
66027 17965
66027 19049
66027 23548
66029 7084
66029 13488
66032 3329
66032 9336
66032 11120
66032 12926
66032 20036
66040 15027
66049 5668
66049 20134
66061 5495
66062 6106
66062 9424
66069 17407
66083 17760
66090 22719
66091 10467
66097 3782
66112 7104
66112 10061
66113 8098
66123 10509
66123 11311
66123 13082
66123 21899
66129 7233
66129 23662
66130 1172
66130 7307
66135 10919
66135 11976
66135 19049
66142 1157
66142 7696
66165 10676
66169 14074
66173 23091
66174 12475
66179 15453
66186 2702
66189 6568
66189 10196
66190 12492
66194 3778
66194 10470
66198 2446
66198 24204
66199 22108
66208 2423
66208 4640
66208 14472
66216 4075
66216 7998
66216 19701
66216 21887
66222 7045
66230 2909
66230 8220
66230 13022
66232 10217
66242 12024
66242 22753
66243 10789
66248 10676
66255 11879
66262 6288
66264 2858
66269 1266
66277 1963
66277 23383
66303 23371
66305 3830
66305 4644
66305 7677
66305 11265
66305 15740
66312 12061
66313 9723
66323 6025
66327 23449
66345 12563
66345 22760
66362 8844
66367 1570
66375 1464
66375 7084
66375 13488
66376 3911
66376 20016
66376 23820
66385 9142
66394 13454
66394 19803
66402 14677
66404 14116
66412 20270
66417 5688
66461 2622
66461 3443
66461 16032
66469 6557
66471 5370
66474 1312
66495 6243
66495 22306
66501 17616
66501 19975
66506 5529
66506 16198
66513 6600
66519 9229
66521 20365
66531 7095
66531 7218
66531 12877
66531 17609
66543 4850
66565 19103
66580 18267
66582 11354
66589 13409
66589 22470
66589 23261
66595 6202
66596 22078
66609 8904
66609 12607
66609 13166
66610 20997
66620 5522
66622 9464
66624 2457
66637 13292
66662 15533
66670 6519
66670 10994
66670 16351
66670 19991
66670 22364
66670 22900
66671 1533
66671 24209
66672 19201
66673 2029
66673 12213
66673 16207
66681 5658
66681 9229
66681 22932
66683 11498
66688 3820
66688 15055
66688 16549
66689 5274
66689 8371
66689 11971
66689 20560
66693 5157
66697 17811
66699 616
66699 1067
66699 7886
66699 13224
66699 13925
66699 18738
66699 19543
66699 19878
66699 23722
66700 12526
66700 15051
66715 17421
66715 23091
66726 13864
66730 7973
66731 8928
66731 11244
66731 13925
66738 13399
66742 125
66742 202
66742 10605
66742 10919
66742 19245
66742 23262
66742 23548
66751 5063
66786 11643
66796 5313
66796 20907
66798 19175
66808 7666
66808 8025
66808 20288
66818 2793
66818 10056
66818 16066
66828 6839
66828 23650
66828 23945
66829 16263
66829 22032
66849 1414
66849 5668
66849 20134
66854 2026
66861 17828
66864 5492
66864 13224
66864 13925
66864 19553
66864 22736
66878 13476
66881 19598
66883 7899
66883 11146
66891 3994
66891 18425
66907 13287
66910 6777
66910 17114
66913 7551
66916 1409
66916 1732
66916 21728
66919 818
66925 5317
66925 12905
66926 11667
66931 3638
66931 4789
66931 6027
66931 23090
66934 23503
66934 23517
66944 5492
66944 13224
66944 19553
66944 22736
66945 20265
66949 2873
66949 11725
66949 11802
66949 15359
66955 20214
66959 6975
66959 13646
66959 21851
66959 23645
66960 5120
66971 6194
66971 17648
66975 4151
66975 13594
66990 4093
66990 7881
66990 11330
66990 19943
66990 23643
66993 13193
66993 24261
67017 960
67026 1165
67026 7215
67026 11926
67027 15907
67035 16242
67042 3574
67047 4142
67047 10572
67047 11196
67047 15916
67047 23659
67048 8765
67049 17312
67051 24357
67056 5130
67056 14549
67059 283
67068 12437
67069 1261
67078 8518
67085 6907
67096 7698
67098 161
67098 19270
67098 23234
67104 12368
67104 24059
67116 529
67116 7220
67116 21697
67116 22564
67116 22702
67126 10243
67131 302
67146 16699
67146 18991
67153 14595
67153 20998
67154 2329
67154 3769
67161 2242
67161 2276
67161 7220
67161 19927
67161 21697
67177 2125
67177 9013
67177 13128
67177 20543
67177 23778
67182 9143
67182 11924
67183 609
67183 10206
67183 10919
67183 19049
67183 20951
67186 3578
67186 7288
67187 4623
67187 8428
67187 12417
67187 12946
67195 1749
67195 3629
67195 4015
67195 15071
67195 15631
67203 4534
67203 15538
67207 19553
67211 15431
67213 1359
67213 2571
67213 21559
67220 944
67220 7544
67220 16986
67231 123
67231 11480
67234 23941
67254 20878
67262 3591
67262 10748
67262 14336
67262 19825
67265 12740
67267 21355
67278 15144
67286 139
67286 12611
67289 9443
67299 12271
67299 17134
67304 19093
67314 8062
67314 18688
67314 21840
67323 3121
67333 8371
67338 14904
67338 18112
67347 6542
67347 17328
67349 24124
67352 11277
67358 1191
67358 8762
67358 19024
67361 13655
67361 22157
67361 22653
67373 4366
67373 11922
67376 7513
67376 9124
67376 20157
67376 21133
67376 23257
67385 7084
67385 13488
67401 23662
67406 2072
67409 21495
67410 2261
67419 400
67420 22983
67432 3803
67444 7427
67457 5265
67465 1842
67465 5353
67465 12973
67465 18705
67465 22219
67488 8247
67488 10109
67491 6447
67491 8827
67491 15765
67495 3229
67497 24100
67501 20373
67502 10454
67524 5849
67524 13243
67524 17615
67524 19976
67524 24518
67544 5369
67544 5934
67553 17764
67576 500
67576 20969
67587 7886
67587 13224
67587 13925
67587 19878
67600 12393
67602 1442
67606 1261
67606 13677
67612 9681
67614 50
67614 330
67614 1165
67614 7215
67614 11926
67614 12681
67614 14258
67614 17165
67616 837
67616 978
67616 19143
67625 2873
67625 11802
67625 13244
67626 7698
67628 11247
67629 11911
67630 1477
67630 7716
67630 18538
67633 3537
67636 2764
67636 9814
67636 13826
67638 9802
67638 14189
67645 23283
67647 3202
67647 9722
67647 13557
67672 14677
67672 16529
67674 18758
67682 5849
67682 13243
67682 17615
67682 19976
67682 24518
67695 14592
67695 19064
67697 15699
67697 17273
67697 20077
67701 3789
67705 8914
67705 11930
67706 2985
67709 1378
67709 14324
67709 18643
67716 1329
67716 4206
67716 17820
67722 944
67726 22098
67729 18426
67730 6873
67730 9005
67730 11298
67730 17850
67730 19735
67736 2199
67736 23090
67747 22669
67768 1226
67768 15936
67768 17879
67770 2457
67799 22081
67810 7853
67816 7716
67816 15819
67819 17692
67828 14163
67831 12973
67840 9300
67844 691
67844 9483
67844 13202
67853 5379
67854 13125
67861 9743
67864 6462
67871 4276
67871 5418
67871 15792
67876 2207
67876 23917
67898 5492
67898 13224
67898 13925
67898 19553
67898 22736
67906 23826
67914 7318
67914 23091
67920 8953
67922 2192
67922 9187
67922 16794
67937 3121
67937 21664
67943 1359
67943 12323
67947 1892
67947 18421
67956 1689
67956 23795
67960 49
67968 14160
67971 2276
67971 18020
67971 21734
67973 1929
67973 10919
67973 12671
67973 19049
67975 8969
67978 5849
67978 13243
67978 17615
67978 19976
67978 24518
67988 7876
67988 18919
68003 7233
68003 13925
68003 21879
68044 13008
68044 14652
68044 23570
68057 1923
68058 529
68058 2242
68058 6334
68058 23683
68058 24064
68062 4680
68064 492
68064 4594
68064 18400
68081 12475
68094 3841
68094 23337
68108 676
68108 2939
68108 5919
68108 19738
68113 2873
68113 11725
68113 11802
68113 13244
68113 15359
68115 3930
68121 1581
68128 4790
68153 536
68153 13547
68153 14778
68153 23097
68153 24618
68157 7646
68158 11429
68159 14492
68167 11567
68167 15565
68172 6113
68172 13741
68173 12402
68177 7084
68177 13488
68181 2365
68182 8991
68182 10503
68182 22630
68197 754
68197 17605
68197 19202
68197 19270
68198 5570
68200 14945
68200 16291
68203 6334
68203 10821
68203 21734
68203 24618
68205 14472
68211 16206
68213 2983
68215 6831
68215 15849
68215 22477
68216 3174
68216 10100
68222 23266
68240 11244
68240 12332
68240 18683
68240 22760
68240 23393
68244 3048
68244 15086
68244 21485
68244 24299
68245 9517
68247 9631
68250 8714
68260 12942
68260 12973
68260 22276
68264 8575
68272 4545
68272 5481
68272 11143
68272 18085
68272 23037
68276 16986
68283 22
68294 21208
68306 5753
68306 11260
68306 14716
68308 10491
68310 4332
68310 5222
68310 7749
68310 12386
68311 2457
68311 19653
68317 2052
68317 20448
68324 3271
68324 16470
68336 21897
68340 11357
68340 19713
68351 2796
68356 23800
68362 11729
68365 14543
68365 16787
68373 7937
68378 12160
68378 13333
68378 23818
68380 2514
68380 18986
68385 16607
68396 23090
68397 20270
68409 5369
68411 19637
68419 9712
68419 22950
68427 2730
68433 22153
68435 4930
68439 1
68441 10874
68443 9918
68443 23216
68443 23292
68443 24589
68444 18348
68453 6330
68453 17923
68460 7937
68467 5483
68467 8499
68467 18903
68478 17761
68486 5636
68487 155
68487 238
68487 3002
68487 11219
68503 13547
68507 2276
68507 5594
68507 22702
68507 24064
68508 22547
68510 4407
68512 9351
68514 20807
68522 22390
68526 17198
68531 12238
68531 12619
68531 19100
68541 3841
68541 4494
68542 17266
68544 8807
68544 15249
68547 7505
68554 1160
68560 19050
68560 21823
68568 5310
68568 19136
68574 14535
68576 14487
68578 432
68587 2329
68605 20476
68611 7318
68617 8413
68624 21510
68628 11792
68633 18869
68634 13826
68652 1695
68653 18719
68655 4724
68655 18295
68655 18882
68655 19379
68656 17176
68656 23797
68657 3271
68657 15792
68662 18236
68662 19503
68671 13126
68672 13642
68673 13727
68682 20297
68682 22724
68688 47
68688 1686
68688 11542
68688 16859
68688 23691
68693 19598
68701 14615
68701 20865
68712 15281
68714 3125
68715 19115
68717 2849
68722 7304
68722 13442
68722 14000
68722 15551
68731 3157
68731 6662
68731 14332
68731 14651
68731 15463
68731 19741
68731 23731
68741 3048
68741 5447
68741 5492
68741 13224
68741 13925
68741 15086
68741 19553
68741 22736
68741 24299
68765 2457
68765 9142
68765 21335
68771 3015
68775 4577
68781 20649
68784 20235
68784 24387
68785 3090
68785 11333
68785 11543
68785 17644
68792 12864
68800 8184
68805 9775
68817 2792
68820 17570
68824 3911
68824 11667
68824 15243
68824 20331
68825 302
68825 5093
68825 7896
68825 17836
68828 12332
68831 3071
68831 7587
68831 11585
68843 7523
68845 10875
68845 14275
68845 22630
68865 1165
68865 11926
68870 22079
68872 4376
68875 5744
68879 8029
68881 351
68881 1132
68881 1771
68881 1971
68881 2943
68881 6977
68881 7787
68881 7835
68881 8132
68881 8211
68881 10017
68881 11437
68881 11709
68881 11858
68881 12377
68881 12380
68881 13017
68881 14024
68881 14060
68881 14063
68881 15147
68881 15678
68881 17132
68881 17216
68881 17985
68881 18078
68881 21742
68881 23516
68883 9183
68883 15421
68883 20902
68897 18139
68902 3322
68904 7054
68914 1143
68914 12548
68914 15942
68914 17012
68914 24197
68917 2571
68929 20236
68929 21003
68932 15750
68932 20430
68932 23689
68933 7456
68933 8991
68933 11418
68936 21510
68945 10874
68945 13506
68945 20048
68945 20316
68945 21641
68959 691
68959 9483
68959 20935
68962 187
68962 12647
68962 24527
68970 6548
68970 13887
68972 17342
68972 22326
68977 9057
68977 11705
68977 14371
68977 16017
68977 23670
68981 10874
68981 21510
68982 8960
68991 8253
69007 14826
69022 429
69022 13375
69032 650
69032 2917
69032 11335
69032 14651
69039 12787
69039 17656
69049 23812
69054 3937
69054 5339
69054 13196
69056 18607
69056 23150
69066 881
69066 9992
69066 10818
69066 22329
69072 22008
69075 19635
69084 1818
69092 288
69095 8508
69095 14486
69095 17527
69096 373
69096 529
69096 21734
69096 21767
69096 23683
69099 21850
69115 24276
69121 677
69122 5980
69122 11014
69122 22518
69123 12568
69131 4416
69138 16198
69142 6557
69147 6465
69149 1283
69150 15185
69151 3888
69151 9135
69153 18171
69155 8307
69159 11814
69159 17958
69172 7867
69172 14144
69191 2885
69197 4688
69208 762
69208 2414
69208 3567
69208 17349
69209 24352
69212 9595
69212 13030
69213 6547
69213 20628
69214 348
69214 2720
69214 7124
69214 15412
69214 19388
69224 9399
69225 9666
69228 20574
69230 1165
69230 7215
69230 11926
69232 4923
69232 9863
69232 19525
69235 23395
69235 24199
69246 12551
69246 17238
69246 19598
69251 5317
69251 20865
69253 14668
69259 9020
69259 11315
69262 23393
69265 762
69265 3567
69265 17349
69277 4372
69281 3591
69281 10748
69281 14336
69281 19825
69282 855
69282 978
69282 10091
69282 19143
69283 125
69283 1143
69283 6016
69283 23548
69289 1246
69289 5725
69301 6702
69301 13470
69301 21565
69306 5689
69306 12551
69311 23283
69315 14520
69315 16524
69326 10957
69326 14778
69326 19754
69326 24618
69343 1536
69343 9255
69343 13664
69343 21134
69345 13117
69345 20725
69356 17879
69357 2329
69365 1723
69365 10771
69365 21349
69376 16289
69379 6000
69379 22439
69383 10672
69383 19118
69391 5818
69391 6553
69391 6644
69391 19942
69391 22130
69395 5287
69395 5469
69395 6786
69397 2982
69401 50
69401 330
69401 12681
69401 14258
69401 17165
69410 3475
69410 16028
69417 10817
69418 1948
69418 2610
69418 14339
69433 8489
69435 9483
69435 13610
69435 20879
69436 15251
69436 15441
69438 8728
69441 21123
69446 20331
69455 18986
69460 2416
69462 5401
69462 14345
69465 409
69490 14011
69491 11044
69491 11154
69491 12230
69491 15221
69501 6786
69510 387
69510 3638
69510 18916
69510 20171
69510 23512
69515 14423
69521 6476
69521 11335
69521 17461
69527 1129
69527 12936
69531 13099
69533 14034
69533 21060
69537 8787
69545 20565
69547 17106
69559 284
69559 10098
69562 20332
69566 5749
69566 8738
69566 10283
69568 4674
69568 16270
69579 22462
69586 8408
69597 22646
69616 17407
69619 21339
69621 5818
69621 6553
69621 6644
69631 5542
69646 11879
69646 15076
69648 7886
69648 13224
69648 13925
69648 19543
69660 7682
69660 11471
69660 12149
69660 15408
69668 21330
69670 1141
69670 10711
69670 11978
69670 13980
69671 6952
69671 9890
69673 9323
69676 10780
69676 18348
69677 11902
69679 2457
69679 21335
69680 16408
69680 20824
69680 24068
69681 22719
69681 23279
69683 20593
69698 18348
69698 20771
69699 3433
69699 7455
69699 9949
69699 14863
69703 215
69716 1165
69716 7215
69716 11926
69722 9663
69722 20288
69727 20207
69733 17381
69733 23087
69750 14085
69750 24576
69758 20945
69765 5668
69765 20134
69766 13366
69766 21697
69767 16451
69769 1220
69769 2882
69769 4294
69777 24352
69802 6761
69809 24121
69830 10874
69839 23383
69840 11377
69849 7827
69860 10500
69874 616
69874 1067
69874 18738
69874 20484
69874 23722
69877 17656
69882 11479
69882 21678
69883 7240
69883 10186
69883 18576
69898 2329
69928 23864
69933 6568
69935 13577
69938 4832
69938 18171
69938 23064
69939 902
69939 3475
69939 16028
69940 6165
69947 853
69947 3411
69947 21751
69953 18886
69976 19620
69977 8934
69981 23095
69983 3271
69983 13215
69999 14119
70007 10702
70007 19422
70010 3462
70014 7466
70014 14242
70014 19970
70014 22304
70017 11611
70027 9016
70027 10930
70034 536
70034 11698
70034 23097
70050 12535
70050 22650
70051 6557
70051 23909
70059 5553
70066 1587
70066 13943
70070 23521
70079 11752
70079 23352
70085 7912
70085 21096
70090 4780
70091 7814
70091 9313
70091 9910
70091 11843
70091 21251
70095 252
70102 10554
70118 20797
70119 10479
70138 9139
70138 9549
70139 3576
70156 5668
70156 20134
70161 12963
70162 4272
70162 13037
70162 24171
70178 50
70178 330
70178 5492
70178 12681
70178 13224
70178 13925
70178 14258
70178 15605
70178 19553
70178 22736
70198 1937
70198 3732
70198 16216
70198 20576
70198 23683
70209 8844
70209 17736
70218 5916
70218 11938
70218 12800
70220 4687
70220 11009
70224 19145
70226 10748
70226 19825
70240 23563
70241 21745
70242 10884
70243 3122
70243 12465
70243 21787
70243 22975
70250 5849
70250 13243
70250 17615
70250 19976
70250 24518
70257 12972
70257 15229
70257 17578
70257 20169
70271 11611
70271 12323
70271 20865
70277 2069
70277 12818
70278 852
70278 7176
70278 13932
70280 21213
70280 22586
70281 112
70281 24622
70285 616
70285 4972
70285 11132
70285 12332
70285 13224
70285 13925
70285 15271
70285 15478
70285 15605
70285 18738
70285 20484
70291 2179
70291 11173
70294 12961
70294 16795
70295 32
70295 1306
70295 9493
70295 15229
70295 20458
70297 1595
70305 9775
70307 2660
70322 21242
70325 13224
70325 13925
70326 10479
70327 11902
70327 13925
70331 5072
70331 6188
70331 19943
70331 22986
70335 21458
70337 11071
70361 50
70361 330
70361 12681
70361 14258
70361 15605
70363 14242
70363 19970
70363 22304
70363 24471
70370 1068
70370 4365
70370 5393
70371 20978
70372 9775
70373 9451
70373 19876
70379 16212
70380 13430
70380 21878
70381 11570
70382 648
70382 9229
70382 13415
70384 7117
70384 13177
70384 15275
70394 17342
70399 3121
70400 3034
70400 16969
70400 17406
70400 17430
70409 12323
70414 9867
70416 20834
70423 3271
70423 13215
70424 9635
70430 21615
70432 1067
70432 15478
70432 18738
70432 23722
70438 616
70438 1067
70438 11065
70438 14818
70438 15478
70438 18738
70438 20484
70438 21806
70438 23636
70438 23722
70443 2457
70447 12941
70455 12905
70455 23513
70458 8820
70459 24473
70488 21051
70491 19294
70491 23090
70491 23675
70501 2633
70505 22239
70510 10126
70510 24550
70517 9910
70520 981
70520 13992
70526 7814
70536 4724
70536 22960
70545 373
70545 19593
70545 19754
70545 23203
70545 24618
70553 3279
70553 8371
70553 20560
70555 1165
70555 11926
70557 1809
70557 15946
70563 22930
70588 6798
70588 21929
70593 951
70593 13117
70593 22844
70609 19096
70612 20069
70646 3223
70646 21155
70646 22597
70648 1297
70652 3052
70652 10693
70652 13677
70652 18307
70660 13557
70661 8777
70662 16548
70669 5529
70672 6855
70677 8348
70680 21248
70680 23953
70682 16454
70682 19602
70685 8561
70700 1022
70701 7914
70701 21012
70705 21750
70705 23133
70719 16763
70723 1189
70728 616
70728 15478
70728 20484
70740 17676
70740 24001
70749 20879
70756 10357
70758 7318
70761 2186
70761 10723
70761 20590
70764 794
70764 8848
70764 15562
70769 13224
70769 13925
70770 8461
70792 9771
70792 17513
70794 16199
70798 3121
70817 2917
70817 16242
70819 1818
70821 52
70821 6462
70821 16754
70821 20560
70821 21409
70825 15379
70826 21751
70842 21874
70857 9313
70857 13261
70857 18822
70858 6511
70862 10627
70862 16843
70862 19967
70866 14194
70873 869
70873 8812
70887 17250
70888 1488
70888 12106
70891 7716
70891 20430
70891 24411
70905 13184
70913 5494
70914 15151
70931 22085
70942 13224
70945 6113
70945 22766
70958 1871
70958 5933
70958 8145
70958 11604
70958 24016
70963 3271
70963 15792
70977 6883
70985 976
70985 11445
70985 13234
70989 9873
71009 17342
71027 1360
71032 12552
71032 20321
71039 20254
71043 12941
71044 10478
71047 819
71047 18387
71052 6700
71052 23064
71064 14421
71072 19814
71073 287
71079 13955
71080 16714
71084 5559
71084 11492
71095 7699
71101 6061
71101 6706
71101 19771
71110 8689
71112 4046
71112 18077
71112 23418
71112 24476
71113 8912
71113 16028
71113 23405
71114 6557
71119 19316
71119 20184
71119 23616
71121 21159
71132 5733
71132 6906
71132 10919
71132 14954
71132 15632
71143 13683
71147 4375
71163 4561
71163 6831
71163 10109
71163 23416
71164 15975
71167 17879
71168 911
71168 20615
71168 22201
71172 8302
71175 14492
71181 8236
71181 23101
71184 11197
71188 12213
71207 1507
71210 13940
71214 5585
71214 11599
71217 21233
71219 7123
71219 12286
71243 12941
71247 10479
71257 5035
71261 9502
71266 1729
71266 18416
71268 52
71268 6462
71268 18086
71271 300
71283 20351
71285 10650
71285 12629
71285 20556
71288 19794
71288 22241
71292 22079
71303 8709
71303 9890
71310 2005
71310 10253
71317 6478
71349 23217
71358 14677
71359 7318
71370 4929
71371 1914
71371 2882
71371 6218
71371 19741
71375 21810
71378 7992
71380 5668
71380 20134
71381 11640
71401 19760
71403 1914
71403 5932
71403 14287
71403 22239
71405 20270
71425 16454
71425 19602
71437 9146
71450 867
71450 11721
71450 14762
71450 16066
71462 18198
71468 20931
71469 9033
71470 11816
71470 16210
71470 21013
71475 18255
71486 2324
71486 8303
71486 19593
71498 4475
71498 9435
71498 15606
71499 22943
71505 10740
71505 15043
71522 283
71525 6330
71537 5600
71537 22874
71541 1007
71541 15934
71541 22902
71545 21650
71547 20815
71549 15819
71555 5725
71555 6932
71561 906
71561 8527
71563 20357
71566 15199
71566 20169
71571 13199
71577 5401
71577 7961
71581 11945
71589 8991
71595 2571
71595 12323
71599 2502
71599 14699
71606 21887
71607 4253
71607 19639
71625 3121
71632 219
71652 5672
71652 22672
71661 16070
71661 22767
71663 14984
71678 16986
71686 6786
71697 3121
71702 18389
71707 6652
71707 19175
71716 19070
71716 20496
71726 7411
71726 17677
71736 6858
71738 2885
71739 9424
71748 13211
71753 2044
71753 2714
71753 3411
71753 19071
71755 2273
71755 10965
71755 16499
71755 24236
71762 11697
71764 23069
71764 23167
71766 12044
71780 6777
71782 9629
71782 11965
71790 5369
71790 5934
71790 22335
71790 23445
71793 17692
71793 23217
71804 10874
71808 955
71808 13516
71808 16850
71811 208
71811 17280
71811 17677
71813 10343
71815 21930
71825 7499
71825 7967
71828 22169
71828 23512
71836 20681
71837 5849
71837 13243
71837 17615
71837 19976
71837 24518
71848 4100
71848 4141
71848 8426
71848 14284
71849 16935
71856 6082
71856 24137
71858 15260
71858 19746
71860 22569
71861 2885
71865 22289
71869 13887
71874 93
71874 7550
71874 15136
71876 1819
71876 15010
71876 17407
71876 23525
71888 529
71902 23091
71908 8999
71908 22602
71912 17492
71919 161
71919 21417
71933 5849
71933 13243
71933 17615
71933 19976
71933 24518
71935 6165
71944 7085
71946 18005
71949 16669
71953 9191
71956 3644
71961 15511
71965 9428
71965 20886
71965 22279
71968 9056
71970 17700
71972 2933
71972 8203
71974 5209
71984 7946
71988 7658
71993 9464
71998 6559
72000 20028
72001 18581
72014 3121
72014 16041
72015 4807
72015 10712
72017 24389
72025 32
72025 1306
72025 9493
72025 15229
72025 20458
72032 6134
72032 22956
72035 15423
72035 22652
72036 6923
72041 4876
72043 18719
72058 2338
72058 5533
72058 9295
72058 12005
72058 13919
72058 16149
72067 2349
72067 12787
72069 1203
72069 1449
72069 7537
72069 14729
72081 9822
72081 10884
72081 15993
72127 1823
72132 14677
72138 2842
72170 14442
72172 8113
72178 4666
72180 9694
72182 7937
72182 11494
72189 14895
72198 11138
72200 23711
72215 3271
72215 16470
72224 16641
72233 16179
72234 3927
72252 24298
72261 11611
72266 2457
72266 2465
72267 18683
72267 22760
72268 5397
72268 5592
72268 19565
72283 4737
72283 10596
72283 13015
72283 13862
72283 14358
72283 17629
72283 21610
72283 22185
72290 5915
72290 18733
72290 19979
72290 20571
72295 50
72295 330
72295 7646
72295 12681
72295 14258
72303 5319
72307 15856
72308 20254
72309 9006
72309 15249
72309 18231
72311 1009
72311 5644
72311 6430
72311 11139
72311 23440
72313 6883
72316 6601
72316 13397
72330 14596
72332 8241
72334 4885
72338 20161
72345 6887
72362 10706
72362 14906
72362 16460
72362 21641
72364 2447
72364 5689
72364 12046
72367 18986
72367 20745
72384 2240
72384 24116
72390 3333
72390 10376
72406 14421
72406 21879
72422 14287
72423 5761
72426 2335
72426 3091
72426 16101
72426 16123
72432 9831
72433 6165
72434 3475
72434 16028
72438 6775
72438 13303
72438 22424
72445 9295
72445 14404
72448 1937
72448 4324
72448 20576
72448 20879
72448 22702
72450 10891
72451 23361
72462 88
72465 2038
72465 5260
72465 22203
72465 23602
72468 10517
72471 618
72471 19201
72479 1104
72479 2276
72482 4407
72489 12338
72489 13974
72489 15974
72508 3121
72508 6780
72509 12674
72515 9910
72515 11718
72527 10573
72527 16746
72527 17677
72539 1813
72545 21814
72550 549
72550 7538
72550 22330
72575 11135
72578 22657
72578 22914
72582 5856
72586 21510
72588 85
72588 4585
72588 16736
72588 18020
72592 23903
72603 340
72603 13718
72603 13808
72606 12693
72621 6093
72621 20046
72621 21535
72638 17170
72651 23064
72651 24121
72655 52
72655 6974
72655 7901
72655 13478
72665 21735
72666 14571
72667 3475
72667 8912
72667 19745
72678 5689
72683 23237
72688 23514
72694 16811
72695 16615
72700 1918
72700 13845
72700 15261
72700 19971
72711 6418
72711 12114
72711 18634
72713 4319
72717 9910
72717 19175
72720 19848
72720 20383
72720 21500
72730 14722
72739 9910
72739 13117
72754 6218
72754 10617
72754 19682
72754 23763
72757 3971
72762 2885
72766 9620
72766 16028
72767 2792
72767 6351
72770 3595
72770 11699
72770 17459
72780 14604
72783 20629
72784 10429
72787 10600
72787 22620
72788 3271
72788 5668
72788 16470
72788 20134
72799 4419
72804 6093
72804 21887
72805 11982
72811 7126
72813 1189
72813 5379
72813 17389
72830 24016
72834 18491
72835 4508
72835 17231
72842 15144
72852 16510
72856 13519
72859 477
72860 1822
72860 9654
72862 8443
72863 1448
72877 2095
72877 16317
72892 1510
72892 5274
72892 21927
72893 5849
72893 13243
72893 17615
72893 19976
72893 24518
72895 20676
72903 22517
72904 6732
72906 14070
72906 19739
72914 4303
72914 17792
72918 18389
72935 1611
72935 10078
72935 13631
72938 1203
72946 7750
72947 22470
72957 15466
72957 20544
72959 15699
72967 18682
72976 14535
72988 7698
72989 5632
72990 19549
73004 5622
73004 7709
73005 6998
73005 23129
73025 18768
73030 11423
73040 7090
73040 16322
73040 18260
73048 8851
73054 5274
73054 6462
73054 11971
73054 21071
73056 348
73056 4795
73056 19220
73056 21478
73062 528
73062 3945
73062 10649
73070 8879
73070 15574
73070 21864
73071 13338
73075 1679
73075 9315
73082 20628
73083 11411
73083 15719
73097 6478
73097 7804
73108 18408
73113 5871
73117 20464
73123 13892
73123 17047
73123 19485
73134 2514
73143 1858
73143 6398
73143 19909
73149 20797
73151 853
73151 8647
73151 23512
73155 12972
73155 15229
73155 17578
73155 20169
73171 1646
73173 16175
73173 17922
73173 23690
73181 7983
73181 20771
73193 3052
73193 20560
73193 23094
73195 3208
73195 17119
73195 17145
73195 21033
73195 22364
73196 10606
73198 20771
73202 20784
73213 3782
73213 15850
73215 13181
73215 14756
73232 1012
73232 10780
73232 12306
73235 3090
73235 11543
73235 12061
73238 2873
73238 11725
73238 11802
73238 13244
73238 15359
73239 4955
73239 13533
73246 11101
73246 18761
73250 6619
73250 16754
73250 19337
73256 3658
73257 13025
73258 12941
73261 22306
73265 12765
73272 3271
73272 15792
73275 3445
73275 16973
73279 2457
73279 9142
73279 21335
73280 2365
73280 5297
73281 1480
73281 18847
73290 529
73290 2276
73290 18020
73295 8108
73295 16572
73295 19049
73300 9002
73305 2029
73305 12213
73305 23512
73314 3841
73320 2682
73320 15897
73325 2645
73329 5318
73329 24142
73333 2571
73353 1216
73353 13752
73353 18782
73355 1505
73360 12437
73367 5492
73367 19553
73372 14900
73373 14885
73373 20181
73373 21344
73380 1434
73384 10173
73388 6340
73391 9775
73393 2807
73393 20134
73394 4351
73401 13177
73406 4302
73410 19870
73410 21452
73412 24276
73414 1914
73414 6476
73414 22014
73414 23731
73417 9115
73417 11611
73429 16282
73429 23345
73429 24533
73443 1050
73447 20419
73451 18758
73454 33
73456 6115
73456 7840
73461 1331
73465 14229
73468 15102
73469 1882
73469 5822
73469 13804
73484 1565
73489 11407
73490 13030
73492 12440
73494 14892
73513 4337
73513 9254
73513 10873
73513 11486
73513 22735
73519 1011
73523 6447
73523 8827
73523 16402
73530 1858
73536 616
73540 10863
73556 20746
73562 19662
73570 1457
73573 1023
73573 5108
73573 5428
73581 5108
73581 5428
73581 14407
73581 15231
73589 19096
73589 20354
73593 3347
73593 17044
73624 1165
73624 3048
73624 5447
73624 7215
73624 11926
73624 15086
73624 21485
73628 22930
73630 1707
73630 14125
73640 9529
73673 2355
73683 7906
73685 6680
73685 17677
73687 5849
73687 13243
73687 17615
73687 19976
73689 1336
73690 14677
73698 7639
73698 16242
73698 22971
73699 9338
73699 11471
73699 15408
73699 17148
73699 18568
73702 11181
73707 22983
73718 2571
73718 12323
73718 13399
73726 14964
73726 20922
73726 24069
73750 17325
73761 8463
73761 9321
73761 22846
73761 23119
73766 17627
73766 19175
73767 6359
73767 13565
73767 20528
73767 21300
73768 1710
73778 10899
73779 12506
73779 14652
73779 15792
73779 17728
73779 21381
73786 2903
73786 8888
73786 10757
73786 18276
73792 2571
73799 3411
73800 7750
73802 5932
73802 7639
73802 22239
73811 3407
73811 8765
73811 16918
73813 4276
73813 5418
73816 9910
73816 14535
73816 17447
73816 18818
73831 6340
73831 11676
73831 11718
73834 3462
73834 9962
73834 22154
73835 8163
73840 12315
73840 13442
73840 21863
73841 15778
73843 12475
73843 21245
73854 11600
73854 12997
73858 2571
73858 12323
73870 347
73870 21697
73870 21738
73870 22130
73875 13789
73878 5966
73886 3830
73887 21302
73891 2338
73893 3455
73893 5387
73893 9114
73901 15814
73907 5459
73907 9517
73909 6173
73909 7157
73909 19388
73912 8991
73912 21430
73915 9459
73915 19399
73916 18528
73916 19096
73916 22281
73918 4278
73928 16844
73935 3782
73940 1914
73940 22014
73940 23731
73945 2390
73946 5627
73946 12722
73946 14271
73950 3991
73950 12211
73950 23418
73953 1421
73966 11260
73967 6678
73967 16948
73977 5581
73977 14677
73978 3077
73978 7252
73978 9008
73978 13697
73984 8836
73985 2571
73985 12323
73985 13399
73987 12988
73997 7577
73998 5522
74000 8226
74000 10639
74000 22275
74008 3121
74008 12701
74017 17176
74017 22420
74017 23797
74021 9405
74022 18451
74026 8407
74028 12146
74030 14313
74036 21419
74039 5668
74039 20134
74042 11265
74046 2110
74047 884
74052 19598
74064 4159
74071 3611
74071 15256
74080 2029
74080 6168
74080 9360
74080 18086
74086 2329
74097 11843
74099 8770
74099 16743
74099 17042
74102 3095
74105 10159
74105 22150
74119 8808
74126 19856
74126 21177
74127 3155
74127 8110
74127 16302
74127 20840
74131 3121
74131 17159
74131 17918
74135 23405
74138 6115
74144 17556
74144 22032
74145 9424
74160 5466
74162 3866
74162 4585
74162 10904
74162 12027
74162 13202
74178 22943
74183 6959
74190 19533
74198 9775
74198 14860
74207 1152
74207 22971
74208 1011
74208 2265
74208 8622
74212 3121
74215 10334
74215 21264
74218 18348
74220 7646
74225 11306
74234 9311
74235 1510
74235 2235
74235 3293
74235 6462
74235 9092
74235 10232
74235 10283
74235 21927
74241 2681
74243 516
74249 5317
74249 10430
74249 11611
74249 21745
74249 24011
74251 7084
74251 13488
74251 23727
74262 4337
74263 16073
74283 6526
74293 21184
74297 4677
74307 7658
74310 1152
74310 5932
74317 18929
74317 21795
74324 23518
74325 13681
74327 3978
74327 5668
74327 15792
74337 3271
74337 16470
74338 21664
74345 671
74345 6600
74349 52
74349 4791
74349 19896
74349 21071
74352 10278
74354 10366
74354 17828
74363 23403
74364 9295
74364 12973
74364 20476
74364 23363
74367 15895
74367 21200
74375 13047
74383 5523
74384 20072
74389 4548
74399 19028
74402 21658
74407 1621
74407 11111
74415 19663
74416 3048
74416 15086
74416 21485
74416 24299
74435 23831
74453 13938
74458 8309
74462 5331
74462 20013
74462 24116
74469 321
74469 6257
74470 9020
74470 11315
74482 21184
74484 21165
74488 14254
74501 11303
74503 8363
74503 10290
74505 2933
74505 11804
74510 4771
74510 4897
74510 12207
74512 23963
74516 6705
74516 9428
74516 18433
74516 22279
74522 2873
74522 11725
74522 11802
74522 13244
74522 15359
74528 648
74528 6652
74531 19126
74541 11260
74541 15052
74542 1165
74542 7215
74542 11926
74543 12146
74552 1570
74555 11022
74558 4127
74558 23329
74569 1658
74577 12475
74577 22907
74580 2546
74580 12685
74580 21767
74580 24064
74585 6165
74591 6329
74599 17527
74599 23864
74603 8265
74606 2179
74607 3285
74607 4818
74611 13399
74616 19924
74623 17173
74632 2885
74632 23311
74633 16322
74635 5811
74635 5948
74635 11651
74636 4697
74636 10016
74640 5276
74640 17692
74640 17760
74644 5369
74644 5934
74644 17305
74644 22526
74648 22764
74649 9463
74651 6340
74654 22465
74655 12393
74655 19078
74659 2917
74659 16242
74659 19294
74661 4695
74661 8535
74661 20026
74663 2696
74664 6216
74674 6645
74674 10157
74674 11707
74675 15387
74676 21368
74695 5159
74698 23064
74704 17494
74715 13017
74720 9666
74724 9775
74724 13117
74724 22930
74725 11772
74734 2632
74742 1220
74742 5932
74742 10617
74742 16242
74748 18986
74754 19296
74761 8946
74761 10101
74761 22196
74764 13177
74764 23199
74780 17732
74784 16390
74785 21381
74787 7906
74790 4944
74801 2174
74802 19890
74807 5849
74807 13243
74807 17615
74807 19976
74807 24518
74811 8133
74811 16673
74816 13643
74819 9910
74819 14564
74830 4101
74830 8578
74831 23998
74844 2495
74845 13803
74847 13685
74855 18683
74855 22760
74868 15776
74868 21524
74869 15804
74869 17711
74877 3564
74932 13397
74936 50
74936 330
74936 12681
74936 14258
74936 15605
74940 5725
74957 20900
74958 1435
74969 19876
74969 22276
74983 23831
74984 5369
74985 2885
74985 9957
74985 19119
74985 24536
74990 20900
74992 5335
75002 2179
75002 13931
75002 14093
75002 21171
75003 1559
75003 12836
75008 21751
75019 11227
75021 16331
75025 872
75025 2774
75025 3576
75040 9620
75051 6382
75051 9585
75051 13037
75051 18986
75058 19046
75058 20301
75076 1051
75076 6752
75076 19146
75082 7937
75089 529
75089 2546
75089 4290
75089 5818
75089 11698
75089 23469
75099 10183
75103 3994
75103 4014
75112 22916
75130 7109
75130 7889
75130 12362
75139 17178
75141 10517
75153 8844
75155 23549
75160 19074
75166 14195
75167 20148
75170 1151
75170 1691
75170 3102
75170 8109
75196 7456
75196 8476
75206 5966
75209 3573
75209 3836
75224 7318
75235 529
75235 6334
75235 14985
75235 24064
75236 8338
75236 15384
75241 467
75249 4178
75249 7715
75249 7898
75251 1189
75251 3142
75256 15480
75256 19644
75268 16238
75269 1142
75269 1404
75269 9820
75269 13725
75274 16945
75277 1165
75277 7215
75277 11926
75280 253
75280 14593
75281 616
75281 1067
75281 18738
75281 20484
75281 23722
75284 3642
75286 7249
75293 6542
75293 21715
75294 17632
75295 24121
75299 10874
75299 13506
75299 15229
75299 21510
75302 11196
75310 20347
75311 52
75311 7816
75311 8371
75311 21409
75314 7403
75314 13841
75314 15528
75314 16587
75314 20905
75316 529
75316 5449
75321 24619
75330 14562
75330 21251
75339 3271
75339 15792
75358 21447
75360 19226
75361 123
75361 23326
75366 17760
75368 8991
75368 22630
75374 3338
75375 6178
75384 1283
75384 3597
75384 23560
75414 23107
75418 1838
75418 10682
75437 12393
75448 10227
75451 19269
75451 19927
75465 480
75474 8914
75488 18348
75489 542
75489 5753
75499 14349
75499 21165
75505 4361
75516 8538
75516 18150
75519 2634
75519 21406
75525 9087
75527 10874
75538 15613
75539 9890
75540 2098
75540 15528
75540 15715
75544 7080
75554 10916
75554 14098
75554 23840
75555 16291
75560 10288
75583 2335
75583 13260
75583 16101
75589 11617
75589 11934
75589 18855
75591 9115
75594 23941
75605 19521
75619 5932
75619 10630
75619 15221
75619 20254
75633 23225
75635 1297
75642 2457
75642 21335
75645 12653
75646 17176
75646 23797
75647 23041
75653 9206
75653 19853
75655 20476
75657 50
75657 330
75657 12681
75657 14258
75657 17165
75662 22721
75664 23434
75673 1075
75674 20419
75679 1914
75679 8410
75679 11154
75679 22729
75680 16411
75688 7411
75690 3121
75692 20476
75693 3595
75693 12744
75693 17459
75695 15447
75701 1779
75706 2029
75706 12213
75711 7750
75712 8098
75719 8488
75728 2822
75738 19601
75742 11835
75742 11950
75742 19713
75749 3190
75749 3598
75749 8290
75759 2322
75770 10114
75770 17007
75772 4561
75772 13732
75779 8181
75786 12146
75786 17007
75786 18958
75790 13506
75803 10153
75812 15602
75812 16330
75819 13506
75819 20316
75819 21804
75823 498
75823 1286
75823 19291
75831 5861
75831 16399
75831 20363
75831 21697
75831 23050
75835 881
75835 11976
75835 19049
75835 19300
75835 21541
75844 21421
75849 21213
75849 22586
75855 8311
75857 10808
75881 1972
75881 14716
75890 5080
75890 7993
75902 18646
75912 5586
75912 6519
75912 16113
75912 22364
75912 24137
75922 9649
75935 9814
75935 23952
75938 8371
75951 5934
75951 8968
75951 22526
75951 23824
75961 3099
75961 3970
75961 24510
75973 833
75973 3790
75982 3475
75982 16028
75983 22928
75986 13117
75987 11203
75989 21510
75990 1933
75990 15922
75991 13224
75991 13925
75992 23833
76008 9131
76011 10874
76023 22663
76025 1443
76025 2885
76036 3949
76038 7456
76038 8991
76038 11418
76042 22765
76045 12060
76045 15651
76045 17492
76058 23967
76063 7441
76072 21510
76083 9948
76085 9715
76085 12859
76091 14473
76091 18772
76092 11296
76092 18847
76100 24605
76115 7605
76115 19119
76123 23446
76132 6037
76132 20870
76141 14992
76154 10782
76154 13069
76154 15104
76154 16594
76154 20545
76161 13671
76161 19810
76162 3202
76162 9722
76162 13557
76171 19855
76175 4303
76175 11025
76177 24276
76186 9424
76186 17462
76187 1476
76187 23065
76188 10981
76188 13783
76188 20838
76188 23500
76189 8820
76200 10590
76200 22943
76200 23256
76208 8415
76208 20601
76212 9405
76212 12988
76224 15900
76226 14943
76228 15495
76233 22059
76237 15519
76241 2304
76241 12674
76241 13647
76248 1220
76248 5182
76248 23512
76255 1184
76255 19915
76264 16049
76264 18136
76264 24433
76269 11291
76269 15179
76269 16429
76273 19117
76275 16454
76275 23797
76285 9295
76285 9561
76287 4923
76287 10088
76287 11555
76287 24488
76295 4550
76295 6511
76295 18440
76300 22085
76301 17373
76304 829
76304 1951
76304 9540
76304 9808
76304 13628
76306 13951
76308 17075
76310 2958
76310 3120
76310 5646
76317 2208
76317 19130
76326 6233
76326 12793
76329 4137
76332 6095
76334 14465
76334 18581
76335 16701
76340 3179
76342 2162
76345 23060
76351 17954
76353 10398
76357 3096
76357 8527
76357 18822
76357 24452
76367 131
76367 2752
76367 8765
76372 17858
76373 7866
76374 22501
76376 7215
76376 11926
76387 17692
76395 9620
76413 3778
76413 10470
76413 15245
76413 20435
76426 6206
76426 23158
76428 3817
76428 12990
76429 3773
76429 14934
76429 15273
76429 19915
76432 17677
76438 6146
76438 8898
76441 3130
76441 13641
76446 4506
76453 7837
76453 12580
76453 16493
76456 2240
76456 24116
76461 6165
76461 14104
76467 6058
76470 1282
76473 18665
76473 19034
76484 5032
76484 7750
76486 14535
76486 17377
76489 2792
76489 16524
76491 3121
76498 11868
76507 13182
76515 15057
76523 15900
76529 8641
76529 8803
76529 9295
76529 10333
76529 19853
76529 22811
76536 2474
76539 9405
76539 12209
76541 12551
76541 17692
76543 7639
76543 14651
76549 7886
76549 13224
76549 13925
76549 19543
76549 19878
76565 5924
76571 20476
76575 6883
76575 22367
76577 13925
76577 19553
76577 22760
76600 16175
76600 21478
76621 12323
76630 16270
76638 3429
76638 3918
76649 6830
76650 21664
76655 11976
76655 19049
76655 21594
76661 3370
76666 9666
76675 22936
76682 24389
76690 23352
76704 21381
76709 11836
76709 23300
76730 24046
76737 9401
76737 23189
76747 5376
76747 5859
76747 9989
76747 13293
76755 19302
76759 4407
76766 23217
76776 8122
76777 4623
76777 20627
76777 23101
76779 6188
76779 7881
76780 20409
76792 20061
76796 8103
76796 8181
76796 10534
76796 14040
76799 9145
76813 9746
76813 15192
76814 10857
76814 18104
76815 20728
76820 9132
76820 13887
76827 12454
76829 2276
76837 18135
76840 13307
76840 13375
76842 1262
76842 8040
76842 18683
76849 1944
76856 4070
76856 22396
76856 22935
76863 1283
76869 11698
76869 24115
76873 12229
76887 648
76887 16179
76887 17969
76887 20198
76892 5044
76892 10670
76892 11422
76892 14814
76896 21761
76902 9822
76902 12689
76902 15993
76907 24029
76908 9910
76925 9694
76938 8324
76938 16930
76939 21745
76941 3994
76946 12323
76946 13399
76947 1165
76947 7215
76947 11926
76950 12924
76968 11196
76969 3342
76969 5869
76969 8224
76972 13008
76974 7716
76974 11541
76974 15819
76979 12323
76979 13399
76982 18262
76991 17604
76991 24590
76994 22566
77007 4674
77010 1165
77010 7215
77010 11926
77012 52
77012 1510
77012 6462
77012 11971
77015 15518
77023 451
77023 19537
77030 20970
77058 8287
77058 19252
77058 20995
77061 10629
77065 9979
77065 23610
77072 9735
77072 19491
77072 21489
77073 5498
77073 18986
77074 15634
77074 17760
77074 23422
77075 4149
77075 22274
77076 1172
77076 2584
77076 19470
77078 23814
77085 2158
77085 7935
77087 7750
77087 9910
77087 18822
77092 2676
77092 7998
77092 16127
77095 2029
77095 2033
77095 12213
77095 17605
77096 2571
77098 19593
77098 23203
77113 7114
77113 11569
77117 17404
77121 3669
77121 14332
77121 22014
77121 23786
77125 21165
77131 9848
77136 3601
77136 13389
77136 15768
77136 16860
77152 1165
77152 5447
77152 7215
77152 11926
77152 15086
77152 21485
77152 24299
77160 2353
77164 21751
77168 7728
77176 19637
77178 3702
77178 24433
77182 18765
77192 7451
77197 13196
77197 19751
77206 10276
77206 16330
77206 23604
77212 4461
77212 16242
77212 19294
77214 7045
77267 11808
77272 23503
77272 23517
77313 22264
77314 6088
77314 18050
77315 1396
77315 8375
77315 8762
77315 13494
77323 22008
77326 6570
77334 1612
77336 13577
77339 234
77339 3610
77339 21647
77352 6165
77358 13633
77361 8371
77361 20622
77362 21051
77362 22241
77364 14772
77373 17768
77374 3271
77374 15792
77382 2796
77383 11218
77390 2329
77392 7886
77392 13224
77392 13925
77392 19543
77392 19878
77394 6686
77401 6829
77401 12905
77401 23064
77406 12941
77406 22081
77412 3129
77412 5317
77412 21165
77422 20997
77437 5963
77437 15377
77437 18587
77444 20573
77450 6800
77450 9721
77450 19220
77450 22389
77453 4
77453 2796
77453 7951
77456 3287
77456 14310
77456 14660
77460 4741
77469 15669
77472 910
77472 2909
77472 8603
77474 3841
77474 9910
77474 13117
77491 17792
77495 20134
77495 23368
77502 307
77502 2068
77502 6313
77502 14545
77502 16887
77511 8762
77511 19024
77511 23563
77520 22326
77523 9517
77525 13494
77554 9890
77555 4801
77555 12323
77572 3271
77572 16470
77573 2355
77609 2457
77609 8740
77609 10681
77611 10919
77611 11207
77611 18028
77615 12963
77617 17070
77619 925
77619 9541
77619 17430
77622 14697
77627 872
77627 9582
77631 1385
77631 14131
77631 19166
77641 279
77648 4564
77648 16414
77649 6311
77649 6786
77649 14466
77652 20919
77663 2873
77663 11725
77663 11802
77663 13244
77663 15359
77666 7152
77678 5494
77682 3790
77682 10807
77682 16407
77682 21419
77682 22874
77688 2273
77688 10965
77688 16499
77691 4014
77693 24319
77699 5232
77699 6712
77702 7411
77704 14878
77705 17784
77708 4101
77708 19474
77710 6604
77710 8267
77710 15371
77716 9885
77717 605
77717 19891
77719 13105
77727 3782
77727 9049
77727 22281
77729 23217
77736 20789
77738 6266
77738 7360
77741 14972
77747 12611
77747 13307
77766 902
77773 8395
77773 13147
77773 15007
77773 18479
77776 7484
77787 9002
77789 2256
77790 123
77790 23326
77792 7045
77801 23972
77813 1581
77813 18541
77818 12946
77818 17911
77823 13245
77833 22868
77844 11220
77846 17050
77846 18490
77846 22681
77855 11071
77857 1538
77857 12613
77868 21449
77874 22079
77877 21510
77883 13962
77884 23412
77887 9604
77896 50
77896 1165
77896 7215
77896 11926
77896 17165
77904 23331
77911 505
77928 2372
77928 19023
77946 8414
77964 18435
77969 20419
77971 7954
77976 21184
77978 20919
77979 5931
77981 18237
77981 20134
77986 1226
77986 3347
77986 17044
77986 22597
77990 19987
77992 1325
77992 23527
77996 10340
77996 19824
77996 21279
78005 20815
78006 12850
78014 4674
78014 14391
78019 18967
78020 2195
78020 17548
78023 15528
78032 18157
78039 23520
78053 2660
78057 14861
78066 606
78066 13656
78066 18052
78068 1686
78068 21090
78072 616
78072 22770
78075 6444
78075 20134
78114 18451
78118 18763
78120 3111
78120 3720
78120 12915
78120 24048
78139 16230
78145 14101
78145 19096
78145 19853
78146 456
78146 2882
78155 7634
78159 10471
78162 13243
78162 17615
78162 19976
78162 24518
78172 9355
78172 18332
78175 2784
78175 18006
78177 20919
78180 8098
78205 15144
78214 24320
78230 22549
78232 1715
78232 18538
78232 23689
78234 17879
78239 11303
78243 1690
78243 1705
78243 16605
78249 23540
78250 3454
78250 18620
78256 20865
78259 176
78259 18171
78259 23960
78259 24165
78261 10780
78261 11279
78289 17795
78291 18983
78302 20270
78302 23675
78309 5587
78309 24348
78313 19598
78315 750
78315 9533
78315 15544
78315 16544
78323 20900
78323 23368
78326 5492
78326 19553
78326 22736
78345 3074
78345 6752
78349 3048
78349 5447
78349 24299
78360 7636
78360 9101
78360 17213
78360 19488
78361 8151
78361 12754
78365 5455
78370 13240
78377 12905
78377 16833
78396 11451
78396 17632
78397 20807
78423 3178
78423 4469
78423 15609
78423 16346
78426 11461
78433 4673
78433 20784
78436 7197
78446 7113
78448 399
78448 5336
78448 6657
78458 8029
78464 20448
78466 11303
78466 24276
78467 12971
78467 14283
78483 15636
78487 3155
78487 6271
78487 8895
78488 21411
78491 7084
78491 13488
78495 474
78536 5009
78536 20028
78539 20315
78543 22414
78545 529
78545 1937
78545 5861
78545 14985
78545 21504
78546 4090
78546 12199
78546 15596
78546 24451
78572 14268
78572 23595
78577 13795
78577 17844
78577 19749
78582 3988
78583 22180
78588 20134
78589 4570
78589 5893
78589 9161
78593 5229
78603 7886
78603 13224
78603 13925
78603 19543
78603 19878
78609 5921
78611 5147
78611 6534
78611 9863
78611 13526
78611 19525
78611 20480
78613 16711
78617 12151
78618 7340
78618 20288
78624 19096
78624 21650
78626 8916
78631 16908
78640 529
78640 12685
78640 19927
78642 4057
78642 19822
78642 21419
78650 12946
78650 21267
78652 262
78655 11303
78663 4
78663 2796
78663 24116
78675 13442
78675 20605
78680 4376
78680 13307
78682 2276
78690 17895
78694 21495
78698 8309
78698 15632
78705 1521
78718 8021
78722 2873
78722 11725
78722 11802
78722 13244
78722 15359
78723 5668
78723 20134
78726 17879
78737 2215
78737 10495
78737 11505
78739 13409
78740 9142
78748 5550
78759 16028
78761 5553
78767 1012
78767 12010
78787 5317
78787 11611
78787 18348
78787 18642
78795 7092
78796 4044
78796 12367
78824 22990
78833 9295
78833 14315
78833 22811
78852 7937
78853 7612
78853 16455
78853 20341
78864 9822
78864 16794
78881 14232
78884 13663
78884 15057
78886 3271
78886 15792
78887 20562
78893 23520
78894 4257
78897 11874
78897 13557
78897 16475
78897 17306
78897 20357
78898 434
78904 8844
78904 16410
78907 7080
78918 599
78918 7083
78918 13323
78918 13533
78918 22892
78919 2155
78919 14607
78919 19939
78922 5492
78922 13224
78922 19553
78922 22736
78934 18237
78941 3857
78941 9171
78941 13701
78942 3189
78942 8778
78942 10361
78943 20347
78947 6883
78952 16507
78956 466
78957 4272
78957 16235
78957 17129
78962 7318
78962 13399
78964 529
78964 3732
78964 3993
78964 21767
78964 22149
78976 9666
78976 9910
78976 11303
78980 9666
78982 8475
78995 18171
78999 586
78999 2293
78999 12475
79007 1331
79007 3344
79007 18864
79008 2131
79008 18188
79008 19146
79008 22116
79012 18103
79022 2826
79022 8460
79022 13565
79028 32
79028 1306
79028 9493
79028 15229
79028 20458
79029 21264
79035 13287
79035 20134
79044 21395
79052 2918
79053 3994
79055 575
79059 5262
79059 8270
79059 23091
79064 5369
79064 5934
79068 7672
79069 12475
79079 22806
79084 1732
79087 8625
79089 11480
79089 23326
79098 9230
79099 5587
79103 24532
79107 11260
79114 7242
79114 12836
79117 10662
79118 3789
79118 24415
79124 10584
79130 1804
79130 6040
79130 15849
79131 1385
79131 2195
79131 13205
79137 6660
79142 15896
79143 2885
79143 9890
79146 10250
79160 11386
79160 19270
79160 20183
79160 20529
79184 5376
79184 13293
79194 23371
79205 5817
79205 24587
79211 3121
79214 5408
79214 22968
79222 11007
79222 12292
79222 15190
79222 17352
79227 4648
79228 529
79228 15427
79228 15615
79229 882
79231 2873
79231 11725
79231 11802
79231 13244
79231 15359
79236 6183
79259 3603
79259 5660
79265 8553
79265 11916
79265 19565
79271 10398
79287 12708
79287 20919
79289 24276
79291 1732
79303 24186
79305 16680
79313 15738
79313 19431
79317 13287
79320 12475
79321 23649
79327 4449
79327 21503
79327 22379
79334 2882
79334 7496
79334 11044
79344 17692
79352 7456
79352 8991
79352 11418
79360 23393
79368 3991
79368 4046
79368 24476
79369 10498
79378 20122
79389 3890
79389 9660
79395 23091
79397 4255
79397 17075
79411 10573
79411 21728
79413 7318
79414 18097
79429 123
79429 11480
79429 23326
79432 23383
79437 1262
79440 76
79440 1257
79440 2748
79440 7261
79440 11636
79440 14629
79440 15468
79440 19210
79440 20641
79448 9424
79448 12941
79477 12922
79487 4678
79491 9181
79495 1628
79504 8686
79504 11771
79507 8311
79511 1364
79515 22943
79530 24276
79532 2123
79532 19311
79532 19364
79532 22109
79535 18597
79547 1102
79547 8408
79547 12668
79553 1752
79553 5317
79553 14393
79572 11455
79572 14539
79574 287
79574 12859
79575 12183
79580 15050
79582 8761
79582 19283
79582 22866
79582 22949
79588 12972
79588 15229
79588 17578
79588 20169
79593 2751
79593 22682
79595 4992
79595 10127
79600 13432
79608 13683
79625 4678
79646 1925
79652 1246
79652 3342
79652 7227
79652 14152
79652 15662
79657 3702
79657 10341
79657 14859
79657 24433
79666 13554
79666 21887
79667 1022
79667 20494
79675 11848
79682 10044
79682 15631
79682 16700
79686 14530
79691 9965
79691 10454
79691 13105
79693 10874
79693 12050
79693 15371
79693 21147
79701 9550
79701 9890
79701 11720
79707 19175
79717 3667
79717 6652
79723 1404
79723 5601
79723 9820
79723 13725
79723 19438
79724 18262
79725 8149
79732 18723
79738 14757
79738 14765
79740 3271
79740 13215
79744 2792
79744 9764
79756 12852
79757 7233
79757 11528
79759 50
79759 330
79759 12681
79759 14258
79759 17165
79760 9677
79760 13773
79760 20580
79765 23834
79773 8972
79780 6568
79782 192
79782 12786
79782 18488
79786 23207
79789 17568
79794 7941
79794 18049
79806 7240
79806 10186
79812 23345
79812 24533
79819 5322
79819 5460
79819 8475
79819 13018
79822 1892
79827 4610
79827 6688
79830 9080
79830 13656
79831 720
79832 14586
79835 9884
79840 22176
79843 3692
79843 8371
79843 23943
79864 11770
79870 9585
79878 14441
79888 527
79890 5317
79893 5594
79893 9973
79893 22564
79900 12323
79911 7641
79911 9910
79911 17802
79913 13177
79919 19464
79919 21473
79924 2276
79924 20935
79924 22608
79924 23058
79924 23683
79943 20831
79953 4984
79961 12050
79965 2273
79965 10965
79965 16499
79969 6604
79969 10171
79969 13506
79969 21147
79971 14234
79973 5974
79973 9142
79990 8363
79990 21005
79991 3841
79991 4126
79995 3883
79995 23600
80003 1448
80003 16924
80003 17002
80003 24137
80008 17629
80010 6786
80010 9694
80013 21411
80014 4411
80014 12115
80014 14363
80017 6680
80025 4818
80025 9436
80025 19447
80031 4206
80031 6443
80038 16848
80040 2822
80043 19294
80048 1266
80048 17178
80049 712
80051 10745
80054 2276
80054 23683
80079 6401
80079 22776
80080 17013
80082 1153
80082 18602
80084 10061
80085 3509
80085 8386
80085 11425
80087 3104
80087 22164
80088 14245
80088 21520
80088 23904
80092 3562
80096 12034
80097 1538
80102 9566
80102 12152
80102 16299
80102 21219
80102 23690
80109 542
80109 7012
80109 18311
80113 18135
80115 5849
80115 13243
80115 17615
80115 19976
80115 24518
80118 1161
80118 2212
80121 2641
80126 4586
80131 9295
80131 14468
80131 19853
80131 21400
80134 8784
80134 17627
80136 1858
80144 5392
80144 7164
80150 5882
80157 2792
80160 17955
80160 18348
80172 1067
80172 15478
80172 20484
80172 23722
80174 9504
80174 10464
80174 21878
80179 7215
80179 11926
80180 8350
80181 2641
80181 13470
80186 9209
80186 10874
80188 2179
80188 4030
80188 13931
80191 3782
80192 6462
80192 9483
80192 23630
80197 4263
80197 9289
80197 18186
80197 18640
80198 650
80198 853
80198 1914
80199 24027
80205 13185
80211 1918
80211 13845
80211 15261
80216 15634
80218 14688
80218 16778
80219 2873
80219 11725
80219 11802
80219 13244
80224 7750
80229 7856
80229 11071
80246 3147
80252 4154
80252 11320
80252 18642
80253 11210
80253 13646
80253 21851
80261 8387
80261 15552
80261 19741
80263 1509
80263 2804
80263 4530
80263 6630
80263 17535
80263 24573
80266 3943
80272 2607
80272 7318
80272 20690
80274 8824
80281 23902
80284 19166
80291 5262
80293 3658
80293 13904
80293 20270
80294 12327
80332 9517
80335 5522
80335 21059
80337 12941
80354 20270
80354 22971
80354 23675
80360 1806
80360 20704
80367 10366
80375 349
80375 13077
80379 5915
80379 18733
80379 20571
80388 7325
80405 16715
80407 52
80407 3803
80407 6932
80407 16449
80407 20560
80407 21071
80412 2457
80412 9142
80412 21335
80413 6883
80416 23644
80417 21123
80417 22081
80418 8647
80418 10617
80418 23512
80419 1165
80419 7215
80419 11926
80420 2403
80420 6476
80420 6662
80420 11307
80420 11560
80420 12230
80420 13083
80420 14332
80420 15221
80420 20171
80420 24612
80425 3475
80425 8912
80425 19745
80428 24452
80430 16139
80430 23421
80435 24473
80447 19386
80454 6394
80454 18048
80454 19338
80458 16124
80459 18886
80472 2858
80472 9910
80475 5849
80475 13243
80475 17615
80475 19976
80475 24518
80477 21929
80478 4594
80478 9989
80478 10102
80478 10532
80481 517
80494 13233
80497 16198
80497 16459
80501 3237
80501 10431
80501 10874
80534 20878
80535 15144
80537 256
80537 3199
80537 6874
80537 23616
80545 2065
80545 3852
80545 5885
80545 16300
80546 6234
80551 19713
80551 22943
80555 6607
80555 23843
80558 9230
80558 10357
80564 11793
80578 2715
80578 10350
80578 10915
80578 15375
80578 21603
80578 21768
80578 24181
80581 18715
80583 18067
80584 12619
80587 3202
80587 8241
80587 9722
80587 13557
80587 16431
80590 16830
80590 17798
80602 2716
80602 22724
80604 1759
80604 12601
80604 14095
80607 8404
80607 21386
80608 11942
80617 1220
80617 7639
80617 13002
80617 14651
80621 5749
80621 6462
80621 8738
80621 13508
80621 23630
80622 18451
80622 23217
80625 1516
80625 3531
80625 6741
80625 12643
80625 22699
80646 22607
80657 22842
80659 7716
80659 13680
80659 13681
80659 18538
80659 20419
80666 5475
80673 13882
80673 18986
80675 14778
80675 16736
80675 21767
80678 6705
80678 12126
80678 20886
80697 4583
80697 6829
80697 7628
80700 1895
80700 19902
80710 11969
80710 23924
80720 7829
80720 10466
80724 2329
80727 5592
80727 6776
80727 22773
80729 21658
80729 23233
80733 18724
80733 19295
80734 16215
80736 7959
80736 10332
80739 18405
80740 9735
80740 19491
80740 21489
80740 23541
80744 12213
80753 24276
80760 4893
80760 20266
80775 14269
80786 1626
80793 3767
80794 10094
80794 19571
80799 7644
80799 8418
80799 14252
80799 17674
80800 1819
80801 492
80801 4594
80801 5378
80801 14409
80801 18400
80801 24560
80817 2215
80817 11505
80824 5369
80824 17339
80825 5481
80825 18030
80825 24338
80829 7803
80829 13072
80832 2240
80832 24116
80843 10666
80843 15077
80843 21524
80848 9645
80848 10176
80848 20035
80854 616
80854 1067
80854 7886
80854 13224
80854 13925
80854 18738
80854 19543
80854 19878
80854 20484
80854 23722
80855 18602
80869 1705
80869 12771
80869 17097
80869 17098
80872 10904
80872 13202
80872 18678
80872 21734
80877 14716
80898 14677
80899 15814
80899 20046
80903 11071
80906 12973
80914 12042
80917 5492
80917 13224
80917 19553
80917 22736
80921 8650
80924 4622
80924 12043
80924 24485
80930 22077
80943 16003
80953 22851
80968 1424
80968 3121
80968 12701
80968 16804
80968 19083
80968 22085
80972 8991
80972 11173
80972 11418
80986 6636
81006 955
81006 4057
81006 9992
81006 10818
81014 20900
81029 8460
81029 13457
81029 13565
81029 15705
81033 3976
81037 8499
81037 11680
81037 15296
81037 21004
81037 22853
81046 18425
81079 16415
81093 2356
81093 19991
81093 22165
81093 24318
81095 15951
81098 4206
81098 8309
81098 11976
81099 7935
81107 11472
81108 2882
81108 5932
81108 22239
81114 1842
81114 5353
81114 12973
81114 18283
81114 18705
81114 22219
81122 10641
81131 7696
81142 9910
81145 5228
81154 17918
81173 1625
81173 19906
81190 20820
81190 21929
81191 16060
81195 16680
81197 6165
81201 10127
81203 15791
81203 20919
81212 4647
81215 5519
81215 22878
81217 16892
81220 6115
81220 23371
81232 22607
81236 17287
81236 19118
81238 17692
81238 21339
81242 8380
81242 12579
81259 9939
81259 22797
81262 287
81274 18772
81275 8646
81278 12091
81278 13224
81278 19553
81278 22736
81284 1220
81284 18916
81284 22551
81286 2646
81286 3658
81286 20254
81286 20270
81286 23675
81298 22526
81303 5849
81303 13243
81303 17615
81303 19976
81303 24518
81309 9413
81326 12972
81326 15229
81326 17578
81326 20169
81331 178
81347 12841
81348 18392
81352 6652
81352 13470
81368 20017
81370 13442
81376 9890
81376 11720
81378 22571
81385 4862
81385 8549
81385 22079
81395 16707
81397 1881
81397 2322
81397 7820
81397 8240
81397 17495
81397 18976
81397 21518
81399 10703
81399 13052
81399 14139
81399 22778
81399 24386
81409 13038
81411 10922
81411 14743
81414 6282
81447 8672
81452 7809
81452 19871
81455 1382
81455 10493
81457 3606
81457 4545
81457 5481
81457 8145
81457 9575
81457 13623
81457 17560
81457 23153
81457 23619
81458 4020
81458 5932
81458 7489
81458 18029
81458 20320
81459 125
81459 4942
81459 15632
81459 18284
81463 18781
81464 17178
81465 12434
81467 2882
81467 8387
81467 15439
81467 23069
81467 23167
81474 7247
81479 8625
81488 15375
81488 18511
81488 22062
81492 14677
81504 5849
81504 12972
81504 15229
81504 17578
81504 17615
81504 19976
81504 20169
81504 24518
81506 7287
81506 12646
81506 15372
81508 15946
81513 3904
81513 7566
81514 12579
81521 7748
81530 7641
81539 6165
81562 11452
81562 12613
81562 21141
81569 2906
81569 6293
81569 8347
81569 12843
81569 23697
81573 11928
81573 13341
81573 22083
81579 529
81586 21848
81597 12693
81607 5849
81607 13243
81607 17615
81607 19976
81607 24518
81614 14516
81624 2055
81624 19909
81627 52
81640 6639
81640 9629
81640 16770
81647 3121
81653 529
81653 21697
81653 24618
81665 19925
81666 902
81666 3475
81666 8912
81666 16028
81678 9005
81678 19735
81678 21787
81678 22975
81683 22095
81684 6447
81684 9720
81684 23015
81693 7951
81693 15502
81693 22943
81694 21642
81697 17456
81697 20288
81698 9582
81703 21251
81711 6760
81711 11263
81711 13894
81711 18518
81712 2873
81712 11725
81712 11802
81712 13244
81712 15359
81715 20731
81730 20203
81745 9623
81748 137
81748 1945
81759 580
81759 17922
81759 18287
81759 21676
81764 2885
81767 5932
81767 13904
81767 16242
81767 20270
81770 2457
81780 7959
81780 10396
81780 12627
81780 21088
81788 50
81788 330
81788 9843
81788 11065
81788 12681
81788 14258
81788 14818
81788 15605
81788 21806
81790 10874
81790 21641
81791 18296
81802 3657
81819 3346
81819 12393
81821 10849
81826 3458
81832 762
81832 3567
81832 17349
81853 8575
81853 12876
81867 16524
81870 5494
81874 1356
81874 2796
81874 7731
81876 648
81878 4068
81878 5532
81889 20771
81902 22752
81903 9139
81905 648
81907 23337
81912 6116
81912 13479
81913 3854
81913 8858
81920 16206
81923 12781
81925 2792
81927 3271
81927 16470
81941 8029
81946 23727
81947 20935
81960 1125
81960 17902
81972 5528
81977 7456
81977 8991
81977 11418
81978 18857
81979 10985
81982 1203
81982 15814
81990 874
81996 3271
81996 16470
81998 10387
81998 17042
82014 7317
82014 10669
82020 10159
82022 10388
82022 13004
82033 52
82033 3692
82033 6462
82033 9092
82033 18086
82039 15416
82048 8505
82063 432
82063 6884
82063 9654
82071 4257
82071 13078
82080 5410
82080 16459
82083 19005
82084 22628
82095 4136
82095 9920
82109 1165
82109 7215
82109 11926
82128 10192
82136 1707
82136 3121
82136 3930
82136 8627
82136 17656
82146 9142
82147 9890
82147 16641
82165 13110
82166 4972
82166 11132
82166 15271
82166 17165
82168 990
82183 999
82183 5908
82183 16795
82183 24001
82183 24375
82190 5435
82191 1732
82191 19083
82191 22294
82193 10874
82193 12050
82193 20865
82204 50
82204 330
82204 12681
82204 14258
82204 15605
82218 6165
82225 20554
82225 24286
82235 1914
82235 2882
82235 19495
82235 22014
82235 23731
82239 52
82239 3692
82239 6462
82239 13027
82242 2986
82242 10315
82242 10321
82242 14757
82242 16126
82244 8827
82244 16402
82258 16215
82258 18237
82260 2655
82265 7886
82265 13224
82265 13925
82265 19543
82265 19878
82267 8844
82267 19263
82268 5932
82268 23512
82288 1246
82288 9445
82288 13628
82295 1401
82297 6883
82298 14677
82304 2329
82311 5398
82311 11105
82329 529
82329 12685
82331 15784
82335 6110
82356 6519
82356 17002
82356 19991
82361 10780
82361 11279
82361 12306
82373 2885
82373 16641
82376 9142
82378 6203
82382 16887
82391 6916
82397 8141
82397 9585
82404 3133
82404 4341
82404 11750
82404 15412
82409 16317
82409 19383
82409 20760
82409 20941
82409 23312
82416 17879
82416 21925
82418 4879
82420 4697
82426 6697
82426 18237
82433 3081
82433 3782
82433 5231
82436 7935
82436 20017
82442 872
82451 16604
82461 4852
82474 7750
82475 8475
82476 20149
82476 23134
82477 1067
82477 15478
82477 20484
82477 23722
82479 17728
82479 23107
82494 123
82494 11480
82494 23326
82496 32
82496 1306
82496 9493
82496 15229
82496 20458
82505 2822
82505 4303
82507 15524
82517 1624
82517 8844
82546 10018
82554 16086
82556 6243
82556 21130
82557 916
82557 2195
82557 18650
82558 21965
82598 1165
82598 7215
82598 11926
82603 2885
82603 2933
82607 3989
82607 22512
82612 6022
82622 16728
82626 14596
82639 23073
82640 3876
82643 15183
82645 833
82645 22768
82645 23896
82648 10831
82648 11309
82649 11044
82649 14332
82649 16242
82650 8605
82652 10090
82665 15639
82665 17732
82691 9509
82691 19383
82695 12024
82702 10406
82706 14768
82726 21152
82733 16394
82735 20591
82744 9295
82744 9744
82749 7370
82749 11976
82752 16970
82759 9048
82759 17843
82759 23563
82762 1035
82771 4202
82771 11899
82772 22486
82777 11802
82777 18348
82777 18822
82782 9142
82783 11342
82784 18539
82784 22224
82788 5672
82788 8008
82788 8517
82788 16715
82793 10644
82794 9374
82794 9666
82794 20769
82796 1376
82796 6557
82796 16157
82826 477
82830 20919
82847 24294
82848 15212
82849 21386
82855 9847
82855 16478
82857 3576
82857 17898
82858 9080
82860 8285
82860 8746
82860 19659
82879 3882
82881 7591
82887 17920
82895 4561
82897 1283
82899 3841
82904 13375
82915 6835
82929 9425
82932 11262
82932 12677
82932 13648
82933 3121
82933 8627
82938 52
82938 3692
82938 8371
82939 2141
82941 3692
82941 8298
82941 8371
82941 16759
82941 21071
82957 21500
82957 22910
82957 23038
82961 10889
82961 21562
82962 19713
82976 23963
82991 22556
82993 3342
82993 15662
82996 228
82996 6662
82996 7425
82996 18029
83001 1385
83001 17465
83001 17548
83016 19233
83021 297
83021 22583
83055 13619
83060 18992
83063 10357
83074 7045
83074 9229
83087 1012
83087 12010
83091 32
83091 1306
83091 9493
83091 15229
83091 20458
83092 4206
83098 1828
83108 8324
83108 20266
83108 23201
83123 10874
83123 13506
83129 820
83129 12596
83129 14924
83129 15192
83129 15767
83130 5335
83130 11569
83137 3794
83145 3841
83147 11182
83147 16233
83158 12520
83158 20134
83161 21713
83166 2205
83171 2860
83177 2829
83179 650
83179 8252
83179 22729
83181 7499
83181 14895
83188 5753
83193 24145
83208 287
83208 1122
83208 3620
83208 5498
83208 8215
83208 11613
83209 9425
83209 15754
83211 1255
83219 23806
83221 9775
83233 16168
83235 2652
83235 5849
83235 13243
83235 17615
83235 19976
83242 435
83242 2131
83242 4426
83242 10581
83242 11636
83242 15468
83242 15785
83242 15990
83242 17492
83242 22752
83246 8412
83265 6125
83265 18177
83276 1621
83276 18652
83277 2303
83277 4190
83277 5292
83281 3271
83281 16470
83287 16051
83287 19049
83287 20345
83290 9516
83297 19677
83309 2329
83310 3857
83312 15142
83323 12941
83329 2873
83329 11725
83329 11802
83329 13244
83331 14804
83332 9888
83343 727
83343 15641
83346 3629
83346 4015
83346 4887
83346 9594
83346 11370
83346 13809
83346 16830
83346 16833
83346 17798
83346 19999
83346 20584
83349 5550
83349 6956
83363 17508
83366 13951
83366 15528
83372 7243
83373 22032
83374 16428
83377 24276
83381 8991
83381 11173
83381 11418
83385 19395
83386 2282
83386 3966
83386 4206
83386 13516
83386 14954
83386 19049
83386 19634
83394 22126
83404 22638
83406 7904
83406 8516
83406 10333
83406 14468
83406 19853
83406 22811
83409 7855
83409 18874
83417 3789
83421 18453
83435 6692
83448 15754
83451 20419
83469 2170
83469 13157
83482 52
83482 3692
83482 6462
83482 9092
83492 9397
83492 11249
83492 21613
83494 14271
83494 15963
83494 16956
83496 16478
83497 22688
83501 12323
83502 1203
83516 6361
83516 16345
83516 22197
83522 18451
83522 19967
83522 20865
83527 2585
83527 13153
83536 3810
83536 6486
83536 19239
83536 21927
83545 4257
83546 9295
83555 19802
83557 7001
83557 8899
83557 10977
83561 13224
83561 13925
83561 19543
83561 19878
83568 23199
83570 15613
83588 23094
83593 11496
83593 16858
83593 21520
83596 11560
83596 18971
83596 20171
83596 20270
83596 24612
83607 11833
83633 683
83633 5430
83641 7788
83641 8262
83646 11498
83653 18842
83656 6465
83661 16908
83662 616
83662 11132
83662 15271
83662 15478
83662 15605
83662 20468
83662 23722
83665 22429
83666 24035
83673 12905
83673 21510
83680 2158
83680 22147
83687 1394
83693 16245
83694 11737
83694 18171
83695 16572
83702 1165
83702 7215
83709 9424
83716 334
83725 6662
83728 20807
83739 16414
83740 9541
83749 3239
83753 1449
83754 1246
83754 3787
83754 13825
83754 15662
83759 50
83759 330
83759 1165
83759 7215
83759 7886
83759 11926
83759 12681
83759 13224
83759 14258
83759 15605
83759 19543
83764 1241
83778 21381
83779 2222
83781 23471
83791 11482
83797 14847
83797 20482
83809 9649
83809 12599
83809 12864
83811 6354
83811 8524
83811 21734
83811 22084
83813 11429
83824 21271
83824 21488
83824 22055
83830 23229
83832 1165
83838 21239
83852 460
83852 4801
83852 5232
83852 5407
83852 24452
83860 6094
83860 10034
83861 8714
83868 1359
83868 2571
83894 2423
83894 4640
83914 2027
83914 13533
83914 24159
83924 8541
83926 1454
83926 8678
83926 15808
83935 1621
83935 6057
83935 9207
83935 15394
83935 21749
83940 21658
83942 6608
83943 9890
83945 7727
83947 10853
83962 372
83962 387
83962 3638
83962 4789
83962 11560
83962 20171
83962 24612
83964 9020
83964 22293
83971 529
83971 21697
83971 22702
83972 1986
83987 2695
83987 15502
83989 1297
84010 17728
84012 13375
84027 21650
84030 17522
84033 2095
84033 3074
84033 8403
84033 9509
84033 10782
84033 18188
84055 22
84055 2792
84059 17440
84073 12744
84078 5519
84078 11521
84078 14504
84090 123
84090 11480
84090 23326
84092 15175
84097 17251
84099 3103
84105 409
84110 14652
84110 20476
84115 3943
84140 18311
84141 21897
84156 52
84156 8371
84156 11971
84162 996
84172 24346
84173 9822
84173 16794
84174 3667
84174 14677
84175 12209
84183 1038
84183 22420
84184 23810
84190 2860
84203 11451
84209 22052
84219 8298
84219 8371
84219 9092
84219 15187
84219 20560
84223 1689
84223 3475
84223 9620
84247 3084
84247 6173
84247 11282
84247 17213
84252 19083
84254 11668
84254 23066
84258 21848
84263 14596
84267 21664
84276 4124
84283 21473
84297 3115
84297 3232
84297 13939
84303 8704
84303 9843
84303 11065
84303 14818
84303 21806
84303 23636
84305 15776
84305 18156
84308 24015
84310 20420
84314 13938
84314 23107
84317 12586
84317 17032
84317 20749
84323 6765
84338 17291
84338 23570
84346 3551
84346 20013
84348 11353
84360 3250
84360 7945
84361 1117
84376 20134
84384 1220
84384 11154
84384 16242
84396 9890
84399 650
84399 8410
84399 20270
84402 2989
84404 7622
84404 13853
84408 333
84408 17976
84408 18999
84441 2222
84441 23851
84446 14677
84471 1253
84471 6447
84471 13762
84479 19121
84481 2457
84481 3782
84486 2628
84490 2695
84490 8380
84490 9139
84490 15043
84490 15502
84504 13099
84504 14756
84504 19553
84508 9145
84515 22814
84518 21152
84522 12972
84522 15229
84522 17578
84522 20169
84528 1712
84531 7288
84531 11726
84531 16228
84531 19284
84551 5620
84551 7340
84561 1192
84570 17822
84570 18528
84570 20861
84574 14352
84576 1203
84576 7941
84583 4303
84593 10818
84593 17678
84603 4644
84603 5707
84603 15740
84603 20397
84604 7688
84604 16832
84604 23485
84605 2356
84605 3208
84605 17002
84605 19958
84605 19991
84605 24318
84607 2985
84627 5283
84627 17695
84638 22267
84640 6340
84642 6591
84667 6601
84667 13397
84669 13193
84669 17819
84669 18264
84669 24261
84680 10366
84684 12963
84697 7076
84697 18056
84698 397
84698 7605
84698 7898
84698 16856
84700 2242
84700 13047
84700 20879
84700 21767
84700 23683
84702 9231
84706 7456
84706 9981
84706 16189
84709 4303
84709 5383
84709 19549
84717 3874
84717 4031
84717 4441
84717 5041
84717 6438
84717 7065
84717 24157
84717 24258
84720 8309
84727 8731
84727 10647
84727 15084
84729 3048
84729 19808
84729 21485
84729 24299
84731 9053
84731 15768
84731 20840
84731 22132
84749 22242
84749 23871
84760 3841
84760 10049
84763 4303
84763 14230
84768 944
84768 3498
84768 12437
84771 19987
84776 4524
84776 23343
84779 1507
84779 6443
84781 8469
84781 15013
84782 4674
84782 11353
84786 8528
84786 18113
84786 22861
84790 16680
84806 4938
84816 4983
84816 18311
84819 22428
84826 2098
84826 6070
84826 9229
84853 11818
84869 11184
84874 762
84874 3567
84874 17349
84878 8820
84878 14064
84880 12913
84882 830
84882 10389
84882 24562
84883 18532
84889 13443
84889 17693
84892 17280
84893 21024
84895 762
84895 2414
84895 3567
84895 17349
84898 3961
84905 20134
84916 2696
84916 13922
84919 9980
84924 10874
84924 21447
84930 5788
84931 4489
84931 5973
84931 24041
84935 21961
84938 14488
84949 15427
84949 24618
84950 18901
84959 17655
84970 10020
84972 8844
84977 21510
84980 12988
84980 23942
84988 208
84988 3121
84988 7537
84988 13988
84988 20979
84988 21514
84992 18157
84999 542
84999 7485
85002 616
85002 1067
85002 20484
85002 23722
85005 21479
85010 18267
85011 7994
85011 17219
85011 23653
85017 9550
85031 19923
85032 8466
85033 9620
85035 14722
85035 16317
85040 1172
85041 15462
85042 616
85042 1067
85042 4972
85042 5492
85042 11132
85042 13224
85042 15271
85042 15478
85042 17165
85042 19553
85042 22736
85042 23722
85057 2029
85057 9172
85057 18021
85086 2971
85086 6182
85086 8895
85088 24595
85090 3333
85097 18085
85102 11656
85102 23279
85109 4206
85109 6906
85109 13033
85109 20345
85119 7061
85124 17692
85130 5686
85130 10266
85139 4079
85139 17648
85150 21251
85154 6720
85161 1723
85174 7344
85179 7887
85183 1552
85183 18595
85188 8202
85188 12066
85188 15821
85190 11132
85190 15271
85190 15605
85190 20468
85212 8380
85212 9610
85216 11154
85216 18971
85216 23731
85227 19083
85232 19480
85235 8650
85253 3142
85253 17389
85253 22052
85260 1165
85260 11926
85273 3015
85273 4948
85273 12544
85278 8928
85299 10604
85301 3167
85301 7128
85301 14835
85301 15708
85302 21447
85306 5492
85306 13224
85306 13925
85306 19553
85306 22736
85317 778
85317 3669
85317 20254
85327 142
85327 10682
85337 4359
85337 19175
85337 22932
85348 7261
85348 14629
85348 20641
85350 11451
85362 9962
85362 10657
85362 13134
85379 9541
85382 13207
85385 609
85385 881
85385 8108
85388 6387
85388 8807
85390 16986
85390 17066
85404 7358
85409 24605
85411 2701
85411 18632
85416 19598
85421 22906
85426 18683
85426 22760
85430 13399
85436 577
85436 10061
85436 11592
85439 1022
85439 9640
85439 12941
85442 4407
85458 23525
85470 10711
85470 13980
85472 4303
85473 650
85473 21694
85473 22729
85474 6927
85474 13794
85485 14352
85485 22243
85490 2546
85490 3732
85490 18758
85490 21767
85495 6344
85499 14271
85526 22085
85533 8601
85533 18058
85535 6426
85540 19755
85541 10388
85543 1188
85543 15874
85559 20419
85562 5063
85562 7049
85562 7548
85566 5574
85582 3930
85582 17159
85583 4820
85607 4397
85607 12629
85611 91
85611 6881
85611 7641
85615 5542
85615 10604
85616 20877
85617 19722
85621 372
85621 10617
85621 11560
85623 20865
85626 8550
85627 16297
85627 19367
85644 978
85644 11297
85644 17333
85644 21645
85647 9890
85650 11898
85658 1771
85658 7835
85658 24462
85659 1565
85661 3237
85661 10874
85662 8356
85662 18133
85664 20103
85670 15263
85677 8853
85707 18092
85709 14838
85715 6906
85715 11111
85715 15632
85724 7551
85724 10159
85736 14403
85745 3841
85752 9802
85752 16317
85752 20941
85758 2578
85767 12416
85774 8107
85774 21512
85784 11804
85786 10573
85794 5067
85797 7302
85799 18186
85799 22300
85802 3622
85809 1158
85809 1948
85809 2610
85814 14182
85823 2632
85826 22085
85828 274
85828 4228
85828 13470
85836 19682
85836 23512
85839 208
85839 7941
85839 12666
85843 4365
85844 3609
85844 9291
85844 11444
85848 23420
85876 7233
85876 10357
85879 7992
85879 11681
85892 3916
85892 11303
85892 22502
85898 529
85898 19927
85898 21767
85903 15613
85924 13208
85926 5501
85929 21125
85929 23258
85931 327
85935 1867
85936 6135
85936 6155
85936 7043
85946 7727
85959 12552
85959 20321
85965 20266
85966 18959
85968 11009
85981 11064
85983 16909
85993 1661
85993 21506
85996 125
85996 10919
85996 19049
85996 20039
85997 23698
85997 23798
85998 12393
86005 50
86005 330
86005 12681
86005 14258
86005 15605
86021 4508
86021 17231
86027 21929
86029 1216
86029 14488
86029 15649
86029 21165
86032 8844
86034 13700
86044 13988
86049 649
86053 1012
86053 8070
86053 10780
86053 14005
86059 2592
86068 2329
86068 6746
86076 11303
86077 616
86077 1067
86077 23722
86081 17176
86081 23797
86093 1165
86093 7215
86093 11926
86095 6534
86107 11720
86109 4818
86109 8765
86115 10745
86117 6829
86117 18243
86126 138
86127 2571
86127 4801
86127 11793
86137 6751
86140 10868
86147 9513
86160 18254
86173 10514
86173 17663
86173 21716
86185 8303
86185 9483
86185 20879
86185 20935
86185 23203
86189 3271
86189 15792
86206 3344
86219 13399
86222 9384
86231 17139
86247 4374
86255 11471
86276 22346
86278 11924
86284 3782
86284 9666
86302 3271
86302 15792
86324 8969
86324 10396
86324 10472
86324 24384
86328 5965
86328 7429
86331 20254
86333 4448
86333 4795
86333 13915
86333 14935
86354 4536
86357 3453
86363 2502
86363 8177
86382 14804
86386 17027
86387 23600
86389 14716
86389 20288
86391 17860
86400 11193
86400 12328
86400 13718
86400 20881
86403 2601
86403 8518
86405 16754
86411 2253
86416 15566
86416 21747
86416 23223
86419 6465
86424 8770
86424 16743
86424 21863
86432 23600
86432 23888
86435 2574
86435 3645
86435 11721
86435 24323
86436 9910
86439 24360
86440 4724
86440 6218
86440 23512
86444 20464
86458 10874
86458 11611
86458 24452
86461 373
86462 5149
86462 18066
86484 7490
86484 14312
86486 3015
86486 4948
86497 20660
86504 1257
86504 7261
86504 11636
86504 14047
86504 14629
86504 15468
86504 15990
86504 17713
86504 19210
86514 4253
86514 19639
86520 11667
86520 17319
86524 12972
86524 15229
86524 17578
86524 20169
86533 6991
86533 7692
86533 9680
86540 2903
86542 1818
86549 2329
86549 17760
86551 15397
86551 22395
86555 22127
86560 3789
86568 2029
86568 8892
86568 12213
86573 16154
86595 3048
86595 5447
86595 15086
86595 21485
86595 24299
86599 9207
86599 15942
86599 15973
86599 18284
86599 19634
86603 17027
86614 10319
86615 14900
86628 5759
86629 6462
86629 7901
86629 13478
86629 20560
86629 21927
86632 16197
86638 6725
86642 20628
86644 6883
86644 22983
86645 981
86645 15755
86649 4589
86650 4967
86650 13257
86661 4524
86661 8337
86661 10345
86663 7080
86663 17760
86667 4796
86688 1707
86688 3121
86688 5280
86688 8627
86688 12701
86688 22085
86688 22294
86696 2223
86700 7004
86700 9086
86700 10874
86709 3090
86709 4995
86709 11333
86709 12061
86724 3128
86724 4539
86724 5118
86724 6766
86724 20904
86731 13224
86731 19553
86731 22736
86748 5849
86748 13243
86748 17615
86748 19976
86748 24518
86754 11193
86760 11437
86762 10874
86779 10071
86784 11657
86784 14230
86784 17937
86784 18849
86792 19598
86803 2035
86803 14356
86803 21080
86829 9350
86829 22234
86840 23466
86854 1283
86855 6548
86856 8719
86860 2826
86860 8077
86860 8460
86862 3591
86862 10748
86862 14336
86862 19825
86866 3803
86866 8298
86866 8738
86866 9092
86866 20560
86869 5605
86872 18492
86875 1022
86875 19231
86875 23525
86876 2362
86876 16544
86876 19270
86876 20183
86876 24169
86878 3930
86878 16041
86879 8145
86903 12380
86905 1424
86905 21664
86905 22085
86911 19876
86912 824
86912 973
86912 2040
86912 10532
86912 13654
86912 19430
86912 22223
86912 22461
86913 15530
86913 16170
86914 2116
86914 11202
86914 21207
86914 24157
86919 20264
86921 10350
86921 12521
86921 17109
86921 18511
86931 1409
86931 1732
86931 19083
86931 22294
86933 11147
86941 21165
86945 20263
86947 1581
86947 18541
86954 3994
86970 616
86970 1067
86970 7886
86970 13224
86970 15478
86970 18738
86970 19543
86970 20484
86970 23722
86972 18267
86973 15677
86975 3615
86998 853
86998 1621
86998 13904
86998 16242
86998 19245
86998 20254
86998 23675
87003 282
87012 3874
87012 20611
87012 24157
87038 2792
87041 23630
87043 18262
87047 21720
87063 19639
87066 13663
87066 15057
87073 23090
87077 16718
87083 14300
87085 10155
87085 14086
87085 22688
87093 12963
87098 253
87098 14757
87098 17549
87106 7456
87106 8991
87106 11418
87110 9310
87115 6262
87115 18260
87121 4068
87121 6131
87121 11349
87122 5274
87122 8043
87122 8371
87123 17879
87126 9084
87130 8202
87130 12066
87130 15821
87134 11349
87136 2953
87136 7233
87142 8324
87143 4830
87143 8714
87148 20759
87149 14300
87149 14757
87150 13710
87158 18417
87161 2273
87161 10965
87161 16499
87181 17282
87181 20476
87185 18886
87192 10377
87192 22439
87204 7599
87204 7716
87207 5749
87207 6462
87207 13508
87213 14194
87216 6662
87216 11044
87225 1951
87225 9540
87225 13628
87235 22294
87238 14586
87246 9419
87246 17411
87246 19001
87247 872
87247 9582
87247 13003
87247 21041
87248 8575
87253 767
87253 7037
87253 16770
87253 17372
87253 18343
87254 18262
87273 112
87273 1225
87273 9629
87277 6447
87277 8827
87279 19601
87281 21490
87286 19598
87295 609
87299 6215
87299 12648
87300 8742
87304 5924
87306 13496
87306 14572
87306 21840
87309 5989
87309 14434
87315 1546
87317 3083
87317 10994
87317 17002
87317 19958
87317 19991
87344 24276
87356 13471
87357 13506
87357 21338
87375 9445
87383 16706
87391 9014
87394 11902
87397 5849
87397 13243
87397 17615
87397 19976
87397 24518
87402 434
87402 23511
87414 20729
87415 12323
87416 4402
87416 6353
87420 11303
87427 16007
87430 4303
87450 14034
87450 21060
87452 15613
87452 17918
87456 3202
87456 11874
87456 13557
87456 20357
87459 2646
87459 22458
87459 23090
87464 7462
87472 3202
87472 13557
87486 11451
87486 20364
87491 2732
87491 20454
87491 23953
87503 7318
87503 23726
87513 22893
87525 8202
87525 12066
87525 15821
87536 19083
87538 14338
87538 21022
87546 5274
87546 5717
87546 8371
87546 13027
87546 20560
87546 21071
87546 23630
87551 3841
87557 24035
87562 1189
87562 3142
87562 22052
87567 8640
87567 14947
87567 21951
87574 5494
87577 10274
87577 21036
87578 12706
87578 24069
87588 6007
87588 13516
87588 18654
87589 6576
87593 24452
87595 7215
87595 7886
87595 11926
87595 13224
87595 13925
87595 19543
87595 19878
87602 18854
87602 19064
87605 13936
87605 16635
87605 19754
87607 529
87607 2242
87612 17821
87616 20332
87619 6076
87629 7961
87630 9761
87631 13693
87631 14317
87631 15539
87631 23168
87635 3841
87638 10669
87650 7898
87650 19119
87658 52
87658 10283
87658 11971
87658 23630
87663 16746
87670 20191
87681 2882
87681 14332
87681 19711
87681 22014
87702 20628
87702 24170
87704 3048
87704 5447
87704 15086
87704 21485
87704 24299
87715 6082
87715 11347
87715 17002
87715 17119
87717 20419
87722 15315
87725 22878
87732 7851
87745 2043
87746 12814
87759 10377
87759 22439
87767 1165
87767 7215
87767 9843
87767 11065
87767 11926
87767 14818
87767 23636
87769 12067
87770 3841
87775 8578
87775 17494
87781 11303
87781 13117
87787 1083
87787 19575
87787 20019
87789 13037
87792 10889
87792 15488
87792 21562
87803 19296
87807 3613
87814 1364
87816 7538
87816 10323
87828 13117
87830 10874
87843 4801
87843 13399
87847 10310
87850 3059
87853 4172
87857 8972
87870 23405
87881 18262
87882 6066
87882 8647
87882 10617
87882 15658
87893 168
87893 17886
87893 18808
87896 3930
87901 3658
87901 15439
87901 20270
87901 23167
87903 9192
87903 19992
87904 3911
87904 19395
87904 23048
87910 12666
87911 11251
87919 6997
87919 12383
87920 7886
87920 13224
87920 19543
87920 19878
87922 5370
87924 14074
87930 13072
87931 6680
87943 456
87944 7318
87944 18643
87970 17435
87973 6191
87973 6385
87973 17417
87984 9962
87986 17858
87995 21585
87995 24463
87997 1009
87997 2000
87997 2258
87997 4097
87997 18711
88004 15453
88010 11335
88010 13083
88010 22014
88012 6286
88016 1596
88016 7457
88016 12990
88016 20927
88016 24152
88044 20660
88047 22079
88049 8626
88049 12618
88049 13775
88058 2095
88058 16317
88062 5668
88062 20134
88066 6962
88079 429
88080 15099
88083 576
88083 8157
88093 13030
88094 178
88097 13954
88097 17110
88097 18262
88100 688
88100 19860
88102 1831
88119 22983
88123 19929
88125 18262
88127 9627
88129 6204
88145 12985
88159 529
88169 13375
88177 16346
88177 21699
88177 23009
88179 10452
88179 15815
88182 7085
88205 17836
88205 22454
88206 5536
88212 4898
88213 1994
88213 3221
88213 16079
88213 18249
88219 2873
88219 11802
88219 13244
88219 15359
88226 1449
88226 10573
88226 15699
88240 22995
88253 3870
88253 6600
88253 14035
88254 15271
88254 15605
88254 20468
88255 2454
88256 5492
88256 13224
88256 19553
88256 22736
88287 8475
88287 17879
88287 20969
88288 1869
88288 3514
88288 11899
88295 1009
88295 4644
88295 5644
88295 11139
88295 13279
88319 3602
88325 14194
88328 4508
88328 6965
88328 17231
88329 11266
88340 15613
88341 10874
88341 12902
88341 14314
88343 604
88348 12005
88373 9588
88373 16296
88377 6846
88377 14307
88380 21124
88381 18391
88381 21747
88381 23223
88398 1203
88398 13399
88417 12988
88419 18059
88419 19546
88425 14094
88425 18822
88428 3710
88432 8098
88436 3121
88442 5492
88442 13224
88442 13925
88442 19553
88442 22736
88453 7622
88453 14623
88453 22038
88453 24528
88465 5668
88465 20134
88469 13759
88469 17028
88470 24381
88480 10590
88493 23675
88494 9516
88494 14718
88499 14652
88508 22931
88512 952
88512 4366
88514 4095
88514 21524
88518 5492
88518 7215
88518 11926
88518 13224
88518 13925
88518 19553
88518 22736
88522 7641
88523 6746
88524 9549
88529 10812
88534 18588
88535 529
88535 1937
88535 9483
88535 23630
88535 23683
88550 9775
88554 18451
88556 5
88556 9455
88556 23713
88568 14034
88568 16993
88576 10898
88577 17394
88583 171
88583 5474
88589 7233
88592 18861
88599 14457
88599 15179
88599 15721
88599 16429
88599 21623
88608 3121
88608 17159
88608 21664
88613 17397
88623 760
88623 5331
88624 23604
88628 23217
88632 10384
88632 18164
88632 20851
88639 1034
88639 3789
88639 9775
88642 6702
88643 23507
88646 5056
88657 9125
88657 11260
88657 20288
88659 1087
88659 16735
88659 20878
88666 11173
88666 11418
88669 7258
88669 11303
88682 8689
88692 2457
88700 6923
88705 16874
88705 20771
88705 22842
88708 1165
88708 7215
88708 11926
88719 7312
88719 7538
88719 20805
88720 2696
88720 3175
88720 7856
88720 11071
88737 11149
88737 20509
88747 14034
88747 16993
88750 3161
88750 7972
88750 23786
88757 3994
88760 11698
88760 21767
88760 24115
88771 21386
88774 3042
88774 19398
88785 9890
88785 23311
88789 3121
88797 3271
88797 15792
88799 32
88799 1306
88799 9493
88799 15229
88799 20458
88809 8408
88815 11138
88831 5408
88834 22738
88855 9033
88855 10608
88866 15318
88866 19221
88879 3639
88879 5915
88879 20571
88888 18986
88888 21783
88889 16498
88905 15342
88907 1994
88907 12012
88907 14300
88907 15164
88907 16079
88919 6413
88919 18250
88919 21255
88919 23009
88928 2125
88928 5494
88928 7022
88928 23778
88944 12987
88946 11611
88954 5668
88954 20134
88963 7886
88963 13224
88963 13925
88963 19543
88963 19878
88969 823
88971 18581
88973 8991
88973 10503
88974 10199
88974 12973
88983 12765
88985 9666
89010 23065
89011 1283
89011 8625
89016 13399
89022 21447
89023 5668
89023 20134
89032 9605
89032 18020
89032 20839
89032 21697
89032 23683
89038 24425
89050 7716
89050 15819
89050 20430
89050 23689
89051 7454
89051 16960
89051 17080
89051 18961
89051 20729
89054 1820
89060 7084
89060 13488
89060 23727
89062 23177
89062 24044
89063 5369
89063 5934
89063 19415
89063 23824
89066 6174
89072 17759
89072 17912
89078 5658
89088 11277
89088 11657
89088 21361
89088 22955
89097 1299
89097 11162
89097 21509
89102 1581
89102 18541
89103 1209
89103 7400
89103 9716
89103 17935
89116 16066
89116 18660
89116 19807
89116 24323
89125 22306
89139 8040
89148 9053
89148 16302
89148 24403
89158 13940
89158 19064
89161 2473
89161 12903
89161 21101
89170 10831
89171 5290
89171 5321
89171 5829
89171 6349
89171 8285
89171 17765
89174 7084
89174 13488
89174 23727
89176 1678
89176 14280
89176 20683
89176 24306
89177 8549
89192 5067
89216 23483
89240 11611
89243 15142
89243 19660
89248 6259
89248 20389
89248 23420
89257 1165
89257 7215
89257 11926
89258 7104
89264 7192
89268 13649
89281 3943
89281 7727
89281 18822
89282 6601
89282 9582
89283 23466
89292 9153
89293 6367
89299 17692
89302 14434
89306 11904
89318 17627
89321 1039
89321 5685
89328 7117
89348 499
89348 15251
89349 21381
89352 890
89352 6807
89355 2612
89355 12191
89355 14960
89359 2457
89359 6674
89359 21335
89360 6165
89361 4932
89361 8247
89366 17280
89385 15641
89387 6165
89393 11978
89393 13980
89405 17979
89413 7843
89413 13485
89413 14479
89416 12250
89430 4969
89430 9400
89430 11423
89430 11634
89430 21211
89433 2742
89449 9625
89449 23402
89461 708
89461 3692
89461 13100
89468 7362
89468 8241
89483 11479
89483 17810
89486 15626
89486 20071
89492 13224
89492 19543
89492 19878
89497 2478
89499 11976
89499 16434
89499 18882
89504 20537
89506 18260
89510 17565
89516 18946
89527 8163
89528 20235
89532 20771
89543 8202
89543 12066
89543 15821
89544 671
89544 3513
89544 21708
89548 7192
89549 19922
89549 20307
89551 671
89551 10049
89551 21956
89552 605
89553 21449
89553 21961
89556 9694
89560 14564
89561 11197
89570 22719
89598 7233
89603 9807
89618 3221
89618 13713
89620 957
89644 2276
89644 3866
89644 4585
89646 208
89646 12666
89660 274
89688 8397
89689 14313
89692 4241
89697 8688
89703 17735
89718 3794
89718 10594
89721 7141
89721 19669
89725 12941
89728 7612
89728 9106
89764 13224
89764 13925
89767 16213
89767 20751
89768 12611
89768 18254
89768 22365
89774 478
89780 20405
89782 18063
89807 10288
89808 8387
89808 8410
89808 22300
89816 6029
89816 21072
89816 23607
89819 7524
89823 1206
89823 19216
89833 1189
89833 3142
89833 22052
89842 2873
89842 11725
89842 11802
89842 15359
89843 17076
89865 16506
89868 3591
89868 10748
89868 14336
89868 19825
89870 10377
89870 22439
89870 22990
89871 7886
89871 13224
89871 13925
89871 19878
89892 21397
89893 11615
89913 23630
89918 13164
89918 21473
89939 9735
89939 19491
89939 21489
89948 20134
89952 5313
89954 8807
89954 18231
89955 17692
89967 5310
89967 16680
89979 2457
89979 21335
89984 5535
89987 6082
89990 9666
89990 10061
89990 18869
90014 335
90014 1143
90014 8589
90014 18284
90014 22259
90015 2060
90020 16716
90021 2194
90021 13290
90021 21804
90021 23694
90025 305
90025 10981
90032 4923
90032 6534
90032 20480
90035 8247
90047 2885
90048 5932
90048 6218
90048 10281
90048 16242
90050 944
90050 2329
90050 21510
90054 5274
90054 6462
90054 6932
90054 16754
90054 20560
90055 22719
90061 10889
90061 15488
90061 21562
90073 18881
90081 17879
90081 20969
90081 21925
90084 17000
90086 18411
90097 2456
90097 2860
90097 18041
90101 5934
90103 19380
90109 9907
90114 9483
90114 13047
90114 13202
90114 19754
90114 20935
90114 23203
90114 23683
90116 12988
90129 21184
90134 19575
90134 20780
90138 17204
90145 529
90145 4324
90145 20879
90145 23683
90153 9775
90158 8994
90166 22943
90175 4618
90175 9871
90175 11235
90177 7045
90181 17522
90183 3271
90183 15536
90189 11132
90189 17077
90189 20468
90195 50
90195 7886
90195 13224
90195 13925
90195 14258
90195 15605
90195 19543
90195 19878
90203 16916
90216 3930
90223 17490
90230 2873
90230 5849
90230 11725
90230 11802
90230 13243
90230 13244
90230 17615
90230 24518
90236 3930
90238 10742
90240 11667
90241 4733
90241 13307
90250 4876
90250 4930
90250 14812
90252 9516
90265 9910
90265 21751
90283 2660
90283 7197
90285 20736
90286 18179
90295 9336
90295 10977
90295 21180
90297 5317
90297 9955
90297 13105
90297 13963
90297 17328
90297 21165
90305 3942
90307 8835
90316 1104
90316 6268
90316 6644
90316 21767
90321 4411
90321 14363
90324 8625
90330 13465
90336 2179
90347 23662
90352 6883
90358 5494
90361 12271
90362 13925
90366 1564
90366 16654
90368 17692
90373 13307
90377 1253
90377 13942
90379 372
90379 387
90379 3669
90379 20171
90379 20270
90386 21165
90392 23838
90393 6847
90398 17009
90398 22590
90403 2276
90405 21449
90417 22742
90420 408
90420 3947
90420 15589
90420 21840
90423 21510
90431 17328
90431 19106
90434 14688
90438 1165
90438 7215
90438 11926
90441 10780
90445 261
90445 8970
90452 11152
90456 5668
90456 20134
90457 17238
90459 2457
90459 9142
90459 21335
90473 2573
90473 3720
90473 13841
90473 15715
90474 14814
90476 14596
90486 752
90486 2542
90486 2915
90486 5248
90486 6803
90492 3726
90499 5037
90499 8307
90499 8928
90499 13925
90499 19074
90504 10590
90504 17699
90504 23256
90505 7886
90505 13224
90505 13925
90505 19543
90505 19878
90506 5347
90506 20269
90507 2096
90513 9313
90518 648
90518 10465
90518 20009
90527 2792
90527 17174
90528 22276
90529 1125
90529 13841
90529 20676
90534 8934
90540 13492
90544 10452
90545 20848
90556 3411
90556 9427
90556 10846
90556 15735
90562 7639
90562 16242
90562 18916
90562 22239
90566 16028
90566 23405
90568 10874
90568 13506
90568 15055
90570 2345
90570 3866
90570 10926
90570 18589
90570 20796
90572 11197
90589 16031
90591 10753
90591 12747
90591 22051
90592 8902
90592 10949
90592 18962
90593 742
90594 2619
90594 4845
90610 21897
90617 8338
90617 22032
90622 24276
90624 2207
90624 10874
90645 4142
90652 2242
90652 4290
90652 13366
90652 21697
90659 7251
90659 9244
90659 23359
90659 24596
90660 18451
90673 5963
90673 13536
90673 16389
90673 22208
90680 52
90680 3692
90680 8371
90680 9092
90688 10278
90690 15066
90690 16242
90690 23512
90694 5720
90700 20046
90710 17692
90711 10224
90711 18546
90713 1598
90719 5310
90720 3795
90720 11092
90731 20815
90732 19201
90733 7538
90733 15001
90735 14486
90749 32
90749 1306
90749 9493
90749 15229
90749 20458
90754 503
90761 6083
90761 9666
90768 11317
90775 23882
90784 882
90795 6165
90795 14194
90812 10336
90812 20611
90814 5608
90819 6728
90821 8136
90822 3591
90822 10748
90822 14336
90822 19825
90836 3089
90836 10999
90852 424
90853 7771
90853 7872
90853 17292
90854 9722
90854 13557
90865 6923
90873 8714
90877 6873
90877 14796
90877 19735
90877 21787
90877 22975
90880 6883
90885 5317
90885 6786
90891 15223
90893 2978
90897 8179
90897 21665
90909 7551
90909 10159
90924 18451
90925 6416
90931 2926
90931 18744
90932 9108
90933 9585
90933 20726
90934 279
90938 22868
90940 120
90940 2344
90940 5718
90940 5792
90940 14827
90940 15419
90940 19915
90940 22154
90947 1285
90947 7128
90952 10635
90961 7740
90962 2792
90974 2096
90975 8008
90975 16715
90980 16680
90987 10260
90995 1189
91001 5494
91013 15027
91022 18292
91032 4038
91032 13746
91032 15577
91034 1165
91034 3048
91034 5447
91034 7215
91034 11926
91034 19808
91034 21485
91034 24299
91035 13921
91035 19651
91038 3122
91038 6873
91038 9005
91038 12465
91038 19735
91038 21787
91038 22343
91048 13381
91051 10567
91057 3984
91057 9348
91057 23065
91058 19485
91061 9187
91068 3271
91068 17491
91068 19573
91072 23604
91074 11362
91077 22968
91078 1446
91078 13645
91078 19006
91078 19381
91088 17014
91088 22142
91096 5763
91096 22867
91107 5958
91107 11336
91107 12076
91107 19717
91107 21026
91107 21279
91107 23220
91120 6776
91120 13719
91123 4303
91123 8539
91128 407
91136 21240
91142 2217
91142 2490
91144 1165
91144 7215
91144 11926
91162 4458
91162 4866
91162 7388
91162 8004
91164 5066
91165 3782
91165 14354
91165 19381
91169 1051
91169 20848
91175 5702
91175 23393
91176 18857
91178 23096
91179 3121
91179 21908
91180 10554
91182 12682
91182 19585
91199 7778
91199 10333
91201 4781
91205 8844
91205 15001
91211 687
91212 739
91212 4697
91212 7331
91212 18665
91222 21339
91238 2885
91243 21147
91243 21804
91247 19573
91251 18602
91252 1165
91252 5492
91252 7215
91252 13224
91252 13925
91252 19553
91252 22736
91259 9350
91268 18220
91269 1143
91269 4206
91269 11976
91269 15506
91285 10309
91287 17802
91287 19713
91287 22586
91288 13243
91288 17615
91288 19976
91288 24518
91292 268
91292 1051
91292 1257
91292 2748
91292 5978
91292 17713
91292 21156
91300 3434
91300 11403
91300 19804
91301 17566
91313 12077
91315 1165
91315 7215
91315 11926
91316 8770
91316 17042
91318 529
91320 11360
91322 12977
91322 19329
91322 22653
91323 3808
91323 16455
91323 18846
91323 20341
91324 4067
91328 5129
91328 12385
91343 19166
91345 355
91345 8908
91348 10682
91348 19989
91348 20629
91348 21325
91355 12967
91360 3897
91364 15167
91365 4407
91367 671
91367 5751
91369 12824
91380 6262
91380 7334
91380 22439
91385 3562
91389 12936
91399 4586
91399 9483
91399 11698
91400 15754
91410 24535
91427 10177
91427 15105
91428 4721
91428 8051
91430 9832
91432 4707
91432 13385
91450 3866
91450 14778
91455 18010
91472 17096
91472 20695
91484 1581
91484 18541
91490 17803
91500 16986
91518 18307
91527 13642
91531 7468
91534 12337
91534 22063
91539 6820
91539 14074
91539 21878
91546 4828
91556 6412
91556 10652
91556 10874
91556 21804
91557 8727
91567 9641
91567 21469
91572 11303
91572 24436
91574 19713
91579 22235
91592 10099
91595 11179
91595 14011
91595 21410
91614 9730
91616 902
91616 1689
91616 3475
91616 9620
91632 5560
91632 16111
91632 19068
91639 2329
91644 4803
91671 1696
91671 7702
91671 22330
91673 12340
91678 1581
91678 18541
91687 5518
91687 14490
91687 21444
91694 14814
91698 10452
91698 16347
91704 24185
91714 265
91714 1329
91714 6239
91714 10818
91714 14419
91726 2436
91726 10294
91726 21152
91726 23090
91742 11068
91742 23965
91743 5398
91744 12942
91755 10917
91755 16682
91758 7186
91760 9350
91777 1235
91777 4015
91777 17532
91806 2253
91806 11225
91807 9187
91832 4303
91840 14603
91852 8892
91859 5492
91859 13224
91859 13925
91859 22736
91861 8948
91868 2571
91868 12323
91872 3234
91873 11903
91873 22009
91873 22760
91874 16084
91887 650
91887 14716
91888 14962
91889 10101
91893 6692
91902 18042
91913 2125
91927 10857
91927 18104
91940 696
91950 12112
91952 19894
91956 14698
91961 3079
91961 15191
91967 15007
91967 21994
91969 15132
91969 23516
91970 18643
91971 10891
91977 5232
91977 11731
91985 9130
91985 10564
91986 7281
91986 11535
91987 1658
91987 2626
91988 529
91988 1104
91988 21767
91988 24618
91992 726
91992 7558
91992 16979
91994 23617
92028 12905
92034 13451
92038 6585
92038 20635
92041 14310
92041 14564
92041 16909
92044 6118
92050 1705
92050 12771
92050 18394
92057 5689
92058 3333
92061 7898
92061 21909
92061 22035
92069 4365
92083 7429
92084 1723
92089 7439
92100 2917
92100 6476
92100 7639
92100 23731
92110 4988
92110 14939
92110 19679
92112 7728
92114 7949
92116 2329
92116 6949
92124 5280
92124 17615
92124 18348
92124 23503
92126 2252
92126 9852
92126 21417
92130 3007
92130 4302
92130 20200
92150 17150
92151 6906
92151 15632
92151 19049
92154 1012
92154 12010
92156 1034
92158 3121
92158 17159
92162 16212
92167 4680
92174 7850
92174 8326
92177 13224
92183 5036
92191 9384
92191 12054
92191 13008
92194 6164
92201 6165
92203 944
92205 24452
92215 8830
92215 15924
92216 16279
92218 8656
92218 19613
92226 1819
92226 10049
92226 18171
92227 18138
92230 998
92241 22291
92252 9313
92252 11303
92264 17898
92270 11461
92270 18719
92273 18988
92275 2123
92275 11425
92275 22109
92275 23504
92279 11793
92281 10409
92281 22522
92286 6251
92292 5500
92293 9649
92303 15316
92304 2125
92304 7022
92304 23778
92314 2696
92315 15249
92324 21510
92327 16095
92342 12365
92342 22138
92344 5037
92344 13072
92344 15528
92348 2621
92348 22345
92348 22606
92350 7318
92351 1133
92353 1012
92353 12010
92359 13951
92359 14459
92359 18150
92359 21426
92382 10495
92385 7061
92396 14860
92399 2258
92399 3798
92399 4097
92399 5361
92402 7686
92402 16177
92402 23600
92416 10804
92422 4766
92422 23530
92431 14777
92439 8202
92439 12066
92439 15821
92441 10723
92454 2896
92457 21229
92469 14153
92469 20270
92472 19330
92481 8703
92495 5462
92503 15329
92519 6165
92521 12437
92523 2564
92533 5581
92533 10995
92540 10357
92549 7886
92549 13224
92549 13925
92549 19543
92549 19878
92550 11547
92555 7975
92559 4500
92559 20672
92559 21298
92564 202
92564 2227
92564 22259
92569 7588
92570 5080
92573 7233
92573 9867
92577 713
92577 21730
92583 13375
92592 1220
92592 14651
92594 12230
92594 20270
92594 24564
92595 22123
92596 456
92596 1914
92596 15439
92604 2588
92604 8039
92604 11421
92607 3916
92607 17856
92610 2831
92616 8280
92616 8582
92623 9096
92629 21381
92652 16510
92656 8784
92666 14248
92669 15333
92676 18785
92676 20728
92685 8844
92722 21050
92722 22569
92731 9175
92731 15055
92731 16820
92734 19355
92760 2882
92760 10281
92760 15439
92764 10497
92775 9437
92785 1661
92791 5356
92791 21650
92794 4469
92794 12061
92794 17644
92794 20489
92794 21636
92795 23512
92795 23675
92803 21640
92807 8428
92807 12946
92807 20627
92810 4013
92812 17282
92818 13224
92818 13925
92821 6839
92821 20065
92823 14826
92823 15313
92823 22314
92825 2951
92825 18471
92827 4803
92827 6490
92827 12494
92827 14626
92827 16579
92858 5581
92867 12684
92870 7903
92872 14608
92887 7543
92890 10264
92892 862
92892 12684
92892 15466
92908 8051
92909 21184
92910 3532
92910 14199
92912 7727
92912 21251
92913 5411
92913 9800
92915 12987
92921 1914
92921 5591
92921 6066
92921 12230
92921 24564
92926 12448
92926 13950
92942 7523
92943 1859
92943 9306
92943 22779
92944 13506
92945 12002
92947 698
92947 18113
92947 20629
92949 17692
92954 15797
92964 13099
92964 15122
92964 18683
92976 605
92976 22789
92980 11451
92980 13329
92984 19586
92991 7759
92995 8202
92995 12066
92995 15821
93000 3455
93000 15662
93016 3805
93017 3971
93019 5849
93019 13243
93019 17615
93019 19976
93019 24518
93021 5211
93021 6178
93021 10615
93024 7429
93027 2885
93028 4433
93028 6453
93028 9195
93029 9910
93029 18719
93031 13602
93036 12437
93058 9087
93072 23753
93077 16411
93077 20574
93090 972
93090 4961
93090 17455
93096 18482
93099 13336
93103 5818
93103 6644
93103 7276
93103 19927
93103 23683
93104 16028
93105 15053
93109 7061
93122 24087
93124 6334
93124 12685
93124 20576
93124 22702
93137 20419
93138 22930
93144 872
93144 21041
93147 1300
93147 24201
93151 13110
93164 22688
93165 1907
93165 7540
93165 18058
93171 3121
93176 10159
93183 432
93184 4569
93185 2225
93207 14357
93207 19853
93207 23732
93215 16818
93217 10349
93233 7677
93234 1312
93253 4177
93254 21767
93268 2132
93268 13226
93268 17916
93268 23153
93269 14642
93282 10196
93298 2510
93304 16986
93308 12047
93315 18837
93317 12681
93317 14258
93317 15605
93322 5849
93322 13243
93322 17615
93322 19976
93322 24518
93332 282
93332 8475
93332 21644
