9 24121
26 16596
26 16657
35 5966
35 6601
35 9452
44 20676
45 2381
45 7233
45 16372
45 16956
45 18772
45 18886
45 22365
49 3443
49 13336
61 18530
65 299
65 3593
65 4782
65 6881
65 7280
65 11718
65 18135
103 4504
103 4571
103 8547
103 14577
103 22753
120 4454
120 10626
126 1411
126 10217
126 20247
127 9184
127 12323
127 17677
127 19467
127 22943
127 24518
131 3157
131 3669
131 4020
131 4724
131 6487
131 8387
131 8685
131 19711
131 23167
135 17298
144 972
144 6973
144 12926
145 7192
149 755
149 3870
150 13501
150 20973
150 22943
161 16215
162 3170
187 3666
187 8851
187 9295
187 15038
187 17694
187 18734
205 23543
210 334
210 8851
210 12954
210 21184
212 7244
214 597
214 872
214 9582
214 13003
214 21406
218 69
221 14413
221 15771
228 21302
240 16123
244 4673
244 14552
259 13224
262 3687
262 5577
262 6563
262 11763
262 14529
262 15986
262 24229
279 8197
302 7125
302 11265
326 2276
333 4547
333 24241
338 10299
357 9764
381 23578
397 4128
397 4733
420 6601
420 21801
424 9666
428 11451
428 13037
439 14487
450 7879
456 1672
456 1781
456 7114
456 8096
456 9914
456 14603
456 19408
456 20994
456 21111
456 22876
466 4
466 2796
466 3922
466 14473
466 19562
466 22365
493 7727
493 11303
493 21387
503 20184
554 18029
560 10843
565 9517
569 13925
575 4759
575 7723
575 9566
578 636
588 8835
604 7733
607 11154
607 23167
616 20932
636 8285
638 23848
659 542
659 2882
659 5449
659 19294
688 18307
698 542
698 20270
698 23167
709 19204
710 20695
712 8460
712 13565
716 12037
716 12973
731 373
733 2622
733 2918
733 3443
733 15519
733 19568
740 18921
747 23772
751 10217
751 16045
751 16825
751 21173
751 21792
751 21857
751 23607
754 1884
766 4018
798 2583
805 5660
805 7496
805 14651
813 12685
870 872
870 1758
870 3576
870 4000
870 6032
870 8243
870 8562
870 9403
870 9990
870 10025
870 16292
870 16478
870 21406
870 23926
887 14
890 12120
893 436
894 11154
897 4586
897 16892
902 22963
941 294
944 1312
944 6343
944 9895
944 16425
944 16969
947 19783
977 4666
977 13088
984 4526
992 1625
992 20230
992 24292
994 2982
994 3219
994 5973
994 8061
994 8962
994 9682
994 12485
994 23379
994 24322
1014 820
1014 12596
1014 16175
1014 19501
1018 936
1018 11600
1029 15038
1031 1255
1031 7464
1031 24044
1042 19740
1047 1366
1052 3943
1052 5398
1052 9562
1052 9775
1052 15343
1052 18788
1052 18983
1062 13904
1062 18789
1063 7484
1069 23722
1076 12337
1082 4028
1082 7169
1082 8870
1082 9199
1082 9277
1082 16439
1119 872
1119 2792
1119 7233
1119 9582
1126 2622
1147 408
1147 570
1147 1810
1147 7907
1147 11469
1147 20296
1147 24354
1155 340
1155 12328
1162 16455
1190 8413
1190 16239
1190 16507
1190 22276
1196 22960
1221 13660
1223 23512
1234 13072
1236 5702
1236 6022
1236 18416
1236 18683
1236 19553
1236 20024
1236 23694
1241 2622
1241 3049
1241 3104
1241 14414
1241 19064
1254 9448
1257 7425
1257 8252
1257 19373
1257 21694
1257 22729
1261 24312
1265 263
1265 5001
1265 11446
1265 24510
1266 15559
1275 2615
1275 14202
1275 14991
1275 22718
1291 10203
1291 12061
1291 15156
1291 17644
1291 19481
1303 10917
1348 17273
1363 12301
1365 1729
1365 7233
1365 7720
1365 12722
1365 18416
1365 23694
1373 6415
1376 2071
1376 6871
1385 10704
1385 16464
1389 23279
1416 3720
1416 7992
1416 13072
1416 15715
1416 18416
1430 8161
1451 516
1454 11755
1454 20557
1457 13481
1468 14468
1468 19853
1479 6394
1484 19907
1496 4983
1496 5297
1496 11455
1496 17767
1525 18913
1528 3931
1546 883
1546 5010
1546 7185
1546 11756
1546 19901
1546 23176
1549 7774
1549 8757
1549 8945
1549 18546
1549 19203
1556 282
1556 8241
1556 8475
1556 9722
1556 22560
1578 6526
1578 22896
1579 4297
1579 23337
1585 3841
1585 9541
1585 9775
1585 24452
1608 18237
1616 4922
1616 13850
1616 24163
1623 6814
1638 11507
1645 1877
1654 13820
1655 9587
1655 16372
1655 16925
1655 18772
1655 19285
1657 15140
1661 15104
1671 11418
1677 18091
1679 20476
1682 424
1682 4519
1682 15579
1682 20557
1682 20924
1726 8097
1737 1008
1750 19713
1767 9775
1789 7773
1789 15187
1810 13307
1810 13841
1810 15702
1810 18416
1810 21548
1840 2724
1857 17692
1859 21510
1861 23570
1862 17728
1865 20531
1873 529
1873 15427
1873 21767
1873 23683
1896 5932
1896 23285
1903 19713
1907 8653
1907 12513
1918 18279
1929 10049
1929 23096
1929 23244
1940 4402
1940 20985
1944 11972
1944 15627
1944 19853
1944 21400
1984 8757
1984 11735
1986 12020
1990 21165
1990 22376
2001 6600
2021 7469
2037 721
2037 23383
2045 16208
2058 19294
2058 23090
2079 2837
2079 19012
2087 2266
2093 11926
2098 10630
2098 11154
2098 11335
2098 13904
2098 14965
2098 16242
2098 23675
2104 8891
2117 23024
2121 9582
2121 14794
2121 17168
2129 1171
2129 4386
2129 7972
2129 12898
2129 23786
2155 11029
2155 21126
2171 18791
2175 13072
2175 13841
2175 15702
2175 17298
2179 1262
2179 7211
2179 10090
2179 20900
2185 1226
2185 5766
2185 17879
2185 24054
2186 8851
2186 18455
2187 7538
2187 10086
2196 3866
2196 6695
2201 8473
2214 827
2214 10945
2214 22549
2218 1151
2222 11479
2222 22154
2222 23285
2229 11676
2229 12421
2234 15691
2239 4522
2239 9165
2239 11858
2239 11980
2239 14219
2239 22127
2250 23532
2252 9666
2270 5753
2274 13945
2275 729
2275 2728
2275 22239
2277 19924
2288 20631
2288 20945
2288 23229
2297 869
2297 5753
2297 17910
2297 24089
2302 12118
2306 19818
2308 872
2308 3576
2308 11315
2308 21041
2308 21874
2310 16310
2320 11126
2320 12328
2326 22478
2330 980
2338 16009
2385 15788
2385 20550
2386 22217
2407 1061
2416 22014
2416 23090
2424 20845
2426 2446
2438 4303
2439 12332
2439 14756
2459 8495
2459 23086
2459 24039
2470 15055
2470 20771
2499 13450
2500 20567
2506 13859
2531 4114
2531 5921
2531 11188
2531 14757
2531 14814
2557 908
2589 2457
2589 3645
2589 12393
2590 3219
2590 14466
2590 15869
2597 2181
2597 10703
2597 19789
2597 22778
2597 24386
2597 24485
2614 19115
2663 682
2663 1125
2663 2935
2663 9142
2663 12097
2663 13039
2663 13841
2663 16539
2664 21184
2674 4472
2674 7027
2676 21381
2686 2792
2726 5921
2731 12613
2731 22951
2734 8063
2740 15325
2752 17844
2760 20599
2835 5938
2835 7205
2855 5591
2855 8252
2855 8410
2855 23167
2862 134
2862 9552
2865 4374
2865 20212
2885 19327
2885 22071
2892 9191
2904 6110
2905 2627
2919 2329
2937 14666
2937 17441
2937 21510
2951 5725
2965 8371
2997 315
2997 8324
2997 15260
2997 18826
2997 21791
3012 8307
3042 5227
3055 21886
3058 7233
3058 8307
3058 11244
3058 13307
3058 15528
3058 18416
3058 23393
3080 22910
3106 18881
3126 10472
3126 10639
3126 17669
3126 24250
3137 8428
3137 10843
3148 20969
3153 7641
3153 20771
3153 22930
3161 8198
3168 8488
3169 4257
3169 8352
3169 19699
3179 23091
3188 5702
3188 13072
3188 15528
3193 13177
3193 23729
3218 228
3218 18295
3225 4393
3225 4967
3225 11658
3225 16629
3225 16714
3230 9730
3236 22586
3247 15052
3247 18262
3250 23561
3266 3129
3266 5570
3277 6114
3284 5260
3304 28
3304 7060
3304 23706
3310 965
3310 22032
3317 14272
3318 4600
3320 7978
3320 8410
3320 8685
3320 15221
3329 3638
3329 20550
3329 23608
3348 3966
3348 12548
3351 12269
3351 18620
3351 18854
3364 6016
3364 8108
3364 10206
3364 15394
3364 17965
3364 19049
3373 8820
3391 23421
3395 7215
3395 13224
3416 14521
3416 20730
3416 20980
3416 22571
3420 4894
3420 12309
3427 6814
3433 8714
3433 23023
3449 7301
3456 24212
3457 13936
3458 3786
3458 23611
3463 249
3463 2194
3463 4261
3463 4474
3463 6807
3463 8945
3463 13072
3463 13307
3463 19090
3463 20882
3463 21387
3484 15185
3484 16857
3484 17494
3484 21084
3484 21635
3484 23648
3489 5562
3491 16736
3491 23058
3494 1532
3494 4274
3494 11402
3494 15305
3494 17914
3494 19873
3494 20596
3494 22192
3494 22287
3494 23207
3495 859
3495 5044
3495 6357
3495 12267
3500 829
3500 1951
3501 15057
3529 12027
3529 20122
3529 21726
3529 22702
3534 334
3534 937
3534 2240
3534 2792
3534 7992
3534 11220
3534 12697
3534 13307
3534 14357
3534 14995
3534 15070
3534 17404
3534 18416
3534 20484
3534 20730
3534 21405
3534 21510
3534 22707
3539 11926
3575 24281
3597 7740
3602 14068
3619 16510
3652 24452
3661 140
3676 6304
3676 13974
3676 15974
3677 23024
3679 8098
3679 16539
3698 17459
3698 17644
3701 6476
3701 22239
3701 23731
3708 7215
3713 6462
3713 11971
3713 18810
3713 23094
3723 14520
3729 21753
3732 2917
3732 6891
3732 7639
3732 21023
3734 23212
3757 3079
3764 13873
3783 2060
3783 6310
3783 11418
3800 6767
3807 7358
3808 2792
3808 6115
3808 7114
3808 11922
3808 16261
3808 16727
3820 1141
3820 10711
3820 18920
3826 16440
3828 8022
3828 21563
3832 3288
3847 24276
3856 3342
3856 6995
3870 14833
3887 1078
3887 14342
3887 21644
3914 22165
3940 1452
3940 14683
3940 19418
3944 15910
3946 3054
3958 13072
3969 23831
3976 8521
3977 15060
3988 390
3988 19702
3988 20100
3988 20279
3994 19955
3994 20351
3999 17898
4002 7317
4016 2167
4016 8369
4016 21052
4017 8179
4017 18348
4029 5492
4029 19553
4032 19472
4032 22380
4037 21630
4043 2720
4043 4795
4043 11282
4052 14598
4062 1440
4062 12400
4062 16729
4073 5317
4073 18665
4073 20046
4088 3281
4088 7830
4088 13473
4098 10465
4111 22409
4113 950
4113 15519
4118 14187
4118 22087
4118 22335
4128 11451
4128 12408
4128 18469
4128 18555
4128 20364
4128 21184
4128 22522
4141 9846
4146 3279
4146 19346
4181 24276
4183 378
4183 2526
4183 5132
4183 5503
4183 11586
4183 11986
4183 13506
4183 20170
4186 9313
4186 11718
4186 17494
4186 17856
4190 263
4190 12104
4204 21147
4204 23532
4218 19109
4219 1424
4219 15907
4226 14611
4230 2052
4230 6501
4230 15533
4230 16127
4239 6434
4239 16401
4246 19163
4282 19126
4299 3485
4321 18717
4327 7780
4327 11557
4327 11682
4327 19161
4343 126
4343 2633
4343 6378
4343 22386
4347 1089
4347 2497
4347 2603
4347 5533
4347 9206
4347 9295
4347 11705
4347 15901
4347 16270
4347 16335
4347 20575
4347 21185
4347 21783
4347 23365
4355 3769
4357 5002
4357 14326
4364 7967
4388 2724
4389 1646
4389 9625
4404 12127
4404 15980
4404 22706
4404 22900
4413 3841
4421 16909
4421 19833
4430 2837
4430 3744
4430 4101
4430 6386
4430 12996
4430 16427
4430 19408
4430 19629
4430 22244
4442 4419
4442 5253
4442 20371
4442 22886
4449 5932
4449 16242
4449 23069
4462 2633
4468 4057
4468 5852
4469 4606
4469 9199
4469 23915
4471 20474
4477 305
4477 11138
4487 20730
4506 14652
4506 18214
4506 18822
4527 12355
4527 17997
4544 18096
4547 21510
4551 3765
4551 14520
4551 16524
4551 23948
4556 434
4575 23032
4586 12191
4608 21264
4616 18916
4619 418
4619 2616
4619 3661
4619 12294
4619 12724
4619 13675
4619 14807
4619 15533
4619 17263
4619 18767
4619 23700
4619 24121
4634 4724
4634 6662
4634 14332
4634 17471
4651 13054
4652 529
4652 4864
4652 6581
4667 7951
4667 7992
4667 10288
4667 13072
4667 13841
4697 9666
4700 17694
4704 9442
4708 6208
4709 689
4709 2546
4709 3732
4709 9973
4709 10904
4709 16736
4709 20935
4709 21767
4724 282
4724 8475
4725 6304
4725 21842
4732 7107
4732 9115
4732 11611
4732 14652
4732 15006
4732 18208
4732 19152
4732 20013
4732 24452
4737 6433
4741 5689
4745 6351
4745 7597
4745 15674
4745 24455
4746 1171
4746 5256
4746 19154
4751 1239
4751 18379
4751 24550
4768 10780
4770 5660
4770 16716
4788 13018
4802 8716
4802 13169
4802 18530
4810 3054
4810 9046
4810 10940
4810 11344
4810 13887
4810 16387
4810 17222
4817 3755
4817 4088
4817 7787
4817 10409
4817 17988
4820 7851
4839 14381
4845 22285
4865 9918
4865 20763
4869 8714
4884 19223
4896 9730
4920 4944
4924 4977
4925 1368
4925 18822
4942 19435
4958 1813
4958 14975
4964 19783
4969 21745
4981 5007
4981 7975
4981 20677
4981 23118
4994 1610
4994 1999
4994 2526
4994 6095
4994 9045
4994 16356
5033 20134
5033 21640
5035 1545
5035 5715
5042 3341
5042 17170
5043 19288
5047 960
5047 1567
5047 10127
5047 23383
5054 1104
5065 2457
5065 11303
5065 18822
5065 22571
5065 23722
5075 2592
5081 6092
5081 15071
5091 9910
5100 7233
5100 13307
5100 19553
5100 20024
5100 22009
5108 11562
5118 4091
5124 9491
5130 4257
5141 4983
5141 7197
5141 20085
5153 16722
5175 10187
5206 1754
5206 4204
5206 9988
5209 459
5212 2114
5212 6157
5212 13294
5212 15750
5241 4382
5241 6115
5241 6586
5241 8851
5241 9582
5241 12195
5241 13211
5241 16722
5241 19657
5241 20980
5241 22545
5249 13002
5249 16242
5250 2875
5250 3894
5250 15906
5280 449
5296 20498
5304 21349
5324 11260
5333 13791
5333 20961
5357 14202
5369 14297
5383 8112
5407 10503
5407 20931
5432 20254
5432 21152
5439 3639
5439 5148
5443 1165
5443 7215
5443 11926
5444 10874
5446 2879
5446 5041
5446 7001
5446 8371
5448 1895
5448 3841
5448 24047
5463 3622
5463 6746
5470 12200
5473 761
5473 4091
5473 5737
5473 8624
5473 9880
5473 20924
5475 21083
5486 4803
5486 6710
5486 7534
5486 13072
5500 388
5511 15007
5519 16722
5533 17368
5533 21447
5548 12316
5552 12674
5552 22276
5560 20024
5560 20365
5586 8397
5598 22849
5602 16163
5602 17735
5602 23555
5606 10990
5617 4416
5617 7080
5617 14160
5617 15494
5617 17760
5617 21628
5625 457
5625 2309
5625 7310
5625 9845
5625 12247
5629 16083
5642 4944
5655 3866
5655 7915
5655 10821
5655 14778
5655 24618
5663 6949
5663 18237
5663 18869
5678 12437
5685 10974
5695 16832
5699 3409
5699 10381
5699 15815
5699 22472
5712 14941
5728 7215
5728 11926
5730 3957
5730 5756
5730 7746
5730 12393
5730 12868
5730 23402
5735 2565
5735 21282
5742 3052
5742 21542
5742 21725
5745 9295
5753 3237
5772 529
5772 5861
5772 15427
5772 19927
5772 20363
5772 23050
5772 24064
5783 7558
5783 24130
5790 392
5793 22342
5797 16741
5808 4354
5815 13716
5816 127
5816 1532
5816 5708
5816 7347
5816 12118
5816 13522
5816 15070
5816 16087
5816 17021
5816 21072
5816 21084
5816 22244
5816 22866
5816 22949
5816 23648
5817 996
5817 21827
5828 178
5828 7612
5828 8760
5828 9285
5828 11401
5828 13247
5828 23092
5844 1053
5877 2965
5877 3576
5877 5273
5877 7542
5877 7843
5877 8982
5877 10217
5877 11353
5877 11888
5877 12412
5877 12876
5877 13149
5877 17555
5877 18078
5877 18092
5886 3898
5886 15049
5892 9035
5892 19794
5894 10162
5912 20862
5932 726
5932 15770
5937 13339
5947 13489
5960 22978
5967 18219
5968 10409
5973 22218
5974 20917
5980 21821
5984 11267
5984 13729
5984 18974
5988 872
5988 2634
5988 9582
5988 18179
5988 21792
5993 902
5993 13287
5993 18262
6003 23779
6009 12973
6009 18470
6020 12677
6025 3033
6039 20482
6039 22242
6041 1226
6041 11588
6041 17879
6041 18971
6047 3684
6047 9336
6047 9845
6047 13291
6052 1246
6052 7918
6055 16109
6065 158
6065 12973
6067 1873
6117 12416
6120 4192
6120 5225
6126 639
6132 14677
6168 1739
6186 288
6186 1963
6186 4504
6186 7114
6186 8505
6186 8824
6186 9996
6186 10825
6186 11068
6186 12405
6186 17325
6186 17983
6186 19407
6186 20942
6186 22036
6186 23196
6186 23965
6197 6461
6197 17465
6197 19166
6197 19280
6203 648
6203 11550
6203 20324
6203 24431
6214 358
6214 366
6214 761
6214 931
6214 5680
6214 7765
6214 8885
6214 10217
6214 16899
6236 674
6236 5807
6236 8851
6236 17872
6244 21627
6245 8522
6245 12355
6270 6558
6271 7215
6336 6013
6336 21475
6342 1448
6344 16239
6373 719
6373 10044
6373 11142
6373 11946
6373 20831
6373 22405
6373 23799
6382 23995
6388 6310
6388 8797
6388 22630
6388 22709
6391 8750
6394 21302
6395 22564
6399 15566
6399 15734
6404 23683
6421 10500
6450 3898
6470 1387
6470 2837
6470 3453
6470 4356
6470 5007
6470 5335
6470 6273
6470 7358
6470 8578
6470 10697
6470 11451
6470 12034
6470 15674
6470 16404
6470 18278
6470 19012
6470 22484
6470 22707
6470 23212
6470 23449
6476 2029
6476 8252
6476 11401
6476 12213
6476 16099
6476 21501
6478 4876
6495 18346
6501 17095
6515 16911
6520 22079
6523 5753
6538 15316
6543 2717
6550 19472
6561 8311
6561 12902
6561 14402
6561 15259
6561 16720
6562 3669
6562 7978
6562 13313
6562 23734
6590 8109
6592 1241
6592 6322
6599 12706
6606 3133
6606 9566
6606 17213
6606 18287
6606 20839
6608 13531
6627 5865
6638 13363
6638 21708
6642 8145
6644 3551
6657 15052
6657 20134
6677 11370
6682 3846
6698 14984
6700 19006
6711 16517
6745 5694
6745 9582
6745 15185
6751 334
6751 5667
6751 8561
6751 14520
6751 16524
6751 19408
6759 3473
6759 13443
6777 21510
6806 18645
6812 21043
6822 6077
6822 23748
6822 24419
6824 5932
6824 13002
6824 14287
6824 22014
6844 13962
6866 6800
6867 1937
6867 4324
6867 9483
6869 14522
6870 18435
6933 2792
6933 13437
6933 14230
6933 16863
6933 21510
6939 15557
6940 13470
6946 20364
6961 7937
6978 9582
6978 13882
7014 3393
7014 4644
7014 5932
7014 10281
7014 18021
7039 11479
7039 19683
7046 1303
7046 5237
7046 8543
7046 15084
7046 18819
7057 6115
7057 7840
7064 2373
7064 12127
7064 13839
7064 16351
7064 19991
7064 22364
7068 4895
7068 22569
7087 9483
7094 11007
7094 15190
7102 5725
7109 587
7109 14155
7109 21373
7109 23833
7118 9697
7123 7883
7127 380
7127 18979
7127 22610
7136 529
7138 12282
7138 24098
7139 7996
7139 16478
7140 3669
7140 3802
7140 4020
7140 4268
7140 5412
7140 5882
7140 6218
7140 14707
7140 18188
7140 19146
7140 20270
7140 22239
7140 23167
7142 3133
7147 15271
7157 2159
7157 3688
7157 10044
7157 11869
7181 9020
7189 24382
7196 2253
7196 3394
7203 2885
7203 3125
7214 5103
7214 17081
7214 20484
7214 23107
7218 9954
7220 17298
7229 1241
7233 15289
7240 17076
7249 1703
7249 11964
7249 12440
7249 22614
7249 23205
7255 13904
7277 9020
7277 18986
7289 13072
7290 3890
7291 7167
7291 23514
7300 20332
7302 13307
7302 18416
7335 3658
7343 5972
7343 22281
7354 5136
7354 13836
7354 13957
7354 15656
7354 17639
7354 21405
7354 23725
7359 13465
7359 23383
7412 2457
7416 5202
7431 18627
7437 2339
7441 10656
7441 22395
7445 12072
7452 13224
7452 13925
7454 11149
7464 3121
7473 5418
7478 872
7478 3576
7478 3898
7480 5658
7489 8936
7489 17617
7507 5640
7518 9775
7518 23770
7524 8685
7524 15796
7524 23763
7526 3803
7526 21071
7540 10333
7548 17298
7549 9002
7552 1871
7552 8145
7552 24181
7566 330
7566 12681
7571 14972
7573 2018
7576 8631
7576 9412
7576 14517
7576 15224
7576 19110
7576 20945
7586 1177
7625 6064
7629 12868
7654 9027
7654 11967
7654 13599
7665 1892
7666 19557
7674 287
7674 14286
7674 16221
7675 13465
7675 19549
7675 20259
7675 20614
7676 5122
7679 598
7679 3000
7679 11705
7679 18253
7689 5478
7689 15232
7691 18307
7693 2766
7693 14277
7709 1963
7709 3897
7709 5138
7709 6755
7709 7629
7709 8069
7709 11705
7709 12644
7709 13828
7709 17212
7709 17895
7709 17971
7709 23383
7717 11725
7717 13244
7721 8040
7723 19250
7740 219
7740 284
7740 334
7740 674
7740 1388
7740 3696
7740 9582
7740 14520
7740 17539
7740 19657
7740 24517
7753 2329
7757 268
7757 13175
7768 21253
7768 22291
7769 20420
7799 10109
7802 6896
7802 14154
7802 18796
7808 4633
7834 6165
7852 6173
7852 17678
7856 5615
7892 5987
7901 5738
7918 24044
7945 5631
7963 11197
7963 12710
7963 18669
7974 10469
7992 9879
7992 17637
8004 1421
8021 2227
8023 219
8023 1577
8023 4573
8023 4882
8023 5335
8023 8438
8023 9505
8023 9896
8023 10050
8023 13799
8023 15175
8023 15185
8023 15916
8023 18791
8023 19187
8023 20733
8023 21111
8023 21793
8023 22790
8023 23138
8023 23212
8028 14904
8028 18112
8028 19573
8049 597
8049 840
8049 6811
8049 8824
8049 9020
8049 10800
8049 11315
8049 11966
8049 13003
8049 13882
8049 16307
8049 17069
8049 17184
8049 18986
8049 18990
8049 20952
8049 22484
8049 22664
8049 23449
8054 2837
8054 19012
8056 618
8056 10780
8056 16410
8059 4142
8059 5263
8059 5727
8059 7830
8059 8690
8059 8773
8059 9576
8059 9732
8059 14814
8059 15916
8059 17314
8059 19644
8059 19904
8059 20858
8059 23659
8091 21867
8101 16722
8101 16832
8122 17692
8131 22833
8131 23675
8163 12853
8178 20708
8196 1896
8204 5093
8211 21830
8216 5038
8216 6534
8216 12082
8216 16859
8216 24334
8227 7233
8231 6291
8231 10470
8231 11883
8233 597
8235 1696
8235 7538
8235 8446
8235 16410
8238 1071
8238 1914
8238 7677
8238 11265
8280 3175
8298 11132
8309 334
8309 22522
8335 6932
8335 7816
8357 16521
8370 5038
8370 6984
8370 22013
8394 3969
8396 2862
8401 12064
8402 9910
8404 10272
8404 18986
8411 12083
8414 15442
8426 22036
8434 4823
8457 4375
8457 23091
8469 4250
8469 8326
8469 11277
8469 19359
8469 23640
8475 2457
8485 1808
8487 23383
8502 18633
8528 22989
8533 19979
8534 872
8534 3576
8534 16292
8545 1617
8545 2927
8545 5097
8545 21302
8545 22220
8554 16986
8584 11574
8584 14831
8584 19522
8593 9988
8595 8251
8596 8074
8598 4697
8598 5317
8598 11340
8598 15084
8598 15897
8598 18040
8598 18822
8598 23722
8598 23967
8599 8683
8599 11681
8599 13506
8599 18665
8599 21147
8608 9472
8621 21500
8642 11126
8642 21155
8659 10194
8659 14270
8659 20376
8707 6115
8707 7840
8712 22938
8726 8438
8726 9505
8726 18411
8726 22864
8731 2891
8731 10024
8734 2792
8735 12954
8735 14520
8735 16524
8737 1679
8737 1904
8737 2911
8737 4714
8737 7848
8737 8480
8737 8944
8737 9295
8737 10333
8737 10618
8737 11504
8737 11764
8737 14141
8737 17923
8737 17950
8737 19949
8737 20715
8737 22283
8737 22375
8746 23731
8748 372
8749 11223
8750 18113
8757 8307
8757 11902
8757 15702
8757 17298
8770 6786
8770 11303
8779 9164
8780 23293
8793 21745
8797 10846
8814 4251
8814 22107
8835 5932
8842 724
8843 3406
8843 18295
8843 20254
8843 23763
8843 24202
8853 16832
8853 21184
8856 3916
8858 3342
8858 3690
8863 20023
8863 20800
8864 20422
8869 20839
8892 13664
8896 8928
8936 7209
8936 14120
8956 23283
8958 3942
8958 6972
8958 13243
8958 17615
8958 21753
8958 22571
8958 22773
8958 24518
8959 23212
8960 14250
8961 22747
8972 7484
8991 7386
8991 8303
8991 11262
8991 14485
8991 20419
8992 20017
8998 4290
8999 1167
8999 3270
8999 3910
8999 11370
8999 13483
8999 18499
8999 20207
9001 22081
9002 4940
9002 7490
9002 24000
9002 24468
9008 12451
9013 18307
9016 14988
9016 19643
9016 21629
9017 13718
9020 19466
9026 10503
9034 37
9034 597
9034 1414
9034 9582
9034 11850
9034 12100
9034 13003
9034 20730
9044 5335
9044 9896
9068 10957
9068 16626
9068 21726
9068 23050
9080 597
9080 4000
9080 4303
9080 11850
9096 21499
9113 15423
9120 3200
9124 7768
9124 11451
9124 13772
9124 17280
9124 17918
9124 18366
9146 2881
9146 12418
9146 18538
9146 20430
9146 23395
9146 24199
9150 15223
9152 20746
9152 24125
9190 18392
9191 14145
9198 936
9198 1945
9198 6148
9198 9199
9198 12227
9198 16478
9198 17812
9216 10985
9216 21111
9219 1409
9233 19439
9249 2246
9249 9884
9250 3836
9254 3841
9259 8324
9275 12859
9289 2169
9289 17455
9301 21664
9316 18171
9324 4699
9324 7384
9324 20730
9325 1205
9325 8266
9325 10562
9335 1078
9335 7552
9335 8475
9335 21155
9335 21644
9341 18262
9343 3333
9351 3720
9351 10817
9351 13841
9351 15528
9351 21745
9357 729
9357 853
9357 8647
9357 10617
9357 22300
9364 3782
9364 4019
9364 6372
9364 17736
9376 8161
9379 13677
9379 14206
9391 10088
9408 19183
9416 5882
9432 12061
9435 2918
9440 1819
9442 17879
9452 13925
9458 20254
9472 3841
9472 10357
9490 2885
9498 19553
9498 21879
9501 21492
9505 13841
9505 13925
9505 15528
9542 1729
9549 14972
9554 4504
9554 6115
9554 22753
9566 980
9566 12851
9576 4680
9589 7595
9589 9019
9589 12923
9589 21478
9590 288
9590 4379
9590 4969
9590 11671
9590 14303
9590 15038
9590 15070
9590 21072
9590 23212
9598 7273
9598 19923
9617 19863
9626 3677
9630 197
9636 10326
9669 6714
9669 8780
9669 17711
9669 21788
9669 22390
9670 20995
9670 22683
9676 320
9676 17718
9678 10243
9696 4038
9696 22776
9697 7375
9697 10196
9702 9004
9706 12079
9706 17154
9727 9295
9730 5554
9730 11277
9730 13307
9735 1104
9735 2546
9735 3732
9735 5594
9735 21767
9755 19987
9755 21043
9756 3217
9756 18556
9763 7215
9769 4504
9769 11518
9770 18348
9780 1334
9791 12044
9797 2276
9797 22608
9806 4292
9806 5005
9806 9678
9807 8814
9811 4462
9811 7641
9819 21697
9831 980
9831 19204
9860 3079
9868 3127
9881 2290
9881 16408
9894 19160
9896 9126
9896 17175
9896 21406
9901 11657
9908 15427
9911 15656
9913 20910
9927 8709
9969 20606
9979 18166
9987 12401
9991 1309
9991 3993
9991 4864
9991 6695
9991 10909
9991 10957
9991 19754
9991 20839
9991 21504
9991 21734
9991 22149
9991 22702
9991 23683
9991 24110
9991 24365
9994 2592
9996 9295
9996 23190
10005 5725
10005 7012
10005 20746
10016 13072
10016 18493
10016 19209
10016 21495
10017 2457
10020 3830
10026 19503
10027 7082
10052 161
10052 12213
10052 23090
10057 6870
10069 6115
10096 12685
10096 14992
10096 17938
10096 19458
10096 21697
10107 21658
10118 1478
10118 9361
10118 20846
10152 21184
10157 282
10157 17879
10162 13030
10164 22564
10182 17219
10189 14677
10208 6881
10208 13008
10208 15316
10208 16909
10217 7109
10217 9295
10217 19853
10235 6160
10235 22044
10239 2145
10244 15609
10254 17760
10258 7097
10260 10203
10260 15156
10267 17002
10287 650
10287 2882
10301 6289
10302 4803
10302 16372
10302 16426
10302 16833
10302 16925
10302 18416
10307 4192
10307 5709
10307 9669
10307 11142
10307 16842
10307 18151
10307 19539
10307 20014
10307 20100
10307 21866
10307 22405
10307 24232
10318 8011
10319 22039
10334 2913
10334 4486
10334 4984
10334 13716
10335 315
10335 5519
10335 7875
10335 10398
10335 14677
10335 22989
10335 24204
10338 5737
10338 18750
10338 21811
10353 2590
10354 23862
10357 3789
10375 23943
10382 18278
10382 19446
10391 872
10391 7996
10391 9582
10391 14520
10391 16292
10391 16722
10391 21041
10398 11903
10410 18515
10410 20998
10412 5773
10417 189
10417 2571
10417 2972
10417 5651
10417 6022
10417 6513
10417 6631
10417 11266
10417 14317
10417 16500
10417 23091
10417 23570
10417 24415
10425 11927
10431 17049
10444 7605
10444 9118
10451 7937
10451 23660
10454 17088
10456 17692
10457 9549
10457 11903
10457 12332
10457 13954
10457 16587
10457 18416
10460 6891
10460 8647
10460 11071
10460 15658
10460 23512
10460 23734
10461 11735
10482 24452
10485 5369
10495 12050
10495 13506
10498 11462
10499 3134
10513 17802
10530 7696
10530 11931
10540 11851
10542 19893
10559 5835
10561 17962
10561 22749
10562 7840
10562 9418
10562 21072
10562 23371
10581 8627
10593 7915
10596 13470
10613 2409
10613 11149
10613 12293
10613 24175
10619 2885
10619 3334
10619 6916
10619 20649
10619 22520
10619 23501
10623 16700
10624 17075
10624 21769
10659 381
10681 8684
10681 14461
10681 20586
10710 23698
10719 9914
10727 9953
10753 9582
10756 9033
10761 11303
10761 21449
10764 3238
10764 23644
10771 18295
10824 9606
10824 9996
10824 10800
10824 21041
10824 22036
10824 23965
10825 1414
10835 1184
10835 15519
10835 16879
10835 19417
10843 7079
10864 11044
10864 12230
10874 23212
10890 16582
10920 1971
10920 2938
10920 4366
10920 6224
10920 11118
10920 12618
10921 8251
10921 17381
10925 20501
10933 17514
10947 11197
10951 18235
10956 1312
10956 7997
10956 13551
10956 15371
10956 16969
10956 17544
10956 19809
10956 20237
10956 21450
10956 22896
10957 1414
10957 3986
10957 7046
10957 8851
10957 15499
10957 20980
10966 6311
10967 1165
10967 2858
10967 21558
10970 3131
10971 6523
10972 6652
10979 6881
10979 9910
10979 10061
10979 10357
10983 14145
11002 13003
11007 424
11007 6765
11007 7914
11007 10409
11007 21184
11014 3890
11014 18795
11014 22764
11018 16496
11018 22899
11026 11260
11026 17492
11047 616
11047 18738
11056 15528
11056 20700
11063 161
11063 4288
11063 4842
11063 19939
11080 18186
11080 18763
11080 20254
11083 20831
11097 16519
11097 20764
11108 22639
11125 4192
11125 20014
11125 21866
11125 22405
11126 111
11126 24516
11132 7639
11134 1152
11134 2646
11134 12279
11134 16207
11134 21959
11134 23030
11134 23090
11134 24564
11152 1937
11152 2142
11152 4290
11152 4864
11152 6354
11152 7276
11152 9373
11152 12685
11152 15427
11152 15615
11152 16399
11152 16635
11152 20576
11152 21697
11152 24064
11155 1227
11166 872
11166 1655
11166 4215
11166 13998
11166 17927
11166 21874
11166 22792
11175 19396
11178 10843
11178 12332
11178 13925
11178 14302
11178 24455
11187 8387
11211 3210
11216 7215
11217 9295
11217 12942
11244 4581
11244 17563
11262 17119
11262 17145
11262 21033
11262 21807
11283 3183
11283 20319
11283 20335
11283 22730
11283 22811
11283 23671
11290 18479
11303 8559
11306 18841
11306 23863
11317 11451
11343 1016
11343 10049
11354 20890
11354 21213
11356 8199
11356 21495
11377 7318
11406 13224
11406 20484
11412 853
11412 1155
11412 13002
11412 23512
11415 18180
11418 8844
11458 1570
11458 15634
11467 2276
11467 16635
11467 23050
11478 66
11484 14413
11484 16008
11484 17572
11484 21510
11488 9070
11503 872
11503 9316
11503 9914
11503 12100
11503 15038
11503 15789
11503 19353
11503 21184
11504 3175
11504 7856
11504 11071
11504 15233
11504 19324
11508 3272
11508 4192
11508 8795
11508 17614
11508 18082
11508 19656
11508 24391
11559 18837
11589 19741
11599 400
11599 11267
11599 13130
11599 15109
11599 18012
11599 20809
11599 20878
11603 23329
11613 14515
11613 23371
11614 11945
11615 1751
11618 2792
11618 6115
11658 21165
11660 20810
11682 2383
11687 5386
11687 7233
11687 8408
11687 9313
11687 13072
11687 18416
11687 18893
11687 20520
11692 2894
11692 7258
11692 9099
11692 12324
11692 14767
11696 7318
11696 9513
11710 5999
11713 19831
11719 5663
11724 9517
11724 11718
11724 14900
11724 22465
11725 16714
11734 9666
11761 2329
11761 12437
11761 18641
11764 287
11764 7497
11764 12001
11764 15490
11770 6077
11774 4534
11774 11031
11774 15538
11780 22001
11784 5782
11784 7242
11793 24035
11799 11597
11800 8844
11800 10780
11818 9663
11822 14814
11837 10843
11846 12883
11851 19779
11871 17923
11888 24168
11890 1072
11890 17114
11890 20746
11890 23161
11907 4504
11907 19407
11920 16365
11929 17768
11943 15792
11946 8489
11953 19777
11968 1072
11968 16929
11971 19249
11976 2786
11976 3079
11976 14958
11990 15470
12003 15724
12003 17394
12003 17711
12009 534
12013 21897
12021 6432
12044 3440
12044 7442
12051 6820
12053 7358
12060 5737
12060 12227
12060 17895
12060 21874
12072 6912
12076 7192
12078 23838
12080 15276
12085 3202
12085 20357
12103 8073
12103 11924
12103 20006
12103 20066
12112 24099
12120 3705
12144 17895
12147 9994
12152 5494
12155 7775
12155 19671
12158 22707
12168 1914
12168 4461
12168 23090
12171 5139
12171 8977
12171 16353
12178 10023
12198 19543
12199 23976
12204 2534
12204 3362
12204 7597
12204 14520
12204 16722
12217 3384
12217 9046
12217 11818
12217 13030
12217 14077
12217 16925
12224 1026
12224 16524
12224 17007
12224 17083
12224 18842
12227 7517
12227 9582
12227 18958
12234 12252
12260 16126
12268 6652
12268 10837
12268 20362
12283 1749
12283 4079
12283 12067
12283 16243
12283 19755
12283 20283
12288 12320
12291 21858
12300 2222
12300 3196
12300 3576
12300 12522
12301 13244
12303 2994
12305 7424
12305 12482
12305 15898
12306 334
12306 7951
12306 11757
12306 15702
12306 18236
12306 19074
12306 22372
12306 24116
12306 24407
12319 3548
12323 10843
12323 17792
12342 8029
12346 20184
12348 6708
12350 8622
12350 20274
12362 16858
12362 17825
12362 21520
12362 23904
12372 24517
12374 13244
12383 24067
12383 24168
12386 1102
12392 18290
12418 1216
12418 11188
12418 14757
12418 14814
12419 9067
12419 23311
12429 24437
12430 17510
12430 18178
12430 23212
12438 2324
12452 20123
12459 648
12459 1813
12459 17693
12460 2792
12467 1430
12467 6678
12467 8891
12467 8917
12467 9842
12467 16720
12467 18546
12468 3669
12468 5591
12468 13313
12472 23371
12474 11181
12479 5939
12479 10915
12479 17147
12479 18041
12479 24181
12488 16778
12489 8309
12489 13306
12489 20270
12494 1509
12499 10291
12499 16539
12499 21889
12499 23091
12519 4378
12526 24200
12553 529
12553 24272
12565 12481
12565 19204
12568 16958
12569 4803
12569 7233
12569 7992
12569 8652
12569 18416
12578 9988
12578 11266
12578 21264
12578 23525
12583 21152
12595 4504
12611 11260
12611 19126
12615 5492
12615 24299
12633 15289
12634 2276
12634 4864
12634 22130
12634 22564
12634 24110
12645 5519
12645 10642
12647 7595
12655 938
12655 1037
12655 10357
12655 13080
12655 16322
12655 20476
12655 24373
12658 17692
12675 1004
12683 595
12691 22376
12707 4504
12729 12253
12738 16830
12738 19160
12738 21910
12748 15038
12748 20911
12756 1104
12756 9031
12756 21767
12759 3841
12764 21788
12769 15163
12771 22
12772 9256
12772 18911
12779 902
12784 9722
12791 15370
12802 5229
12802 8379
12803 20164
12814 7939
12842 4454
12842 16930
12842 23201
12854 23507
12871 1219
12871 15070
12871 15197
12871 17359
12871 21779
12880 21263
12881 4864
12881 7276
12881 11698
12881 14233
12881 14778
12881 16736
12881 19754
12886 4030
12886 17289
12886 20910
12886 22039
12886 22424
12890 5487
12890 14219
12890 15839
12907 20430
12933 5494
12933 10452
12933 15517
12933 19521
12936 15932
12941 21485
12957 11063
12958 4699
12965 10281
12965 18029
12965 19379
12967 13047
12967 18020
12967 18295
12976 14755
12990 17784
12990 18503
12990 21264
12990 21650
12997 3175
13007 8597
13016 10139
13029 8110
13034 9663
13034 11260
13034 19126
13043 5792
13043 11042
13049 3789
13077 7111
13106 8408
13133 4253
13133 20378
13138 20800
13139 16610
13141 7496
13150 14111
13161 15092
13163 14998
13171 19853
13172 2029
13172 8892
13172 12213
13172 14988
13172 21501
13202 16100
13203 3344
13203 3781
13203 18819
13203 19576
13203 20690
13203 22719
13203 23279
13203 24432
13210 11257
13211 2885
13211 16778
13211 19119
13215 558
13215 18531
13216 10869
13221 8968
13235 20474
13264 6004
13273 151
13295 6688
13295 9433
13295 15449
13295 16478
13295 16925
13295 18772
13328 15693
13345 9775
13356 24121
13373 609
13373 1143
13373 8412
13373 18882
13378 16729
13381 22569
13384 3789
13386 9666
13386 12941
13386 24452
13411 2238
13411 3222
13411 7597
13411 8714
13411 12883
13411 13469
13411 13745
13411 20942
13412 18198
13442 6794
13442 17907
13443 7788
13444 1863
13444 3222
13444 5307
13444 7835
13444 15038
13444 18179
13444 20942
13455 6437
13460 9295
13460 9775
13460 16683
13460 18348
13460 19889
13460 20046
13473 3999
13473 8428
13486 13841
13486 18683
13486 19553
13506 8585
13507 7924
13509 3971
13509 6786
13509 10061
13509 11303
13509 13117
13509 21387
13509 23091
13514 11522
13518 12988
13519 11266
13522 20123
13524 4972
13524 13925
13538 12197
13548 15748
13561 17328
13588 7534
13589 7551
13606 12098
13606 20474
13620 1068
13620 3712
13621 2724
13633 11199
13633 16750
13639 10309
13651 6174
13651 13716
13660 2722
13692 7939
13698 5310
13702 4015
13702 21510
13706 10792
13709 11257
13710 8784
13720 10747
13720 17747
13723 18335
13730 16986
13731 1219
13731 7109
13731 10117
13731 16987
13747 9115
13747 11734
13791 2646
13791 4020
13791 6218
13791 16242
13791 22014
13791 23090
13791 23731
13822 7344
13834 19889
13834 20771
13834 21745
13841 3705
13841 16235
13841 17129
13841 20040
13847 442
13847 10985
13847 16478
13850 6601
13850 13397
13878 8046
13878 17463
13880 23674
13883 972
13883 19329
13883 22653
13887 3121
13890 8161
13890 9910
13890 13827
13895 18950
13896 109
13896 162
13896 13631
13896 15887
13904 8298
13904 11971
13907 16351
13907 22364
13917 1110
13917 11104
13917 15630
13917 23505
13920 4504
13920 16727
13920 18724
13920 23290
13922 20730
13935 20745
13942 21184
13955 20838
13965 12548
13965 20951
13973 1729
13973 18416
13978 4379
13983 8354
13983 22227
14009 9591
14013 16313
14014 11676
14019 2276
14019 3302
14019 4441
14019 8873
14019 10821
14019 18678
14019 20935
14019 24258
14050 20134
14050 23201
14056 22846
14075 8161
14100 10013
14107 2792
14107 3907
14107 24082
14117 6600
14127 2068
14149 7489
14149 16242
14149 24564
14153 1129
14153 9582
14153 21506
14157 202
14157 6007
14195 21839
14195 23064
14200 330
14200 14258
14204 249
14204 937
14204 1218
14204 7233
14204 7532
14204 7951
14204 9139
14204 11370
14204 11528
14204 12905
14204 13307
14204 15502
14204 23445
14204 23726
14207 5647
14207 8796
14207 17339
14207 21897
14236 10288
14236 19543
14236 24138
14242 17277
14245 1251
14245 6395
14245 7211
14245 7503
14245 10794
14245 11403
14245 12687
14245 13487
14245 14223
14245 15431
14245 19804
14245 21944
14282 21650
14283 12368
14286 5037
14286 13841
14301 5923
14302 1630
14302 2140
14302 3898
14302 4205
14302 6136
14302 6902
14302 17254
14302 17510
14302 19850
14308 11667
14308 16540
14311 18725
14316 5296
14316 22753
14316 23371
14317 9541
14317 14222
14317 16843
14317 24101
14328 20839
14328 22149
14338 1892
14338 4357
14338 10065
14338 18017
14338 22412
14344 21339
14358 5634
14359 2757
14359 11136
14359 18455
14362 16139
14366 8375
14366 15479
14371 10348
14381 7006
14381 10286
14381 14389
14396 8872
14452 5592
14452 10213
14475 21873
14476 10500
14479 2457
14479 12852
14482 11071
14482 11641
14482 14495
14485 50
14485 330
14485 14258
14502 13278
14502 15066
14508 5616
14508 22072
14508 24547
14511 4303
14535 22281
14538 2792
14538 12936
14543 4669
14553 6447
14560 16390
14583 6662
14583 7978
14589 7880
14589 18441
14589 21510
14589 23532
14598 1011
14598 2958
14603 23447
14609 8181
14609 20897
14609 21104
14613 1538
14626 259
14629 22079
14640 5737
14640 6755
14640 16121
14652 7114
14653 6695
14653 7915
14653 10904
14653 15427
14653 16736
14653 24618
14671 12942
14673 7080
14684 6732
14684 15045
14684 17763
14719 11207
14720 128
14720 7751
14723 11934
14723 21643
14726 7706
14726 10171
14726 16263
14733 3692
14733 6462
14733 18086
14738 6581
14738 19754
14742 5984
14742 17184
14750 10904
14769 5447
14769 15605
14769 20468
14786 3658
14786 20270
14793 8787
14802 11976
14808 18602
14823 22599
14825 6652
14835 17732
14864 14283
14875 7624
14875 8660
14881 66
14881 287
14881 17927
14881 18442
14881 20614
14881 21874
14885 1879
14885 2536
14892 13938
14894 18307
14897 16163
14906 6831
14915 3519
14915 5503
14915 17252
14930 10884
14930 16754
14938 12920
14938 16858
14938 16931
14938 21952
14938 23904
14946 7004
14949 587
14949 665
14949 15243
14949 17958
14949 21373
14949 23820
14950 16727
14951 15914
14962 2058
14962 2179
14962 8558
14962 20910
14962 24584
14967 16506
14974 17224
15000 9666
15006 1184
15009 16397
15024 11418
15025 18020
15030 11418
15035 1964
15040 10551
15040 11169
15043 4083
15047 4189
15076 4698
15076 11736
15105 4648
15105 23569
15119 3229
15148 3789
15170 4942
15173 17075
15174 475
15188 5594
15188 6644
15188 17248
15188 24253
15189 2085
15191 8928
15196 4482
15199 12679
15206 12393
15236 650
15236 778
15236 5591
15236 5799
15236 6027
15236 7425
15236 8410
15236 12213
15236 12279
15236 19682
15236 21501
15245 19245
15246 823
15265 4812
15265 21313
15268 15086
15273 9552
15273 19221
15292 2632
15292 19428
15293 18430
15301 6802
15301 9862
15301 16070
15301 22767
15301 22831
15307 18738
15319 19739
15323 20005
15404 675
15413 9949
15439 2885
15439 8247
15445 14322
15445 18688
15451 19204
15462 12005
15479 16067
15481 1261
15516 20357
15533 12050
15533 16843
15533 20048
15547 9295
15547 12942
15548 14288
15557 5631
15557 6040
15557 7456
15557 20629
15588 8864
15588 14261
15616 13110
15626 20389
15628 19601
15630 1220
15631 12085
15632 22415
15662 11902
15666 334
15666 365
15666 561
15666 14294
15669 9020
15676 9295
15693 8969
15693 10472
15693 13925
15693 15372
15693 23071
15700 2278
15700 20288
15703 8471
15703 10237
15710 15112
15725 5924
15725 6585
15732 16859
15732 20025
15732 21090
15782 568
15812 6901
15813 3288
15813 22709
15813 24326
15815 10498
15822 4261
15822 18416
15843 18
15843 351
15843 2920
15843 4101
15843 13017
15843 13555
15843 18274
15844 1219
15844 20270
15846 29
15846 5204
15846 9794
15846 12035
15846 12820
15846 13958
15846 15070
15846 19443
15846 22114
15858 11926
15876 17351
15877 7532
15894 10340
15894 21994
15910 20973
15915 2374
15932 2473
15932 3756
15932 15313
15958 8914
15965 3726
15970 13072
15974 15641
15979 19130
15980 627
15980 7464
15996 3183
15996 4215
15996 4604
15996 12412
15996 20473
15996 23383
16002 1705
16002 3778
16002 5507
16002 5753
16002 5882
16002 6291
16002 6550
16002 11329
16002 12771
16002 13135
16002 15245
16002 15808
16002 17097
16002 19848
16002 19970
16002 20382
16002 20435
16014 17974
16021 2547
16021 16850
16039 529
16039 3739
16039 5322
16039 5460
16039 7753
16039 13260
16039 13808
16039 14695
16040 7696
16040 12343
16040 15764
16040 20698
16043 15001
16048 12615
16060 21510
16064 1261
16066 10243
16073 1937
16073 5274
16073 6462
16073 6932
16073 7816
16073 8298
16073 9092
16073 17350
16073 23094
16078 12315
16078 15551
16078 16743
16078 20605
16089 13144
16089 23951
16097 12165
16098 18020
16107 20134
16110 13677
16112 4575
16112 7120
16112 13759
16112 20227
16132 3216
16132 7110
16132 7358
16133 3774
16143 6872
16148 829
16149 4278
16149 12574
16149 16778
16173 3536
16173 3602
16173 4674
16173 5012
16173 12367
16173 12680
16174 6115
16174 7114
16174 7840
16174 16722
16177 1448
16184 5494
16184 12334
16184 16122
16189 641
16189 712
16189 936
16189 1136
16189 1411
16189 2468
16189 4101
16189 5704
16189 7645
16189 9340
16189 10409
16189 11201
16189 12005
16189 12566
16189 12876
16189 12927
16189 13123
16189 13397
16189 13481
16189 14280
16189 14403
16189 14847
16189 15591
16189 16115
16189 16197
16189 16832
16189 17168
16189 17251
16189 18544
16189 18734
16189 20247
16189 20849
16189 22114
16189 22311
16189 22885
16189 23412
16196 9295
16207 516
16207 1970
16207 8945
16207 10855
16207 12582
16207 14626
16207 16700
16207 17364
16207 18697
16207 19090
16240 3994
16240 19533
16253 4542
16253 10980
16253 13911
16253 21737
16255 13072
16263 2059
16286 16842
16287 5434
16287 13324
16287 23064
16288 398
16288 3943
16288 5012
16304 10617
16309 3841
16309 6669
16309 9585
16309 24276
16311 22718
16318 9743
16322 8928
16322 14520
16331 6115
16331 22390
16342 1442
16378 10930
16383 4883
16383 14847
16386 2091
16386 6786
16386 7951
16386 8408
16386 12905
16389 12963
16389 13931
16389 20910
16390 19754
16390 20839
16393 872
16393 9582
16393 13003
16393 18685
16393 21041
16401 6662
16401 7304
16401 11307
16401 13052
16401 15221
16401 16743
16401 24564
16405 13925
16408 5035
16432 6898
16432 11657
16432 23177
16449 3953
16449 4972
16451 980
16451 2298
16451 3986
16451 10730
16451 15843
16451 17175
16451 20980
16451 21406
16451 23449
16456 7197
16456 11721
16456 16873
16456 18660
16471 3253
16471 6453
16471 6614
16471 9445
16471 16418
16471 24506
16473 3881
16473 12821
16473 13841
16473 15528
16473 15715
16499 15125
16504 2604
16504 14535
16507 16449
16522 5866
16522 14716
16522 20254
16524 10048
16531 18262
16533 12097
16544 10773
16556 18135
16588 22760
16620 3942
16620 4015
16620 6523
16620 7192
16620 10930
16620 11373
16620 17323
16620 17341
16620 19996
16620 21510
16620 22381
16623 15830
16623 22380
16628 10635
16628 22764
16628 23915
16630 7852
16644 2648
16644 17406
16648 2699
16648 2792
16648 4979
16648 6115
16648 7114
16648 14145
16648 18724
16648 22287
16648 22753
16649 1414
16649 9582
16649 10265
16649 10588
16649 13329
16649 20178
16649 23538
16660 5702
16662 20775
16673 944
16687 7735
16687 23403
16700 21485
16703 14677
16716 22390
16723 5111
16723 13072
16723 18416
16723 19074
16723 21879
16729 9424
16731 6443
16756 12050
16757 4533
16757 7170
16757 17090
16773 771
16773 15432
16780 11451
16781 3629
16781 4015
16781 6820
16781 8683
16781 9594
16781 11370
16781 13809
16781 14074
16781 16109
16781 16720
16781 17798
16781 18782
16781 19160
16781 20305
16782 21485
16783 16727
16796 6786
16796 7080
16796 10334
16796 15600
16797 12492
16797 13639
16798 14139
16798 15376
16799 352
16799 6611
16799 11350
16799 12107
16799 17596
16799 18503
16799 19318
16799 20624
16799 22652
16799 23525
16799 23555
16799 24376
16799 24464
16813 5725
16813 19859
16817 3337
16817 9582
16817 10060
16817 12451
16817 21656
16818 11060
16821 8914
16822 2102
16822 20365
16822 20731
16840 5274
16840 8738
16851 427
16856 4980
16870 14169
16876 17488
16876 21567
16882 6717
16882 24145
16886 1022
16886 1400
16886 1805
16886 3399
16886 3916
16886 4544
16886 6770
16886 10967
16886 12569
16886 12894
16886 13239
16886 13995
16886 19010
16886 22662
16899 6496
16904 1374
16906 4017
16906 21302
16914 1165
16927 9092
16969 22653
16986 14763
16986 24583
16996 2592
17005 7696
17005 18461
17014 2592
17016 3354
17029 5259
17029 5694
17029 9035
17029 14429
17029 17007
17029 18459
17029 18599
17038 691
17038 1309
17038 2546
17038 6334
17038 7220
17038 8303
17038 9507
17038 9605
17038 10904
17038 11704
17038 12620
17038 13202
17038 13936
17038 16736
17038 18678
17038 19593
17038 20839
17038 21697
17038 21734
17038 23050
17038 23683
17042 1076
17046 235
17048 3772
17048 19683
17078 3898
17078 4366
17078 18307
17081 9425
17082 3692
17088 11312
17094 2727
17094 18416
17097 7114
17102 19121
17125 17168
17144 11313
17153 1169
17153 13922
17175 20874
17198 3569
17206 2231
17213 11279
17227 12097
17236 5295
17236 7879
17236 12231
17236 12921
17236 12936
17236 15070
17236 18649
17236 18724
17236 23862
17239 15237
17241 3173
17241 4874
17241 9340
17241 14524
17241 14545
17241 14766
17241 15461
17241 17375
17241 20137
17241 20539
17241 21731
17242 7002
17242 19479
17248 2208
17273 17615
17281 11126
17281 13718
17283 22
17283 14515
17283 23371
17294 2174
17294 12648
17294 18883
17332 4314
17332 20518
17346 6462
17346 9092
17346 13027
17346 21390
17346 23943
17363 11408
17363 14709
17363 16263
17408 300
17408 434
17418 14221
17421 6394
17444 10832
17444 18869
17461 17488
17479 559
17479 5027
17487 441
17487 4147
17495 15609
17496 2523
17496 19271
17497 989
17497 10980
17515 3576
17516 23569
17518 11005
17533 13399
17539 20878
17546 18950
17558 19796
17568 21143
17591 6596
17591 21302
17612 24509
17621 16955
17624 6534
17624 8143
17624 10251
17624 14296
17624 17506
17624 19417
17628 387
17628 2403
17628 10630
17628 11560
17628 20171
17628 24612
17654 4359
17654 7791
17654 19175
17656 4421
17656 10706
17656 15055
17656 20048
17656 21450
17657 3183
17657 14468
17665 287
17665 3362
17666 7057
17668 954
17699 5317
17700 16123
17700 18725
17700 18821
17705 8406
17712 17165
17718 3692
17718 6462
17720 4426
17720 5455
17720 5978
17720 6020
17720 9706
17720 13484
17732 7318
17745 12002
17747 4139
17747 8561
17750 4403
17768 14520
17768 17996
17771 12823
17772 7886
17779 3993
17779 5861
17779 11704
17793 5702
17793 15528
17793 19074
17793 20676
17795 1654
17818 14202
17818 20986
17824 1236
17824 1810
17824 11469
17824 18646
17824 23458
17841 19685
17843 7304
17843 15551
17844 2954
17844 6407
17844 8327
17844 9585
17844 14388
17844 14520
17844 15675
17844 18185
17847 7358
17858 11752
17858 15078
17859 1538
17859 13704
17859 21650
17869 20023
17874 9679
17877 23167
17904 10225
17907 4648
17907 16578
17907 23514
17928 2714
17928 4983
17928 11890
17928 20023
17936 5631
17947 2908
17965 158
17965 288
17975 20134
18002 9414
18002 9744
18002 23980
18007 178
18010 1125
18010 13841
18010 14421
18019 334
18019 872
18019 4215
18019 7876
18021 1801
18021 5848
18021 13119
18021 16154
18021 23200
18023 482
18023 1105
18023 3821
18023 5069
18023 5878
18023 7775
18023 8175
18023 8681
18023 9061
18023 10072
18023 19671
18023 21455
18026 9020
18036 10656
18037 22014
18038 20586
18040 3087
18040 8946
18040 16519
18040 18375
18040 21940
18049 22
18049 4504
18049 15070
18060 21741
18060 22291
18066 4707
18066 19355
18078 15963
18078 16956
18079 9091
18079 10904
18079 13047
18089 2100
18089 23759
18125 4419
18125 5006
18125 8851
18125 9164
18125 9337
18125 11160
18125 13329
18125 14286
18125 14834
18125 14963
18125 16121
18125 17069
18125 17923
18125 18734
18125 19149
18125 19446
18125 20328
18125 20539
18125 20994
18125 22436
18131 1058
18133 4828
18133 17545
18148 7182
18156 5753
18156 7012
18156 10357
18161 6146
18162 10480
18169 3298
18169 11206
18169 16395
18169 22918
18172 23243
18189 6965
18189 24299
18193 17918
18216 19714
18221 14357
18222 6593
18222 6954
18222 12050
18222 15371
18222 24124
18238 16
18238 1093
18238 5280
18238 8550
18238 11725
18238 21446
18238 24557
18240 20353
18252 3789
18252 13938
18263 3142
18273 2592
18293 3778
18293 11604
18298 8787
18298 15827
18300 19696
18323 1914
18323 7553
18323 20171
18323 22014
18330 10162
18334 14863
18340 22306
18364 14960
18366 23607
18376 11750
18380 10591
18380 14945
18380 16291
18391 9295
18391 19061
18412 3425
18417 15043
18446 15070
18461 10265
18469 8133
18469 8568
18469 12738
18480 3411
18487 2966
18487 21229
18487 21713
18490 1961
18494 20680
18494 21008
18496 15001
18500 6354
18501 6354
18501 6695
18501 8524
18501 24365
18509 10840
18509 13100
18509 18086
18509 19239
18509 22666
18513 16300
18514 2329
18517 2955
18517 2990
18520 920
18520 16414
18537 7427
18537 7829
18537 12612
18537 19779
18537 23512
18544 21478
18554 178
18554 6255
18556 737
18556 12200
18560 7814
18560 9313
18560 21751
18575 3573
18575 3837
18575 8730
18579 7322
18593 3622
18593 10483
18593 13442
18596 6115
18596 7840
18604 11204
18604 11299
18615 13224
18615 13925
18624 3156
18624 9132
18624 9763
18624 17341
18624 21510
18633 1635
18633 10866
18633 18510
18633 18734
18640 1356
18640 2522
18640 14230
18647 6786
18647 14564
18647 17359
18649 9096
18666 3279
18666 6462
18666 23630
18669 16247
18669 23410
18674 1544
18674 14545
18685 2443
18685 8916
18685 10049
18685 17702
18685 23525
18686 1727
18696 11481
18734 7012
18744 12238
18753 22
18753 12936
18756 2574
18756 7259
18756 9298
18756 14762
18760 13789
18761 3841
18774 4942
18774 15942
18774 22067
18774 24490
18779 3665
18784 3841
18784 16062
18784 20134
18794 2457
18800 8803
18800 11807
18800 11814
18802 5225
18808 15605
18808 16119
18808 19161
18809 13146
18817 19598
18820 20288
18821 893
18821 1549
18821 17815
18837 517
18837 881
18837 4206
18840 3789
18844 10942
18844 12275
18854 1433
18854 3329
18854 4535
18854 10477
18854 12891
18854 15429
18854 15726
18854 17823
18854 20036
18857 840
18857 7975
18870 22
18875 3623
18875 17775
18895 1184
18901 18919
18910 980
18910 1387
18910 4091
18910 21979
18910 24368
18917 11812
18940 9582
18940 21184
18957 19348
18976 7710
18980 14169
18982 16833
18990 3923
19003 11965
19003 23280
19006 10151
19011 10859
19013 12973
19042 12836
19047 10621
19062 20419
19069 11792
19074 10808
19089 4461
19094 14576
19099 10805
19100 2695
19100 13307
19100 16212
19107 22930
19109 3453
19109 9295
19109 12973
19109 19853
19131 18919
19131 24095
19142 2573
19142 3720
19142 8307
19142 8419
19142 11244
19142 11903
19142 13072
19142 13841
19142 13925
19142 15715
19142 23393
19149 16565
19149 18360
19176 7930
19176 12158
19176 17032
19179 17498
19183 22560
19214 2634
19214 15053
19215 5631
19219 13949
19219 17233
19219 22018
19225 2276
19230 867
19231 7215
19235 5631
19240 9251
19240 17806
19241 2320
19241 4395
19241 5351
19241 6576
19241 6940
19241 6963
19241 8505
19241 9059
19241 9295
19241 9418
19241 13945
19241 14545
19241 14963
19241 16727
19241 18381
19241 18437
19241 21021
19241 22384
19241 23726
19264 10187
19264 13646
19264 21851
19267 11303
19269 734
19269 1122
19269 2822
19269 8215
19275 3214
19275 4324
19275 21726
19275 21734
19276 12838
19282 1100
19282 11086
19282 13641
19282 14626
19282 24274
19290 228
19290 7489
19290 18295
19290 20254
19290 23167
19291 1108
19291 17177
19293 10655
19299 3214
19299 18020
19315 8488
19320 90
19320 802
19320 1471
19320 6351
19320 7975
19320 9764
19320 10598
19320 14164
19320 21510
19321 2511
19321 6786
19321 14564
19321 21342
19321 23525
19341 2194
19341 7233
19342 2792
19342 20945
19343 8851
19343 23915
19350 16067
19350 18879
19353 8371
19363 6541
19364 506
19382 1057
19382 18386
19438 9062
19438 20362
19442 6600
19462 14535
19463 5725
19463 7147
19463 14716
19463 18279
19463 18924
19463 19126
19463 19859
19465 19028
19465 21629
19470 3911
19470 13639
19470 14817
19471 23930
19475 17704
19476 9856
19483 2068
19483 2792
19483 4504
19483 17904
19494 20640
19501 14801
19501 22856
19502 13052
19516 2881
19516 20176
19516 23416
19521 18734
19571 23618
19575 4083
19575 14535
19575 16909
19575 20520
19577 11976
19577 14532
19577 16687
19577 18882
19577 20175
19614 18921
19616 10742
19623 4167
19623 5812
19623 17441
19623 20389
19629 8054
19649 21406
19659 22707
19661 13105
19661 16463
19661 18785
19661 24377
19663 22348
19686 19876
19688 14441
19712 7136
19726 16109
19728 12410
19744 18694
19760 6398
19774 1165
19776 23513
19782 7538
19782 10086
19790 1672
19790 2943
19790 11980
19790 23053
19796 8097
19798 8356
19803 18921
19803 22736
19804 19859
19819 23831
19821 2095
19821 12102
19821 13031
19821 17801
19821 19028
19822 377
19822 9038
19823 3273
19834 20832
19841 2705
19841 19024
19844 9020
19850 542
19850 19787
19851 3836
19851 13470
19855 9135
19855 17533
19871 9625
19871 10033
19871 15001
19871 16557
19873 1098
19873 10890
19873 16543
19889 23827
19906 12698
19912 5723
19916 18234
19916 20435
19918 13072
19918 14564
19918 21449
19928 19212
19937 8861
19967 11197
19967 18669
19974 8740
19979 373
19979 13002
19979 22014
19993 8741
19997 13951
20003 3783
20015 20267
20015 24319
20032 2253
20034 23090
20054 22
20054 54
20054 980
20054 1471
20054 1884
20054 1945
20054 2556
20054 2634
20054 3453
20054 3607
20054 3863
20054 3982
20054 4382
20054 4504
20054 4699
20054 4906
20054 5667
20054 6158
20054 8097
20054 8244
20054 9096
20054 9116
20054 9277
20054 9634
20054 10065
20054 10246
20054 10872
20054 10956
20054 12100
20054 12118
20054 12788
20054 12851
20054 12936
20054 13198
20054 13910
20054 14735
20054 15643
20054 16187
20054 16524
20054 16722
20054 17632
20054 17891
20054 19138
20054 19783
20054 20677
20054 21263
20054 21635
20054 23020
20054 23118
20054 23212
20054 23688
20065 13744
20067 22608
20069 11277
20071 13008
20071 17077
20080 8574
20084 21485
20089 20550
20091 9463
20096 1434
20110 8894
20116 4131
20116 16400
20116 20450
20136 980
20158 12905
20159 13656
20169 52
20169 8043
20169 13027
20184 22052
20186 529
20186 4324
20186 13547
20186 14527
20186 21726
20186 23203
20188 2329
20202 18448
20219 6675
20237 7045
20237 22932
20250 9831
20251 14167
20282 9663
20282 14716
20282 17456
20282 19126
20286 15911
20306 19118
20312 597
20312 7840
20312 9582
20337 3236
20337 3677
20337 9582
20337 21012
20341 13958
20341 19155
20352 7268
20352 9163
20357 11669
20368 334
20370 18295
20372 6476
20372 11335
20429 4878
20429 15638
20435 4402
20435 12266
20435 22392
20445 22736
20453 736
20453 4431
20459 1892
20472 11388
20472 24452
20476 21751
20485 2139
20485 7996
20490 22
20490 4504
20501 12408
20501 16045
20501 16825
20501 19559
20508 18929
20508 20331
20508 22032
20513 22978
20513 23600
20536 7318
20536 7334
20536 17802
20536 20476
20539 18768
20543 19119
20544 23604
20546 7937
20546 19321
20553 14090
20553 21670
20560 2911
20571 5408
20575 16329
20578 2724
20578 7992
20578 10314
20578 15837
20578 17252
20578 18772
20583 24049
20596 15878
20610 8213
20610 9927
20610 16897
20633 20663
20636 5976
20639 6520
20640 287
20644 2594
20644 12092
20644 17359
20645 6673
20652 11451
20652 13375
20666 93
20689 6598
20710 22424
20732 21787
20736 1788
20736 12367
20736 12876
20736 15173
20745 8578
20745 21111
20764 12050
20764 21804
20766 3437
20766 12591
20766 13852
20776 11569
20776 19408
20776 19759
20778 10325
20778 16610
20783 8181
20783 23720
20800 478
20800 2655
20800 3696
20800 19759
20800 23243
20800 23507
20801 5317
20829 5330
20829 15071
20829 21218
20835 12973
20835 17564
20837 7744
20837 21955
20842 3239
20842 7427
20856 22
20885 2416
20891 2953
20891 10064
20891 13392
20891 13501
20893 17856
20914 15008
20915 16986
20930 16605
20931 9910
20931 13954
20944 7425
20944 8252
20963 15880
20965 1165
20966 13576
20971 1177
20991 8104
20994 4504
20994 4571
20994 4699
20994 5002
20994 6407
20994 15070
21000 11260
21002 13003
21008 228
21012 8895
21014 6651
21014 16339
21046 4648
21060 24059
21064 5759
21064 6877
21077 4303
21085 8765
21095 8412
21095 9992
21095 11976
21106 12451
21106 14963
21108 11827
21111 22666
21113 408
21115 2096
21119 778
21119 3638
21119 3669
21119 4980
21119 5591
21119 6027
21119 13313
21119 23167
21132 3412
21148 2576
21161 7002
21167 3991
21167 8981
21167 11699
21175 1504
21182 11044
21193 11479
21193 15382
21200 10434
21201 19118
21213 21263
21218 11132
21218 15271
21218 17165
21221 3476
21221 5415
21221 6390
21221 11431
21221 12224
21221 13588
21221 15519
21221 16944
21221 19440
21221 20387
21222 373
21222 1700
21222 4585
21222 22608
21260 1192
21264 11296
21274 1896
21274 2457
21290 3333
21290 11550
21299 4699
21300 4553
21301 20288
21306 3434
21306 19804
21310 15052
21313 1937
21323 14589
21329 5475
21329 12285
21331 16832
21332 943
21332 16722
21332 22707
21342 348
21342 12152
21342 23481
21348 13397
21361 1283
21361 2728
21361 6662
21361 7425
21361 8410
21361 8685
21361 14332
21361 24036
21362 6820
21364 516
21364 1211
21364 1595
21364 1699
21364 4261
21364 4270
21364 5097
21364 7512
21364 8175
21364 21296
21364 21941
21364 24377
21377 11818
21377 11903
21377 18416
21404 7409
21407 5416
21409 731
21409 2628
21409 2966
21409 7358
21409 8098
21409 19876
21439 4771
21440 8643
21440 15070
21463 4253
21463 19639
21463 21377
21463 23578
21471 11192
21471 11538
21495 13631
21509 8844
21509 10780
21511 866
21529 14403
21534 20448
21535 15574
21555 18260
21556 283
21556 11752
21561 2822
21561 24039
21585 4917
21585 13399
21596 11971
21607 2278
21607 3988
21607 8183
21607 20321
21613 17615
21613 24518
21620 688
21620 22395
21632 12685
21633 2822
21633 9295
21633 17131
21654 15355
21655 7639
21655 22239
21663 1007
21663 1382
21663 3623
21663 5753
21663 9344
21663 16402
21663 22856
21663 22902
21665 4294
21665 10029
21665 19154
21690 19294
21691 17879
21699 1823
21708 22943
21718 11065
21718 13224
21722 3692
21728 11021
21760 516
21760 5097
21760 8401
21760 16700
21760 21302
21763 13375
21778 4253
21803 23508
21823 9775
21847 2588
21847 19017
21863 7258
21863 23420
21868 859
21870 16407
21891 1104
21891 3732
21891 9483
21891 10904
21891 20879
21895 17627
21905 23421
21912 8147
21912 17548
21912 22813
21915 4079
21915 8795
21915 22847
21915 23420
21926 21846
21967 9351
21973 3841
21973 4541
21989 2673
21996 13868
22004 1376
22011 6746
22018 2231
22020 2860
22020 9317
22020 18058
22020 19918
22034 14452
22035 6078
22044 13307
22044 15502
22044 18416
22044 19553
22054 15478
22061 3789
22061 13909
22061 16306
22083 14583
22100 18366
22109 10843
22116 18416
22136 23077
22138 1104
22138 21767
22146 10652
22157 22517
22168 12257
22185 22719
22194 16163
22206 18772
22210 1936
22210 7749
22210 12386
22216 1320
22216 1727
22216 15091
22216 21503
22216 22122
22216 22281
22235 9605
22235 21734
22235 24064
22237 5683
22261 23190
22265 12724
22265 13675
22295 13691
22296 21339
22303 8161
22311 2739
22311 5383
22311 18986
22314 9666
22340 6983
22340 21417
22340 23731
22345 2164
22345 9164
22374 13314
22374 17105
22380 24006
22400 2860
22405 520
22414 55
22414 3184
22414 8969
22414 11505
22414 22795
22415 1440
22415 3622
22415 12217
22415 12230
22415 12285
22415 18566
22419 2695
22419 5434
22419 8408
22419 8419
22419 9469
22422 14677
22423 1172
22423 21516
22428 23731
22435 7192
22446 21386
22452 3048
22463 13375
22474 16863
22487 22719
22489 19853
22516 23928
22517 11871
22517 15138
22519 18362
22524 7588
22524 12980
22524 14583
22524 22719
22534 10330
22534 13008
22539 21987
22543 22257
22553 14012
22564 1882
22568 14160
22575 9304
22581 14713
22594 11260
22605 13290
22605 21804
22633 11212
22633 13506
22694 9298
22718 169
22720 24517
22725 5667
22725 8561
22763 4648
22780 5651
22786 8457
22786 13625
22786 16651
22786 16700
22786 18470
22786 18822
22786 20227
22786 20913
22786 20950
22786 21251
22786 21302
22787 597
22787 872
22787 17694
22787 19204
22796 18130
22808 2627
22808 6313
22808 7897
22808 13958
22808 14690
22808 15971
22808 16097
22808 19283
22815 17183
22829 4114
22834 721
22834 3677
22834 4303
22834 5966
22834 7318
22834 9666
22834 10357
22834 13677
22834 17069
22834 17211
22834 18171
22834 20028
22834 24276
22849 6233
22849 12124
22849 12253
22849 18493
22849 22919
22849 23194
22867 7253
22867 12207
22884 4283
22890 628
22890 4944
22890 8740
22890 23286
22906 10874
22906 11370
22914 19598
22916 7233
22916 7992
22916 8408
22922 14677
22923 13743
22923 14848
22923 20397
22923 21649
22930 8043
22930 8371
22932 14545
22939 1504
22939 8641
22939 22276
22939 22800
22947 2520
22947 2633
22947 4312
22947 5006
22947 5737
22947 8851
22947 9908
22947 10229
22947 11068
22947 17769
22947 17898
22947 18852
22947 20557
22953 11238
22955 10365
22961 650
22961 908
22961 4461
22961 7496
22961 16242
22961 18789
22967 2641
22967 7134
22971 22470
22972 2302
22972 6259
22972 9582
22972 21406
22975 8163
22975 17692
22984 126
22984 18242
22985 13971
22985 15174
22985 16685
22990 478
22990 4366
22990 17711
22992 1165
22992 7215
22992 11926
22997 187
22997 16524
23007 6094
23007 6825
23007 11142
23007 18670
23007 21179
23011 6103
23011 23090
23012 11721
23019 1507
23019 23675
23047 1160
23064 1725
23064 9164
23064 11518
23064 17340
23064 19549
23064 22855
23077 1104
23077 2546
23077 4324
23077 11260
23077 11704
23077 12620
23077 13936
23077 21152
23077 21767
23077 23683
23095 9295
23100 3711
23100 3812
23100 6651
23100 7558
23100 14423
23100 19581
23100 20214
23120 20969
23120 22597
23121 23953
23126 7996
23147 3526
23170 5670
23179 520
23204 1544
23204 4091
23204 4382
23204 4670
23204 11782
23204 16097
23204 16524
23204 19353
23229 1226
23229 21155
23230 2242
23230 21767
23235 3364
23235 13528
23235 16486
23243 20134
23259 12475
23270 8757
23270 10930
23270 16700
23270 20440
23270 21021
23270 22963
23281 16181
23281 22587
23281 24450
23293 13841
23293 15528
23293 17298
23319 8856
23322 9020
23350 4880
23350 19348
23360 20069
23362 6645
23362 15499
23362 21351
23363 6270
23363 18219
23370 163
23370 19611
23395 8523
23412 170
23412 730
23412 943
23412 1136
23412 1945
23412 3765
23412 4215
23412 4379
23412 7114
23412 9585
23412 12408
23412 12852
23412 13370
23412 16478
23412 19407
23412 23290
23415 13841
23415 16372
23415 16925
23415 17298
23415 18416
23415 20905
23421 15156
23421 19481
23427 19553
23432 3356
23432 8083
23432 9624
23432 9878
23432 13348
23432 15331
23432 21842
23434 12936
23441 15754
23455 8379
23462 18451
23464 5494
23474 6718
23477 7018
23502 17328
23503 1831
23507 20288
23510 9295
23510 19853
23519 13925
23534 9266
23536 23722
23556 616
23556 20484
23570 17280
23575 1750
23575 2646
23575 2811
23575 8598
23575 15870
23575 20270
23589 7972
23589 13002
23589 16242
23589 20550
23597 7551
23597 14230
23597 19582
23597 23064
23597 23119
23599 20036
23608 1993
23608 15071
23614 11287
23618 287
23624 4542
23624 5435
23624 10366
23624 13656
23642 6695
23661 15006
23661 15145
23661 20766
23674 1889
23674 16067
23678 12062
23691 12050
23699 6985
23700 13344
23705 12738
23712 13610
23712 21726
23712 23683
23727 1963
23727 3442
23727 3666
23727 4101
23727 4571
23727 5002
23727 7840
23727 9920
23727 10985
23727 13329
23727 16656
23727 17446
23727 18278
23727 19408
23727 20371
23727 21288
23735 856
23735 7037
23735 18118
23735 18471
23737 2792
23765 1034
23798 6679
23798 7670
23798 9582
23798 10887
23802 14634
23802 16031
23802 20357
23815 12615
23829 18267
23835 1177
23835 4589
23835 7791
23841 429
23841 10196
23841 13375
23841 16006
23845 20400
23850 13442
23858 334
23858 2634
23858 4969
23858 5743
23858 5780
23858 16524
23858 16857
23858 18791
23858 18919
23861 11007
23869 15727
23871 4383
23876 9295
23876 22604
23895 4601
23895 12048
23895 22701
23896 21543
23934 8413
23945 6972
23952 249
23952 10072
23952 15290
23973 3121
23978 1813
23978 15460
23978 23230
23983 480
23983 2805
23983 9134
23983 11362
23983 19120
23990 2979
23994 19749
24006 14532
24012 2856
24012 3183
24012 4320
24012 5309
24012 6463
24012 8641
24012 8803
24012 9206
24012 10333
24012 10874
24012 12973
24012 16097
24012 18092
24012 18283
24012 18705
24012 19853
24012 22219
24012 22811
24012 23152
24045 15530
24045 16170
24049 17605
24072 1570
24072 21339
24081 3018
24081 6462
24081 7917
24081 13100
24081 22787
24084 498
24084 1327
24085 7803
24085 8886
24085 17289
24086 17407
24130 5447
24130 7992
24130 14756
24130 18416
24134 7185
24146 6956
24148 1510
24148 5274
24148 6462
24148 6932
24148 11971
24148 23094
24148 23630
24165 3810
24165 23654
24184 11181
24206 7606
24213 1309
24213 22608
24219 11611
24219 11791
24219 13602
24219 15229
24244 3237
24265 19665
24290 15447
24318 18763
24327 5133
24338 17990
24340 2422
24341 23856
24346 13271
24347 1057
24351 12063
24358 5914
24358 15243
24360 23141
24362 23154
24371 2292
24371 21052
24383 2194
24383 7233
24383 7532
24383 8408
24383 8419
24383 13307
24383 18416
24399 2655
24399 5737
24409 2329
24422 6217
24422 9205
24422 15176
24422 19092
24431 24034
24442 7175
24442 11002
24447 1165
24448 5137
24449 1918
24449 15261
24453 13555
24454 4939
24454 5055
24454 9495
24454 17135
24458 1067
24467 989
24486 12941
24488 19754
24510 6095
24515 2404
24531 3620
24531 12720
24537 7236
24549 4303
24555 279
24555 3560
24555 5036
24555 15473
24555 16539
24555 19537
24555 22586
24555 23900
24570 12681
24570 19553
24579 18416
24636 5660
24654 3951
24654 13231
24666 21217
24668 4020
24668 7425
24679 14357
24679 15342
24685 15514
24689 17760
24692 21435
24696 16208
24699 10270
24699 12937
24699 19092
24706 21510
24718 23797
24720 15763
24721 2315
24721 8751
24721 9706
24721 16359
24721 17703
24721 19023
24721 22999
24730 373
24730 18026
24736 13631
24738 1532
24738 2556
24738 5383
24739 17655
24756 375
24756 1323
24756 2986
24756 3306
24756 4017
24756 5096
24756 9132
24756 10321
24756 11822
24756 11884
24756 15171
24756 15660
24756 16938
24756 17341
24756 18546
24756 21201
24756 22557
24756 23532
24783 22978
24786 7318
24791 7334
24791 17802
24792 22376
24794 9115
24794 13954
24794 15528
24794 17110
24794 19543
24797 6262
24797 17802
24800 1867
24813 4068
24813 7165
24813 8879
24813 19166
24850 13808
24853 13072
24860 6600
24867 14648
24873 8425
24873 23878
24875 16073
24889 1189
24889 3142
24889 11981
24889 13164
24889 17389
24889 19962
24889 21957
24889 22052
24889 22196
24893 11937
24893 18625
24893 22856
24907 7353
24908 5254
24911 16811
24921 14757
24921 14814
24982 19258
24995 22164
25001 9359
25001 22936
25011 14385
25011 20134
25014 3102
25014 6786
25014 7727
25014 9910
25014 11303
25017 15120
25023 2770
25023 7358
25023 15185
25023 19474
25036 1838
25036 3097
25049 22719
25057 13562
25091 5859
25091 23562
25134 716
25134 1567
25134 4223
25147 1699
25148 7886
25163 22814
25172 1892
25193 1352
25193 3011
25193 16166
25193 20391
25193 22836
25201 1417
25201 10734
25201 11315
25201 12412
25201 20103
25201 23412
25212 23976
25216 10334
25216 20116
25259 22264
25272 22239
25281 13718
25281 17879
25281 20881
25285 16722
25288 9775
25288 22376
25288 23503
25288 23772
25288 23791
25293 812
25300 1220
25304 569
25325 21128
25326 8097
25334 17105
25338 22630
25351 5460
25357 19383
25387 6746
25387 23814
25388 12788
25392 10694
25394 8757
25401 5232
25404 3121
25404 15907
25404 17066
25415 23313
25420 7997
25420 10689
25420 14714
25420 23922
25427 5075
25427 23057
25437 8413
25445 20797
25447 13952
25460 14202
25461 5253
25469 1914
25497 21486
25505 2055
25509 18431
25509 23481
25509 23690
25512 4959
25512 12127
25512 12180
25517 21381
25518 17380
25526 4083
25526 16696
25531 5037
25531 12905
25531 13072
25531 19755
25532 13393
25546 494
25557 9295
25557 18734
25557 21184
25580 22439
25589 2763
25589 9337
25591 436
25591 13691
25592 15183
25594 872
25594 7233
25594 18986
25594 21406
25613 3157
25614 11260
25614 19872
25621 14074
25641 1122
25641 8215
25641 14164
25642 21495
25654 6351
25657 13612
25661 19543
25670 11260
25670 20288
25707 10843
25725 3412
25740 10994
25740 16351
25744 3216
25744 9582
25768 9744
25768 12973
25768 19853
25768 22811
25770 21510
25785 17222
25787 50
25787 3720
25787 4972
25787 12681
25787 12821
25787 13841
25787 14421
25787 14756
25787 18416
25787 20468
25794 20878
25831 16524
25835 4812
25835 13078
25835 21313
25841 14301
25842 626
25842 729
25842 23763
25847 9198
25862 607
25862 4393
25862 11518
25862 12559
25864 5494
25871 9376
25882 23992
25885 10171
25885 24317
25903 15142
25903 23814
25910 2390
25917 456
25917 3638
25917 13313
25917 14186
25917 16242
25917 23090
25917 24036
25919 7901
25919 8298
25919 8930
25919 13027
25919 13478
25925 9213
25932 22150
25943 18179
25952 2567
25952 4903
25952 7660
25952 8493
25952 9910
25952 9980
25952 10100
25952 20476
25952 24158
25953 21414
26014 5010
26014 10045
26020 443
26048 14586
26055 18029
26055 19294
26058 2329
26064 2142
26064 9605
26064 20363
26064 20576
26072 44
26081 20969
26100 1226
26113 7114
26141 5794
26154 2641
26154 19268
26158 3880
26158 13746
26158 23442
26173 170
26173 2264
26173 2724
26173 21211
26174 1772
26174 19643
26174 24476
26184 3789
26199 10252
26199 12613
26199 13489
26199 18969
26205 11306
26207 17328
26210 6651
26211 7889
26211 14280
26211 23531
26232 12451
26232 16524
26232 18791
26233 550
26233 945
26233 1388
26233 2534
26233 4215
26233 6518
26233 8761
26233 9437
26233 12481
26233 14847
26233 15342
26233 16307
26233 20072
26233 22599
26233 22885
26233 24264
26239 3272
26239 9243
26239 9994
26239 18381
26239 22252
26239 23568
26246 11306
26246 13769
26246 15744
26246 17958
26269 244
26269 494
26269 1660
26269 2188
26269 3281
26269 4695
26269 6576
26269 8382
26269 9184
26269 9965
26269 11189
26269 13884
26269 14466
26269 15869
26269 17584
26269 17905
26269 18567
26269 18744
26269 19217
26269 20882
26269 21150
26269 21670
26269 23976
26270 6317
26280 2356
26281 9370
26281 15459
26281 19483
26281 20270
26281 23675
26295 7574
26311 7358
26333 12853
26339 11044
26339 18971
26347 18267
26373 10780
26378 7633
26378 8426
26378 20269
26405 708
26405 18020
26421 24586
26423 8851
26423 11068
26423 12873
26423 15627
26423 21217
26424 3485
26424 4469
26443 13233
26443 20357
26444 15057
26444 18115
26444 19328
26469 2340
26469 2828
26469 3466
26469 6233
26469 7387
26469 9059
26469 13576
26469 14074
26469 19442
26469 24594
26486 4303
26486 4558
26486 12022
26486 17770
26486 18727
26497 2157
26497 6311
26497 16609
26534 2302
26534 21406
26537 6600
26538 10994
26538 17002
26538 24137
26550 24590
26554 3214
26554 6982
26554 12620
26554 12685
26554 13610
26554 15427
26554 19927
26554 20363
26554 21504
26554 21734
26554 23050
26562 10843
26563 2217
26568 11443
26568 12836
26593 807
26593 14249
26600 8241
26600 13557
26603 2858
26603 3560
26603 5036
26603 18260
26603 20476
26603 23337
26607 16832
26635 8917
26669 10985
26669 15070
26674 334
26674 8879
26674 16097
26674 19280
26681 22573
26687 18858
26697 14520
26700 5738
26700 17171
26700 19569
26701 9914
26701 16741
26705 12618
26705 16671
26705 24004
26713 8041
26713 21779
26725 10769
26729 7812
26729 13973
26737 7859
26737 11229
26737 19918
26766 11267
26768 52
26768 3803
26768 10693
26768 16449
26768 17350
26768 20096
26780 5966
26791 1378
26791 4728
26791 6220
26791 17075
26791 23107
26800 11703
26800 13072
26800 18416
26809 20690
26826 21313
26827 9691
26827 13218
26829 1892
26829 24583
26832 15514
26832 18267
26843 5930
26872 7814
26872 9910
26903 17258
26904 1181
26906 10733
26919 9910
26927 14189
26933 1189
26933 22052
26935 9295
26935 19853
26948 17513
26948 21510
26950 4352
26950 13539
26984 4724
26984 12225
26998 18921
27002 16795
27002 21185
27004 11536
27038 7317
27038 8103
27038 10534
27038 13294
27038 18138
27040 13338
27064 12874
27064 14518
27069 10710
27098 16524
27104 1338
27104 16201
27113 10004
27113 17627
27114 4379
27120 12645
27120 13478
27120 23094
27120 23630
27153 21751
27172 9884
27179 529
27179 11704
27179 17721
27179 24064
27179 24099
27201 13238
27202 14390
27202 17420
27223 5254
27223 10652
27234 2752
27240 15783
27244 17768
27282 187
27282 872
27282 3576
27282 5037
27282 14581
27282 16292
27282 18416
27298 6319
27302 3898
27302 7007
27302 16507
27302 22446
27322 14308
27322 14520
27330 529
27340 16067
27340 18352
27340 23244
27341 15001
27341 19396
27344 6526
27348 15259
27348 21510
27349 7045
27354 854
27354 16832
27354 18335
27365 6431
27384 20203
27408 3415
27408 4088
27408 4091
27408 10005
27408 23948
27408 24407
27408 24517
27411 10930
27437 21523
27451 5184
27454 17282
27454 17974
27471 17503
27482 9896
27490 21751
27494 17736
27499 7870
27499 10206
27499 10919
27499 14532
27499 17965
27499 20951
27500 24517
27512 2276
27512 9483
27512 19049
27512 22702
27515 7992
27515 8408
27520 7835
27520 8447
27520 12973
27520 15559
27520 18938
27520 22276
27533 4101
27533 6963
27533 7461
27533 8358
27540 17111
27540 22387
27563 9047
27579 2181
27579 14139
27579 15195
27580 1104
27580 3732
27580 13366
27580 21767
27584 1385
27584 2618
27584 6279
27584 6461
27584 12481
27584 17465
27584 17548
27584 18958
27584 19166
27584 19280
27600 4438
27611 5254
27643 13100
27673 9047
27673 14574
27673 18599
27676 7358
27676 14987
27676 21635
27683 24035
27701 7170
27701 15189
27707 4031
27707 24157
27721 18882
27721 21594
27728 730
27728 16578
27749 7639
27753 334
27753 14545
27764 15605
27767 21862
27770 22968
27779 11480
27782 19355
27795 21264
27805 6476
27805 13083
27806 3789
27815 3911
27815 5914
27820 8069
27820 9528
27820 20028
27820 20914
27820 22723
27820 22792
27821 9582
27840 4457
27855 14789
27860 22343
27875 1544
27875 4215
27875 4906
27875 7949
27875 10068
27875 16478
27875 16752
27875 19408
27875 24396
27880 17678
27881 2917
27881 3669
27881 10630
27881 12230
27881 15439
27881 20550
27881 23675
27887 202
27887 6462
27887 6932
27887 7549
27887 8412
27887 9092
27887 11664
27887 18183
27887 20560
27887 23094
27887 24168
27900 241
27900 6752
27900 13227
27908 2526
27908 3076
27908 3237
27908 3379
27908 3820
27908 4352
27908 6229
27908 6412
27908 10112
27908 11584
27908 11611
27908 13136
27908 13608
27908 14019
27908 14068
27908 14994
27908 15371
27908 15782
27908 19359
27908 19922
27908 20307
27908 20852
27908 21338
27908 23524
27908 23810
27918 3986
27918 5433
27918 8780
27918 9914
27918 13789
27918 13833
27918 14545
27918 18931
27918 20924
27918 21184
27918 22036
27944 411
27944 14318
27947 12100
27959 11342
27974 10843
27986 3678
28012 8307
28012 20676
28014 5578
28016 9625
28055 19051
28057 529
28062 10874
28062 12050
28062 24011
28072 1781
28072 5780
28077 14278
28077 15913
28102 3999
28124 4402
28126 2628
28126 6898
28126 7638
28126 19876
28134 9829
28134 23526
28153 15086
28153 24299
28207 21399
28207 21640
28231 16626
28239 21798
28242 11418
28242 23916
28243 5866
28243 6423
28243 6547
28270 16536
28276 22719
28284 7322
28296 10356
28296 13149
28296 13677
28310 7197
28310 7513
28310 22494
28321 4374
28321 16291
28333 18411
28348 21767
28384 2480
28403 2437
28403 17254
28414 2816
28414 16569
28419 1672
28456 558
28456 2087
28456 4135
28456 5576
28456 7484
28456 11374
28456 12411
28456 22390
28456 23361
28457 540
28457 1243
28457 8069
28457 9880
28457 10966
28457 11032
28457 11755
28457 17914
28462 15701
28473 1366
28479 12654
28481 7136
28482 3236
28482 9901
28482 21079
28484 779
28484 2028
28484 3805
28484 8387
28484 17471
28484 20084
28484 22978
28497 8488
28511 20134
28522 10158
28540 11682
28540 13481
28540 21934
28547 15313
28547 20982
28547 21688
28562 20794
28567 12933
28616 7850
28616 13926
28616 15490
28622 15057
28623 20367
28645 20616
28649 10194
28693 15495
28700 7192
28700 11697
28702 1477
28702 23689
28727 20865
28735 4212
28746 18715
28754 536
28754 5799
28754 6462
28754 18295
28754 22978
28754 23683
28760 14139
28768 282
28768 8475
28789 18696
28789 23850
28810 14677
28815 8575
28823 8334
28825 339
28825 909
28825 1104
28825 2276
28825 9864
28825 18678
28825 21767
28825 22564
28831 2356
28838 10985
28838 22707
28852 23229
28903 17402
28903 17434
28909 2502
28909 8177
28915 2840
28943 1993
28955 19011
28978 19417
28982 14230
28982 20134
29005 2107
29008 2457
29008 15136
29012 2367
29014 15973
29016 1899
29020 5280
29020 10045
29020 18744
29020 21147
29025 15230
29027 3337
29029 18642
29034 9519
29040 4461
29040 5507
29040 14165
29040 21306
29045 10366
29045 18931
29049 8161
29097 1078
29097 14342
29099 3381
29099 6381
29099 21658
29099 23446
29104 597
29104 2302
29104 3052
29104 6974
29104 9582
29104 13003
29104 13298
29104 16310
29104 16449
29104 16759
29104 17350
29104 18020
29104 21071
29104 23212
29104 23948
29105 10572
29105 10930
29105 23518
29109 18931
29109 22114
29110 4608
29110 5010
29110 8925
29110 15522
29132 2553
29140 4686
29140 24535
29144 8629
29150 1884
29150 3183
29150 3620
29150 4349
29150 5498
29150 6914
29150 6985
29150 8516
29150 9164
29150 9295
29150 9297
29150 9314
29150 9865
29150 12973
29150 14229
29150 14468
29150 14673
29150 14765
29150 15901
29150 19098
29150 19853
29150 19876
29150 20205
29150 21211
29150 22599
29150 23365
29150 24001
29150 24368
29160 7812
29160 8714
29160 19752
29160 21217
29160 23435
29179 7654
29190 3133
29190 6002
29190 9566
29190 19322
29192 15706
29197 2727
29197 4803
29197 5434
29197 9469
29197 10288
29197 12482
29197 15715
29197 17298
29197 18236
29197 19460
29197 22365
29197 24377
29214 17298
29216 15651
29224 2724
29224 13198
29224 13390
29224 19230
29241 4094
29241 17828
29263 7318
29263 21510
29267 2017
29270 1779
29270 21969
29276 22251
29288 9775
29288 17445
29301 424
29329 19166
29331 11451
29332 12523
29332 23998
29338 10782
29338 16881
29349 7362
29355 2611
29359 6656
29363 13508
29365 4743
29365 8666
29365 9424
29365 18435
29365 20134
29393 12922
29397 5570
29397 14615
29397 20978
29404 18311
29404 18916
29413 7197
29413 13047
29413 16483
29413 17096
29413 17721
29413 20144
29413 22564
29413 22702
29413 24258
29413 24589
29420 3333
29431 5828
29438 1935
29443 7512
29443 11869
29443 12301
29444 5751
29444 9666
29445 18262
29446 19957
29446 23588
29449 18246
29465 16824
29465 21783
29470 18295
29470 20254
29475 8491
29475 12492
29475 16076
29481 3317
29494 13375
29503 23813
29505 2063
29509 18962
29519 3809
29535 12050
29544 16741
29544 17510
29549 11545
29575 2320
29575 3576
29575 8851
29575 9582
29575 16478
29575 18734
29575 21041
29575 21184
29578 12851
29578 12936
29585 5492
29585 19553
29591 3083
29591 11213
29591 13839
29591 19991
29591 22165
29591 23809
29601 1621
29601 9992
29635 202
29643 7412
29644 12113
29667 3133
29667 21478
29667 21824
29670 227
29670 966
29676 1226
29676 9327
29686 14837
29686 16374
29686 16857
29696 7318
29696 7641
29707 14487
29719 1784
29719 11917
29773 2329
29773 9002
29773 9552
29773 15042
29785 17944
29794 4276
29815 11697
29826 5460
29826 12328
29826 20881
29828 7840
29833 3869
29836 2468
29836 18919
29836 21301
29836 24007
29848 9962
29848 12713
29848 19940
29854 22513
29861 3669
29861 16242
29861 23069
29861 23734
29871 20086
29875 14962
29875 16778
29879 682
29879 8380
29879 8928
29879 13072
29879 13104
29879 13841
29879 14421
29879 17298
29879 18416
29879 20169
29923 10303
29923 14051
29926 1216
29926 4887
29926 7657
29926 11197
29926 12282
29926 14757
29926 14814
29926 15649
29926 17798
29934 9566
29935 7380
29935 11451
29935 19134
29935 20256
29935 24491
29941 3874
29941 4031
29941 5322
29941 6016
29942 9142
29951 7972
29951 19741
29951 22014
29953 3573
29968 14677
29971 3906
29977 7212
29978 8222
29978 16054
29984 7215
30004 8069
30015 10101
30027 7723
30027 14935
30066 18791
30088 529
30088 23995
30089 13224
30108 14963
30108 17125
30112 11675
30126 8043
30126 8298
30133 11726
30147 7498
30147 20614
30149 11196
30149 18744
30149 21510
30150 5972
30158 18028
30159 12623
30159 15496
30173 6463
30173 8803
30173 12973
30173 18986
30175 15271
30187 2889
30200 17692
30205 15316
30209 5898
30209 7539
30209 9237
30215 1199
30215 9775
30215 16727
30272 6523
30277 2858
30279 21590
30282 9096
30285 12685
30285 15065
30288 6463
30288 9295
30288 9744
30288 12973
30288 22708
30314 20944
30315 944
30324 18582
30325 2325
30331 1219
30336 21265
30344 15762
30344 16171
30344 19999
30344 20048
30344 24177
30364 24044
30366 5037
30375 9043
30375 16498
30385 727
30385 2828
30385 8683
30385 14473
30385 16109
30385 18493
30385 19209
30386 7496
30386 10029
30399 5986
30399 14034
30399 24452
30413 21421
30419 10491
30424 7101
30424 13893
30435 22739
30459 3333
30459 5261
30459 7318
30459 7852
30459 11321
30459 12986
30459 16625
30459 16833
30459 17589
30459 18276
30459 24177
30459 24276
30476 616
30476 11126
30476 12328
30476 18738
30476 23722
30487 5010
30487 7185
30487 12421
30487 17078
30487 23024
30488 3211
30488 8014
30488 18962
30515 2298
30515 11841
30515 16307
30515 17184
30515 22036
30525 334
30528 1220
30528 7639
30528 16242
30528 22239
30528 23512
30541 597
30541 2792
30541 6703
30541 9582
30541 13003
30561 9435
30572 18869
30598 4979
30600 17000
30613 5717
30634 12941
30634 13375
30636 19411
30637 15334
30637 22425
30640 9472
30647 10671
30647 18983
30647 21510
30647 23389
30672 4606
30679 1078
30679 21155
30685 11197
30685 16109
30693 8049
30709 14968
30709 21510
30741 11303
30742 11260
30742 19294
30760 11835
30760 21141
30764 15251
30770 14570
30770 19662
30780 9315
30780 10333
30795 3782
30795 7799
30799 2320
30799 7358
30799 12451
30799 14963
30799 18449
30799 19949
30817 730
30819 7409
30819 20003
30819 22166
30820 228
30820 18029
30820 20320
30826 23035
30828 4206
30853 1203
30853 8502
30862 13409
30862 17527
30879 4288
30879 10644
30879 12599
30879 19020
30879 24338
30880 2695
30880 5434
30880 8408
30880 9139
30880 13072
30880 15502
30880 19553
30905 22439
30919 14918
30921 844
30921 4573
30952 9666
30953 5795
30953 11966
30953 15020
30953 20730
30953 21012
30959 595
30959 13392
30966 2592
30977 3967
30977 15070
30984 16179
30986 1993
31003 8624
31017 872
31017 3337
31017 9582
31017 13003
31017 15139
31017 21041
31017 23389
31019 23095
31027 22124
31027 23945
31035 11610
31067 20728
31101 6273
31101 12954
31101 16022
31101 16524
31101 16722
31101 21548
31101 22723
31101 23212
31101 23389
31111 4669
31111 10919
31113 20061
31115 1283
31117 10917
31127 8741
31127 13175
31127 16191
31127 17097
31129 4303
31134 10439
31149 882
31149 9936
31149 10862
31149 14094
31149 20355
31149 21535
31172 10243
31175 4126
31175 11366
31219 10942
31219 17927
31219 23383
31231 12598
31231 15329
31231 19296
31231 22882
31260 529
31260 16743
31265 2408
31265 18030
31267 22887
31286 6476
31286 24202
31287 22239
31288 5925
31302 7927
31302 9155
31313 7065
31313 8812
31313 11425
31313 19270
31314 20248
31314 23064
31320 11550
31327 26
31327 287
31327 936
31327 9582
31327 10060
31327 11948
31327 15027
31327 17175
31327 18734
31327 20539
31327 21184
31327 23449
31330 13002
31332 1337
31332 3037
31332 23086
31342 10061
31342 10635
31342 11730
31342 14757
31342 14779
31342 18734
31344 7840
31346 12191
31364 4338
31366 17280
31372 802
31372 9413
31372 19179
31373 13485
31373 24315
31382 3692
31382 6932
31382 8738
31382 9348
31382 10693
31382 13298
31382 13751
31382 18810
31382 21409
31382 21725
31382 23630
31388 16212
31398 688
31406 18086
31406 24168
31424 9536
31424 15433
31432 15649
31432 23521
31442 2112
31445 22910
31446 17445
31446 22122
31448 5660
31448 14414
31449 2276
31449 6354
31453 11833
31453 17826
31453 19433
31454 20288
31456 3207
31456 13516
31456 18882
31470 3427
31470 4782
31470 5924
31470 16322
31470 18644
31496 6588
31496 9831
31496 12037
31509 3342
31521 9775
31523 20969
31525 17459
31529 23003
31542 14436
31546 14545
31588 13072
31588 17282
31601 10605
31602 158
31602 437
31602 3173
31602 6197
31602 9020
31602 18179
31602 18242
31602 20350
31602 22306
31602 23466
31602 23954
31613 17591
31614 5483
31614 7002
31614 7601
31614 8076
31614 8499
31614 10925
31614 11404
31614 14018
31614 18903
31614 19507
31643 23916
31667 9910
31667 10061
31667 17940
31674 20398
31684 2356
31684 10834
31685 10265
31690 17572
31697 4399
31736 20572
31747 5157
31749 8247
31752 3560
31752 3789
31752 3890
31752 5036
31752 14331
31752 17620
31761 951
31761 3677
31761 22120
31763 11614
31767 10512
31767 16458
31767 16973
31785 3240
31793 22842
31802 13105
31814 6588
31816 23466
31839 7535
31848 928
31857 7735
31865 16291
31866 21115
31870 8488
31894 2474
31900 7963
31905 1858
31905 9002
31909 966
31909 15311
31909 18490
31909 22681
31923 16960
31927 7574
31927 20419
31931 3221
31931 15649
31931 16830
31931 16833
31931 18249
31931 24120
31934 11266
31937 24509
31938 8181
31947 10980
31948 1912
31962 3568
31964 14362
31965 139
31965 1235
31965 1240
31965 11076
31965 13449
31965 16700
31965 19323
31965 22381
31965 22963
31977 10001
31985 6746
31995 11529
31995 17532
31995 22899
32003 17696
32014 23064
32022 170
32022 284
32025 10471
32030 5359
32035 282
32035 373
32035 3136
32046 10357
32046 11197
32053 7106
32063 23470
32066 9074
32073 12233
32094 2294
32095 19549
32099 237
32099 358
32099 437
32099 1607
32099 2238
32099 3222
32099 3299
32099 3986
32099 5149
32099 5433
32099 5611
32099 5812
32099 5833
32099 5984
32099 6048
32099 6574
32099 6669
32099 7116
32099 7242
32099 7835
32099 7892
32099 8851
32099 9021
32099 9522
32099 9582
32099 9606
32099 10501
32099 10792
32099 11966
32099 12587
32099 13284
32099 13424
32099 13698
32099 14212
32099 14939
32099 15060
32099 15342
32099 15499
32099 15982
32099 16107
32099 17247
32099 17254
32099 17711
32099 17872
32099 17983
32099 18282
32099 19256
32099 19617
32099 20099
32099 20138
32099 20389
32099 20724
32099 20980
32099 21012
32099 21288
32099 21602
32099 21693
32099 22260
32099 22293
32099 22436
32099 23383
32099 23449
32099 23631
32099 24366
32099 24454
32113 6931
32113 20335
32129 17681
32145 19752
32157 22894
32173 18734
32173 19460
32173 22506
32178 13735
32183 6555
32183 7261
32183 7488
32183 10341
32183 11874
32191 22747
32204 9732
32208 17211
32208 21406
32219 11303
32219 13146
32219 17856
32228 17248
32229 2796
32229 23064
32261 19024
32262 3803
32262 6462
32262 16449
32262 18810
32262 21071
32264 12418
32275 9209
32279 3943
32300 9373
32300 23050
32300 24123
32316 9922
32316 20119
32330 2192
32343 13307
32353 7677
32353 11265
32357 23928
32361 529
32362 10594
32368 13841
32370 2849
32370 4626
32370 14466
32370 15869
32370 21872
32371 19085
32392 626
32392 16345
32396 265
32399 7559
32401 10086
32413 16171
32419 7737
32419 18232
32419 22575
32423 3140
32423 9666
32423 12253
32423 14500
32423 23826
32427 10957
32428 50
32428 15605
32433 14805
32433 22114
32436 17692
32436 24116
32436 24452
32436 24512
32445 373
32445 23683
32448 6901
32460 10960
32460 12396
32472 13649
32472 20839
32472 21726
32487 11540
32487 17884
32492 6221
32498 12905
32508 19329
32517 13925
32522 3677
32522 10500
32527 1108
32538 1226
32538 12328
32538 17879
32538 20881
32540 21635
32540 21886
32541 13072
32541 18416
32547 10940
32547 13807
32603 4456
32603 15681
32605 10171
32605 19853
32646 870
32646 3912
32646 6496
32646 8851
32646 11227
32646 17968
32646 21438
32646 22222
32646 22390
32646 22506
32649 4402
32649 11550
32650 9974
32653 1460
32653 5626
32653 5738
32653 9629
32653 13629
32653 18118
32653 20953
32669 5317
32669 15897
32673 23001
32690 20725
32699 14677
32701 3174
32701 10745
32715 16066
32715 24446
32739 5001
32739 18112
32771 8434
32774 6333
32774 10874
32774 21473
32808 12254
32818 802
32818 9187
32833 3328
32844 5515
32867 10843
32867 13003
32867 21184
32872 5377
32884 9775
32884 10780
32884 24276
32888 2535
32899 1741
32914 451
32914 2727
32920 1388
32930 9492
32930 19239
32930 24160
32937 4338
32937 11581
32937 12593
32937 13359
32937 16043
32937 19160
32937 21252
32945 3674
32945 8025
32945 11768
32965 13399
32978 6115
32978 7114
32998 6196
33007 12654
33010 12011
33010 12706
33010 20922
33032 11266
33037 2785
33037 5111
33037 14711
33037 20990
33037 22192
33053 13072
33053 21879
33055 19625
33105 7427
33114 2355
33114 11795
33115 18171
33122 6334
33122 23097
33141 1093
33141 7236
33141 7731
33141 10431
33141 19792
33143 2006
33143 18976
33159 12071
33163 5950
33163 6786
33163 16539
33169 21510
33184 9643
33184 9694
33184 10781
33184 15094
33184 21300
33184 21382
33187 24263
33211 5494
33211 18491
33218 21044
33249 20474
33250 2641
33250 24357
33260 7552
33277 2632
33277 9076
33298 18416
33307 17125
33317 3481
33317 17884
33327 15084
33327 18040
33346 10157
33357 8784
33357 10517
33357 15588
33357 18826
33357 21452
33371 15052
33374 3328
33383 9535
33389 597
33389 872
33389 9582
33389 9585
33389 13003
33389 16292
33389 21184
33391 6906
33395 14515
33397 4215
33397 14963
33397 21184
33404 12494
33404 12512
33404 13641
33409 1310
33409 17684
33410 3841
33418 1165
33423 6600
33432 598
33432 4573
33432 22112
33436 7668
33441 12911
33445 8024
33445 8604
33445 13878
33445 18441
33445 21510
33445 22449
33484 8397
33489 8622
33489 9663
33500 2940
33510 10840
33510 16754
33519 3214
33519 12620
33519 15427
33531 4017
33541 17042
33547 14145
33547 24243
33552 361
33558 21447
33562 3837
33562 10740
33562 16067
33562 19302
33562 21141
33580 8991
33588 1220
33588 7639
33588 19643
33611 11267
33623 3228
33623 6035
33623 6372
33623 7852
33623 17282
33623 18474
33623 23337
33628 1210
33628 2199
33628 2571
33628 9694
33628 20134
33654 7650
33663 14520
33663 15185
33663 23212
33677 125
33684 4942
33684 6007
33684 10919
33684 17965
33684 19049
33684 20125
33684 20345
33684 23262
33700 20803
33735 21767
33737 1534
33737 4205
33737 8172
33737 13161
33737 19850
33737 23280
33737 23512
33739 6115
33739 7840
33743 15545
33749 8419
33749 13072
33754 20357
33754 22560
33767 12876
33770 18451
33770 23543
33773 1914
33773 22014
33774 4129
33774 14680
33787 2877
33787 4376
33787 5888
33787 7268
33787 9047
33787 10942
33787 18097
33787 20484
33791 8690
33792 2628
33803 649
33809 14677
33809 18869
33821 16524
33821 17638
33846 16700
33850 10139
33850 18464
33858 2037
33858 8963
33858 13077
33858 15145
33878 9582
33882 10243
33887 17711
33896 11335
33938 7012
33948 16541
33955 5715
33972 8324
33980 19230
33980 21592
33985 2885
33985 13577
33985 23501
33991 6991
33991 14520
34001 8864
34003 22753
34004 13508
34004 16905
34004 18086
34004 23094
34008 12808
34016 10736
34020 11827
34033 19750
34033 24036
34037 10693
34037 13508
34037 14886
34044 17009
34049 1276
34049 1378
34049 5211
34049 6339
34055 21510
34056 3676
34056 7901
34056 11971
34056 23094
34060 14258
34073 7802
34073 11176
34073 13465
34073 17873
34073 21371
34073 21815
34073 22010
34085 12985
34085 21252
34088 11260
34103 6155
34112 4294
34115 7651
34115 23683
34116 16930
34140 10049
34140 21795
34149 3881
34149 13841
34149 15528
34155 6387
34155 12217
34155 19803
34165 598
34165 5966
34165 12100
34165 17760
34171 1365
34171 11452
34171 16322
34171 16438
34171 18411
34171 18879
34171 22864
34173 1544
34173 4741
34181 4983
34181 5274
34181 6690
34181 7066
34181 7197
34181 8298
34181 9344
34181 12645
34181 16049
34181 16972
34181 18479
34181 18625
34181 22564
34181 23094
34181 23683
34181 23943
34211 5594
34211 15476
34211 23683
34227 597
34227 9582
34232 11044
34240 1863
34242 12624
34252 23383
34268 7596
34268 9575
34268 13623
34269 4474
34269 12332
34269 13925
34274 3692
34274 23094
34283 21007
34283 23504
34290 2276
34290 4983
34290 18311
34290 18660
34290 19294
34290 23512
34292 4078
34292 17406
34314 5225
34320 9020
34334 3745
34334 18106
34357 21043
34359 6553
34359 6644
34359 13610
34359 22130
34389 5246
34401 8991
34405 17097
34414 7030
34420 23512
34423 21925
34432 17914
34432 21406
34446 1689
34447 21510
34447 24276
34456 20134
34458 8251
34470 13882
34478 10378
34487 14258
34490 6382
34495 17830
34495 18683
34511 3412
34511 7233
34511 8408
34511 11903
34511 12905
34511 20520
34511 23513
34517 21842
34517 22239
34525 240
34525 8371
34525 11329
34525 11401
34525 15076
34525 23945
34540 10780
34540 13110
34540 15478
34540 22271
34550 10994
34550 19991
34571 16573
34575 9399
34578 21510
34581 15792
34585 19355
34602 735
34624 2036
34668 22348
34679 2537
34679 3094
34679 3327
34679 23177
34681 8844
34681 15001
34681 19812
34681 21788
34685 16940
34687 2040
34687 9478
34687 14495
34687 16031
34692 2029
34692 8892
34692 12213
34693 3841
34700 2696
34700 8184
34700 11335
34700 24466
34705 8641
34705 12973
34730 19119
34733 763
34733 7645
34733 13088
34740 649
34740 1199
34740 6107
34740 6134
34740 8358
34740 12172
34740 12883
34740 13469
34740 16428
34740 22956
34740 24595
34754 10472
34761 24276
34765 10999
34766 1511
34766 17772
34775 7318
34787 3237
34788 441
34795 6463
34809 872
34809 1058
34809 2224
34809 2255
34809 3289
34809 3590
34809 3759
34809 4215
34809 5954
34809 6562
34809 6679
34809 7670
34809 8505
34809 9068
34809 9295
34809 9668
34809 9729
34809 11568
34809 13051
34809 13390
34809 13647
34809 14089
34809 16562
34809 16675
34809 18360
34809 21456
34809 24591
34831 23928
34839 1959
34845 9468
34845 10483
34846 21635
34847 18104
34858 5317
34876 19170
34878 2018
34878 5645
34878 20349
34888 6734
34894 25
34894 375
34894 1323
34894 3112
34894 3156
34894 4015
34894 5070
34894 5145
34894 6350
34894 6970
34894 7074
34894 8535
34894 9765
34894 10315
34894 10351
34894 15691
34894 15829
34894 16117
34894 16387
34894 16830
34894 18441
34894 18697
34894 19728
34894 21248
34894 21894
34894 22136
34894 23137
34894 23526
34894 23532
34894 23997
34894 24584
34899 20878
34908 5481
34919 13116
34920 91
34920 3786
34920 6786
34920 10980
34920 20436
34925 1261
34925 3836
34925 6702
34925 7643
34930 1806
34930 2457
34930 3789
34930 3971
34930 6786
34930 8389
34930 8553
34930 10334
34930 11303
34930 11526
34930 12107
34930 14564
34930 16163
34930 16322
34930 16539
34930 23525
34930 24376
34930 24464
34944 1309
34944 6553
34944 6644
34944 22130
34970 15421
34980 2619
34980 14592
34980 23179
34982 11558
34989 20676
34992 1226
34992 1257
34992 2131
34992 2677
34992 3497
34992 7805
34992 13134
34992 13306
34992 16191
34992 17879
34992 18673
34992 18942
34992 20969
34992 21155
34993 5042
34993 10884
35008 944
35027 19374
35034 15271
35046 2924
35046 20740
35049 8222
35061 7192
35066 22102
35074 3883
35075 7645
35094 9539
35094 9582
35102 15263
35123 22085
35125 2573
35125 3881
35125 11132
35125 12821
35125 13925
35125 14258
35125 15271
35125 19553
35144 9697
35146 19315
35166 4504
35166 6115
35166 14515
35167 8714
35168 3991
35168 8452
35168 9737
35192 5528
35199 24452
35206 12492
35239 7334
35267 6016
35267 6192
35267 9992
35267 10133
35267 10919
35267 22329
35287 5259
35287 10301
35287 13251
35287 16796
35291 3411
35329 23501
35332 14958
35366 698
35366 1255
35366 9981
35366 13931
35371 4487
35386 5737
35386 5966
35386 9295
35386 20942
35386 21184
35386 23915
35387 14057
35391 17080
35393 4091
35393 7477
35402 9373
35402 12027
35405 11164
35413 12241
35413 24018
35415 6991
35429 6831
35432 16491
35432 18348
35432 22126
35436 24116
35445 23343
35457 3765
35458 21503
35474 12706
35480 340
35480 3063
35480 5322
35480 13808
35483 7358
35483 9726
35489 22079
35498 2142
35549 17498
35549 21613
35554 20980
35560 15263
35568 12646
35584 4206
35584 10919
35584 11207
35584 20125
35588 6654
35588 6810
35588 24452
35590 16648
35590 23481
35595 17918
35597 6548
35597 8445
35629 9295
35632 21426
35660 2628
35667 20320
35667 23512
35675 13742
35675 23532
35683 7106
35698 7605
35703 17928
35705 17341
35716 5257
35728 9477
35740 22730
35741 14229
35741 23363
35758 23383
35762 452
35762 597
35762 3337
35762 3660
35762 5870
35762 12280
35762 12414
35762 12674
35762 13003
35762 15627
35762 17872
35762 18986
35762 19335
35762 19550
35762 20942
35762 21184
35762 21548
35762 21874
35762 22745
35771 22392
35782 3116
35782 8109
35782 10085
35782 10252
35784 7304
35784 15551
35789 11982
35789 16638
35789 23434
35798 14472
35801 14777
35806 21852
35810 14021
35821 9775
35822 2923
35824 14644
35830 1960
35830 2034
35836 2412
35836 4215
35845 2573
35845 8667
35845 13307
35845 20676
35881 5274
35881 6462
35881 8930
35881 13478
35897 172
35897 7959
35897 12828
35897 24384
35907 1472
35908 9229
35909 13442
35909 16743
35935 7743
35953 8517
35960 2842
35960 13323
35960 19228
35960 23205
35976 1151
35979 3830
35979 7677
35979 17652
35984 2243
35984 9364
35984 10919
35984 19049
35984 22779
36003 5118
36003 17090
36036 484
36037 14520
36037 20028
36037 21731
36038 6697
36057 7641
36057 17802
36103 597
36103 872
36103 9582
36103 10760
36107 12563
36107 20024
36117 2242
36120 15883
36140 9478
36140 21629
36141 12145
36149 20367
36173 8836
36187 5060
36195 17238
36197 10997
36207 5408
36207 12941
36213 15792
36214 1165
36218 13537
36230 3658
36230 24202
36237 21959
36240 3630
36252 7437
36255 1219
36255 23948
36263 887
36263 2302
36263 17175
36263 19657
36263 21406
36292 9890
36292 19860
36294 720
36300 1104
36300 21734
36302 4402
36304 2246
36304 5979
36333 1220
36333 22239
36341 155
36341 1195
36341 8174
36341 9599
36341 11219
36341 16773
36341 17312
36341 17846
36341 18911
36341 21278
36341 21936
36344 4020
36344 23512
36353 20591
36362 5718
36362 11891
36362 23573
36363 13101
36366 401
36367 4470
36370 6568
36370 17692
36391 14504
36400 12551
36400 23501
36413 6746
36420 12973
36424 627
36424 5562
36424 8954
36424 9090
36424 11566
36424 12650
36424 14019
36424 14222
36424 19460
36424 22783
36424 22990
36424 23427
36424 24346
36434 14972
36434 23862
36452 10503
36452 10600
36452 11418
36453 8408
36453 9549
36453 12416
36453 13072
36453 17289
36453 18683
36498 24276
36506 20545
36518 2379
36523 13506
36529 16718
36531 21052
36549 1080
36563 1261
36563 1546
36563 16204
36563 17627
36563 19586
36563 19987
36563 21473
36563 21513
36564 2660
36577 4504
36580 14068
36582 20028
36585 5119
36615 2102
36615 4402
36615 20365
36636 1078
36647 3765
36647 7996
36647 9582
36647 11902
36647 12451
36647 20468
36648 19058
36678 15414
36701 2655
36701 4979
36701 5295
36701 18092
36701 21167
36701 23618
36718 4972
36726 12192
36735 2292
36735 16196
36744 12941
36754 5806
36755 5437
36771 8027
36772 9585
36780 796
36780 14293
36785 11362
36786 10252
36796 13008
36796 22514
36804 11874
36804 13557
36807 11455
36809 2655
36827 9313
36827 10061
36841 14685
36841 16381
36841 18460
36865 21301
36898 2356
36900 8672
36900 18214
36900 18237
36900 21381
36912 17845
36966 22390
36973 12179
36973 12418
36974 22
36974 1725
36974 6115
36974 7840
36974 9164
36974 11136
36974 13465
36974 23371
36975 4469
36987 6822
37010 1715
37011 1103
37011 13470
37011 21565
37026 3111
37026 14421
37026 15702
37026 15715
37026 17298
37026 17830
37026 20024
37050 3126
37054 872
37054 5035
37054 9582
37054 15843
37054 17254
37054 21041
37054 21184
37054 22664
37060 13072
37060 13099
37060 13925
37062 9666
37072 2302
37104 2858
37104 5492
37111 1805
37111 9988
37111 18352
37118 13288
37140 21180
37144 731
37144 7358
37154 735
37154 6163
37154 6559
37154 15416
37154 23032
37155 15
37155 8198
37160 4604
37160 22306
37162 649
37162 1630
37162 1779
37162 3111
37162 3222
37162 4699
37162 5002
37162 5309
37162 6499
37162 7629
37162 8069
37162 8928
37162 9295
37162 12948
37162 14686
37162 14837
37162 15528
37162 15674
37162 16587
37162 16714
37162 16825
37162 18092
37162 18416
37162 19783
37162 21184
37162 21979
37162 23420
37162 23466
37164 3142
37164 3622
37190 23311
37196 7852
37197 1087
37203 7887
37206 7538
37207 10127
37217 8371
37217 20560
37238 5823
37247 5108
37247 13711
37272 13287
37276 21697
37276 21726
37281 15975
37289 3129
37289 5317
37289 6523
37289 7548
37289 9775
37289 10930
37289 16939
37289 18348
37289 18548
37289 23979
37308 22314
37325 9744
37325 15920
37325 16239
37325 17676
37325 18958
37325 19618
37325 22442
37339 3368
37339 16250
37339 16388
37339 17985
37354 486
37354 9985
37354 12295
37354 16555
37354 23800
37354 23988
37354 24546
37360 15229
37362 2276
37362 4585
37362 5594
37362 24618
37387 14202
37402 18811
37416 11976
37418 671
37419 4206
37419 19049
37428 1183
37454 11874
37456 23578
37462 5268
37471 21514
37499 15015
37499 15780
37503 20573
37514 5258
37514 10398
37515 18744
37518 1729
37518 13307
37518 24007
37527 22195
37542 17169
37557 18901
37557 24121
37560 2404
37560 9194
37560 13118
37560 13910
37560 19155
37577 17965
37579 3196
37579 5092
37579 8312
37583 8505
37583 9425
37583 21874
37583 22390
37584 20567
37590 4485
37593 21841
37604 5318
37604 6391
37633 17359
37633 21874
37638 8285
37638 9464
37638 11071
37649 242
37649 1531
37649 1630
37649 2222
37649 6279
37649 8097
37649 17632
37649 21798
37649 22382
37665 22753
37666 23797
37667 12355
37667 17997
37679 287
37681 15071
37687 12437
37690 281
37690 13072
37690 13307
37690 15963
37690 16925
37690 18254
37690 18493
37690 23951
37697 6388
37702 1756
37702 3910
37702 9666
37702 12835
37711 7304
37722 5793
37726 3384
37726 11197
37729 5570
37729 21165
37730 19991
37744 7717
37751 3317
37756 23604
37758 5448
37761 22564
37769 529
37769 8371
37769 15394
37791 19188
37791 24145
37800 1152
37800 3805
37805 8830
37805 22103
37805 22986
37816 19599
37828 19873
37832 12942
37834 1577
37834 2609
37834 4607
37834 5296
37834 8761
37834 14995
37834 15070
37834 17478
37834 20730
37834 23196
37875 78
37875 4504
37875 5498
37875 8547
37875 8773
37875 9376
37875 12368
37875 16842
37875 24098
37876 10407
37879 7477
37902 17614
37910 6312
37910 10195
37910 10809
37910 15954
37910 22276
37915 8375
37915 8762
37915 9787
37915 16941
37915 18715
37925 8307
37926 12231
37936 2531
37936 3677
37936 23212
37939 287
37950 2446
37950 5925
37950 10949
37954 944
37954 3721
37954 19228
37954 20282
37954 23720
37957 12543
37960 142
37960 15309
37972 15505
37979 19976
37983 902
37984 22429
37987 6340
37990 90
37990 10308
37990 11968
37990 12339
37992 23675
37997 3433
37997 13110
37997 16500
38015 5562
38015 10431
38015 15055
38015 15371
38034 52
38034 1510
38034 3692
38034 5749
38034 8371
38034 11372
38034 11971
38034 13508
38034 16905
38034 17350
38034 18086
38034 21725
38040 2633
38041 287
38041 2855
38041 4674
38041 9816
38041 13998
38041 15206
38044 9543
38044 14757
38044 14814
38044 16830
38044 17100
38050 10281
38050 20660
38052 1939
38057 1783
38057 9884
38072 21014
38072 24481
38074 6523
38095 15223
38095 19121
38099 879
38099 10243
38099 14385
38099 20134
38103 1623
38109 52
38121 963
38121 3898
38121 9193
38121 10171
38121 10448
38121 10911
38121 12030
38121 14077
38121 14749
38121 15055
38121 15978
38121 16549
38121 18697
38121 19999
38136 938
38160 8448
38163 3635
38235 22342
38242 11941
38242 14834
38242 16408
38242 17898
38242 21107
38245 1142
38245 4020
38270 3692
38270 3803
38270 4499
38270 6932
38270 7095
38270 7901
38270 8586
38270 8930
38270 10693
38270 13478
38270 16260
38270 18810
38270 20560
38270 22618
38275 11197
38279 4415
38279 5934
38307 2514
38315 5812
38315 13677
38315 15038
38315 17555
38315 20942
38315 23755
38321 10557
38321 12005
38338 2345
38338 6334
38338 9605
38338 13610
38338 21734
38338 22702
38338 24064
38343 16981
38343 18372
38345 6486
38345 8738
38345 16449
38345 16787
38345 20096
38349 6354
38349 24064
38361 334
38361 16524
38363 5434
38363 8408
38363 9139
38363 13307
38363 19755
38370 15055
38370 19999
38370 21508
38391 10874
38400 18538
38406 14677
38416 16374
38416 23212
38429 12841
38442 20625
38469 1193
38477 2329
38482 1298
38482 22517
38483 2882
38483 11560
38485 6900
38510 21510
38519 14392
38525 8040
38525 22122
38525 24174
38527 22281
38529 8844
38529 15001
38531 14086
38533 7152
38533 14961
38540 2806
38549 16986
38549 22943
38579 52
38580 3898
38581 15754
38584 18167
38589 2329
38590 15253
38605 3969
38605 4724
38605 5615
38605 6218
38605 7491
38605 10327
38605 10630
38605 11206
38605 12584
38605 16070
38605 17000
38605 17054
38605 20660
38605 22801
38605 23608
38609 8851
38609 9295
38617 3202
38617 9722
38617 13557
38617 20357
38634 16986
38636 20331
38650 2393
38650 2517
38650 4900
38650 5592
38650 10110
38650 12185
38650 14789
38650 18248
38650 18643
38650 21640
38650 22571
38650 22742
38653 6387
38654 6486
38654 7901
38654 8043
38654 8298
38664 10917
38668 16961
38668 18416
38673 2641
38673 6702
38673 9565
38673 15564
38673 15672
38673 15759
38673 17987
38673 19268
38684 1385
38684 21864
38707 20385
38708 18139
38719 1325
38756 3803
38756 5749
38756 6932
38756 7425
38756 7496
38756 10029
38756 12418
38756 14002
38756 16449
38756 16972
38756 21071
38756 21694
38756 21927
38756 22729
38756 23090
38769 1165
38771 11978
38771 13980
38777 10649
38777 16066
38777 21767
38792 8535
38792 13170
38792 14119
38807 1448
38807 19521
38807 21267
38814 9764
38814 14955
38819 16625
38823 3765
38823 13465
38823 14963
38823 15185
38823 20452
38823 22601
38828 8389
38828 11303
38832 3020
38839 1489
38861 6568
38861 8163
38861 13577
38870 6457
38902 13224
38906 6022
38910 18289
38929 16215
38990 20818
38993 3351
39016 13485
39023 23525
39025 334
39025 2627
39025 19408
39025 23100
39025 23371
39034 3015
39034 12518
39034 15313
39034 19891
39034 22314
39034 22789
39037 3082
39037 5113
39037 6455
39037 6741
39037 14207
39037 18046
39037 23154
39043 14564
39049 18441
39078 708
39078 3692
39078 5274
39078 6462
39078 8371
39078 11971
39078 23630
39079 3658
39079 5715
39085 6462
39085 13508
39085 19156
39085 20622
39085 20662
39088 13375
39088 19598
39088 19615
39088 20337
39096 22166
39161 4803
39161 6820
39161 16366
39161 16372
39161 18416
39161 18772
39172 13381
39191 1595
39191 5225
39191 12131
39191 16723
39193 529
39193 2276
39193 5594
39193 13202
39193 24618
39195 19089
39207 2148
39207 3287
39207 8990
39208 6547
39208 17456
39212 17743
39214 3997
39214 5434
39214 13072
39214 18416
39220 9311
39220 14878
39224 21864
39239 10617
39250 16310
39251 1203
39251 21887
39254 1945
39254 9582
39254 17872
39262 2739
39265 3063
39265 21356
39285 14949
39289 1104
39289 1220
39289 22239
39290 4932
39296 19139
39298 23826
39309 252
39313 2241
39341 24457
39347 49
39347 3580
39347 13796
39347 16527
39347 20429
39347 24142
39357 20134
39360 1488
39360 12106
39360 19378
39360 24338
39372 13072
39372 13307
39372 15702
39372 17830
39372 18416
39372 20024
39372 23694
39395 14797
39417 22500
39418 8085
39418 13496
39424 18930
39431 14074
39431 16956
39431 23513
39437 15897
39440 5939
39464 19058
39465 6580
39465 15366
39465 24234
39477 3200
39477 4161
39477 12615
39479 719
39479 2813
39479 8938
39479 12481
39479 13098
39479 21344
39494 18348
39494 22721
39495 9355
39504 16757
39504 20304
39509 13628
39515 2724
39515 17359
39521 20767
39534 14677
39534 20134
39551 1220
39551 8410
39551 22239
39556 10456
39556 18013
39556 23279
39574 21864
39575 20669
39580 6115
39580 7840
39581 4343
39581 6285
39585 4504
39585 6049
39585 8764
39585 21084
39585 23648
39597 1174
39597 10517
39598 13033
39599 12097
39616 5317
39616 22569
39639 15070
39641 1172
39641 2457
39641 11770
39641 15154
39655 1729
39655 16956
39655 18127
39655 18416
39663 16361
39681 1742
39681 4632
39681 11162
39681 12566
39681 13745
39681 18958
39681 19800
39681 22591
39682 7120
39689 13243
39694 7358
39698 2196
39698 8505
39698 23915
39702 2965
39708 1805
39756 287
39767 16310
39776 7525
39776 9585
39776 13647
39776 15489
39830 13047
39830 23683
39838 5828
39844 10618
39878 12615
39887 23555
39896 14669
39923 4699
39924 2722
39940 4047
39943 16146
39958 14283
39964 8653
39982 11996
39988 1164
40005 10366
40007 2511
40007 13239
40007 14757
40007 17407
40011 21406
40020 1742
40021 17879
40026 184
40026 6041
40066 16728
40066 22079
40090 9582
40090 13844
40090 19800
40090 22484
40095 3622
40107 19400
40139 332
40139 1056
40139 1617
40139 2690
40139 3553
40139 4015
40139 5097
40139 5225
40139 8938
40139 9016
40139 10072
40139 11373
40139 13445
40139 13462
40139 14666
40139 15631
40139 16705
40139 17323
40139 17842
40139 18930
40139 19343
40139 19573
40139 19728
40139 20766
40139 20846
40139 20913
40139 20939
40139 21302
40139 22220
40139 22407
40139 22538
40139 23067
40139 23583
40139 23777
40184 10036
40194 14532
40224 16722
40229 15768
40231 10336
40231 13110
40231 15001
40231 23375
40239 18810
40258 1955
40258 3720
40258 8928
40258 13807
40258 18254
40263 8535
40263 15149
40263 17407
40263 19135
40263 20973
40263 21795
40263 22233
40263 23299
40301 9582
40301 12566
40301 17131
40348 18732
40348 20767
40350 287
40354 5317
40366 18831
40367 1496
40369 6886
40372 11182
40389 5295
40389 13437
40398 7975
40405 23909
40416 7561
40416 13198
40416 19854
40435 2796
40435 7934
40435 20248
40435 21948
40440 3427
40440 15355
40441 13933
40445 21828
40455 13617
40456 24121
40485 7971
40485 8149
40494 5866
40494 20288
40556 1094
40556 1325
40556 9014
40556 13050
40556 24316
40569 21479
40576 10182
40592 7310
40600 18983
40640 13718
40640 17879
40646 14515
40652 6550
40655 5408
40658 1241
40658 5203
40658 16168
40661 11848
40668 3765
40668 9314
40668 10157
40679 6914
40679 19923
40679 23510
40693 292
40693 5562
40693 19160
40702 21155
40722 23656
40727 980
40727 3765
40727 3976
40727 12100
40727 17359
40736 11978
40736 17219
40736 18326
40750 10706
40750 13608
40750 13612
40750 13626
40750 14473
40750 16109
40750 16366
40750 16833
40750 17798
40750 18493
40750 19209
40750 20584
40750 21641
40760 22
40760 1388
40760 4504
40760 8041
40760 10985
40760 11730
40760 18734
40760 19408
40761 6550
40762 18822
40776 287
40776 2724
40776 7975
40776 13465
40776 21874
40776 23383
40777 14963
40777 21184
40786 21165
40793 8161
40801 37
40809 23090
40852 4547
40852 11046
40852 14012
40852 22813
40868 4361
40868 24121
40870 20851
40878 10064
40883 14139
40887 5882
40897 13375
40901 8561
40901 13361
40901 14545
40927 12973
40929 8916
40929 17940
40939 273
40939 585
40939 5436
40952 5093
40959 20288
40961 15211
40970 2514
40970 3576
40970 3820
40970 4852
40970 8041
40970 8641
40970 9020
40970 14222
40970 16803
40974 7242
40974 10859
40974 17168
40975 2167
40975 13096
40989 603
40991 13274
41000 1261
41002 22600
41018 6526
41018 15001
41018 23403
41022 17958
41025 23523
41027 13785
41034 5394
41034 11983
41034 12199
41034 15132
41037 14949
41050 2628
41054 6932
41054 10693
41054 17350
41062 6220
41069 202
41069 1329
41069 4206
41081 23950
41102 5150
41102 5415
41102 5685
41102 6390
41102 7820
41102 11431
41102 13588
41102 13628
41102 20387
41106 9896
41106 19474
41119 11197
41141 24064
41150 5686
41152 9101
41152 10537
41152 12501
41156 3976
41164 19466
41167 16506
41168 12820
41168 16374
41168 19604
41195 1735
41206 8497
41206 20694
41207 19061
41235 2836
41235 3162
41245 14804
41260 12495
41263 6354
41283 11352
41283 14594
41283 20405
41285 4403
41290 1133
41290 6776
41290 10264
41290 15649
41303 6705
41303 20886
41309 21305
41320 16536
41342 12279
41356 14547
41370 19543
41378 7639
41378 14651
41378 18916
41378 20499
41378 22239
41381 3192
41414 22571
41421 13599
41421 21147
41421 23091
41442 8043
41479 8266
41479 18538
41479 23689
41514 1129
41514 6457
41514 7114
41514 16722
41514 19621
41528 4604
41528 8408
41531 3789
41537 23988
41542 20024
41548 18171
41549 7835
41561 1698
41568 7402
41569 9792
41572 9910
41572 13117
41576 11699
41576 14013
41576 18844
41580 12255
41585 17418
41613 11315
41634 5035
41634 12815
41634 23212
41646 11793
41648 356
41648 9754
41648 16956
41662 3684
41662 5449
41662 9336
41662 17659
41664 5449
41675 8738
41675 10693
41680 1440
41690 852
41690 1132
41690 1414
41690 1863
41690 2196
41690 2534
41690 2633
41690 2739
41690 3453
41690 3642
41690 3666
41690 4312
41690 4379
41690 5383
41690 5812
41690 6407
41690 6861
41690 7358
41690 7517
41690 7561
41690 7817
41690 8505
41690 9762
41690 10005
41690 10635
41690 12227
41690 12339
41690 13329
41690 13555
41690 14272
41690 14520
41690 16045
41690 16486
41690 18510
41690 18734
41690 19391
41690 21184
41690 21396
41690 21590
41690 21798
41690 21874
41690 22036
41690 22660
41690 23212
41700 10386
41707 1805
41725 2632
41725 17266
41727 2500
41739 3790
41748 18441
41761 5460
41779 22236
41827 20336
41844 696
41844 19750
41855 20171
41859 24518
41873 2722
41883 15267
41900 1218
41907 22813
41920 8013
41922 1661
41922 4504
41922 5782
41922 7782
41922 8641
41922 13844
41922 18852
41923 4365
41929 23091
41937 20084
41939 4560
41958 3272
41958 3942
41958 4213
41958 6490
41958 11897
41958 15631
41958 18697
41958 19656
41958 21081
41958 22237
41960 24278
41981 4342
41982 9423
42007 4644
42007 11154
42009 9910
42009 11611
42009 18719
42034 2996
42034 3096
42034 4094
42034 7727
42034 7777
42034 10334
42034 16160
42034 16611
42034 17802
42034 17998
42038 15545
42038 23344
42067 21608
42086 1104
42086 2242
42086 2546
42086 3732
42086 12027
42086 19927
42086 20122
42086 21767
42089 1267
42089 9153
42102 378
42102 3237
42102 4504
42102 4590
42102 5132
42102 5314
42102 6648
42102 8516
42102 11986
42102 14281
42102 14466
42102 15294
42102 16040
42102 20983
42102 21872
42102 23403
42104 1067
42105 24365
42108 20910
42110 1141
42110 10048
42113 19225
42113 19818
42117 528
42117 21824
42124 884
42129 23491
42143 19789
42143 24507
42149 16524
42149 19204
42149 20980
42155 23501
42160 15641
42160 18464
42265 16428
42274 4359
42287 3221
42287 9763
42287 13993
42287 21450
42304 17815
42307 16621
42308 16859
42358 6428
42358 13595
42359 2038
42359 5260
42363 20877
42374 20865
42382 23179
42393 16085
42401 12310
42405 16481
42408 10843
42408 11334
42408 24349
42410 17314
42410 19209
42410 23746
42412 5378
42418 4683
42423 5434
42423 7992
42423 11142
42423 13072
42423 20454
42425 18869
42426 3405
42426 5748
42426 8092
42426 8672
42426 17655
42426 19315
42429 2584
42429 7439
42429 18259
42438 6340
42438 11501
42438 13457
42438 13546
42442 506
42442 13700
42464 4948
42464 22314
42467 18982
42478 13967
42495 615
42496 21876
42513 529
42513 15427
42520 21734
42520 22702
42520 23683
42543 22996
42546 168
42549 11658
42581 17743
42601 21013
42607 21147
42612 682
42612 2484
42612 3412
42612 10517
42612 18251
42618 10748
42635 10874
42635 20048
42648 15195
42653 9041
42657 18186
42665 24437
42667 23285
42673 2618
42673 23612
42685 15631
42729 16512
42729 21690
42735 21646
42740 22905
42747 17982
42754 9184
42754 13122
42754 14230
42766 12427
42770 887
42770 1806
42770 4094
42770 10005
42770 22032
42773 1067
42773 15001
42782 1293
42816 23525
42818 10652
42834 3063
42836 4589
42847 2576
42847 8617
42847 13479
42847 14662
42847 19279
42855 21510
42866 9773
42866 18602
42866 24466
42869 9126
42869 11315
42882 20318
42887 23512
42891 355
42892 12437
42896 12323
42899 441
42899 20586
42910 11451
42928 13365
42928 23659
42931 1655
42931 3548
42931 24554
42933 1446
42933 2179
42933 8066
42939 17075
42939 20514
42939 21769
42941 1955
42941 3841
42950 3329
42950 12926
42950 20969
42950 21155
42950 21925
42952 12993
42952 14233
42988 2239
42988 3648
42988 6394
42988 23378
42990 1125
42990 7192
42996 2142
42996 11698
42996 20122
42998 18493
42998 21510
43000 15907
43006 14988
43023 424
43025 20878
43030 20096
43032 19166
43035 1577
43035 18263
43035 21257
43037 11679
43037 22801
43047 20892
43058 17389
43066 11171
43072 13287
43072 18553
43084 378
43084 1669
43084 3034
43084 4360
43084 4832
43084 5056
43084 5132
43084 5666
43084 7004
43084 8995
43084 9086
43084 9616
43084 11306
43084 11986
43084 13769
43084 14649
43084 17291
43084 23429
43084 24034
43088 2972
43088 21641
43098 9517
43114 1298
43118 18100
43121 3515
43127 10388
43127 13004
43133 10357
43137 13185
43157 21608
43160 22739
43178 10857
43178 18104
43179 15807
43179 17673
43179 22405
43179 23396
43216 2329
43216 17692
43237 17002
43237 19303
43252 16390
43252 23774
43257 2140
43257 2763
43261 7090
43261 21075
43268 5370
43272 15174
43272 23929
43273 8505
43273 9206
43273 21301
43283 1787
43291 20198
43291 22036
43310 5919
43322 1584
43322 13313
43322 22239
43322 23945
43336 202
43336 1329
43336 8434
43336 10919
43344 10366
43349 973
43349 5444
43349 6435
43349 13366
43349 16179
43349 19689
43349 24046
43352 7568
43352 18724
43352 19155
43352 19295
43352 22287
43371 13639
43371 22764
43372 18107
43376 20694
43376 22661
43377 7489
43377 9860
43377 23675
43390 20184
43392 17982
43392 23217
43406 14757
43409 24346
43416 2194
43416 3237
43416 9027
43416 13072
43416 13290
43416 18416
43416 23694
43419 4136
43419 7079
43419 7110
43419 8010
43419 12339
43419 16292
43419 18253
43419 18360
43419 19007
43419 20942
43419 22339
43419 23207
43430 8803
43433 500
43433 9604
43433 13018
43433 22830
43449 972
43449 5683
43449 20850
43450 4006
43452 15777
43476 9965
43482 16099
43496 2082
43509 11266
43519 11126
43520 22930
43522 12279
43535 17589
43535 22724
43563 5410
43585 12851
43585 15070
43589 8108
43589 17965
43589 20521
43589 23548
43603 24046
43608 15052
43612 19738
43612 21957
43622 22176
43649 20482
43650 3720
43663 5533
43663 10987
43663 20849
43665 17655
43665 21337
43665 22356
43666 3121
43667 16941
43687 13517
43687 17306
43687 18362
43697 4606
43697 18343
43715 7282
43720 10877
43732 20204
43749 6096
43749 24098
43753 6547
43758 9433
43758 12097
43758 12344
43760 17562
43763 4803
43763 5627
43764 14664
43777 1863
43777 7897
43777 13161
43777 17211
43777 18851
43788 4332
43788 16101
43788 18725
43788 18821
43788 20439
43788 21205
43791 11197
43796 6218
43796 15148
43796 24036
43808 9990
43812 11337
43817 16310
43817 19851
43833 19291
43847 8025
43855 284
43855 334
43855 2302
43855 21406
43856 12107
43858 6106
43858 8401
43858 8409
43858 9616
43858 11175
43858 11196
43875 17491
43875 24452
43883 1441
43883 15260
43883 19466
43891 22
43891 2792
43891 3765
43891 7233
43891 12936
43891 14515
43891 23371
43893 8130
43904 6131
43904 9631
43940 7978
43940 14287
43940 22239
43944 4162
43944 11266
43944 18493
43950 6113
43950 13952
43950 18530
43954 19226
43959 10840
43984 5866
43984 14716
43984 20288
44001 19923
44004 10110
44004 11266
44028 2457
44028 8844
44028 14677
44028 20134
44068 23383
44084 18449
44094 424
44094 649
44094 2164
44094 7358
44094 8953
44094 12339
44094 12851
44094 16239
44094 16642
44094 17131
44094 19138
44094 20914
44094 21656
44094 23662
44128 21071
44144 20288
44152 1876
44155 6113
44157 3503
44157 4766
44157 7612
44157 9691
44157 11020
44157 16455
44157 18846
44165 3248
44165 3871
44165 7242
44165 8022
44165 10121
44165 13913
44165 16607
44165 20689
44165 21577
44165 21619
44165 23662
44171 24452
44172 11207
44172 12671
44172 14431
44172 15973
44172 18028
44172 18730
44172 18763
44172 23262
44180 14995
44180 17914
44191 18921
44199 13841
44199 20024
44199 22009
44211 12566
44211 16524
44216 263
44216 11370
44216 13170
44216 15445
44216 17815
44216 24510
44219 6482
44219 18171
44226 15055
44231 23607
44239 23995
44243 16179
44244 13506
44244 24178
44253 13963
44256 5708
44256 7114
44256 15070
44256 18724
44256 23371
44267 2305
44267 23212
44284 4782
44284 6247
44296 2329
44297 16031
44305 6016
44305 11976
44306 13336
44336 14245
44336 17825
44351 14652
44355 9483
44355 10904
44355 18758
44363 1993
44363 18764
44371 5015
44378 4466
44378 8714
44378 15416
44382 2592
44383 14626
44384 19991
44387 872
44387 11727
44387 14517
44387 14963
44387 15020
44387 15342
44387 17872
44387 20980
44387 21184
44387 21596
44387 22522
44387 23449
44387 23915
44414 22154
44448 6462
44448 10283
44448 20560
44448 22542
44459 10960
44463 9229
44478 7210
44480 5982
44482 9616
44482 22790
44485 9594
44485 17798
44525 9462
44525 10595
44525 11879
44525 17424
44528 11793
44536 21423
44555 20836
44558 11479
44558 12911
44558 23285
44567 5774
44567 7389
44567 23218
44580 1758
44580 18253
44587 809
44589 1125
44589 14421
44589 17298
44589 24138
44599 8917
44599 9164
44599 11451
44609 315
44631 5533
44631 15038
44642 2276
44653 18233
44653 22625
44657 1931
44664 5263
44664 12163
44669 17069
44673 1304
44673 2534
44673 4853
44673 6801
44673 15038
44673 17247
44673 20942
44707 662
44714 13134
44731 9666
44731 9785
44731 10061
44731 12615
44731 18470
44731 18822
44731 21640
44731 22633
44747 9775
44765 7542
44765 18811
44771 2698
44771 9582
44774 50
44785 631
44785 10334
44785 23337
44793 5677
44793 15649
44793 23532
44804 7052
44806 9608
44806 10109
44806 10981
44806 13820
44806 18953
44815 7233
44817 23425
44817 23509
44822 9295
44849 13397
44854 10398
44878 15038
44880 20731
44887 9735
44899 20676
44904 1570
44904 21339
44906 7165
44906 11349
44912 2996
44912 8023
44912 18869
44917 3810
44917 13027
44917 15187
44917 16787
44917 21409
44917 21725
44946 14768
44956 3836
44956 14202
44968 2619
44968 3104
44968 3443
44968 5660
45009 20969
45009 22597
45016 4859
45016 8159
45016 17455
45016 21313
45047 171
45047 15580
45049 2634
45049 23656
45066 14012
45067 597
45067 1884
45067 12100
45067 13745
45067 15430
45067 16307
45070 872
45098 10141
45100 3648
45100 7727
45100 13034
45100 18255
45100 20184
45104 10987
45122 19692
45123 4548
45123 7937
45123 19521
45139 9425
45154 5274
45154 7901
45154 8298
45154 13478
45172 1937
45172 10904
45172 14778
45178 6895
45178 7791
45178 15183
45178 15266
45189 7830
45196 17615
45246 20134
45266 19521
45270 17962
45270 22749
45273 4513
45273 11722
45273 18224
45273 20190
45298 5494
45322 282
45322 7496
45334 9910
45347 34
45347 1806
45347 2584
45347 7556
45347 13237
45347 14085
45347 20973
45356 5751
45356 8975
45356 12914
45360 5631
45367 13732
45373 13019
45373 15640
45378 2322
45378 6073
45378 9089
45378 11891
45378 17477
45378 21518
45379 12191
45389 3846
45389 11282
45389 13915
45439 6216
45456 8529
45460 10357
45460 14452
45460 16322
45473 5010
45481 8879
45481 15574
45506 1705
45506 21500
45513 11451
45514 4050
45514 21206
45527 19239
45527 22349
45529 15768
45548 14968
45588 5199
45588 17083
45630 3669
45630 3805
45630 4294
45630 5591
45630 7978
45630 10630
45630 14965
45630 20254
45630 22971
45630 23090
45630 23675
45650 12710
45651 13567
45651 19058
45664 2395
45665 251
45665 19573
45665 22719
45667 13602
45667 21481
45675 1073
45675 7678
45676 5245
45676 7045
45676 20784
45679 23942
45685 5194
45704 755
45704 1073
45704 3870
45704 9614
45718 13802
45733 15038
45736 13974
45736 15974
45742 23548
45742 23995
45758 1993
45758 6731
45758 12254
45758 13122
45758 15258
45759 6167
45760 719
45760 2159
45760 2337
45760 19539
45760 21866
45760 22405
45764 13224
45764 19582
45764 19967
45764 21361
45764 22788
45786 17359
45794 686
45794 6782
45794 8523
45822 13224
45822 13925
45837 7043
45844 22195
45847 5690
45848 52
45848 9092
45848 18186
45848 20560
45850 7170
45853 112
45853 6829
45853 14711
45853 18343
45853 24622
45873 8432
45907 8577
45907 17443
45920 20158
45922 7318
45922 10357
45922 14230
45922 21510
45922 24276
45925 16088
45925 20567
45934 919
45934 6377
45934 19065
45934 24130
45935 1008
45935 9582
45935 10985
45935 16097
45935 17927
45936 23212
45957 2592
45957 7045
45984 6047
45996 24035
46003 15038
46003 22355
46006 12050
46023 4434
46023 10909
46023 12027
46023 20122
46042 11510
46048 15833
46052 796
46052 1124
46053 170
46053 598
46053 1532
46053 1863
46053 2792
46053 3576
46053 3735
46053 4382
46053 4504
46053 8728
46053 9277
46053 9337
46053 9387
46053 10976
46053 12118
46053 12405
46053 12936
46053 13329
46053 13717
46053 14761
46053 14794
46053 15070
46053 15342
46053 16011
46053 16149
46053 17254
46053 17441
46053 17694
46053 20335
46053 20482
46053 20730
46053 21788
46053 22242
46053 22868
46053 23507
46053 23871
46056 1892
46058 1155
46058 23512
46064 9315
46067 11648
46090 21485
46097 7837
46098 2829
46102 1892
46126 22943
46128 4832
46133 19323
46151 1892
46151 3898
46151 6259
46151 7914
46151 9021
46151 17694
46151 20389
46155 85
46155 691
46155 10957
46155 13027
46155 15657
46155 17096
46155 19754
46155 20839
46155 21734
46155 23630
46155 23683
46162 8693
46195 15316
46204 10792
46204 12195
46219 10350
46227 16510
46229 6831
46239 20969
46239 22597
46242 609
46242 3966
46242 6057
46253 13224
46258 8575
46263 14562
46279 616
46279 18738
46279 23722
46280 8738
46285 1448
46317 11172
46324 802
46324 10686
46324 20730
46324 22707
46328 21178
46330 3537
46330 4253
46343 6457
46343 12035
46343 12820
46343 13958
46343 18727
46357 6600
46357 11266
46367 20945
46387 23772
46406 9528
46413 20091
46425 14799
46429 20539
46446 22950
46464 2355
46464 3200
46464 22803
46467 348
46467 23690
46484 8784
46484 9872
46484 21043
46485 6348
46485 20420
46485 22886
46485 23704
46499 6426
46505 12569
46505 17258
46505 21653
46511 334
46511 1535
46511 9020
46511 11315
46511 14272
46511 14520
46511 17387
46511 20028
46511 21406
46511 21731
46511 22293
46516 290
46516 2628
46516 3183
46516 3620
46516 6463
46516 7046
46516 8516
46516 9206
46516 9295
46516 12942
46516 14468
46516 19853
46516 21107
46516 21357
46516 23363
46516 23387
46546 13365
46547 5591
46547 11560
46547 13313
46547 20171
46550 8851
46550 9666
46569 9142
46583 13178
46584 2793
46584 3479
46587 729
46587 5932
46587 11335
46587 14287
46589 20024
46589 20676
46592 10915
46592 15340
46592 18076
46592 24181
46606 3347
46606 17044
46612 5016
46614 6658
46614 9047
46623 5494
46626 2222
46626 17711
46626 20687
46638 14202
46638 15144
46638 19096
46638 20997
46640 18260
46642 17811
46647 18208
46647 18628
46648 16743
46653 6031
46653 19635
46654 4408
46654 9213
46654 24000
46667 7498
46667 15475
46667 20492
46673 1165
46673 7215
46692 17494
46719 4303
46728 13925
46728 18236
46734 5504
46748 2511
46748 2786
46748 3916
46748 7535
46748 9174
46748 10110
46748 13186
46748 13746
46748 13939
46748 17407
46748 18749
46748 19390
46748 21751
46748 21956
46748 22073
46748 22764
46754 2882
46754 3658
46754 9478
46754 11044
46754 13904
46754 23675
46755 9058
46761 11480
46764 16967
46773 2060
46773 7696
46788 2320
46788 12936
46790 10400
46834 1368
46834 8283
46834 18605
46834 19110
46840 1889
46840 3935
46840 13292
46853 17057
46853 17619
46858 2622
46858 3104
46858 3443
46858 13940
46858 16032
46862 7126
46864 4237
46864 12071
46864 20278
46869 21406
46870 18352
46873 5317
46873 9763
46873 21147
46882 5658
46882 9355
46884 1228
46884 2828
46884 4352
46884 6604
46884 7658
46884 7735
46884 9763
46884 10874
46884 12010
46884 14402
46889 5627
46909 19355
46911 9881
46914 17615
46921 3546
46924 18706
46939 23926
46941 12098
46949 12231
46949 19443
46949 23862
46949 23950
46954 11971
46959 1421
46961 9198
46961 15291
46973 137
46973 598
46973 14520
46976 4421
46976 11572
46976 12050
46976 15627
47003 7249
47005 17532
47017 1993
47034 10918
47034 15818
47037 6356
47038 3998
47038 5626
47038 7037
47041 5966
47053 7057
47072 21697
47078 8516
47078 23365
47081 6451
47081 8653
47081 11213
47081 12513
47081 13839
47081 16351
47081 18645
47081 23008
47084 5199
47095 14535
47109 13925
47110 3556
47110 9910
47116 5682
47127 20645
47129 4206
47129 4942
47130 365
47130 1323
47130 2377
47130 5291
47130 6386
47130 10686
47130 10859
47130 12085
47130 14294
47130 16427
47130 18484
47130 21510
47130 22244
47130 22707
47133 294
47133 4853
47133 10092
47133 10902
47142 5504
47142 22724
47145 16743
47158 14596
47159 1378
47160 12977
47164 13460
47164 15382
47185 17407
47188 3782
47188 8370
47188 15850
47188 22122
47188 22281
47188 23756
47194 5442
47194 18811
47194 19230
47199 3027
47199 23170
47199 24171
47239 5211
47239 11266
47239 12905
47239 13752
47239 14488
47239 14814
47239 15649
47239 16830
47239 17798
47239 18348
47239 18929
47239 19435
47239 21495
47242 943
47242 5557
47242 14545
47247 21550
47257 2781
47257 11328
47260 2282
47260 7549
47260 8108
47260 14954
47260 19245
47264 19598
47265 7233
47267 6548
47290 9622
47314 444
47314 3411
47314 3575
47324 6218
47324 13904
47324 20270
47324 24564
47339 4379
47339 5291
47344 17879
47375 24001
47389 19762
47425 13117
47430 9191
47430 13470
47431 4294
47431 4461
47431 10029
47431 14186
47431 15066
47431 22458
47431 22551
47433 19331
47436 8246
47436 8530
47436 9140
47436 22561
47481 5274
47481 13478
47482 18376
47484 9962
47484 10070
47484 15519
47484 16345
47486 1729
47486 2796
47486 12110
47486 12141
47486 14078
47486 16925
47486 17919
47486 22930
47493 5725
47494 23660
47512 8627
47514 5111
47514 12057
47514 17522
47514 21258
47521 13794
47538 7951
47538 14520
47538 21184
47538 21377
47543 12307
47543 19100
47551 9295
47570 5162
47570 8133
47570 9170
47570 15859
47583 3841
47584 13294
47603 22129
47619 351
47619 9847
47619 12573
47619 14673
47637 19294
47642 1840
47645 15706
47646 20894
47647 2059
47647 4372
47652 6385
47655 15499
47661 944
47661 11611
47671 5095
47671 24288
47677 1408
47692 9910
47708 9132
47714 19553
47730 17729
47737 6749
47748 2069
47748 4269
47748 5415
47748 11431
47748 13588
47748 20567
47750 8575
47755 13868
47755 21562
47757 3897
47769 16171
47769 21360
47770 18842
47787 12071
47789 20882
47791 23279
47792 2532
47795 24612
47806 3202
47806 9722
47806 16901
47806 17306
47815 14340
47815 18755
47815 20085
47819 2276
47819 13047
47823 13677
47824 287
47824 11451
47832 272
47869 2739
47869 3607
47869 9295
47869 12948
47869 16750
47869 23571
47872 18100
47872 18758
47888 1357
47888 4379
47888 6905
47890 1990
47890 2511
47890 8750
47890 9259
47890 20705
47890 22764
47895 3412
47902 872
47902 9295
47902 12973
47902 16087
47902 23363
47906 8337
47906 12957
47908 19996
47963 382
47963 5136
47963 5280
47963 5810
47963 8336
47963 9590
47963 18296
47966 14162
47966 15627
47972 21629
47972 24245
47978 7192
47979 2457
47979 7646
47987 9920
47987 11569
47994 8408
47994 10801
48009 13271
48015 260
48017 2571
48021 3379
48021 10706
48028 16718
48030 5753
48030 20875
48033 9514
48040 3705
48051 3916
48051 6770
48051 8650
48051 10967
48051 17407
48051 20484
48058 18092
48058 21167
48066 1603
48066 14795
48069 1675
48069 7384
48069 7957
48069 12647
48069 16524
48069 16751
48069 17011
48069 17175
48069 21173
48069 22012
48069 22118
48069 22723
48069 24517
48073 2453
48073 10565
48074 17959
48094 9295
48095 4504
48105 9941
48132 3943
48132 9666
48132 10061
48132 11303
48132 11611
48132 11843
48132 13117
48132 18470
48132 18822
48154 23400
48185 3841
48199 7996
48199 8272
48205 5435
48205 8895
48205 15256
48205 23316
48211 5634
48211 12368
48211 18396
48211 19331
48211 19565
48220 5155
48220 12540
48222 22736
48231 13835
48243 539
48243 972
48243 3692
48243 6974
48243 13508
48243 17350
48243 18810
48243 23094
48257 674
48262 23945
48268 16179
48269 20452
48282 5932
48282 23512
48296 12225
48296 14332
48296 23675
48306 23261
48315 3097
48315 17797
48317 293
48317 17654
48317 23149
48322 169
48322 754
48322 1220
48322 6891
48322 17605
48322 21023
48322 22239
48323 16067
48331 11461
48351 7393
48351 7606
48351 8281
48351 10562
48351 17339
48351 18538
48351 21897
48356 12031
48359 22045
48366 418
48366 727
48366 3086
48366 6585
48366 7272
48366 9203
48366 11277
48366 13389
48366 14230
48366 15815
48366 16347
48366 18171
48366 18672
48366 21361
48366 22472
48366 22538
48366 22952
48366 23064
48380 19783
48390 1623
48401 5037
48401 13841
48401 15528
48417 1621
48441 1185
48443 545
48443 8628
48443 13025
48443 14718
48449 11050
48452 5923
48452 12475
48462 9106
48462 11322
48462 12947
48465 2406
48473 22595
48483 21697
48491 14814
48493 12679
48493 16302
48493 18119
48494 2739
48498 6601
48498 13397
48499 17971
48499 21619
48501 3692
48501 21271
48508 8916
48508 12459
48508 22439
48521 872
48521 9582
48521 18128
48521 18791
48538 15259
48538 21302
48539 11528
48559 19955
48566 11550
48568 19441
48571 10957
48572 4271
48582 6996
48592 3821
48600 3875
48600 4925
48600 13291
48600 17443
48600 20219
48602 13203
48606 2611
48606 15052
48614 6800
48614 19297
48623 739
48623 2145
48623 21264
48623 22104
48629 1388
48629 2428
48629 3173
48629 3452
48629 4239
48629 7461
48629 18298
48629 18884
48629 20945
48630 16572
48632 22646
48651 4766
48651 5384
48661 14949
48665 4917
48665 8134
48671 1056
48671 5225
48671 6098
48671 15829
48687 3702
48698 1071
48698 1914
48698 2646
48698 4020
48698 15552
48698 16242
48698 17053
48698 19478
48698 19711
48698 20084
48698 22014
48703 8011
48703 13640
48703 18822
48709 10898
48739 11769
48754 5184
48754 15980
48758 13409
48765 13841
48776 12798
48776 15934
48776 22902
48793 2290
48793 9209
48793 15876
48793 18893
48793 19713
48793 19865
48793 21835
48798 16060
48815 650
48831 9313
48831 11303
48831 17856
48831 21751
48835 656
48852 3175
48852 11071
48865 10906
48865 15053
48897 2955
48916 18171
48925 15104
48925 19799
48925 24276
48933 23196
48945 10552
48945 18135
48962 21873
48963 14545
48980 13243
48994 4000
48994 6481
48994 9990
48994 12587
49023 6386
49023 7114
49023 14515
49023 23083
49041 10904
49041 16736
49044 3982
49052 17811
49071 5211
49071 9940
49083 1813
49083 23230
49085 14199
49099 13224
49113 4068
49114 19172
49123 3104
49123 3603
49123 12269
49162 18237
49170 3638
49170 6027
49170 21805
49170 23734
49191 365
49191 14219
49205 22597
49208 2142
49208 3692
49208 13936
49216 2329
49220 10270
49229 15142
49229 22910
49238 23271
49285 3569
49285 5585
49286 2917
49286 8412
49286 11976
49286 16880
49286 20499
49288 13826
49299 2529
49299 11155
49299 17183
49307 3930
49324 15937
49326 8258
49346 14628
49346 18470
49347 2571
49365 16866
49365 17112
49365 24384
49368 13742
49368 17364
49368 21302
49409 5818
49409 6644
49409 19942
49409 22130
49409 22564
49409 24110
49409 24253
49411 8844
49411 12257
49416 1446
49416 2179
49416 5037
49416 11494
49416 13841
49416 16573
49416 17298
49416 20910
49417 6511
49417 8991
49417 22281
49418 1729
49418 2792
49418 8307
49418 11703
49418 18416
49418 22753
49422 1125
49422 6140
49422 7233
49422 8307
49422 9938
49422 12821
49422 13416
49422 14421
49422 19074
49422 22760
49423 628
49444 2329
49451 8689
49451 15188
49451 22246
49452 10357
49452 17865
49452 23521
49457 6325
49457 14634
49457 14899
49458 8700
49481 8761
49481 11907
49481 12047
49481 20549
49481 22114
49481 22390
49481 22866
49481 22974
49481 23767
49494 10595
49494 15076
49494 17265
49494 21042
49494 21586
49502 15329
49502 22395
49548 18290
49588 1365
49588 17991
49597 4458
49597 8092
49609 10500
49644 649
49644 13465
49655 4720
49655 17348
49669 6443
49686 13072
49689 5761
49697 7727
49702 299
49702 3935
49702 6247
49702 23884
49709 3778
49709 5477
49709 6075
49709 10470
49709 11206
49709 16305
49709 17000
49709 18226
49709 20818
49709 22801
49709 22918
49734 2352
49734 5562
49734 9115
49734 20858
49734 21162
49747 3342
49747 10331
49747 13583
49766 23089
49774 412
49774 14204
49784 1388
49784 2049
49784 5079
49784 5633
49784 13844
49784 14774
49784 16607
49784 17474
49784 18586
49784 18708
49784 19443
49784 19512
49784 23646
49784 24049
49797 2996
49826 19761
49831 15990
49832 8401
49832 14194
49832 21262
49836 150
49841 3994
49846 18278
49848 22259
49850 20288
49872 4379
49872 6351
49872 6905
49872 9582
49872 10902
49872 11730
49872 13329
49872 13424
49872 13615
49872 14308
49872 14520
49872 16524
49872 16752
49872 19552
49872 20980
49872 21351
49872 23507
49873 6340
49873 15316
49873 16539
49893 211
49893 12836
49893 13789
49893 17175
49893 20730
49893 21476
49893 24156
49897 5763
49903 11024
49903 23581
49905 3836
49910 15601
49914 4206
49914 9992
49941 19204
49968 5866
49968 6279
49968 19923
50000 2087
50000 4135
50000 11009
50007 16101
50008 5096
50008 11304
50020 13224
50028 7454
50029 17219
50038 1226
50038 17879
50048 1446
50048 1456
50048 5037
50048 10817
50048 13072
50048 14756
50048 17298
50048 18683
50048 19878
50048 22039
50048 24584
50067 13921
50077 10781
50097 6022
50105 11307
50110 23532
50113 7812
50119 1863
50120 8371
50120 13260
50120 15427
50137 15849
50138 1831
50145 7358
50145 12559
50145 15700
50147 9910
50156 23694
50177 7114
50177 22776
50178 2860
50178 18250
50178 19672
50181 5214
50199 5383
50210 8285
50217 15133
50230 14202
50241 1220
50241 7639
50241 14651
50241 18916
50241 22239
50248 16798
50248 21513
50249 1104
50249 16635
50249 16736
50249 22564
50249 23683
50288 14574
50290 22989
50298 24364
50309 631
50309 10366
50313 21217
50315 1261
50335 7597
50335 21788
50336 3677
50336 3898
50336 6279
50336 9020
50336 9816
50336 18958
50336 19923
50336 20205
50336 20942
50336 22293
50336 23639
50337 13307
50346 7080
50355 9754
50355 13307
50355 16372
50360 24425
50370 1419
50373 8371
50407 10539
50407 18123
50411 14804
50430 517
50430 1143
50430 3022
50430 3933
50430 9992
50430 17965
50430 20345
50449 13224
50453 5465
50453 17067
50453 18387
50465 17655
50472 18605
50472 19110
50492 9775
50499 14041
50501 1165
50531 3142
50537 9859
50537 10169
50544 1570
50544 5529
50546 11268
50546 21994
50559 7394
50559 13301
50561 15518
50567 19741
50577 2457
50583 4257
50591 22658
50607 657
50607 3576
50607 12587
50607 17435
50621 20254
50639 16020
50639 19865
50639 24024
50649 972
50649 3113
50656 2611
50656 23228
50663 9224
50663 14413
50672 6805
50673 15066
50678 14935
50683 3692
50684 2025
50684 2520
50686 17234
50693 15502
50701 9666
50701 9910
50720 6786
50726 17165
50729 14422
50729 19407
50729 20940
50733 14266
50755 3789
50755 4910
50755 8098
50755 10671
50755 21013
50757 598
50757 6914
50775 7258
50775 9020
50775 17923
50775 22293
50775 24340
50782 3781
50784 2732
50784 5063
50784 21510
50803 7403
50804 17974
50823 16524
50832 17830
50832 19074
50836 19829
50852 1579
50852 11999
50855 2837
50855 6985
50855 19012
50874 7318
50897 12936
50897 14955
50897 14995
50897 18724
50903 5164
50903 7225
50903 9994
50903 11818
50903 13945
50903 14466
50903 16366
50903 16372
50903 19366
50903 21872
50903 22365
50924 529
50925 16858
50925 17825
50925 21520
50925 23904
50926 13072
50937 11357
50937 12956
50937 15490
50941 19118
50944 287
50944 763
50944 3840
50944 7904
50944 8098
50944 10528
50944 11201
50944 11451
50944 13198
50944 16115
50953 24243
50959 14164
50959 16376
50969 1243
50969 11755
50969 20557
50984 452
50984 12883
50984 13469
50993 7499
50993 12307
50993 16179
51013 6619
51013 9143
51013 16754
51013 19337
51020 3329
51020 12926
51027 9775
51028 9582
51028 11980
51030 13224
51040 7852
51064 3150
51064 8714
51064 14677
51064 17069
51071 158
51087 6407
51087 15337
51097 17135
51103 133
51103 8647
51103 13002
51104 10109
51123 11846
51125 8645
51126 4832
51141 1914
51141 2276
51141 6218
51141 6476
51141 11307
51141 13083
51141 13837
51141 15221
51141 16242
51141 20270
51141 23512
51141 23608
51152 972
51152 1621
51152 5683
51152 7549
51152 13584
51152 20850
51152 20951
51155 20708
51159 9910
51170 10810
51176 14677
51177 14992
51191 443
51209 1525
51209 13458
51209 14844
51209 23546
51214 23279
51222 23007
51239 9666
51245 7210
51245 20574
51254 1172
51254 20290
51256 5425
51261 4033
51261 11670
51264 2782
51264 16067
51276 1601
51283 1868
51283 2446
51283 3365
51283 6541
51283 8014
51283 8262
51283 14888
51283 16243
51283 16753
51283 17708
51283 18336
51283 22793
51299 21744
51302 13110
51303 6662
51320 18392
51325 6094
51342 1164
51345 2716
51345 17075
51345 18120
51345 19854
51345 21264
51381 19876
51388 9437
51388 22114
51432 9315
51463 16431
51463 16475
51463 17115
51463 17306
51488 16987
51499 6194
51499 16625
51499 22086
51524 1728
51524 15070
51524 19407
51524 22753
51536 8787
51536 11201
51536 19507
51536 24196
51546 500
51546 12926
51549 13634
51552 1809
51552 13000
51557 20567
51558 9425
51582 1581
51582 17381
51617 11667
51622 649
51622 22503
51623 1129
51623 14326
51623 21173
51623 24262
51631 8988
51631 20714
51634 1073
51634 3971
51663 12213
51672 4020
51694 3485
51694 11333
51694 15193
51694 17644
51727 4798
51727 13406
51757 22972
51773 18267
51781 4303
51781 7358
51789 1783
51789 17465
51799 9295
51808 9666
51818 12738
51818 12835
51818 17802
51818 23316
51832 14520
51850 7728
51850 9914
51861 21533
51866 6611
51866 10334
51891 13313
51891 20270
51892 23971
51900 7727
51900 11718
51900 11843
51900 18470
51922 6040
51928 2167
51941 1914
51941 11154
51948 712
51948 721
51948 2264
51948 6593
51948 6678
51948 14222
51948 20377
51957 16242
51957 17613
51963 5767
51963 8714
51963 11085
51963 11558
51963 12408
51987 22380
51987 23176
51990 24058
52017 12973
52017 23363
52018 4395
52030 24115
52034 8840
52075 18295
52075 23630
52075 23683
52086 22422
52102 13947
52102 14895
52102 20194
52116 13307
52116 17174
52136 778
52136 2917
52136 6662
52136 13083
52136 14287
52136 14651
52136 20550
52136 22239
52153 13844
52158 4062
52161 23112
52177 549
52192 4312
52192 17983
52224 3015
52224 4769
52224 17793
52224 21688
52224 23815
52230 23951
52233 13072
52233 19074
52237 9535
52253 13224
52254 6423
52254 11260
52254 17456
52254 20288
52267 9008
52267 12029
52268 15740
52269 22681
52333 13938
52337 16504
52354 15120
52364 11262
52366 11260
52366 14716
52366 20518
52366 20628
52366 20845
52374 3052
52374 3692
52374 8043
52374 21927
52378 2403
52378 11560
52402 4338
52402 5056
52402 6035
52411 6457
52419 18697
52424 4195
52431 9302
52441 15045
52448 50
52448 330
52448 7886
52448 12681
52448 13925
52448 19543
52460 23176
52462 6387
52462 12168
52462 16139
52462 17902
52462 18231
52462 19931
52468 15144
52470 3593
52470 10412
52470 10508
52470 13115
52470 18135
52471 15879
52472 2194
52472 7233
52472 7532
52472 8408
52472 13307
52472 15837
52472 20520
52480 9913
52481 6025
52481 7045
52526 1323
52526 2476
52526 3270
52526 3910
52526 5826
52526 7880
52526 9904
52526 13878
52526 16827
52526 18410
52526 19728
52526 21510
52526 24619
52529 10639
52529 17669
52529 18308
52533 12973
52533 21184
52549 10497
52568 4408
52568 19889
52568 21510
52571 4030
52571 13072
52571 17830
52571 18416
52571 20676
52572 16987
52613 2792
52622 11309
52624 13420
52627 3375
52627 14222
52641 16572
52656 811
52656 16309
52656 21133
52656 21347
52663 7334
52663 17940
52701 500
52701 3265
52701 5322
52701 17879
52701 21095
52729 12972
52733 5434
52733 7233
52733 7532
52733 8408
52733 10288
52733 13072
52733 19247
52733 19878
52733 22760
52743 17615
52753 12440
52753 15225
52753 21616
52756 22388
52776 1892
52776 23676
52800 3841
52800 23064
52804 649
52804 10635
52804 19549
52821 20149
52827 3422
52828 21159
52829 3270
52829 5097
52829 11076
52829 14535
52829 17341
52829 17364
52829 19323
52829 19964
52829 21302
52829 22963
52829 24347
52835 4143
52841 6115
52841 7840
52841 9896
52846 20086
52849 12399
52849 17931
52868 6035
52868 6786
52868 7727
52868 11303
52868 16160
52868 24415
52869 5717
52869 6932
52869 7816
52869 10283
52869 23943
52877 12216
52887 3548
52896 13551
52897 17760
52901 22
52901 12936
52916 584
52916 12580
52930 13804
52952 16146
52976 18121
52977 7002
52977 14018
52979 1323
52979 7830
53000 1335
53000 8650
53029 5225
53029 15259
53029 17572
53050 1460
53050 1935
53050 3159
53050 4613
53050 5262
53050 9323
53050 11358
53050 11683
53050 18907
53050 19587
53052 20476
53053 16411
53062 13442
53072 10843
53080 16487
53105 1090
53105 2836
53105 12753
53119 1678
53119 5663
53119 13108
53119 14280
53123 15397
53159 3677
53159 18791
53164 9522
53167 19549
53167 23781
53174 7266
53176 6104
53176 9910
53176 16160
53176 16197
53186 5631
53186 9981
53191 11303
53201 13508
53202 13925
53213 1781
53213 3849
53213 8851
53213 9753
53213 17175
53226 6604
53237 13917
53238 16449
53238 16787
53238 20096
53244 20676
53248 2938
53252 11201
53254 965
53254 14390
53254 21264
53269 13554
53285 24522
53289 3415
53291 2796
53291 12261
53321 13885
53356 2081
53363 11262
53363 13442
53383 23884
53392 20083
53397 4504
53400 11866
53400 16743
53406 21155
53408 8249
53408 23632
53418 23416
53418 24590
53435 443
53435 3339
53441 19683
53443 12191
53486 23774
53488 6420
53488 7513
53492 4493
53494 18435
53518 708
53518 6462
53518 8043
53518 20560
53519 19845
53522 12869
53525 13008
53529 307
53534 2621
53560 14466
53560 15869
53564 1730
53564 13993
53564 15641
53568 2899
53568 5260
53568 21746
53568 22203
53576 2199
53576 9517
53576 12963
53578 13033
53601 4416
53601 13204
53607 17314
53607 21684
53609 14589
53609 22851
53610 14515
53610 23371
53616 7530
53620 5513
53620 13340
53622 3969
53622 6803
53635 5297
53635 17522
53635 21447
53643 7318
53643 24121
53664 16022
53687 7258
53687 8575
53687 24301
53688 488
53688 14407
53688 15223
53702 19878
53713 5066
53713 6959
53715 22730
53725 14647
53743 650
53743 10617
53754 16231
53756 15605
53767 9020
53796 17252
53800 1388
53800 2655
53800 4747
53800 5694
53800 8575
53800 8780
53800 9315
53800 9337
53800 11437
53800 11717
53800 13370
53800 14096
53800 14229
53800 16121
53800 16795
53800 20824
53800 24001
53813 5067
53826 15634
53828 24605
53849 15477
53857 12065
53869 5367
53869 9254
53869 10199
53869 13397
53869 14525
53869 16913
53869 18958
53869 18970
53891 16141
53910 11869
53914 2958
53932 15071
53932 21264
53932 21775
53945 2329
53945 18171
53972 12977
53983 20977
53986 17465
53986 17548
53986 22813
54012 529
54012 3803
54012 6462
54012 8371
54012 10693
54012 20183
54012 21071
54014 9519
54014 18152
54017 2792
54017 8714
54040 24299
54042 11370
54044 17830
54047 20824
54047 24068
54059 2716
54059 6448
54059 18869
54059 22724
54065 24560
54072 6964
54072 11009
54072 13677
54072 14160
54072 22943
54072 24452
54079 12437
54084 17178
54088 307
54092 14515
54092 17632
54092 20457
54102 6094
54102 17518
54102 20484
54102 21251
54104 1199
54104 2634
54104 5344
54104 9126
54104 11518
54104 11772
54104 12851
54104 14422
54104 16714
54104 16722
54104 18278
54104 19783
54147 13442
54148 4504
54158 288
54158 6313
54158 10859
54158 13522
54158 24439
54165 5810
54165 12904
54165 14194
54165 16874
54165 18461
54165 19247
54165 20476
54165 20771
54175 2990
54185 9910
54185 9980
54193 7914
54193 10877
54204 3946
54205 14277
54219 8808
54223 1845
54223 2227
54226 18562
54241 20145
54255 9774
54255 10993
54269 3782
54269 7439
54269 8370
54269 22281
54276 11197
54282 8007
54282 14504
54284 22989
54286 23512
54306 3681
54306 10132
54315 2214
54316 15402
54316 21296
54316 23627
54330 3015
54330 5430
54341 23700
54343 1014
54343 13156
54343 14330
54357 4
54357 15533
54357 24268
54368 366
54368 649
54368 8761
54368 12481
54368 17021
54368 20335
54368 20452
54368 20980
54377 13294
54388 15221
54395 5253
54395 12050
54401 6025
54401 16242
54426 16986
54432 375
54432 7895
54432 8891
54432 9795
54432 11373
54432 16720
54448 17503
54459 13072
54459 16545
54475 1655
54475 6259
54475 12172
54475 15020
54475 21184
54483 12440
54488 755
54488 1073
54488 4012
54488 5924
54488 8438
54488 21141
54492 2427
54492 16939
54494 22805
54495 18171
54529 7340
54537 7588
54537 22719
54542 3578
54549 3689
54549 17076
54555 3429
54555 21335
54566 3022
54566 11820
54566 13393
54566 16051
54566 18284
54568 8371
54576 4379
54576 23507
54577 20688
54578 15221
54581 4932
54581 11260
54581 17566
54581 18262
54584 2428
54584 7358
54584 10217
54584 19783
54584 21184
54584 23190
54585 10618
54604 13161
54604 24039
54618 14973
54622 6245
54644 3898
54646 6388
54659 20666
54678 14097
54678 15729
54708 11843
54711 2888
54711 7334
54711 17802
54711 17828
54711 20831
54711 23827
54717 2190
54717 8516
54717 9715
54717 19853
54717 19876
54719 41
54719 1388
54719 15947
54719 22599
54722 2838
54722 23768
54733 9302
54733 18887
54736 24243
54763 13126
54767 1104
54767 11154
54767 11335
54767 18971
54767 21767
54769 708
54769 8043
54769 8298
54786 11260
54786 20288
54788 7886
54788 11132
54789 17905
54790 8134
54790 13554
54815 3994
54817 13069
54817 19146
54821 3576
54822 14194
54822 20725
54824 6902
54836 1993
54842 14972
54842 23507
54842 23862
54842 23950
54856 1378
54856 7233
54856 7814
54856 8068
54856 9139
54856 10337
54856 11818
54856 13099
54856 13883
54884 23800
54890 1177
54890 11817
54896 7126
54896 9582
54896 17254
54900 52
54900 1510
54900 9092
54900 9517
54900 11971
54900 20560
54914 3611
54914 6401
54914 9823
54914 16696
54914 20562
54919 50
54921 9295
54921 12973
54925 14532
54931 1293
54974 19878
55030 9728
55056 6463
55056 9744
55056 10333
55057 11370
55083 17856
55091 2885
55113 666
55113 5398
55113 7963
55113 15804
55113 18881
55113 22943
55113 23023
55115 7192
55134 8646
55136 22
55149 13188
55160 5956
55183 12696
55183 20690
55187 5154
55187 9605
55193 7629
55199 5914
55201 1218
55201 5950
55201 8077
55210 10416
55210 12598
55216 13951
55216 17553
55219 23337
55239 20023
55239 23675
55247 3769
55253 7830
55264 2655
55299 12492
55302 22736
55332 3266
55349 8787
55349 17478
55362 10780
55364 17979
55373 18602
55374 6702
55381 7312
55385 9620
55396 7992
55396 13925
55401 1257
55401 5322
55401 7261
55401 11636
55401 13718
55401 14629
55401 15468
55401 15990
55401 17306
55401 17713
55401 20641
55402 8307
55402 13072
55402 19074
55402 20484
55411 3411
55422 15650
55425 12313
55429 23090
55432 15589
55432 17107
55432 19292
55437 11303
55437 13146
55437 15070
55437 17856
55440 10958
55454 15317
55455 2732
55456 704
55456 812
55456 2464
55456 2608
55456 5917
55456 12988
55456 16199
55456 19663
55458 17927
55458 20614
55496 274
55496 7791
55496 9355
55496 11752
55496 13470
55509 7185
55522 8979
55527 19924
55534 2555
55534 12679
55534 15167
55537 8502
55538 20729
55543 12936
55543 14515
55543 19155
55544 7192
55544 13000
55544 15259
55562 815
55562 15084
55562 18214
55562 19537
55563 8938
55563 18785
55563 22141
55573 12076
55573 13175
55588 1121
55589 6547
55598 7082
55598 8714
55598 19800
55598 22145
55601 19058
55601 19533
55613 16727
55621 3917
55621 11618
55622 17323
55635 52
55635 8043
55635 8371
55635 13027
55635 18086
55635 23094
55639 6790
55639 8013
55641 2599
55644 333
55644 3323
55644 4736
55644 5733
55644 6906
55644 11698
55644 11976
55644 12137
55644 14532
55644 15632
55644 16572
55644 18999
55644 19634
55644 20039
55644 20951
55644 24168
55711 20845
55719 2509
55719 11947
55728 23525
55742 1165
55742 10611
55742 19268
55760 1374
55760 5033
55760 10918
55760 11604
55760 18991
55764 3836
55776 19396
55793 125
55793 10206
55810 7945
55812 6113
55814 1623
55836 12213
55841 7425
55841 8410
55852 2571
55852 9775
55852 20134
55861 7696
55872 2457
55872 4570
55872 6379
55872 9142
55872 22122
55872 24174
55887 13954
55890 6608
55890 11353
55890 12973
55890 13707
55890 17564
55890 20614
55906 12977
55915 9313
55923 2611
55923 4436
55923 18315
55935 72
55944 1220
55944 22239
55947 2428
55947 4312
55947 4699
55947 10217
55947 13671
55947 20047
55953 14900
55958 15545
55989 11303
55995 23700
56008 2628
56009 7045
56024 8657
56046 2626
56046 4623
56057 6243
56057 14765
56057 19854
56061 21935
56068 5307
56068 15038
56070 9522
56078 13577
56078 18224
56079 18040
56103 965
56107 6560
56109 1237
56109 7889
56118 3789
56118 4094
56122 1667
56124 529
56127 11494
56148 2546
56150 23763
56164 15427
56196 1189
56205 24299
56210 6752
56210 11636
56210 15468
56210 15990
56210 17713
56225 4349
56225 9582
56225 21263
56248 11022
56252 22382
56260 23254
56264 5269
56264 8650
56264 11843
56269 2724
56270 24276
56275 21127
56283 23069
56305 14888
56305 24496
56307 16778
56310 9842
56310 13471
56310 15038
56310 22082
56311 9062
56315 2573
56315 3720
56315 13307
56315 13841
56315 14756
56315 16587
56315 20676
56345 24124
56359 13243
56360 18440
56365 727
56365 8757
56365 20584
56372 3063
56372 6423
56372 21129
56394 3714
56394 11679
56394 22918
56395 1218
56395 23698
56395 24041
56407 482
56407 13304
56410 2656
56420 6311
56420 18944
56424 598
56424 4184
56424 11600
56424 12697
56424 16404
56424 17283
56435 4796
56440 1310
56440 8088
56440 8847
56440 9901
56440 14286
56440 18078
56440 19844
56440 22249
56440 22728
56449 3692
56449 11971
56474 237
56474 2696
56474 19854
56482 980
56482 2302
56482 21406
56482 23212
56482 24517
56487 3841
56494 11698
56494 13366
56494 13547
56494 22702
56505 21636
56509 23928
56519 17637
56520 13890
56520 23386
56521 16624
56521 23557
56528 3916
56556 716
56556 3000
56556 6382
56556 20364
56561 7084
56584 6670
56584 7080
56584 16411
56584 18262
56585 11372
56585 18810
56591 8844
56592 3523
56592 5651
56594 9295
56603 20254
56607 128
56607 7875
56610 511
56610 9229
56613 1884
56623 6950
56655 3677
56661 1307
56664 1067
56664 15478
56668 18916
56668 22239
56676 20204
56710 11154
56710 11335
56710 18971
56711 22365
56719 1630
56719 4646
56719 4687
56719 7597
56719 20596
56719 24455
56720 10598
56721 19640
56721 20274
56728 21839
56729 11335
56729 18971
56731 12172
56746 4302
56746 10311
56750 13555
56772 9597
56808 13072
56808 15702
56809 6026
56824 2858
56824 2885
56824 2996
56824 9823
56824 10980
56824 17802
56824 23316
56827 10930
56843 4632
56843 13242
56843 23629
56845 2955
56845 5121
56845 18915
56845 23423
56848 22607
56849 16830
56866 10626
56880 7064
56892 6387
56894 18295
56896 11850
56898 9691
56898 15880
56918 7553
56939 13048
56945 792
56946 12967
56955 16986
56956 5538
56956 14850
56958 17988
56959 1529
56959 14757
56959 15480
56959 16833
56983 10159
56984 3071
56984 7587
56984 9918
56984 10750
56984 11585
56984 23292
56992 6042
56996 3720
57013 2966
57013 5815
57013 6107
57013 6405
57013 7498
57013 9299
57013 12873
57013 16547
57013 17069
57013 18093
57013 18371
57013 18442
57013 21802
57013 21874
57013 22322
57014 9910
57014 12835
57045 15061
57045 15280
57045 20584
57045 22452
57062 13178
57062 13330
57062 18595
57062 20212
57075 1165
57075 7215
57075 11926
57094 5562
57094 6604
57094 19697
57096 16778
57100 3969
57108 1226
57108 1587
57108 2558
57108 3467
57108 10056
57108 13711
57108 19172
57112 20935
57112 22564
57126 9445
57156 3128
57156 15519
57163 22664
57171 2858
57171 18787
57177 17879
57177 24355
57190 18
57190 2052
57190 2180
57190 3086
57190 3481
57190 3719
57190 4457
57190 4467
57190 7963
57190 10409
57190 10452
57190 12111
57190 12590
57190 13017
57190 15224
57190 15815
57190 17263
57190 18171
57190 18767
57190 19103
57190 19369
57190 20448
57190 22538
57190 22591
57190 23836
57195 15833
57204 1056
57204 2927
57204 4786
57204 5225
57204 6098
57204 8757
57204 12069
57204 14382
57204 15259
57204 19343
57204 20766
57204 20913
57204 21302
57204 22220
57204 24229
57212 20169
57218 4382
57224 4144
57224 10127
57231 852
57231 1963
57231 5433
57231 8851
57231 9539
57231 9996
57231 15020
57231 22436
57235 18069
57235 23525
57241 6993
57241 10877
57255 20599
57268 8309
57268 18186
57268 18284
57278 5443
57287 22943
57294 15251
57294 17125
57294 20812
57297 21747
57304 2724
57304 10500
57304 17359
57304 21229
57305 21627
57307 2646
57322 5966
57335 10211
57341 5507
57341 13971
57341 20383
57362 22241
57366 9313
57366 11303
57366 17099
57366 21264
57371 9965
57390 5305
57390 13954
57413 3399
57413 3789
57417 5726
57449 13649
57452 8219
57457 1729
57457 2194
57457 2695
57457 8307
57457 11902
57457 12110
57457 12332
57457 13307
57457 13841
57457 13925
57457 14421
57457 18416
57457 19878
57513 13493
57535 11370
57535 13231
57535 20961
57535 23036
57535 23211
57538 20024
57540 17020
57542 9184
57542 11197
57552 14520
57554 23512
57568 9634
57568 14735
57572 8945
57572 10460
57582 12332
57582 23694
57592 18627
57618 17178
57627 18360
57628 16242
57628 23069
57633 14535
57633 15480
57637 4883
57637 6407
57637 15173
57637 15754
57649 11314
57660 902
57666 21066
57685 9020
57685 9240
57685 21751
57694 31
57698 12752
57698 16101
57698 16123
57700 13307
57716 4209
57718 771
57718 1853
57718 3232
57718 6694
57718 7979
57718 8273
57718 8377
57718 8447
57718 10815
57718 13349
57718 14652
57718 18214
57718 20355
57718 22586
57718 22914
57723 13072
57725 12946
57725 14633
57730 13501
57730 14020
57730 17518
57741 11866
57741 15551
57741 20570
57754 1125
57754 4474
57754 4626
57754 5037
57754 6254
57754 7803
57754 8307
57754 8886
57754 8928
57754 10817
57754 11244
57754 11902
57754 12332
57754 12821
57754 13099
57754 13925
57754 14421
57754 14756
57754 16587
57754 18236
57754 18683
57754 19074
57754 19553
57754 19878
57754 20468
57754 22009
57754 22760
57762 5204
57762 14017
57771 6413
57771 7304
57771 8467
57771 15551
57771 23500
57773 9002
57774 5025
57774 22599
57778 11063
57778 15996
57778 22560
57780 19566
57800 18311
57800 23309
57823 5253
57837 6463
57837 19853
57841 2573
57841 3720
57841 17298
57841 17830
57841 19074
57841 20024
57844 650
57844 7496
57844 21694
57864 12070
57873 9020
57873 16832
57879 15353
57881 15754
57883 10334
57883 12107
57883 21264
57883 22032
57892 231
57900 21762
57901 3997
57901 5004
57901 7233
57920 5852
57927 3337
57929 2696
57936 9306
57936 23292
57967 12127
57967 13839
57969 529
57974 19639
57989 6115
57989 7840
57989 22127
58006 10757
58045 4086
58055 13711
58055 13733
58056 11303
58056 21387
58065 19046
58090 19827
58093 1220
58093 14287
58118 678
58185 3576
58185 4000
58185 5981
58185 7079
58185 15361
58185 22436
58188 11199
58199 21266
58199 23858
58217 8370
58217 22571
58226 150
58226 2157
58226 3916
58226 3971
58226 4038
58226 4544
58226 6262
58226 8376
58226 10745
58226 11805
58226 14351
58226 14710
58226 18605
58226 18869
58226 19110
58226 19642
58226 23085
58226 24489
58229 10780
58231 10347
58239 21532
58274 19893
58277 872
58277 10885
58277 16478
58277 20980
58279 9763
58308 13110
58324 1016
58333 1700
58354 2996
58356 287
58356 12207
58356 15620
58364 307
58374 19598
58374 20248
58395 12936
58403 150
58403 10357
58403 11306
58403 13110
58403 13911
58403 13954
58403 22188
58403 23337
58422 334
58422 6136
58422 14520
58422 23212
58434 3593
58434 8543
58434 9499
58434 12706
58434 14509
58434 15534
58434 16503
58434 18135
58434 18822
58434 22922
58434 23121
58440 9229
58443 3494
58443 20994
58443 22707
58445 21636
58447 597
58447 5092
58447 9582
58447 13003
58457 12973
58457 15312
58457 16006
58457 19598
58459 3546
58466 21707
58474 2329
58478 558
58483 16073
58486 500
58497 8847
58516 3113
58516 8461
58516 12977
58516 19329
58518 15853
58522 538
58522 4288
58528 11178
58550 20476
58559 9517
58559 24370
58560 5949
58568 7914
58568 19783
58573 21248
58583 4019
58583 5369
58583 7696
58584 11725
58588 9910
58594 16270
58594 20878
58601 5263
58601 18782
58609 20870
58612 4279
58612 4365
58612 5290
58612 5829
58612 8827
58612 10387
58626 14203
58638 6268
58659 3916
58671 257
58671 1077
58671 12069
58671 18112
58671 21510
58671 23211
58671 23802
58672 6905
58672 12199
58672 18641
58700 7233
58700 7358
58704 5322
58704 5460
58704 10641
58704 12328
58704 13718
58726 10603
58726 22980
58742 8412
58742 19049
58751 13134
58764 7840
58776 1864
58776 1956
58776 7746
58776 11417
58802 2186
58802 19392
58810 6547
58821 13046
58837 3665
58837 14814
58839 6682
58858 648
58863 943
58877 12846
58879 8371
58879 18683
58879 20119
58888 221
58888 1870
58888 20789
58911 726
58911 3106
58911 7558
58911 20663
58911 21045
58912 287
58917 1364
58921 13892
58921 17360
58927 9313
58927 9910
58927 13117
58930 1726
58930 6704
58930 7007
58930 8221
58930 10705
58930 11303
58930 20907
58930 23837
58934 23438
58945 17266
58974 2880
58974 5501
58974 11891
58974 15777
58974 19374
58974 21518
58994 868
58997 11260
59009 3452
59020 15261
59029 2938
59029 7641
59029 24198
59044 9184
59048 1129
59048 11437
59048 13390
59048 17359
59048 17760
59048 23365
59055 17828
59056 8695
59058 5602
59066 11044
59073 2858
59073 7641
59073 23091
59075 2520
59075 8851
59075 11727
59075 16524
59083 22938
59094 20440
59094 23770
59098 5252
59098 8714
59098 9295
59098 16425
59098 18744
59103 125
59103 2547
59103 4736
59103 6007
59103 6016
59103 9992
59103 10133
59103 10206
59103 10605
59103 11976
59103 13516
59103 14532
59103 15089
59103 15973
59103 16687
59103 17965
59103 18652
59103 20249
59103 20951
59112 5369
59115 14145
59132 4782
59132 7660
59151 20148
59152 12686
59156 8004
59173 3715
59181 12974
59186 11200
59187 4294
59227 4699
59227 6774
59227 10230
59227 13421
59227 14560
59227 20557
59227 21857
59227 23218
59236 13185
59242 1513
59242 6071
59242 6187
59258 4662
59262 14010
59262 16750
59289 9307
59297 3111
59297 3720
59297 8667
59297 20024
59297 20905
59297 21485
59311 14241
59315 19598
59316 5702
59316 14756
59320 10281
59327 24214
59334 6786
59334 13659
59343 478
59343 7626
59382 7358
59382 13469
59382 15038
59394 14145
59408 8408
59408 12657
59408 17522
59411 10204
59412 13002
59412 23731
59436 1863
59436 3677
59436 17769
59438 6700
59441 18879
59449 9323
59449 11683
59455 2855
59455 9047
59456 3911
59456 4613
59462 2252
59462 16517
59470 9153
59476 7302
59476 9752
59476 12660
59481 6949
59482 2611
59482 12941
59490 4101
59492 2926
59492 3270
59492 5677
59492 24254
59494 17076
59505 18178
59532 11267
59540 19470
59540 23878
59555 16124
59559 20297
59559 23369
59568 7215
59568 11926
59595 17420
59596 937
59596 3910
59596 5261
59596 22988
59601 14828
59604 1125
59604 1446
59604 13072
59604 18416
59604 18683
59609 9477
59630 1625
59630 3102
59630 6881
59630 9313
59630 13146
59630 21640
59631 1716
59632 5010
59633 15038
59636 3925
59636 15642
59636 19178
59639 13925
59647 2517
59657 1177
59657 6591
59657 24571
59661 21746
59665 4261
59665 8175
59665 9078
59665 12986
59665 18064
59665 22942
59675 3624
59675 7175
59675 11741
59675 13729
59675 17802
59675 18919
59687 17802
59699 10584
59701 3563
59701 20622
59701 22542
59714 5849
59714 19976
59716 11721
59716 24323
59717 7886
59717 13925
59718 4871
59719 6188
59719 19803
59736 6302
59768 6218
59768 15221
59768 24612
59780 20980
59783 6026
59806 10866
59806 19949
59812 5204
59812 10791
59813 10585
59813 20752
59824 3243
59824 21015
59831 542
59861 8726
59862 7814
59871 2036
59881 4261
59881 5016
59881 7534
59881 8928
59881 12905
59881 13987
59881 16263
59881 17355
59889 4603
59889 18196
59889 19055
59894 9295
59894 9432
59894 12973
59894 14162
59894 20004
59894 22372
59895 1773
59895 4992
59918 8379
59937 7901
59942 1148
59947 5237
59947 11635
59947 12331
59967 23081
59982 7398
59989 17298
59993 16801
59993 24411
60000 11667
60009 12973
60014 9295
60022 16242
60053 5866
60053 9663
60065 8714
60066 13580
60081 15280
60092 3576
60092 20942
60097 15832
60097 17830
60102 5850
60102 8255
60102 21297
60102 23481
60102 23690
60114 22390
60119 708
60119 19337
60142 15276
60142 16591
60148 9276
60148 11704
60148 20839
60148 23683
60151 5321
60162 19928
60164 10061
60165 1251
60165 23436
60168 282
60168 3658
60168 8475
60169 14552
60169 19193
60172 883
60172 4688
60174 3802
60176 19893
60180 7318
60184 3175
60184 15233
60188 604
60209 6370
60209 9721
60219 17522
60224 2131
60225 4552
60225 10357
60235 19543
60246 19773
60250 6245
60250 12165
60261 5010
60266 5232
60270 24462
60293 13677
60311 18104
60311 22865
60340 15653
60341 5848
60341 14520
60401 15706
60417 15410
60417 17879
60417 20254
60421 7318
60425 13779
60425 16072
60447 6662
60447 19741
60448 23095
60455 8640
60479 15070
60493 1892
60493 4303
60502 11718
60502 18130
60509 5282
60514 7727
60514 9910
60514 11303
60514 12710
60514 21429
60543 18104
60546 10960
60546 12396
60569 6391
60569 17743
60569 18260
60569 19327
60569 21179
60572 22174
60580 23544
60605 9713
60609 10500
60615 8161
60615 11676
60615 13287
60618 18129
60627 20069
60650 18921
60652 708
60652 15439
60652 23630
60682 22706
60689 6110
60716 9213
60717 4416
60723 9890
60732 15716
60738 11622
60738 21935
60738 22166
60758 7639
60764 13460
60764 15382
60772 534
60772 14883
60790 23781
60804 989
60825 10573
60830 5114
60833 2858
60835 14892
60845 19927
60849 6770
60849 13239
60849 15334
60854 17230
60854 17291
60856 23148
60859 7197
60859 20085
60859 22349
60860 23383
60870 881
60870 1143
60870 10919
60870 15089
60870 15394
60874 4096
60892 2457
60899 10394
60899 10958
60902 23873
60903 20184
60922 9775
60923 3294
60927 13224
60935 2059
60952 4631
60952 23864
60962 6975
60962 21851
60975 12279
60984 19049
60987 6165
60998 14280
60999 6786
60999 12615
61002 3789
61015 2878
61015 15676
61015 22771
61035 8098
61035 14429
61036 4695
61036 11611
61036 17677
61048 9669
61048 20014
61048 22405
61062 15836
61064 1095
61070 4780
61085 22551
61088 9040
61098 12764
61103 310
61123 21452
61134 21879
61140 228
61140 11560
61140 18295
61140 19379
61140 20171
61140 20254
61140 23167
61140 23763
61140 24202
61140 24612
61155 19853
61159 1890
61165 12973
61165 22418
61165 22645
61170 11728
61175 727
61175 1428
61175 4822
61175 13170
61175 23178
61175 23390
61177 17861
61177 21354
61177 22739
61179 2689
61179 13366
61185 12230
61191 2510
61202 20145
61204 23090
61209 21821
61212 287
61212 607
61212 1975
61212 5012
61212 7793
61212 9040
61212 15472
61212 20914
61230 650
61230 7496
61230 8252
61230 22729
61231 229
61234 2860
61253 10874
61253 21641
61254 23091
61257 11863
61257 19388
61275 1093
61275 7189
61275 8179
61275 24116
61278 8642
61279 6793
61279 7370
61293 6174
61293 12869
61293 13012
61293 15497
61293 16838
61293 23998
61295 9306
61295 21390
61295 21927
61296 14677
61315 2268
61328 3898
61328 6820
61328 11662
61328 22241
61366 2260
61378 14074
61397 4359
61407 1141
61407 2914
61407 10048
61408 4906
61415 15086
61415 24299
61423 8010
61446 8385
61452 19418
61456 52
61456 6462
61456 8043
61456 11971
61461 8578
61461 12227
61466 2901
61466 6461
61466 8365
61466 10938
61466 15574
61466 18333
61466 21864
61468 19533
61469 9826
61471 4828
61483 4948
61483 6303
61510 5892
61510 9039
61510 13115
61510 17998
61510 18135
61518 6906
61519 23634
61528 334
61541 1129
61553 8040
61553 18174
61557 9020
61567 10814
61567 18058
61569 12481
61569 16478
61571 22760
61575 18270
61576 840
61576 4591
61576 7358
61576 10942
61576 12227
61576 20389
61576 20653
61592 6239
61592 12838
61592 18758
61599 9775
61603 8163
61611 4020
61611 4294
61611 10029
61624 7840
61624 9582
61624 16524
61624 21485
61629 9295
61635 1527
61639 4643
61639 15251
61656 2627
61656 6457
61656 11707
61656 13958
61662 2526
61662 5503
61662 23184
61686 17333
61686 20875
61686 23355
61694 21387
61719 13244
61721 9585
61722 14021
61725 17718
61747 648
61749 4606
61749 13629
61765 3411
61765 9991
61765 13371
61765 20087
61775 1892
61775 6985
61801 3908
61801 15922
61801 22482
61806 11303
61833 8450
61833 13375
61833 15693
61839 15257
61841 22571
61853 6675
61865 2695
61865 5434
61865 18416
61865 18986
61865 22976
61869 15355
61871 13164
61883 22661
61884 11976
61904 72
61904 2978
61904 15693
61921 3677
61927 8685
61930 21927
61935 18351
61948 6230
61948 11010
61948 18716
61959 9142
62005 9483
62005 18295
62005 22978
62018 1490
62018 17562
62022 18021
62025 5154
62025 15777
62025 17961
62025 19683
62034 21726
62045 18715
62062 3970
62062 14736
62062 18140
62064 6608
62066 7080
62087 6388
62087 14139
62094 853
62094 6662
62094 13904
62094 15221
62094 22971
62131 7074
62131 14074
62132 22039
62137 14520
62162 24121
62201 11025
62210 4387
62210 5317
62235 3782
62271 17532
62294 22172
62297 7871
62297 10933
62297 19343
62298 3782
62304 8505
62304 20942
62311 6447
62311 8827
62316 23688
62317 7525
62317 11707
62317 18649
62349 5686
62375 18605
62375 19110
62392 23257
62402 943
62414 9718
62418 22009
62445 13000
62445 13207
62451 3902
62461 4940
62473 671
62473 4963
62473 6628
62473 16578
62473 17620
62473 20337
62490 3841
62494 7605
62494 19853
62509 2534
62509 6115
62509 6914
62509 16374
62509 18083
62509 21979
62509 23371
62514 1261
62514 4497
62514 8193
62514 11184
62514 12502
62514 14612
62514 16251
62514 17069
62514 21043
62522 10737
62541 9726
62544 5886
62604 23648
62604 24517
62626 1726
62678 5932
62683 10612
62683 19958
62683 23008
62702 1085
62702 2566
62714 18013
62722 24452
62728 18642
62737 21221
62741 2619
62741 3443
62742 6951
62743 14425
62747 17628
62749 2065
62749 3852
62749 16300
62749 21893
62756 16320
62774 3323
62774 10919
62774 11976
62774 14532
62774 16850
62774 18028
62774 19049
62774 20951
62780 837
62780 978
62780 2859
62780 3063
62780 3712
62780 4365
62780 5290
62780 5321
62780 5829
62780 8955
62780 9454
62780 10091
62841 14189
62843 7233
62843 8408
62847 3407
62847 4818
62847 7060
62853 21894
62864 11697
62864 15432
62864 16711
62867 6050
62867 12367
62879 4644
62879 11879
62879 15977
62879 18226
62916 3967
62924 5317
62924 9541
62924 11357
62927 2677
62927 5882
62927 10581
62927 13134
62927 13788
62933 21735
62936 9582
62936 11334
62949 13726
62965 8198
62972 11295
63013 902
63017 22
63017 2556
63017 2699
63017 12851
63017 14422
63017 19138
63017 19974
63017 22155
63020 2302
63020 12227
63020 21406
63070 3015
63078 5512
63088 15205
63088 16185
63095 14972
63095 23862
63109 14154
63109 18336
63130 3966
63146 478
63146 15937
63146 24052
63147 6811
63158 2047
63158 7914
63158 11402
63158 18958
63158 23064
63158 23507
63166 4226
63166 6272
63166 17158
63171 451
63183 16958
63201 743
63201 3651
63201 5184
63201 7895
63201 8535
63201 18441
63202 21381
63215 18851
63215 22707
63238 21510
63242 1221
63242 1953
63242 5538
63242 6776
63242 10213
63242 20040
63242 20735
63242 21368
63242 23725
63254 8172
63254 14009
63254 16176
63267 17615
63267 21387
63271 5015
63271 15038
63271 18401
63271 22241
63289 720
63294 14160
63298 2043
63298 6652
63298 12869
63309 17879
63321 15432
63347 1936
63347 4332
63347 4825
63347 7749
63347 12386
63347 21223
63360 1882
63360 16085
63360 23229
63372 2392
63378 451
63378 4896
63378 14079
63378 16220
63378 20865
63378 23778
63384 1022
63384 1805
63384 5968
63384 15666
63384 17407
63384 22764
63391 1706
63391 5467
63391 7931
63391 17277
63395 11009
63395 15528
63395 20905
63406 13612
63409 6340
63409 8355
63416 4352
63416 12050
63416 15782
63416 16843
63416 21641
63417 17296
63422 7358
63422 8714
63422 9254
63422 23875
63426 2512
63432 17923
63440 7197
63444 17942
63479 12905
63490 14278
63498 2917
63499 11197
63499 13483
63499 16842
63499 24098
63502 9424
63511 23361
63522 6786
63555 9213
63555 11707
63565 24522
63574 16426
63592 5504
63592 8307
63592 17075
63592 23611
63593 18237
63596 6607
63596 13660
63596 24466
63598 187
63598 14779
63602 18738
63603 24044
63611 14757
63630 4127
63640 18503
63640 19956
63642 1225
63642 5262
63642 15355
63645 8371
63679 12698
63679 14815
63683 13465
63693 12936
63693 14388
63694 1165
63694 7215
63694 11926
63700 158
63700 943
63700 2377
63700 6115
63700 11724
63700 13522
63700 15209
63700 16887
63712 21485
63715 9313
63715 11718
63725 21636
63745 7173
63745 7512
63745 10351
63745 13144
63745 14658
63745 22141
63765 9843
63765 11065
63765 14818
63765 21806
63765 23636
63781 13397
63781 17769
63781 24223
63786 7233
63786 16587
63786 18416
63803 4454
63806 3692
63806 5882
63806 16118
63806 20622
63806 20875
63806 23428
63817 10917
63817 22196
63837 15865
63837 21775
63840 9582
63840 14164
63840 24517
63850 18139
63850 18897
63850 20969
63859 15395
63859 18353
63886 16860
63897 17828
63899 440
63899 3945
63899 4983
63899 9298
63906 11926
63915 13110
63915 15001
63920 12712
63925 1165
63929 12323
63977 1625
63977 14535
63980 9469
63986 7358
63986 18278
63993 450
63993 12098
63998 7045
64001 20254
64001 21629
64002 16680
64030 529
64043 16688
64051 5703
64069 4585
64073 20134
64075 3183
64077 8714
64077 18092
64088 3518
64088 3941
64088 4212
64088 6389
64088 23223
64095 22100
64113 9573
64113 23694
64117 2601
64123 18986
64130 4728
64130 5956
64130 8355
64130 15769
64130 17407
64142 20084
64142 22300
64143 14230
64143 22955
64143 23064
64151 4457
64157 5646
64168 23352
64179 10720
64193 10243
64197 6883
64213 6061
64249 8991
64249 21325
64262 2860
64262 3162
64262 7540
64262 20382
64267 8247
64272 4706
64273 16879
64273 21518
64284 23916
64286 19481
64288 20945
64294 13198
64308 18493
64308 19209
64308 20307
64310 4541
64310 18644
64310 18887
64332 18375
64333 6341
64353 5036
64353 6786
64353 9752
64353 13562
64353 14564
64353 18135
64353 21449
64355 2660
64364 23610
64366 10281
64370 3897
64374 2865
64397 11265
64401 2894
64401 12846
64401 20106
64402 4140
64402 18990
64406 3898
64406 7364
64406 8714
64406 11089
64406 11247
64406 18447
64406 18614
64406 21998
64407 4635
64413 7558
64413 10325
64413 13971
64413 16381
64413 24395
64425 16605
64425 24081
64426 17012
64432 9660
64438 21510
64457 7907
64457 8752
64457 20295
64459 8714
64475 13072
64492 11366
64492 13098
64492 21344
64503 4068
64531 2855
64531 15038
64553 4891
64592 9203
64644 18171
64649 4589
64653 16795
64670 20800
64678 21510
64679 19618
64730 3906
64730 5211
64730 10780
64740 8886
64752 13321
64752 18111
64752 23215
64759 9289
64759 14778
64759 16399
64759 24064
64765 19480
64768 10434
64789 8129
64789 15559
64789 17435
64799 4220
64799 11592
64799 13363
64799 13746
64799 21956
64820 4586
64820 14485
64846 11930
64846 22814
64856 3503
64856 3808
64856 6493
64856 18846
64864 8607
64864 20296
64865 1914
64866 16524
64866 21406
64869 19543
64871 7812
64880 4850
64880 20396
64894 14070
64900 14929
64908 17918
64913 18851
64917 22978
64925 21447
64926 1889
64926 14677
64926 20331
64946 21436
64947 2457
64947 4662
64953 92
64953 4198
64953 16825
64953 17212
64953 18263
64953 20614
64955 1489
64955 2724
64955 4215
64955 10199
64955 13804
64955 14302
64955 20849
64955 21953
64955 22739
64967 11877
64975 6965
64992 20925
64992 24121
64999 307
64999 1577
64999 3494
64999 10727
64999 17904
64999 21886
65003 21615
65033 3578
65034 4303
65034 7490
65034 7914
65048 10500
65050 456
65050 650
65060 15382
65060 18465
65065 14515
65065 23371
65071 649
65079 2695
65079 3997
65079 8762
65079 8928
65079 16956
65079 17319
65079 19024
65079 23563
65107 4972
65109 16001
65122 19388
65128 16830
65128 16833
65128 18782
65128 23194
65138 1312
65138 1944
65138 3664
65138 4421
65138 6604
65138 10351
65138 10431
65138 10652
65138 10874
65138 13153
65138 16425
65138 17430
65138 22896
65148 3720
65148 6140
65148 11244
65148 13416
65148 13841
65148 15702
65148 17298
65148 18683
65148 20700
65148 24048
65150 13677
65160 22068
65171 5317
65171 8726
65171 20865
65171 22376
65171 22938
65179 2197
65179 14767
65179 18958
65179 23207
65185 2174
65191 4146
65191 4321
65191 5800
65191 10171
65191 14649
65191 18347
65191 18493
65191 20307
65191 22117
65207 2302
65214 1199
65214 2477
65214 5588
65214 7916
65214 8221
65214 11538
65214 16926
65214 17971
65214 18586
65214 18685
65214 18938
65214 20377
65214 22769
65218 2023
65218 11972
65218 12973
65218 17095
65218 17562
65239 536
65239 11698
65239 23097
65244 4542
65252 16778
65259 18625
65261 3976
65261 5406
65261 23571
65265 3422
65265 4312
65265 5296
65265 6043
65265 6915
65265 7949
65265 9582
65265 13284
65265 15201
65265 16524
65265 18992
65265 19850
65265 20377
65265 20980
65265 23755
65293 19098
65304 2894
65304 3660
65304 3898
65315 13901
65323 17300
65334 19117
65334 23255
65356 15223
65370 648
65370 6127
65370 7093
65372 4068
65373 19863
65379 13224
65395 8780
65395 9111
65395 9744
65395 12367
65395 13310
65395 14429
65395 21184
65396 11550
65403 13462
65403 19539
65403 24440
65409 13483
65409 13742
65409 18039
65409 23117
65410 18525
65414 10734
65421 1668
65421 9649
65421 12599
65421 19355
65428 268
65428 5412
65428 6752
65428 14047
65428 14707
65428 18942
65428 19146
65442 4786
65442 14271
65442 22930
65446 1875
65446 6004
65446 6233
65446 8795
65446 20882
65446 22899
65449 22938
65461 14138
65476 23398
65477 6690
65477 15410
65477 22714
65477 24425
65483 14230
65484 2885
65490 14486
65495 21217
65506 14834
65516 15677
65565 287
65565 334
65565 1672
65565 1771
65565 5295
65565 13198
65565 18242
65565 19018
65571 17307
65574 16348
65574 21012
65578 16722
65587 12631
65593 13110
65604 14427
65604 17146
65616 437
65616 980
65616 9582
65616 15374
65645 13079
65660 3411
65660 4341
65660 9019
65660 14630
65660 14935
65660 15717
65660 16582
65660 22494
65660 23690
65672 2231
65672 18171
65674 11169
65676 1914
65676 13313
65681 632
65681 1428
65681 2381
65681 4261
65681 6820
65681 12722
65681 13224
65681 18493
65681 19209
65681 19724
65681 19922
65681 20307
65681 22117
65691 10790
65719 24168
65735 8163
65742 3883
65742 23600
65744 3488
65749 7318
65749 7968
65749 15263
65749 15268
65749 23517
65749 24367
65749 24518
65758 5262
65758 9305
65758 24622
65773 1729
65773 2573
65773 5702
65773 13841
65773 15528
65773 22039
65776 2260
65776 4530
65782 12421
65782 17792
65789 650
65789 3157
65789 8387
65789 19741
65789 20084
65789 22300
65789 22978
65800 13938
65805 23501
65811 7249
65811 8087
65811 10431
65811 15502
65811 18672
65811 23694
65820 3123
65827 20502
65830 1104
65830 2142
65830 21767
65838 2873
65840 597
65840 9582
65840 21041
65841 24276
65841 24309
65844 2818
65859 4015
65862 12560
65865 11132
65865 14547
65865 15271
65878 15605
65905 1044
65905 9582
65905 11841
65905 13522
65905 16524
65909 8044
65909 14887
65909 17069
65947 21386
65955 12887
65963 15677
65963 17749
65963 19900
65964 5010
65975 18916
65981 5485
65983 17692
66001 15243
66001 21182
66008 12581
66009 649
66009 1945
66009 2792
66009 7358
66009 12367
66009 16795
66009 19629
66027 6016
66032 5829
66032 10387
66032 12891
66032 18111
66037 21510
66040 17494
66046 13485
66046 17494
66046 20024
66068 10615
66090 7588
66092 4504
66092 23290
66124 22063
66129 980
66129 2302
66129 3765
66129 4379
66129 4699
66129 6518
66129 11671
66129 13088
66129 16478
66129 16494
66129 20980
66129 21406
66132 6601
66142 22667
66143 17047
66151 18262
66165 12176
66169 12905
66179 6604
66179 9049
66179 10243
66179 12963
66179 15371
66190 5036
66190 18352
66191 20134
66198 315
66200 4622
66201 3121
66211 21835
66216 9517
66216 10780
66225 1608
66230 13218
66230 15880
66232 1806
66232 3789
66232 9541
66232 11037
66232 15423
66232 15432
66232 21298
66232 21393
66242 2792
66242 11980
66242 20730
66242 20980
66242 22384
66243 872
66243 21041
66255 7293
66264 6715
66269 8820
66270 6379
66277 1567
66303 6115
66327 1675
66327 3297
66327 5035
66327 7379
66327 11092
66327 17175
66327 21406
66327 24407
66345 5434
66345 7744
66345 11340
66345 15733
66345 19247
66345 22556
66345 22744
66379 2792
66379 10060
66379 16722
66379 21184
66387 2320
66387 21798
66394 15249
66404 10907
66412 7489
66417 9528
66417 13347
66426 12088
66426 14363
66426 20639
66430 22887
66457 15813
66461 19064
66476 23864
66480 22390
66483 12973
66483 17564
66483 21788
66495 418
66495 2221
66495 3421
66495 4674
66495 11152
66495 12110
66495 15533
66495 23064
66495 24497
66501 9238
66531 22810
66540 7318
66542 4303
66546 18292
66554 4399
66554 20419
66560 2141
66565 15806
66580 211
66580 12085
66580 13734
66596 683
66596 3015
66596 12689
66670 5586
66673 650
66673 21694
66673 22729
66681 6994
66681 7794
66688 10874
66688 12050
66693 24275
66699 20484
66700 21238
66715 7641
66715 9469
66718 5776
66721 16238
66731 3720
66742 3207
66742 4206
66742 4669
66742 21594
66742 23271
66755 7185
66784 1920
66784 6307
66784 19557
66786 7246
66798 6652
66808 18758
66808 24170
66821 18408
66828 18551
66828 22434
66835 10004
66849 9665
66853 21172
66854 1324
66854 7624
66854 9718
66854 14829
66854 21458
66891 6379
66899 20270
66916 2573
66916 7537
66916 7992
66916 8419
66916 13841
66916 14756
66916 17298
66931 4294
66931 8252
66931 14002
66935 10086
66949 13244
66954 7318
66954 8029
66954 13851
66955 6651
66955 10493
66970 18262
66971 1588
66971 1954
66971 11030
66971 15865
66971 23235
66974 13260
66978 424
66981 7114
66981 11156
66981 19407
66981 21406
66986 18242
66990 22103
66997 2189
66997 11501
67017 5694
67029 4992
67029 6453
67032 8414
67032 13008
67032 13219
67032 13680
67032 20771
67035 23731
67069 21043
67098 650
67098 1152
67098 2646
67098 23090
67104 22032
67104 22425
67105 2757
67105 2792
67105 7879
67105 16727
67105 16741
67105 19443
67106 365
67106 872
67106 1366
67106 1414
67106 3050
67106 5743
67106 14545
67106 15499
67106 23212
67107 17688
67116 2276
67116 21767
67126 20910
67130 16006
67146 16138
67149 18262
67153 22742
67153 23369
67154 14767
67156 14767
67183 17965
67195 1993
67195 3942
67195 6600
67195 8757
67195 22963
67203 19165
67203 22081
67207 5702
67207 13925
67220 9448
67220 12382
67220 15837
67231 23326
67234 7111
67234 15092
67238 16680
67257 6546
67257 10437
67257 16567
67290 5122
67290 9890
67292 18719
67304 9901
67304 15353
67304 16530
67304 22372
67304 24198
67314 5875
67314 11469
67314 23458
67315 10416
67333 52
67333 3692
67349 720
67352 4338
67352 7249
67352 18447
67358 2899
67358 7832
67358 21522
67361 12575
67369 9084
67369 11181
67369 13746
67369 14408
67369 16541
67369 17702
67369 18731
67372 7886
67372 13224
67372 13925
67372 19543
67372 19878
67373 9295
67373 21217
67376 18565
67376 22404
67400 10357
67408 3202
67408 9722
67408 13557
67411 19412
67411 20553
67432 16754
67432 20096
67432 21071
67440 14545
67465 18283
67465 18364
67468 5059
67468 7497
67468 13572
67468 15814
67468 16464
67468 17779
67468 19214
67468 21228
67468 23180
67471 9126
67490 22
67490 2231
67490 7357
67490 15686
67490 22127
67495 17025
67536 2365
67571 15070
67573 2876
67573 14489
67576 7677
67587 19543
67615 5494
67615 16124
67616 2341
67616 23134
67617 22569
67625 11725
67625 15359
67630 23689
67633 3129
67655 23752
67662 334
67662 2353
67662 4150
67662 5035
67662 12831
67662 14520
67688 15973
67695 13621
67698 4469
67701 9775
67705 7843
67705 21850
67709 5398
67715 19737
67716 4942
67716 10818
67716 10919
67716 18654
67726 7949
67736 1507
67736 12267
67736 16609
67736 20910
67736 22255
67754 3782
67754 21919
67776 11075
67799 7930
67800 9914
67800 14520
67800 16478
67800 16524
67800 21257
67835 3498
67836 22944
67844 7352
67853 9468
67853 11786
67853 18091
67853 18234
67854 3976
67854 6351
67854 8097
67854 10257
67854 14361
67854 22674
67863 19598
67871 3271
67914 3943
67914 7641
67918 231
67918 2280
67918 9192
67918 19992
67930 19699
67930 24086
67931 17075
67932 12941
67943 18451
67947 8636
67947 11095
67960 418
67960 15533
67971 1104
67971 5818
67971 12027
67971 15427
67971 17248
67971 18043
67971 20879
67971 22564
67973 18284
67977 11079
67988 2404
67988 4969
67988 10859
67988 20335
67996 21463
67996 23229
68003 5434
68044 3841
68058 4290
68058 15427
68058 17721
68058 19927
68058 21734
68058 23050
68093 3789
68094 20865
68108 21957
68123 4803
68123 19387
68156 94
68173 5937
68182 11173
68182 11418
68197 14988
68197 15609
68197 21133
68197 23257
68203 6354
68204 13841
68204 15528
68210 8868
68211 14486
68211 15783
68215 13294
68216 2996
68223 1526
68223 21550
68240 2573
68240 5037
68240 5702
68240 8307
68240 8928
68240 10555
68240 10817
68240 11902
68240 12563
68240 12821
68240 14421
68240 15528
68240 17298
68240 18408
68240 18416
68240 19074
68240 20024
68240 20468
68240 22009
68244 5447
68247 6916
68249 11089
68250 10357
68250 13677
68250 20103
68260 9295
68264 2724
68264 5786
68264 9558
68272 357
68272 9956
68272 19787
68280 9352
68306 14695
68310 2529
68310 6128
68310 11155
68310 17183
68317 418
68317 12668
68317 15533
68317 15888
68317 18171
68317 21184
68318 16310
68318 21941
68356 14122
68378 2990
68378 6045
68378 6626
68378 22383
68380 16825
68394 3841
68394 21218
68396 22458
68397 2276
68397 11846
68397 23512
68409 19415
68415 1075
68415 22511
68419 5377
68419 10624
68419 16088
68419 20447
68441 10171
68441 19221
68443 11585
68443 20763
68444 23770
68467 13721
68484 19923
68487 20214
68492 3883
68492 18720
68507 2242
68507 13047
68507 15427
68507 18020
68507 19927
68507 21697
68507 23683
68514 659
68541 17128
68541 22722
68541 24035
68569 8506
68578 1912
68602 520
68610 4366
68610 9252
68610 10588
68610 14215
68611 4303
68617 22276
68626 1621
68626 14954
68626 19245
68631 6735
68655 778
68655 1143
68655 1329
68655 3669
68655 5591
68655 10422
68655 10919
68655 13313
68655 20254
68655 23167
68655 23675
68655 23995
68655 24036
68662 12057
68662 13358
68662 14756
68662 18416
68662 21930
68671 20484
68671 20735
68682 1073
68682 2241
68682 3870
68682 4012
68682 23369
68726 2204
68731 1094
68731 1325
68731 2247
68731 4159
68731 7252
68731 8387
68731 9008
68731 12225
68731 13050
68731 13697
68731 22300
68731 22978
68731 23433
68739 20565
68741 19878
68741 21485
68754 229
68758 13465
68776 4234
68780 20870
68785 4995
68785 15193
68789 5933
68789 8145
68789 15231
68817 22753
68820 7523
68824 587
68824 2511
68824 8107
68824 11266
68824 11718
68824 17735
68824 20704
68824 21751
68824 23555
68824 23820
68824 24359
68825 7050
68831 21931
68845 2125
68845 7022
68845 11418
68845 13128
68845 14221
68845 16632
68865 7215
68881 7975
68881 11930
68881 19629
68895 3789
68902 6204
68904 2798
68914 11846
68914 19049
68914 24490
68930 4590
68945 1228
68945 8645
68945 19999
68945 22117
68957 14677
68959 2345
68959 10904
68959 17096
68959 23058
68962 4303
68962 5569
68962 9020
68962 9528
68962 16022
68962 18986
68962 21107
68962 22437
68964 1729
68964 12905
68970 1727
68970 8991
68970 10844
68970 14222
68977 334
68977 1013
68977 2197
68977 5596
68977 6586
68977 11572
68977 13932
68977 16203
68977 21230
68977 22545
68977 24043
68981 1669
68981 2572
68981 7004
68981 15649
68984 14878
68991 7716
68992 6008
69077 5225
69078 4773
69089 110
69089 7051
69089 7456
69089 10503
69089 18642
69092 6457
69096 4585
69096 9034
69096 9483
69096 24618
69101 11193
69122 23553
69124 1723
69127 3547
69127 7269
69127 15139
69127 23383
69128 219
69128 288
69128 872
69128 14520
69137 3129
69144 6022
69150 8578
69150 9914
69150 10985
69150 19783
69155 18683
69159 12112
69160 23257
69213 4314
69226 1062
69246 5689
69251 5570
69251 18885
69251 22138
69253 21605
69254 9002
69254 23669
69262 8408
69262 10246
69272 3412
69272 23393
69279 22306
69282 6550
69282 11329
69282 16120
69282 21645
69301 22932
69315 14303
69315 16427
69315 24517
69324 13557
69324 20357
69325 10246
69325 14953
69325 22015
69326 24064
69327 1022
69327 11266
69353 3765
69353 16524
69353 16987
69353 18986
69353 21072
69353 23212
69356 13857
69356 13904
69363 7937
69365 8184
69376 1130
69378 17328
69385 11349
69388 5037
69388 23513
69391 5594
69392 11138
69397 11197
69397 23811
69417 21662
69423 13465
69423 17131
69433 7358
69433 7629
69435 529
69435 4585
69435 13366
69435 14985
69435 15065
69435 15427
69435 21504
69435 21734
69438 11010
69446 3789
69460 11465
69480 3866
69480 24618
69484 647
69484 13483
69508 23036
69520 6313
69520 14545
69520 17891
69527 22
69527 21979
69533 20894
69537 5094
69537 15153
69537 21184
69545 546
69566 3293
69566 16449
69571 20980
69574 4384
69574 9049
69574 10756
69574 13728
69574 18138
69574 19381
69574 22281
69579 1227
69579 15276
69579 15520
69579 23573
69586 21258
69597 22673
69616 1805
69621 1104
69621 1309
69621 24253
69633 7192
69640 2329
69648 19878
69650 21406
69659 17407
69659 23442
69660 19804
69677 13841
69677 17298
69680 11941
69681 6071
69696 17865
69698 3789
69712 7358
69712 21184
69713 15580
69726 1125
69726 18683
69727 14387
69727 18171
69733 13184
69733 16365
69733 22940
69757 9910
69758 4215
69758 4382
69758 4670
69758 6115
69758 7840
69758 19407
69758 20980
69764 10997
69764 23243
69766 529
69767 8123
69769 23090
69770 7318
69779 3581
69779 13997
69779 15402
69779 21667
69782 9910
69803 13979
69821 21510
69825 2356
69830 14968
69840 6167
69840 24047
69849 6723
69849 15557
69853 3789
69858 20028
69874 15478
69877 12787
69880 7604
69880 8348
69880 10061
69880 16909
69880 17769
69880 22439
69882 19940
69882 23285
69895 19350
69921 6218
69921 19294
69921 23675
69930 2457
69930 18683
69938 8801
69938 10194
69938 11217
69938 15533
69976 12135
70009 1387
70009 22753
70010 17473
70014 20617
70020 1888
70025 17262
70027 6523
70027 11076
70027 16212
70027 18933
70027 22581
70027 22963
70034 8545
70034 13547
70034 24115
70040 3333
70050 12125
70050 12962
70066 24355
70071 5097
70075 656
70075 12457
70085 4632
70095 16718
70110 16146
70117 12762
70138 91
70138 1945
70138 3095
70138 3102
70138 3399
70138 7996
70138 8408
70138 8916
70138 9469
70138 10103
70138 12738
70138 16264
70138 17099
70138 18135
70138 18970
70138 23383
70139 11727
70139 15861
70139 18990
70139 20456
70139 20669
70139 23578
70158 20731
70162 11656
70163 2511
70163 9166
70163 10110
70163 15647
70171 14545
70171 15185
70178 5317
70178 7751
70178 10086
70178 14081
70178 20910
70178 21919
70198 10231
70198 13978
70198 19754
70198 21767
70198 24253
70198 24365
70218 2594
70218 4144
70218 14134
70220 22730
70226 15664
70241 9295
70243 5932
70243 7767
70243 13232
70243 20650
70271 20547
70271 22938
70272 16322
70278 2051
70278 3442
70278 9376
70278 10791
70278 14143
70278 14574
70280 11611
70280 19713
70281 3965
70281 4541
70281 18644
70285 1067
70285 23722
70291 15822
70327 3412
70327 18416
70327 19074
70331 21719
70335 134
70335 7624
70335 8672
70335 13787
70335 22442
70354 15459
70375 3841
70379 7332
70379 12905
70379 13072
70379 13841
70379 21139
70379 21833
70380 17491
70398 952
70398 2048
70398 12963
70398 15596
70400 6106
70400 9664
70400 10689
70430 13717
70432 616
70432 20484
70435 11611
70435 12010
70438 5509
70438 9843
70455 792
70466 18267
70478 15152
70487 22943
70488 7839
70490 5317
70491 1152
70491 3658
70491 4020
70491 20270
70496 11762
70501 4430
70501 9880
70501 13390
70501 14404
70501 18734
70501 20725
70501 23195
70505 1220
70505 7639
70536 2882
70536 10281
70536 13052
70545 3866
70545 23683
70555 7215
70582 7192
70582 21510
70593 1853
70593 5593
70593 6881
70593 11718
70593 20690
70593 21567
70593 23468
70609 2875
70612 5012
70646 1845
70646 19683
70648 20634
70653 3603
70653 16901
70661 5535
70661 8914
70661 14024
70661 15053
70661 19963
70661 21371
70661 24087
70680 1473
70680 5097
70680 6350
70680 7074
70680 8311
70680 10508
70680 16723
70680 18381
70680 22136
70685 20539
70700 17934
70701 13088
70701 21184
70701 22158
70708 22876
70708 23607
70728 18738
70731 251
70740 287
70740 5092
70740 5908
70740 8641
70740 8944
70740 9425
70740 11600
70740 11980
70740 14229
70740 15146
70740 16926
70740 20333
70740 21217
70740 21892
70740 21934
70740 22486
70740 23365
70746 5934
70761 4865
70761 24017
70765 2801
70773 12996
70776 18092
70792 4101
70813 12973
70821 7773
70821 20622
70821 23943
70840 9910
70840 17099
70840 17856
70842 137
70842 3464
70842 4167
70842 6107
70842 6814
70842 7866
70842 12560
70857 7814
70862 10874
70862 12050
70878 4303
70878 5966
70891 14580
70891 23395
70891 23416
70909 2377
70909 12852
70909 19783
70912 6259
70912 7996
70912 8041
70912 12566
70912 23420
70913 229
70913 1819
70913 3789
70913 4094
70913 14551
70913 17792
70913 18396
70914 4618
70914 7329
70914 9571
70914 11235
70914 14179
70931 21664
70942 13925
70943 5942
70985 55
71039 24202
71045 16843
71049 21323
71053 21184
71059 2939
71072 6279
71073 18092
71095 18262
71096 17958
71104 17224
71104 17792
71132 333
71132 11111
71132 11207
71132 14532
71132 16572
71132 17976
71147 20549
71147 22390
71150 8577
71163 3782
71163 7716
71168 445
71168 17300
71168 21391
71172 13046
71172 23399
71172 24035
71175 2001
71184 7830
71184 13742
71188 3269
71188 18223
71204 17510
71214 2034
71219 2851
71219 10203
71219 19481
71221 24267
71226 2169
71257 10410
71258 1937
71258 9373
71258 19754
71258 20576
71261 6601
71261 13397
71266 1228
71266 6807
71266 12611
71266 13072
71270 15566
71274 1174
71288 4175
71310 9536
71333 3116
71333 3240
71333 4376
71333 9775
71333 22943
71350 10491
71366 6600
71371 16242
71371 19294
71371 20084
71371 21694
71372 12020
71374 1658
71374 4623
71374 11198
71374 21537
71378 3789
71378 5418
71378 10874
71378 13072
71378 14452
71378 18416
71378 18822
71378 20781
71403 7639
71405 23675
71442 14839
71450 18660
71458 12481
71464 11245
71466 4454
71470 8575
71481 9020
71483 2739
71486 6354
71486 8524
71486 22084
71505 20945
71505 23698
71545 20659
71549 20430
71554 14520
71554 16310
71563 13557
71571 9698
71594 23244
71606 56
71606 17710
71620 6134
71620 17760
71620 21510
71632 14520
71633 11451
71633 23319
71636 24243
71654 21506
71663 12343
71698 3916
71698 5044
71710 6134
71733 23090
71737 20270
71748 943
71752 12072
71764 1914
71764 2403
71766 13164
71773 1220
71790 4019
71790 7411
71793 6568
71793 8450
71794 21003
71795 23731
71802 5849
71808 14954
71810 12241
71810 15620
71848 4426
71848 13442
71865 1545
71865 17312
71876 10049
71878 18262
71888 21734
71891 7707
71902 18727
71917 5015
71919 14293
71919 18350
71949 1199
71974 4437
71990 6601
71990 9313
71998 22925
72029 1749
72029 4079
72029 15071
72035 4201
72035 13117
72035 16145
72035 16539
72035 21264
72058 721
72058 1087
72058 1945
72058 2586
72058 5275
72058 7258
72058 10613
72058 11437
72058 12654
72058 18278
72058 18360
72058 21937
72058 23383
72062 12100
72062 14574
72062 16478
72067 2666
72079 15499
72108 21184
72109 8307
72128 9266
72145 13789
72145 23607
72145 24439
72147 287
72147 1370
72147 2196
72147 3576
72147 3620
72147 4000
72147 4303
72147 8714
72147 9582
72147 12889
72147 13003
72147 13677
72147 14677
72147 20089
72165 9649
72165 12031
72172 13399
72178 22972
72182 2179
72206 3475
72215 18719
72232 11707
72262 8727
72267 18416
72268 22571
72269 5010
72270 22910
72283 5780
72283 9621
72283 17696
72295 8915
72295 17165
72296 2184
72309 8807
72309 11641
72309 17902
72309 18906
72309 19803
72314 6218
72332 17306
72345 21650
72362 2290
72362 15906
72390 1402
72390 9002
72390 17811
72406 16587
72422 7639
72422 11154
72422 22014
72425 19002
72425 20878
72429 13939
72445 11060
72445 11538
72448 373
72448 536
72448 21504
72462 3328
72462 17224
72465 2899
72471 3906
72471 11279
72479 6644
72479 23683
72486 2695
72486 9433
72486 12611
72486 15043
72486 17804
72509 597
72509 872
72509 3337
72509 9582
72509 12332
72509 13003
72509 21041
72509 21406
72509 23246
72526 18546
72550 4384
72578 7120
72586 105
72588 13202
72588 15615
72588 21734
72588 24115
72603 5322
72618 8660
72633 5268
72644 6026
72644 8925
72644 15522
72645 114
72651 23001
72653 9427
72653 11970
72653 15735
72666 17568
72679 3396
72687 5366
72687 10999
72700 3835
72720 206
72754 20254
72757 4648
72757 9666
72757 11835
72759 597
72759 872
72759 3677
72759 4303
72759 6612
72759 8505
72759 9582
72759 13003
72759 23466
72760 18822
72766 3475
72767 5296
72767 9764
72771 148
72771 2874
72771 10948
72771 15580
72771 15995
72771 24320
72785 19294
72786 18236
72799 23466
72805 4104
72805 6513
72805 7744
72805 8731
72805 11340
72805 13545
72805 15897
72805 20950
72811 16722
72813 11071
72813 13164
72813 20254
72814 7837
72814 12580
72814 16493
72823 8757
72823 9775
72838 15153
72841 2335
72841 3091
72841 18821
72841 19754
72852 10369
72852 16215
72873 9272
72883 3789
72892 6932
72892 7901
72892 8298
72892 10840
72892 20567
72895 3720
72914 23670
72935 6831
72935 18113
72974 9424
72976 397
72976 6786
72976 9313
72976 9666
72976 13363
72976 21751
72988 5377
72990 17131
73005 7641
73016 5611
73017 20802
73030 5002
73030 20980
73030 21406
73038 2276
73038 21697
73040 6262
73040 14452
73048 1504
73048 2894
73048 11888
73048 18278
73048 18851
73048 19657
73054 52
73054 3692
73054 3803
73054 6486
73054 6932
73054 8738
73054 9092
73054 16754
73056 6790
73056 11282
73061 1855
73061 3817
73061 17747
73104 17532
73134 9880
73134 10942
73134 15333
73134 16213
73134 17861
73134 24051
73147 2939
73147 6607
73147 23843
73151 15658
73166 2107
73169 16572
73173 2513
73173 17053
73173 18431
73173 21478
73173 22771
73193 10283
73193 16055
73193 17350
73193 18086
73193 23630
73195 12127
73195 22165
73195 22900
73215 8593
73215 19553
73217 12941
73227 15027
73232 6398
73232 8070
73235 4469
73235 21636
73241 2798
73257 9625
73257 22330
73270 31
73270 9635
73295 3223
73303 3710
73305 1124
73305 19373
73333 12323
73342 12995
73342 20520
73355 4758
73367 13224
73367 22736
73373 21022
73373 21662
73384 20542
73391 18983
73396 17430
73406 1627
73408 7887
73408 9271
73408 19198
73410 13735
73427 18758
73428 11878
73428 21787
73440 6026
73454 15071
73454 21923
73465 12281
73469 5533
73469 11402
73469 15132
73469 16085
73473 14860
73479 7120
73490 23427
73519 17935
73562 2426
73562 4151
73573 4332
73573 21223
73583 22246
73611 597
73611 872
73611 3576
73611 4000
73611 13003
73611 17769
73611 20942
73611 21041
73624 11793
73624 24299
73639 20652
73644 14908
73650 7003
73650 20138
73682 21919
73687 24518
73696 11631
73699 7106
73750 307
73750 2068
73750 3660
73750 6313
73750 14545
73750 15971
73750 16887
73750 17904
73750 20730
73750 24439
73766 1261
73766 6469
73766 21330
73789 6322
73799 12744
73799 21636
73802 19682
73802 20270
73805 7949
73805 14520
73805 21087
73805 24396
73805 24517
73811 7060
73811 8469
73831 5010
73831 12727
73831 13933
73831 17792
73831 18929
73834 5501
73840 3684
73840 9336
73845 9914
73850 14520
73854 7242
73854 8097
73854 9068
73854 12075
73854 13448
73854 22382
73876 9775
73878 20420
73887 1847
73891 1787
73891 3742
73891 5325
73891 7295
73891 7389
73891 7642
73891 10041
73891 10152
73891 10999
73891 13220
73891 14432
73891 14441
73891 15920
73891 16165
73891 17398
73891 18965
73891 20088
73891 20598
73891 21334
73891 23959
73891 24497
73893 7227
73905 2985
73905 18987
73942 15606
73946 5925
73946 15963
73946 18493
73946 23762
73947 2416
73950 7422
73950 9737
73950 15763
73966 18789
73986 15519
74000 8969
74000 10332
74000 10472
74000 14591
74000 19105
74000 22646
74019 18513
74042 16242
74057 944
74064 2247
74075 2054
74080 6462
74081 11062
74086 19839
74091 14403
74099 15551
74102 9582
74102 23885
74103 17527
74110 23242
74114 4569
74114 17272
74115 3347
74115 6955
74127 12247
74138 10564
74145 9635
74162 21734
74178 664
74178 3240
74178 23873
74196 1871
74196 5933
74196 8145
74225 17291
74235 12645
74235 15252
74235 16782
74235 18086
74235 20560
74235 22621
74242 2858
74242 11303
74242 18869
74279 5799
74290 7004
74290 7735
74290 11301
74290 16843
74290 18698
74305 19364
74323 18530
74327 20134
74336 3321
74345 11303
74349 3692
74349 9160
74349 12234
74349 17671
74349 20606
74364 21301
74375 20288
74375 21290
74384 8639
74384 14847
74388 1720
74399 14899
74399 20115
74407 10206
74407 10281
74407 10919
74407 18882
74407 20951
74407 22978
74415 2573
74415 3111
74415 10721
74415 13841
74415 20153
74416 5447
74450 12328
74450 13718
74453 21828
74462 1210
74462 2571
74469 540
74469 1087
74469 1758
74469 2698
74469 3012
74469 3422
74469 5498
74469 6902
74469 6977
74469 7258
74469 7525
74469 9099
74469 9477
74469 10217
74469 10628
74469 11084
74469 11315
74469 12876
74469 14560
74469 15019
74469 16085
74469 16121
74469 17555
74469 17927
74469 18442
74469 18633
74469 20420
74469 21577
74469 22293
74484 9936
74488 3576
74488 4471
74488 5596
74488 8192
74488 10843
74488 11851
74488 13390
74488 14145
74488 17898
74488 19230
74490 2037
74510 23988
74511 2190
74516 23600
74529 542
74537 23578
74543 334
74543 6645
74543 15070
74543 18851
74543 19591
74569 7411
74569 9948
74574 8317
74580 16216
74580 21697
74584 17692
74603 2344
74605 12820
74612 3677
74622 558
74622 14555
74622 18259
74622 23607
74635 1654
74635 2955
74635 4171
74635 5121
74635 7948
74635 10924
74635 11314
74635 18715
74635 23558
74640 10348
74651 4161
74651 8107
74651 9893
74651 21203
74651 21795
74651 22673
74659 5932
74659 23512
74659 23731
74661 1211
74661 3212
74661 7530
74661 8936
74661 9087
74661 16948
74661 23557
74663 23294
74664 10243
74664 20910
74664 24369
74665 17596
74672 13454
74674 5295
74674 9047
74674 11980
74674 12851
74674 13119
74674 17632
74674 18938
74674 19168
74674 21084
74675 2422
74675 6110
74720 11303
74724 2924
74724 5317
74724 9910
74725 11996
74730 10874
74732 284
74734 9076
74742 853
74742 22014
74743 7192
74748 597
74748 852
74748 1753
74748 2855
74748 3576
74748 3898
74748 7996
74748 9582
74748 20027
74748 22446
74754 19946
74761 18375
74761 19707
74764 19058
74784 2641
74784 14943
74788 23294
74793 6382
74793 9914
74793 15070
74793 20364
74799 4251
74802 8219
74802 13237
74811 3943
74811 7814
74811 8568
74811 12883
74811 13117
74811 13469
74811 15353
74811 19235
74847 7983
74847 13883
74857 3836
74869 3995
74877 15070
74894 5291
74897 16822
74916 6259
74916 12566
74916 20942
74916 22522
74916 23420
74932 6601
74940 10367
74944 21147
74949 960
74949 1532
74949 1939
74949 2757
74949 12118
74949 14761
74949 14837
74949 17891
74949 19443
74949 19842
74949 22127
74949 22225
74958 14677
74971 2627
74971 6457
74971 13958
74971 18958
74992 9896
75000 3803
75000 8043
75003 9062
75003 16781
75021 287
75021 840
75021 980
75021 1535
75021 3726
75021 9582
75021 10687
75021 17555
75021 21257
75021 21396
75021 23656
75021 24453
75051 287
75051 437
75051 3705
75051 4191
75051 7358
75051 10500
75051 13677
75051 15772
75051 16722
75051 20364
75058 15659
75068 15057
75071 287
75071 7963
75071 8098
75071 11999
75071 17923
75071 21130
75072 7195
75072 23798
75073 22380
75079 19915
75089 1104
75089 3732
75089 19624
75110 720
75115 1240
75115 9994
75115 10654
75115 11086
75115 19964
75115 24191
75141 5016
75170 1625
75170 3550
75170 9666
75170 16920
75170 21751
75170 24364
75190 5725
75190 10650
75190 19859
75204 3174
75208 6070
75227 4006
75227 4162
75231 20364
75231 22719
75251 21940
75253 15025
75256 2796
75256 5921
75256 6896
75256 8690
75256 15533
75256 21361
75275 23120
75276 15987
75280 11934
75284 5557
75286 11903
75286 18416
75286 20468
75286 23694
75299 3677
75299 7302
75299 7735
75299 9541
75299 9752
75299 9895
75299 11611
75299 12902
75299 13224
75299 17430
75299 18348
75311 6932
75314 3272
75314 4079
75314 6678
75314 8928
75314 11451
75314 13072
75314 13931
75314 14421
75314 16948
75314 18416
75314 18782
75314 22719
75316 5687
75316 16813
75330 17868
75351 720
75351 9217
75351 13078
75351 22517
75353 9652
75360 4663
75361 11480
75368 19096
75376 8624
75376 9047
75376 11032
75376 20137
75416 6026
75416 15793
75416 18001
75416 22380
75423 13185
75428 20096
75442 13125
75443 14
75443 12316
75443 12851
75447 205
75447 9666
75448 7114
75448 9914
75448 11707
75448 12851
75448 12936
75448 17914
75448 21406
75448 21798
75449 13072
75449 23393
75468 18262
75474 2238
75474 4366
75474 4853
75474 5712
75474 9225
75474 9437
75474 13775
75474 19591
75474 22852
75474 23361
75474 23874
75516 3816
75516 13951
75516 20611
75519 14995
75525 15631
75525 16700
75537 1806
75540 13841
75540 17298
75554 16908
75560 3942
75560 7077
75560 8535
75560 8963
75560 10315
75560 11076
75560 13334
75560 15631
75560 16126
75560 19323
75560 19964
75560 22963
75560 23953
75560 24347
75591 2712
75591 4896
75591 4967
75591 6878
75591 12711
75591 13399
75591 21368
75618 3411
75643 5317
75653 3499
75653 5468
75653 6463
75653 7477
75653 8714
75653 23383
75655 5012
75655 24011
75674 17761
75679 5932
75679 22014
75688 16098
75693 4469
75693 19336
75693 21627
75719 21036
75726 6630
75726 18046
75732 147
75732 334
75732 665
75732 674
75732 1026
75732 2655
75732 12796
75732 19759
75736 33
75736 6570
75736 10704
75736 14757
75742 1538
75742 7090
75742 9505
75764 1132
75764 1219
75764 3216
75764 7669
75764 8641
75764 9194
75764 9990
75764 11983
75764 14779
75764 18851
75764 19618
75764 22591
75770 245
75770 287
75770 3576
75770 5115
75770 5533
75770 7046
75770 9585
75770 10035
75770 11068
75770 11803
75770 20395
75770 20942
75770 23466
75770 23516
75780 148
75780 7199
75780 7721
75786 11613
75831 4324
75831 21504
75835 10422
75835 23995
75835 24197
75840 931
75840 943
75840 5199
75840 9351
75840 13211
75840 18851
75840 21655
75857 12689
75857 22078
75876 19929
75880 9295
75881 11260
75881 17456
75881 18602
75911 2924
75911 13381
75911 23427
75912 3083
75912 3940
75912 10994
75912 13839
75912 17002
75912 19958
75912 19991
75928 21147
75931 14170
75931 20858
75943 18950
75944 13608
75969 10357
75971 8175
75983 598
75983 10246
75983 12034
75983 12851
75986 15754
75987 3907
75987 5557
75987 7461
75987 7951
75987 11199
75987 14303
75987 14326
75987 14574
75987 16388
75987 16956
75987 19319
75987 21173
75991 21165
76018 20301
76025 16411
76038 21727
76042 6379
76058 3854
76058 11898
76058 19709
76058 23793
76059 9002
76063 9808
76063 19130
76065 12353
76072 9295
76072 16928
76088 10103
76091 7074
76091 11037
76091 11344
76091 14074
76091 16387
76091 22136
76108 1026
76108 9582
76108 20730
76108 23449
76114 10761
76114 12569
76123 3942
76126 4983
76126 18311
76175 197
76175 490
76175 809
76175 2121
76175 5842
76175 6243
76175 14765
76175 20945
76179 19396
76186 16986
76212 4383
76212 20089
76212 22470
76224 2924
76226 5755
76228 19586
76237 7766
76241 22322
76248 6476
76248 7496
76248 8892
76248 18186
76248 18311
76255 1062
76255 3479
76255 21824
76255 24323
76264 14859
76269 9286
76273 2098
76287 6534
76293 10456
76295 1117
76301 1884
76317 9808
76320 21406
76326 11818
76326 18493
76329 19396
76336 2573
76336 7886
76336 13925
76336 15528
76336 17298
76336 20676
76357 771
76357 1218
76357 2207
76357 3129
76357 4079
76357 5016
76357 7334
76357 7727
76357 8057
76357 8502
76357 9108
76357 9775
76357 11030
76357 13562
76357 15656
76357 15784
76357 17176
76357 17187
76357 17328
76357 17802
76357 18348
76357 18773
76357 21292
76357 21298
76357 22166
76367 3883
76367 19554
76367 23600
76374 24243
76375 501
76375 14545
76375 14560
76375 18017
76376 1165
76387 8163
76426 12410
76428 127
76433 1925
76433 5494
76433 7316
76438 972
76453 19683
76456 20844
76461 10196
76486 9666
76489 16722
76502 3048
76502 3953
76502 5447
76502 21485
76502 24299
76529 9744
76537 13727
76543 18477
76573 397
76573 903
76573 12706
76573 14964
76573 18097
76577 10288
76577 15528
76577 15715
76577 20676
76600 14744
76605 1022
76605 8271
76605 9988
76605 22233
76617 15402
76623 4920
76627 16653
76653 951
76653 5214
76653 13938
76653 16326
76653 22943
76655 4206
76655 23262
76670 7317
76670 9639
76680 3789
76680 4896
76680 7641
76680 8944
76680 9384
76680 10745
76680 21217
76687 9019
76687 11282
76712 14677
76727 21447
76735 3836
76737 1751
76759 5408
76759 8691
76773 11903
76777 10682
76777 19206
76799 9595
76813 16434
76819 21503
76827 2652
76827 17178
76829 4341
76829 16242
76829 23512
76837 20731
76840 7080
76840 7233
76849 22990
76856 11837
76856 20466
76856 22681
76869 536
76869 691
76869 9483
76869 23097
76873 9366
76884 2668
76884 20980
76887 9229
76892 23316
76907 4086
76910 8248
76929 4541
76929 8077
76929 18887
76929 20778
76938 19198
76938 23201
76949 23487
76969 14152
76969 17336
76972 16440
76974 1477
76974 20430
76974 23689
76991 15091
76997 9775
77006 22642
77012 4499
77012 6932
77012 8298
77012 9092
77012 10232
77048 20278
77058 21803
77059 1385
77061 12652
77061 18581
77065 5725
77073 8098
77073 8851
77073 17296
77073 20482
77092 4592
77092 10853
77095 1071
77095 2028
77095 4585
77108 3803
77108 3810
77108 18810
77108 22666
77112 5939
77112 10511
77112 10915
77112 11020
77112 11499
77112 13336
77112 13628
77112 24181
77117 20994
77121 778
77121 6487
77121 6662
77121 7972
77121 12225
77121 13313
77121 14153
77121 21694
77121 21817
77121 22300
77131 13537
77132 9420
77152 3048
77157 14056
77168 1884
77168 3236
77168 10333
77176 2937
77176 6833
77176 12963
77176 16014
77176 20134
77185 17359
77186 5434
77186 12486
77186 13307
77186 13403
77186 18416
77186 19247
77186 20024
77186 22835
77197 19121
77212 23090
77252 21510
77270 9142
77273 19935
77285 480
77313 3996
77313 10193
77313 16564
77313 19754
77314 12777
77314 16849
77315 5755
77315 6966
77315 11823
77340 11676
77340 23176
77353 4402
77353 15057
77358 7641
77358 7852
77359 22593
77361 52
77361 3692
77361 8043
77361 11971
77362 1892
77362 4388
77362 5694
77362 7957
77362 17561
77362 17714
77367 1925
77383 20251
77385 3560
77400 7233
77400 8419
77400 11903
77400 12905
77400 13307
77401 1324
77401 2796
77401 20309
77412 3794
77412 14600
77412 22569
77425 2772
77437 3985
77437 7248
77437 13711
77437 16389
77437 22778
77444 9194
77449 13746
77452 1788
77452 2724
77452 7258
77452 8639
77452 11028
77452 18180
77453 23064
77456 1684
77460 13615
77460 17175
77460 23212
77460 23915
77474 184
77486 6518
77490 11600
77491 6950
77491 17503
77493 12332
77493 13925
77499 22776
77501 257
77501 263
77501 24510
77502 6931
77502 13251
77516 2338
77516 9295
77557 9666
77573 1166
77573 17075
77573 23107
77591 15897
77611 6192
77611 14419
77615 10243
77616 4724
77616 6662
77616 11044
77616 11335
77616 21817
77616 22239
77617 1161
77617 16114
77619 6526
77619 16425
77627 597
77627 3337
77627 13003
77631 3622
77631 12266
77634 5448
77649 3096
77649 3156
77649 15102
77649 17762
77649 21751
77659 3677
77659 22206
77682 3674
77682 11260
77682 14716
77682 20288
77682 22183
77688 9923
77689 4376
77695 10275
77699 17728
77700 19407
77710 6311
77710 13794
77710 22050
77711 8851
77720 3674
77734 9744
77736 9461
77747 4030
77747 13072
77773 15630
77773 21994
77790 11480
77808 11461
77812 22479
77816 6807
77816 23532
77833 936
77833 3907
77833 7461
77833 8348
77833 14326
77841 1515
77841 2506
77841 20013
77846 16074
77854 11197
77859 19294
77864 9002
77884 21367
77888 23814
77894 23407
77896 330
77896 12681
77935 730
77935 2724
77935 4466
77935 23507
77939 12606
77939 20389
77939 21206
77939 21288
77973 11670
77976 365
77976 424
77976 840
77976 2724
77976 3976
77976 5328
77976 5667
77976 7358
77976 9896
77976 11983
77976 12408
77976 15020
77976 15060
77976 15579
77976 17539
77976 17872
77976 20914
77976 21499
77976 22114
77976 22522
77976 23688
77977 11521
77977 13710
77978 17979
77978 18921
77992 9014
77992 23433
77996 14827
78001 1758
78001 3297
78001 6032
78001 9403
78001 21406
78006 2167
78019 770
78019 2864
78019 5075
78019 7074
78019 7774
78019 9682
78019 9870
78019 10654
78019 10757
78019 12154
78019 13576
78019 20761
78019 21053
78019 22136
78020 1385
78023 1644
78023 5702
78023 10817
78039 1378
78063 18251
78065 5694
78068 5038
78075 8979
78082 16310
78089 2634
78089 3050
78089 21406
78114 24264
78120 20905
78133 1073
78133 2157
78146 23512
78172 16529
78178 22347
78180 2792
78180 3548
78180 9993
78180 14162
78180 18760
78180 18938
78198 15455
78220 14615
78223 17778
78231 12647
78231 24264
78232 8281
78234 13018
78238 5379
78249 2818
78256 17298
78256 21495
78276 8928
78283 2048
78289 22314
78302 21629
78309 3624
78309 5907
78309 7233
78309 7849
78309 12738
78309 16067
78309 21879
78309 24320
78326 1165
78326 7215
78326 11926
78326 13224
78326 13925
78343 12942
78349 19808
78349 21485
78350 7625
78350 15269
78350 16088
78373 1779
78373 6776
78373 7996
78373 11266
78373 13719
78373 15070
78373 16163
78373 16310
78373 16596
78373 21368
78394 13224
78395 2329
78396 16967
78397 12899
78399 19929
78415 24210
78416 9295
78416 12973
78416 22811
78424 4261
78424 12611
78424 13072
78424 15963
78424 16956
78424 17341
78433 3695
78439 17879
78441 23161
78452 6138
78452 18768
78460 2899
78461 6601
78466 6083
78466 22550
78480 365
78480 1884
78480 3976
78512 6718
78519 3121
78527 3060
78527 10684
78539 22658
78539 24086
78545 13733
78546 1486
78546 12994
78546 22390
78546 23412
78559 8408
78559 21447
78562 7093
78582 2278
78584 6407
78584 8624
78584 18633
78584 19204
78589 2257
78589 3375
78589 4611
78589 13972
78589 24174
78594 14622
78600 6349
78611 4923
78616 17454
78624 22281
78640 853
78640 21504
78642 833
78642 881
78642 3815
78642 22329
78643 22517
78652 14474
78655 7727
78661 7515
78663 18878
78675 11262
78675 17042
78675 19993
78680 7322
78680 7777
78680 8962
78680 12050
78680 16611
78680 18416
78680 19976
78680 22166
78682 5594
78682 9483
78682 9605
78682 9973
78682 21504
78690 23420
78700 12534
78701 823
78739 4307
78748 6956
78750 373
78750 2345
78750 10821
78750 11698
78750 12676
78750 14778
78750 16736
78750 18678
78750 20935
78750 21064
78750 24618
78761 15865
78777 21510
78787 22721
78788 2938
78788 11141
78801 9283
78801 10171
78801 10652
78802 5494
78815 6825
78821 8761
78833 8516
78845 13307
78852 1448
78853 18922
78881 24167
78896 2604
78896 6600
78896 6923
78896 17802
78896 18411
78896 23316
78896 24464
78897 3202
78898 9443
78900 19962
78901 15070
78904 7605
78904 19119
78923 14878
78941 11442
78942 5084
78942 24423
78948 19401
78948 24507
78957 24171
78961 3411
78961 13610
78962 17075
78964 1104
78972 1073
78972 2241
78972 3158
78972 5632
78972 12097
78972 15448
78972 16322
78972 17802
78972 18260
78972 18879
78972 21141
78972 22803
78976 3841
79008 6836
79008 11497
79012 14550
79016 392
79022 4541
79022 5494
79022 18887
79044 20748
79052 10007
79055 8439
79059 9513
79068 1570
79089 123
79098 5526
79111 19598
79112 23090
79114 5035
79120 2911
79130 1206
79130 13294
79160 4433
79160 12877
79160 24492
79180 4571
79180 14560
79180 23383
79210 9315
79236 504
79236 1293
79236 7272
79236 14664
79259 3202
79268 16242
79278 20419
79291 24243
79303 6118
79313 14034
79327 6439
79330 9914
79330 12587
79330 15342
79330 15999
79333 2329
79334 10029
79352 944
79352 13631
79368 20864
79369 7778
79380 13625
79395 5435
79413 1380
79413 7539
79413 17920
79432 20914
79433 15251
79440 17713
79440 21156
79442 19907
79467 4338
79504 2315
79504 7855
79504 8751
79523 21864
79547 16510
79548 335
79548 3933
79548 9992
79548 15942
79549 2161
79574 4303
79574 9807
79582 7897
79582 23200
79595 24535
79596 2432
79596 10859
79596 20389
79596 20441
79596 20924
79596 21857
79626 18107
79646 6673
79652 10367
79652 11604
79666 19925
79667 6340
79668 3268
79668 3841
79668 6570
79668 6896
79668 6900
79668 9666
79668 11266
79668 11570
79668 14144
79668 14507
79668 15914
79668 16539
79668 18104
79668 18177
79668 18744
79668 21014
79668 22018
79668 22021
79668 22808
79670 23090
79682 5562
79682 8757
79682 9283
79682 10930
79682 21302
79686 5934
79686 16718
79690 4948
79690 6909
79690 11567
79690 12544
79690 19091
79690 21688
79690 23416
79691 656
79691 9855
79693 11611
79693 23403
79723 1059
79723 13786
79738 3898
79738 20614
79744 8090
79754 19527
79757 5434
79757 7992
79757 13072
79757 13925
79757 19485
79765 23446
79782 19126
79785 8782
79785 9397
79785 19573
79816 9582
79816 15627
79819 12328
79819 13808
79819 14342
79819 17879
79827 4161
79827 4921
79827 5751
79827 6701
79830 3596
79834 18348
79835 17465
79843 52
79843 11971
79843 23094
79847 22552
79903 6763
79911 10049
79921 4461
79924 7220
79935 7559
79953 2798
79965 9675
79969 5562
79971 22079
79978 13263
79978 20395
79988 12611
79988 13925
79988 15528
80008 22427
80016 23961
80017 16595
80025 4564
80025 18985
80025 23706
80025 23930
80033 4205
80033 11009
80033 15353
80033 22730
80046 17860
80048 22438
80049 12560
80049 20943
80051 18605
80051 19110
80054 6644
80054 19942
80059 5658
80059 7748
80059 19662
80073 10153
80073 13561
80080 2859
80080 11297
80080 19143
80080 21645
80082 8025
80084 9910
80085 4855
80085 7220
80085 13248
80085 22702
80092 1143
80092 10919
80092 13516
80092 21541
80098 6288
80098 19979
80102 9101
80102 17213
80109 17333
80113 7660
80131 3183
80131 3620
80131 6463
80131 9744
80150 1226
80150 13134
80150 16600
80152 6546
80152 8088
80152 11404
80152 12330
80152 17966
80152 19103
80153 13078
80157 7840
80168 9142
80174 8734
80179 1165
80180 9265
80186 10431
80186 23368
80197 3636
80197 6354
80197 10957
80197 19927
80197 20977
80198 778
80198 2882
80198 15658
80198 22239
80202 4149
80219 15359
80229 3622
80229 12458
80229 18556
80233 8106
80246 2428
80246 4699
80246 9164
80246 19783
80246 20914
80253 1697
80253 2171
80253 3830
80253 5707
80253 22292
80253 24145
80261 13798
80261 23706
80263 1516
80263 17072
80266 11306
80266 17958
80266 20725
80266 24532
80274 3942
80293 23167
80293 23675
80311 3629
80311 10315
80311 17532
80311 21021
80311 23036
80343 9229
80343 20789
80345 17918
80367 9910
80377 13224
80377 19553
80379 24413
80407 6462
80407 18086
80407 20096
80408 1158
80408 4647
80417 10549
80417 23331
80418 18311
80420 387
80420 6891
80420 11154
80420 13904
80420 18971
80420 21817
80420 23675
80420 24036
80420 24564
80422 8916
80422 24364
80428 9910
80428 20476
80438 7119
80454 20184
80459 15355
80466 20288
80472 9666
80477 24193
80496 13677
80501 11370
80542 21406
80546 2077
80546 13112
80551 4648
80566 18916
80570 23176
80575 3947
80575 15589
80575 17633
80578 5939
80580 19494
80580 21919
80581 2955
80587 13517
80590 7101
80591 17627
80599 480
80599 20930
80599 23320
80606 1430
80606 6678
80608 4264
80625 8521
80648 22429
80648 23472
80673 2264
80673 14963
80673 16022
80673 21184
80673 21548
80675 2345
80675 4585
80675 17096
80675 20879
80675 22564
80693 1520
80693 19255
80693 20925
80693 24210
80697 1368
80697 7967
80697 13085
80700 24047
80702 8894
80710 20170
80710 21804
80720 7427
80727 10264
80727 14850
80731 6991
80734 19261
80736 2865
80736 10639
80739 10197
80753 14677
80760 8324
80775 9431
80775 10407
80775 22153
80786 21381
80801 10102
80825 1015
80825 5376
80825 13293
80829 6254
80829 17286
80829 23219
80840 16095
80848 24508
80855 2681
80869 1454
80869 5753
80869 8678
80869 11126
80869 11193
80869 13718
80869 15808
80869 17031
80872 1104
80872 21767
80873 5574
80873 21264
80903 15233
80914 40
80914 4610
80914 5994
80914 13641
80914 17708
80914 18796
80914 23802
80921 6029
80924 17864
80924 19266
80929 21510
80933 7980
80933 19779
80934 192
80943 15035
80962 1466
80962 5278
80962 5878
80962 6820
80962 8681
80962 8945
80962 10351
80962 11897
80962 14074
80962 17972
80962 18785
80962 21894
80990 18372
81006 17678
81029 2826
81029 11642
81031 8929
81031 12893
81037 7002
81046 1925
81093 16351
81093 22364
81093 22900
81099 4218
81108 1220
81108 1914
81108 7639
81108 10281
81108 18916
81114 870
81114 952
81114 2295
81114 2586
81114 4646
81114 5305
81114 6496
81114 6714
81114 8780
81114 18007
81114 19414
81114 21438
81114 24001
81122 17879
81122 21925
81131 20476
81145 3898
81165 828
81165 2123
81165 18337
81165 22109
81165 23504
81173 9666
81176 20484
81178 7886
81178 15528
81178 20024
81203 7464
81217 11168
81217 16038
81220 2792
81221 13211
81255 20913
81259 6340
81259 6786
81259 21264
81262 3839
81262 6767
81262 8505
81262 9996
81262 21357
81274 18236
81274 19964
81275 7605
81275 14504
81278 5492
81284 1085
81284 4461
81284 23090
81284 24337
81286 4461
81286 15221
81286 23090
81286 23512
81286 24564
81366 20945
81373 2628
81373 9295
81373 21217
81376 6867
81376 16411
81389 23487
81392 12987
81392 23861
81397 2533
81397 14934
81397 15519
81397 18481
81399 2015
81399 12603
81399 15195
81399 17257
81399 20818
81399 24181
81405 1805
81405 10357
81405 18501
81405 21775
81406 15070
81447 4303
81447 8714
81447 11518
81447 16270
81448 5487
81455 17652
81457 23309
81458 1152
81458 1914
81458 6662
81458 12230
81458 14332
81458 23512
81458 24564
81459 5852
81459 6007
81459 17012
81466 5377
81466 17627
81467 14965
81467 16242
81482 11047
81488 6146
81488 6636
81488 7821
81498 560
81498 14316
81500 23096
81504 13243
81508 4772
81508 22377
81512 7558
81512 13557
81512 15677
81512 17879
81552 17298
81563 456
81563 13313
81563 14332
81563 15788
81563 19741
81563 23090
81569 2411
81569 3779
81569 11499
81569 15825
81569 20150
81573 12809
81573 18056
81573 19711
81573 20084
81573 21501
81573 22300
81589 4853
81589 15038
81589 20389
81605 5579
81605 18603
81614 3917
81614 11618
81614 11805
81627 8298
81627 18086
81631 2302
81631 21406
81650 48
81650 9165
81650 10463
81650 18060
81650 24119
81650 24156
81666 23405
81670 3789
81683 13490
81683 19569
81691 23666
81693 4626
81693 5434
81693 8928
81693 9469
81693 13072
81693 13099
81693 16956
81693 18416
81694 16440
81696 9295
81697 5866
81697 6423
81697 20518
81702 8641
81702 9730
81702 10727
81702 21635
81702 23100
81703 7814
81703 14094
81703 18822
81708 12313
81715 10868
81730 22755
81742 20945
81748 16825
81748 17359
81748 20707
81748 22537
81757 7728
81759 10537
81767 21629
81780 17112
81784 12163
81787 17027
81787 24167
81791 3841
81791 10512
81791 15792
81791 16458
81791 16986
81791 21269
81826 18562
81826 21258
81853 8916
81853 18969
81867 14520
81903 8408
81912 4065
81912 20854
81913 10127
81915 1185
81915 1435
81915 14677
81915 20134
81915 21858
81918 11303
81918 14564
81922 6058
81925 22753
81927 13117
81941 302
81941 327
81941 5010
81941 21104
81946 21495
81947 536
81947 3866
81947 10821
81947 12676
81947 13547
81947 13936
81947 14527
81947 19754
81947 24618
81957 2450
81960 6387
81960 12217
81960 14421
81965 5101
81979 9896
81982 16877
81994 8311
81994 18276
81994 23194
81997 8247
81997 13759
81997 22073
81998 8899
81998 18111
82033 8043
82033 8298
82033 8371
82033 10840
82033 11971
82033 16759
82033 20560
82033 23094
82033 23943
82039 20134
82048 9582
82048 15038
82063 12710
82063 24121
82074 437
82074 3422
82078 418
82095 237
82095 597
82095 872
82095 3576
82095 7079
82095 8851
82095 9582
82095 11727
82095 13003
82095 13745
82095 14794
82095 14963
82095 15627
82095 16307
82095 21041
82095 23449
82095 23755
82097 18267
82104 437
82126 14202
82144 3483
82151 7243
82151 8024
82151 9904
82151 10020
82151 17037
82151 20012
82151 24193
82183 23164
82190 10848
82193 1566
82193 22938
82199 15183
82207 17298
82229 20395
82235 1051
82235 2065
82235 4944
82235 6752
82235 13227
82239 3279
82239 8043
82239 8930
82239 18086
82242 1994
82242 2528
82242 8311
82260 22
82260 598
82260 2477
82260 2792
82260 3863
82260 6259
82260 6351
82260 8097
82260 10246
82260 10257
82260 12697
82260 12851
82260 14953
82260 16121
82260 16714
82260 17514
82260 17555
82260 17861
82260 19885
82260 20914
82260 21078
82260 22015
82268 16242
82268 23090
82277 10902
82283 20367
82288 13336
82308 11667
82311 324
82311 1378
82311 9499
82311 18440
82317 9315
82326 12117
82345 15810
82346 6626
82361 7746
82361 11248
82361 15258
82361 24276
82382 6313
82382 13522
82382 14545
82382 24439
82382 24517
82386 7840
82386 13634
82398 18670
82409 9802
82416 1046
82416 1587
82416 7753
82416 10977
82416 21155
82416 21180
82429 7192
82441 9795
82442 9582
82461 960
82461 4091
82461 5228
82461 9914
82461 10246
82461 12851
82461 14560
82476 13442
82479 8966
82479 20487
82507 23363
82514 22978
82515 11071
82517 13466
82517 18210
82517 18603
82517 19323
82517 23402
82546 17422
82546 22719
82550 1261
82550 7937
82564 6029
82564 21147
82582 2732
82582 9215
82582 17147
82587 14520
82590 17792
82642 1191
82643 4829
82645 3180
82645 3790
82645 3815
82645 23934
82649 6919
82649 10053
82649 12225
82649 15296
82649 15788
82649 18029
82649 21004
82649 21817
82652 13103
82656 3820
82665 5233
82665 20870
82674 14520
82682 13951
82695 22150
82700 8198
82713 13052
82713 15195
82713 24386
82713 24570
82724 20184
82726 2457
82726 3994
82726 4930
82726 12393
82744 9206
82749 8108
82749 16051
82749 16434
82749 22001
82759 12008
82759 16941
82759 23460
82770 8371
82773 4923
82773 8741
82773 13357
82773 13526
82773 17879
82773 21925
82784 5427
82784 16760
82793 4056
82793 12200
82794 1625
82794 2578
82794 3648
82794 5539
82794 7662
82794 8092
82794 10979
82794 14535
82794 14593
82794 18834
82794 21666
82794 23378
82814 10864
82826 14677
82826 18692
82829 1884
82829 21184
82857 3789
82887 4361
82929 8714
82932 15665
82946 18789
82946 19835
82970 12941
82976 9413
82993 5267
82993 14630
82993 20104
82993 24378
82996 11044
82996 20320
82996 21817
82999 14280
83074 11562
83074 12971
83074 24571
83077 2633
83077 14272
83093 21688
83095 17347
83105 8798
83158 1558
83158 10458
83162 1226
83162 17879
83179 21694
83181 20419
83189 10495
83193 6717
83208 1788
83208 1975
83208 5429
83208 12805
83208 14429
83208 15812
83208 18783
83208 22886
83208 23365
83208 24554
83235 24518
83242 8128
83242 10187
83242 10644
83242 12060
83242 14676
83242 15651
83242 18816
83242 19210
83246 10422
83260 872
83260 4000
83260 9582
83260 13003
83260 18986
83260 21406
83287 12671
83316 3240
83316 22943
83319 481
83329 15359
83331 4606
83335 23191
83343 11818
83343 23479
83346 226
83346 4733
83346 6276
83346 13752
83346 14045
83346 15649
83346 17762
83346 19160
83346 19667
83346 21510
83357 6404
83385 903
83385 1708
83385 12706
83386 10919
83386 11976
83393 5434
83394 770
83394 7763
83394 8869
83394 9447
83394 12485
83394 16624
83394 19271
83406 2628
83406 9213
83421 14766
83444 3629
83444 4015
83444 8757
83444 11808
83444 17355
83444 21227
83444 22677
83460 7249
83467 1729
83469 22489
83474 14414
83479 6509
83479 16060
83479 22045
83482 1172
83482 3644
83482 8371
83482 18086
83492 15784
83492 17498
83494 4162
83494 13307
83522 21147
83526 9744
83536 8738
83536 19927
83536 23654
83546 11025
83546 23704
83568 1623
83596 387
83596 4789
83596 23090
83596 23512
83607 3705
83611 6786
83624 20807
83633 797
83633 3015
83644 716
83644 960
83644 1219
83644 1945
83644 2428
83644 9295
83644 21211
83646 10100
83646 10980
83653 9047
83653 16478
83654 16215
83662 18738
83665 21719
83667 11675
83667 15913
83673 7192
83673 9132
83674 20775
83680 782
83680 5615
83680 5681
83680 19749
83680 22767
83681 2278
83695 2860
83702 11926
83716 10874
83723 10376
83723 11550
83723 16088
83730 5310
83737 14756
83737 15715
83737 17830
83739 4564
83753 19620
83759 2443
83759 3911
83759 5509
83759 9843
83759 11065
83759 12107
83759 13925
83759 14818
83759 19878
83759 21076
83759 21806
83759 23636
83764 3583
83764 4047
83764 6026
83764 18883
83764 23831
83765 18262
83777 22597
83781 1356
83790 11697
83804 16067
83804 21923
83809 8025
83809 8814
83809 19355
83809 24170
83812 22909
83813 15189
83824 9519
83860 9096
83860 12413
83861 4166
83861 7597
83861 14302
83861 18994
83892 366
83892 14972
83911 23779
83926 1705
83932 7273
83932 23871
83935 8434
83935 8909
83935 10453
83935 19245
83935 22067
83935 23995
83945 14564
83946 16070
83962 2403
83962 22239
83962 24205
83971 7600
83971 10909
83987 4803
83987 11897
84002 17849
84003 11814
84028 9552
84028 12070
84033 19164
84044 3890
84044 3911
84044 10452
84044 14757
84044 22538
84047 6871
84047 21862
84055 3976
84055 4504
84055 12936
84055 22753
84061 17879
84078 10398
84078 19464
84078 23352
84078 23942
84078 24272
84094 21510
84099 4456
84099 13861
84105 4225
84105 5892
84105 7852
84105 10656
84105 12786
84105 16909
84105 18097
84105 20870
84105 23330
84110 1037
84110 2571
84115 2584
84125 21664
84135 5194
84139 8324
84143 23995
84156 8043
84160 649
84160 3677
84160 20420
84160 20878
84160 20914
84160 23053
84162 1480
84176 5536
84176 7766
84176 23774
84184 7933
84190 2915
84190 6803
84190 11846
84209 1011
84216 19058
84219 3563
84219 3676
84219 9014
84219 10839
84219 11971
84219 13508
84219 22542
84247 4795
84247 6002
84247 13270
84247 16582
84247 21219
84250 16503
84277 2222
84283 9229
84283 14513
84283 18024
84286 23862
84301 11451
84314 17839
84317 11481
84331 15470
84341 21510
84346 11611
84346 21510
84350 516
84350 6523
84360 1936
84360 3091
84360 7749
84360 12752
84360 18821
84376 15416
84378 17354
84384 1914
84384 5932
84384 6891
84384 22014
84390 8928
84390 13072
84390 13640
84390 18416
84399 4294
84399 4461
84399 20254
84408 265
84408 17879
84410 676
84458 12075
84471 8827
84481 4697
84483 4128
84490 13307
84490 15246
84490 19755
84494 8241
84494 16475
84494 18362
84496 3744
84504 11903
84523 24121
84527 8549
84531 8627
84551 18602
84554 5481
84554 13648
84570 18996
84593 23548
84604 11553
84604 21347
84605 3083
84605 6519
84605 22165
84613 2038
84613 4628
84614 21406
84618 5314
84621 22730
84643 4803
84643 6212
84652 1211
84652 1473
84652 10933
84667 9315
84669 9550
84674 12602
84674 18171
84674 19521
84676 19565
84677 1956
84677 22842
84698 10148
84698 19119
84700 2882
84700 4290
84700 10281
84700 15439
84700 22702
84706 8797
84706 17955
84709 2164
84717 6025
84717 9031
84717 10198
84729 5447
84731 11270
84749 2402
84749 4303
84749 13284
84760 23525
84768 2457
84776 10345
84779 12213
84779 21023
84779 23069
84781 6218
84781 14899
84781 19028
84782 9295
84783 2938
84786 19838
84786 21325
84787 20419
84798 208
84798 3121
84814 23356
84824 2020
84826 274
84834 23617
84853 13304
84869 501
84869 14388
84869 15405
84869 15927
84869 16857
84889 13470
84889 20005
84889 23261
84898 13755
84916 23294
84925 24042
84931 4103
84937 3063
84939 8910
84939 24376
84974 7625
84974 15470
84977 11370
84988 10573
84992 4764
85014 9552
85028 2457
85031 11251
85031 11907
85031 21706
85042 18738
85042 20484
85057 542
85057 12213
85067 2792
85093 12437
85097 357
85109 8585
85109 11207
85109 22329
85115 20254
85119 15351
85130 11358
85138 2523
85138 8543
85138 12642
85139 2683
85180 12085
85180 17792
85192 13677
85208 3173
85216 14965
85223 6591
85227 20979
85235 4945
85235 14088
85236 1185
85236 14677
85253 1360
85253 11260
85253 17566
85254 9605
85254 20879
85260 7215
85263 3788
85263 8870
85263 16832
85273 15313
85284 4407
85284 20032
85288 21257
85290 13614
85298 17893
85299 14160
85305 5782
85317 9710
85317 20270
85317 23763
85323 11472
85337 648
85337 6652
85341 2208
85341 7441
85362 14216
85362 21994
85362 22116
85362 22154
85390 22795
85411 16235
85424 1993
85424 21775
85426 13072
85426 13099
85426 13307
85426 13925
85426 19553
85426 22736
85431 5751
85436 13639
85436 13746
85458 6786
85458 14564
85464 784
85470 8371
85470 10048
85472 1655
85472 8041
85472 11850
85472 12227
85472 14963
85472 17510
85472 21184
85477 14677
85490 1104
85490 15476
85490 18100
85495 99
85517 8041
85533 500
85533 8517
85533 13018
85533 17879
85533 21925
85541 4038
85560 1237
85560 2457
85560 7380
85562 21540
85569 5897
85569 6871
85569 12899
85607 8237
85607 10650
85611 6340
85611 9313
85651 17812
85658 24408
85664 2130
85664 6977
85664 22015
85664 22368
85677 8025
85681 13963
85685 5966
85692 1196
85692 8851
85692 10635
85692 17387
85692 18734
85723 23470
85732 1944
85732 4079
85732 13122
85732 21775
85732 22018
85732 23177
85733 16722
85736 452
85737 22943
85752 19164
85754 16722
85756 20897
85759 9528
85759 16722
85759 19910
85759 20677
85767 1125
85767 6254
85767 8886
85767 9055
85767 13072
85767 18416
85774 6340
85774 6611
85774 18667
85774 24059
85780 22845
85788 9517
85799 7972
85814 18134
85822 5866
85827 2520
85827 19408
85828 6696
85828 7791
85828 8710
85828 9229
85828 14719
85828 19662
85828 19770
85828 21513
85836 5932
85836 11154
85836 11335
85839 7574
85854 5010
85859 13954
85860 18301
85877 6548
85879 18236
85879 18416
85898 22259
85899 16700
85906 3764
85909 9908
85909 20138
85926 2936
85926 3690
85926 10161
85926 16345
85926 16591
85926 19374
85932 17802
85936 1064
85936 11591
85936 14682
85940 11451
85946 9134
85949 4469
85956 7937
85956 11472
85962 21475
85970 16711
85993 1219
85993 3387
85993 4699
85993 7561
85993 18278
85996 6906
85996 11111
85997 12842
85997 13726
86005 4972
86008 9295
86008 12973
86029 923
86029 1664
86029 20367
86029 22376
86030 5092
86030 9582
86030 18811
86049 9295
86058 15470
86068 9604
86068 11020
86068 22830
86076 9910
86077 20484
86091 13669
86095 19525
86114 11306
86115 18605
86115 19110
86117 1538
86117 12262
86117 16067
86127 13399
86137 17176
86137 23797
86151 15754
86159 14968
86159 20476
86166 1287
86170 636
86185 691
86185 16736
86185 21767
86185 22702
86185 23683
86187 13841
86201 19783
86203 13677
86221 11197
86256 18719
86267 12108
86279 19178
86283 1458
86283 1925
86283 5874
86294 4606
86333 3846
86346 21406
86346 21575
86350 726
86350 20214
86354 174
86354 13956
86373 1322
86373 13194
86373 14074
86373 20307
86392 165
86392 8776
86392 9578
86401 16265
86404 1448
86406 5418
86406 19510
86432 4564
86435 2793
86435 3479
86435 10056
86461 2696
86463 20733
86480 13470
86484 1363
86484 12852
86484 13734
86484 13923
86497 5378
86497 10048
86497 23167
86504 76
86504 2748
86504 20641
86520 8841
86520 16125
86520 21663
86537 12936
86551 21194
86551 23470
86555 17327
86561 2592
86574 18107
86583 6478
86591 8484
86591 14448
86591 17879
86591 18814
86599 17820
86615 23324
86628 22570
86629 1510
86629 6932
86629 21542
86641 9562
86699 6604
86699 9541
86700 4590
86700 8995
86709 17644
86724 2006
86724 6512
86724 9317
86724 9446
86731 5492
86754 5460
86754 12328
86760 18986
86768 3967
86769 5690
86769 7211
86769 11403
86769 12687
86769 14223
86769 18221
86769 23266
86776 19692
86784 1625
86788 23285
86795 6077
86795 23458
86813 8847
86813 16011
86860 13237
86866 6486
86866 6621
86866 7917
86866 19749
86866 21542
86866 22621
86872 4912
86875 24464
86876 750
86876 14527
86876 15544
86879 2851
86879 7248
86890 3013
86903 598
86903 1638
86903 6658
86903 6914
86903 9914
86903 11980
86903 13634
86903 21874
86906 6947
86906 7982
86911 3000
86911 4303
86911 8714
86911 9137
86911 9295
86911 14134
86911 17061
86912 3830
86912 5444
86912 16834
86913 829
86913 1951
86913 9540
86913 19130
86913 24125
86921 6636
86921 8827
86921 11920
86921 16402
86933 18312
86941 1608
86941 5317
86945 13859
86970 13925
86970 19878
86977 5889
86977 14680
86982 20605
86998 202
87004 8787
87012 2546
87012 17248
87012 23309
87014 5957
87014 12029
87026 2696
87026 24072
87033 2329
87033 19598
87033 23176
87038 4504
87038 12936
87038 22753
87043 3677
87053 10843
87053 14489
87053 15404
87053 22404
87053 22666
87059 21406
87059 23948
87063 4253
87071 11818
87073 3805
87077 11217
87098 5317
87098 14814
87121 1000
87121 23501
87123 18514
87123 20450
87123 20969
87124 2055
87124 2500
87124 10710
87136 3460
87136 7105
87136 9635
87136 15986
87136 22043
87136 24229
87143 8609
87143 15686
87143 22293
87149 139
87149 1216
87149 2648
87149 3112
87149 3629
87149 3665
87149 5677
87149 9965
87149 10315
87149 10454
87149 11188
87149 13170
87149 14814
87149 15649
87149 15860
87149 16212
87149 16666
87149 16700
87149 16830
87149 16925
87149 19714
87149 20463
87149 21021
87149 21481
87149 23532
87149 23979
87174 9989
87174 12989
87174 15677
87212 19063
87216 14332
87247 8505
87247 10789
87247 16524
87247 19562
87247 24517
87248 5533
87248 9099
87253 112
87253 2584
87253 4606
87253 7369
87260 11562
87273 15355
87273 24622
87279 11240
87281 18126
87286 944
87309 22152
87315 20820
87317 3208
87317 13839
87317 22165
87317 24318
87341 529
87341 18020
87341 21734
87355 16930
87356 649
87356 1199
87356 1659
87356 2231
87356 2402
87356 2534
87356 3350
87356 5807
87356 7358
87356 7490
87356 7866
87356 7963
87356 8041
87356 9351
87356 11404
87356 11810
87356 13555
87356 15806
87356 16987
87356 17971
87356 18919
87356 18931
87356 20980
87356 22390
87357 13290
87357 18554
87359 11903
87359 18416
87375 11755
87381 9666
87394 5037
87394 5702
87394 13072
87394 23393
87402 9443
87419 14145
87430 731
87430 2822
87430 3260
87430 5694
87430 7626
87430 11724
87430 24458
87456 23678
87459 20084
87462 4303
87462 15353
87462 20614
87463 19329
87463 22653
87482 11197
87491 3910
87491 13274
87491 21453
87503 1073
87503 6262
87503 6401
87503 8355
87503 10357
87503 11670
87503 15256
87503 15422
87503 15550
87503 16322
87503 17077
87503 17129
87503 17510
87503 17802
87503 23700
87546 52
87546 3279
87546 3293
87546 3356
87546 3692
87546 4288
87546 6602
87546 8043
87546 9589
87546 13152
87546 13348
87546 15299
87546 16759
87546 19346
87546 21842
87546 22621
87549 9763
87549 16925
87563 7672
87566 17692
87588 15394
87588 21255
87593 316
87593 22501
87595 1165
87596 12566
87600 14280
87602 2622
87602 14592
87605 1937
87605 2142
87607 1104
87607 4290
87607 11698
87607 18020
87607 19927
87607 20122
87607 21734
87607 22702
87607 23683
87612 14677
87631 6181
87631 8526
87631 11835
87631 16067
87631 22021
87633 6228
87658 3692
87658 8043
87658 8298
87658 18810
87658 21071
87702 8025
87744 5933
87744 12748
87744 14693
87744 20270
87766 22052
87767 21806
87769 20283
87787 7496
87787 20780
87804 23898
87807 19322
87807 19488
87819 1630
87819 4274
87819 4303
87845 3548
87845 4753
87845 18734
87857 14434
87859 4508
87873 16780
87877 6901
87881 8247
87883 4938
87883 11612
87883 24586
87893 400
87893 11170
87893 12800
87901 13904
87904 22206
87920 13925
87943 3136
87943 4461
87970 22639
87986 14174
87995 10370
87995 10993
87995 16845
88004 15229
88004 20367
88016 209
88016 13014
88016 19137
88044 5378
88058 16512
88062 21457
88066 17694
88066 24408
88073 22909
88074 2739
88074 2822
88097 23570
88100 12437
88122 20300
88123 24288
88136 18443
88152 245
88152 11273
88152 23207
88186 1805
88186 15647
88186 23401
88213 1216
88219 11725
88253 1073
88253 1538
88253 2241
88253 2355
88253 9660
88253 17620
88253 18879
88253 21239
88253 22724
88253 22776
88253 23187
88254 11132
88256 15605
88287 282
88287 21925
88288 21493
88295 133
88325 20169
88328 24469
88348 22817
88352 10959
88373 7810
88373 10138
88373 14180
88373 23714
88376 2036
88376 23081
88381 20477
88398 3121
88425 21251
88436 20572
88453 19630
88463 229
88463 11945
88463 13909
88463 20396
88469 3079
88472 9425
88493 7218
88499 10874
88499 13506
88499 13747
88499 17252
88499 17758
88499 21381
88499 21804
88499 23086
88518 50
88518 330
88518 1165
88518 12681
88518 14258
88518 15605
88522 22916
88522 23091
88534 14728
88535 4952
88535 20615
88535 20879
88542 7852
88542 9240
88542 21640
88542 22330
88542 23835
88554 12323
88576 15650
88583 7303
88583 13670
88590 17053
88593 223
88599 11291
88611 1756
88632 13079
88632 14325
88632 20203
88632 22653
88635 334
88635 10005
88639 21264
88642 648
88642 1821
88642 20066
88659 20807
88666 5631
88666 8991
88679 20609
88704 3103
88704 3789
88704 7721
88705 8844
88705 13755
88707 254
88709 18237
88714 8161
88733 12050
88760 4031
88760 9260
88760 21323
88760 24205
88769 6601
88769 13397
88770 21013
88794 23243
88801 22978
88804 18986
88809 91
88815 21719
88822 7358
88822 13465
88848 19355
88855 259
88855 12312
88860 14609
88880 21184
88886 2095
88888 9585
88888 20103
88888 21788
88888 23412
88897 1357
88897 7242
88897 9914
88897 14212
88897 20980
88897 23280
88905 2837
88905 6313
88905 13528
88905 14545
88905 19012
88907 1216
88907 12442
88907 13602
88907 14814
88907 18249
88919 19014
88919 21133
88928 15580
88928 20134
88928 20419
88928 20543
88938 1779
88938 2837
88938 8531
88938 10686
88938 16524
88938 16722
88938 18734
88938 19012
88938 21184
88949 9775
88973 11173
88974 11922
88974 13620
88993 2621
88993 6700
89022 9627
89032 3214
89032 12620
89032 19927
89032 21726
89043 6134
89043 8358
89050 1477
89051 5183
89063 22335
89066 23725
89067 10647
89072 6877
89088 10917
89088 20537
89088 23064
89115 13117
89116 7197
89122 23729
89148 22132
89149 24412
89163 5973
89163 12193
89171 4365
89171 10387
89171 20727
89175 3089
89175 12555
89175 13506
89175 14281
89216 17243
89233 4036
89281 21251
89282 187
89282 4471
89283 2822
89283 9020
89283 9585
89283 11402
89283 13932
89283 18958
89283 21792
89283 22539
89291 8838
89303 20900
89321 14934
89321 15609
89352 8419
89352 11818
89352 11903
89352 13304
89352 13307
89352 16587
89352 17298
89352 18416
89352 18967
89352 23694
89361 8450
89366 99
89366 3121
89366 5408
89366 16073
89366 17918
89366 22294
89367 5966
89409 1892
89409 3620
89409 5104
89409 5305
89409 5773
89409 6348
89409 8088
89409 13276
89409 14017
89409 18093
89409 18421
89409 18671
89409 18729
89409 18740
89409 19814
89409 20952
89409 21438
89409 21695
89409 22506
89409 23582
89409 23767
89409 24131
89413 1765
89413 13540
89413 18618
89430 4504
89430 9096
89430 12936
89430 13789
89430 17914
89430 18421
89430 18919
89430 19783
89430 20256
89430 21615
89435 13716
89449 7538
89449 9359
89449 13466
89449 15009
89450 20535
89461 20560
89461 23943
89465 10060
89465 16722
89465 21406
89483 23285
89486 14347
89492 7886
89492 13925
89499 125
89499 202
89499 1329
89499 13516
89499 24168
89506 7040
89506 18255
89506 21510
89516 19927
89516 24064
89527 5057
89529 6447
89529 8295
89529 8827
89529 13942
89529 19130
89544 6220
89549 2828
89549 6820
89549 13075
89549 18493
89549 19209
89551 1022
89551 10967
89551 14815
89551 16333
89563 6174
89570 7588
89570 14583
89570 18999
89573 3451
89573 21308
89590 6601
89590 13397
89598 7532
89618 12262
89646 7574
89650 14230
89665 3669
89665 5591
89673 6447
89673 8827
89673 16829
89694 22776
89714 4494
89714 15725
89714 15754
89714 20235
89728 3731
89754 9418
89756 52
89756 6462
89756 8043
89756 10281
89756 11971
89756 23630
89762 23598
89767 14425
89771 9541
89771 11611
89807 1446
89807 20910
89808 4299
89808 7076
89816 16796
89823 22477
89833 21940
89842 13244
89858 7097
89871 19543
89892 9688
89893 17500
89893 23644
89896 9315
89897 1782
89897 3602
89897 4720
89897 5096
89897 8057
89897 9130
89897 9418
89897 11367
89897 12203
89897 12367
89897 19714
89903 16067
89925 13375
89925 16006
89939 23541
89946 1993
89952 15811
89952 21815
89953 15450
89954 19803
89964 18847
89967 3104
89967 21349
89979 13658
89987 9002
89987 14563
89987 16650
89990 7852
89990 8916
90014 4736
90014 5852
90014 6906
90014 8309
90014 11111
90014 18882
90015 14385
90021 937
90021 2052
90021 12050
90021 13307
90021 13841
90021 16212
90021 18171
90021 18416
90021 23064
90025 22154
90031 7358
90031 7866
90032 16687
90032 19787
90032 23257
90034 10300
90044 19188
90054 4499
90054 8298
90054 8371
90054 8738
90054 13478
90054 23094
90054 23943
90055 11451
90055 22930
90056 14429
90076 10919
90096 2049
90096 23246
90111 7175
90114 529
90114 1937
90114 4585
90114 12676
90114 18678
90114 21064
90134 14977
90139 15799
90145 5861
90145 9483
90158 16096
90158 20447
90176 15797
90181 19779
90181 20351
90181 21588
90189 10980
90189 15271
90189 15605
90195 330
90195 12681
90219 12408
90230 19976
90240 3916
90241 21510
90252 3454
90258 18121
90261 16524
90265 9313
90278 11206
90278 11679
90278 22801
90286 4091
90296 15528
90296 15715
90296 17298
90297 451
90297 5775
90316 5818
90316 6553
90321 14270
90331 16217
90331 21759
90331 22395
90358 6961
90362 12332
90362 18869
90365 5094
90366 13938
90379 6027
90379 20254
90379 24612
90392 8776
90392 17848
90393 1244
90393 10222
90398 7682
90405 12727
90416 3414
90416 8438
90416 17537
90420 4212
90420 7907
90420 8062
90420 8324
90420 13496
90420 14322
90420 23201
90423 3789
90423 3841
90423 6829
90423 10061
90423 10357
90423 12835
90423 13117
90423 24276
90431 2428
90431 4699
90431 7369
90431 13570
90434 5865
90434 15776
90445 13393
90458 3034
90458 5924
90458 16067
90458 17406
90473 5037
90473 5702
90473 10817
90473 15528
90473 17830
90473 23393
90486 7009
90499 12332
90499 15528
90499 20676
90511 12281
90511 12516
90511 20575
90513 1625
90520 18262
90527 11029
90527 11824
90527 11826
90527 12050
90527 16247
90527 17485
90527 21510
90527 21775
90529 6254
90529 8886
90529 12821
90529 13072
90529 19543
90544 39
90544 1365
90544 3086
90544 8109
90544 8354
90544 8916
90544 15815
90544 16347
90556 11970
90556 21582
90556 22191
90562 23512
90571 13729
90572 18782
90587 8236
90592 6907
90592 10452
90597 4359
90605 9744
90610 14491
90645 1892
90645 11196
90649 13707
90659 3606
90659 5753
90659 16474
90659 20480
90667 1925
90667 13287
90667 23176
90673 8372
90680 11971
90690 5932
90699 1226
90712 16981
90718 2652
90718 17178
90720 1830
90733 7033
90750 23607
90754 6412
90754 9664
90754 14314
90754 17406
90754 19948
90754 20078
90760 2860
90760 7767
90761 5434
90761 8995
90761 12323
90761 19251
90769 14145
90775 4977
90775 18919
90789 1175
90812 5294
90812 18425
90841 9295
90854 20357
90873 2655
90873 2770
90873 5680
90873 7525
90873 10500
90873 12367
90873 12408
90873 14302
90873 17514
90873 24375
90873 24449
90877 14637
90896 8262
90931 11196
90931 17521
90932 4879
90932 19742
90933 3548
90933 4303
90933 7358
90933 9880
90933 10942
90933 12451
90933 16149
90933 16832
90933 20945
90938 58
90938 2691
90938 3677
90938 7358
90940 69
90940 7734
90940 17961
90942 9582
90943 20155
90945 3579
90945 17861
90945 18791
90945 18948
90945 19842
90945 22127
90945 22225
90945 22242
90945 24517
90952 18734
90961 11299
90962 13522
90971 14429
90974 17579
90974 21301
90975 7012
90975 14695
90993 9585
91010 648
91010 4359
91012 1219
91012 8714
91012 9914
91012 15337
91018 18179
91025 19598
91025 21622
91032 3880
91033 15228
91033 18409
91033 20001
91035 14094
91035 15025
91035 21098
91035 22981
91038 18578
91038 22975
91057 19601
91058 18523
91058 19117
91062 3202
91062 13557
91062 20357
91074 6673
91078 1262
91078 2179
91078 3782
91078 8040
91078 9049
91078 11494
91078 16573
91078 17587
91078 22281
91107 1592
91107 4535
91107 17026
91109 872
91109 6805
91109 12050
91109 17494
91109 18416
91109 20389
91109 21081
91109 21874
91111 4303
91146 829
91165 18138
91165 19006
91165 23488
91169 2202
91169 6752
91169 13227
91175 2573
91175 8928
91175 11244
91175 13841
91175 13925
91175 15528
91175 17298
91178 17620
91179 4295
91185 12852
91192 5753
91207 614
91207 1236
91207 18646
91207 19292
91207 20477
91212 14171
91212 14757
91212 15897
91212 17798
91212 22938
91243 10874
91252 10288
91252 11926
91252 14756
91269 2276
91285 12203
91288 5849
91292 76
91292 140
91292 6752
91292 7261
91292 10075
91292 15520
91292 15990
91292 20848
91292 22154
91300 3336
91300 6456
91300 15716
91300 22925
91300 23398
91316 3329
91316 12926
91316 16743
91316 21863
91317 12083
91320 23558
91323 3503
91323 5396
91327 1073
91327 3971
91327 11552
91327 11870
91327 18869
91327 20134
91340 19462
91343 16297
91343 24597
91348 6040
91348 13631
91348 18996
91348 19838
91355 1722
91355 14586
91355 16411
91355 23075
91358 9058
91358 11592
91358 12492
91358 15647
91360 15201
91367 6457
91367 10727
91379 8370
91379 16700
91385 7878
91385 8246
91385 10153
91385 22396
91399 4324
91399 24115
91410 7045
91411 8824
91411 12674
91428 1189
91428 10782
91428 19126
91428 20545
91452 23795
91480 10468
91493 2477
91493 3765
91493 6419
91493 20596
91500 10127
91513 9295
91521 3294
91534 8222
91548 17533
91574 1448
91609 7358
91644 11818
91644 13304
91644 18772
91666 2050
91666 22072
91678 407
91687 8828
91687 11611
91688 19155
91703 6820
91703 12124
91703 16109
91714 3966
91714 13033
91714 24168
91725 13841
91726 9444
91726 13837
91726 22653
91726 23499
91726 24230
91744 3898
91745 12642
91745 14317
91745 18260
91750 1871
91750 1914
91750 2033
91750 2252
91750 5933
91750 6717
91750 8145
91750 22014
91750 24016
91750 24145
91753 6515
91753 10689
91767 13580
91767 21427
91776 23836
91795 2171
91802 12374
91820 12706
91831 13028
91831 19537
91832 4588
91840 10034
91859 19553
91871 13293
91871 19188
91873 3111
91873 3720
91873 13072
91873 15702
91873 20024
91883 5667
91893 2059
91896 22
91896 2699
91896 3213
91896 15305
91896 18724
91896 19138
91896 19295
91907 137
91907 8041
91919 22652
91920 17095
91920 22276
91942 11525
91950 11255
91950 15754
91961 9893
91961 10551
91961 18749
91967 11268
91970 1174
91976 2885
91977 4381
91977 16576
91977 20484
91978 16680
91988 23683
91988 24064
91992 13293
92034 7293
92034 16291
92034 23309
92038 13593
92041 21640
92050 2111
92052 1855
92061 3015
92078 14520
92079 6601
92079 13397
92084 9464
92100 1220
92100 18971
92110 8570
92110 15772
92110 17711
92110 17861
92112 1884
92112 7866
92112 8121
92112 13448
92116 5375
92116 15316
92116 17802
92116 17940
92124 3129
92124 5317
92124 10594
92124 17584
92124 18307
92124 18744
92124 19774
92124 21165
92126 19270
92130 3513
92151 1143
92151 3223
92151 6016
92151 8309
92151 11111
92151 16572
92151 17454
92152 21184
92156 9591
92156 10745
92163 3880
92163 20430
92174 4376
92174 4399
92174 5129
92174 6412
92174 6526
92174 9090
92174 9541
92174 20013
92174 21228
92177 13925
92177 19808
92191 9910
92191 11485
92191 13117
92191 23091
92191 23337
92213 8612
92226 1805
92226 13995
92230 10763
92233 18710
92239 7917
92246 17159
92250 7185
92252 9910
92262 287
92262 2653
92264 2338
92264 10843
92264 13307
92264 17441
92275 7197
92275 8812
92275 9864
92275 19270
92279 24075
92281 16200
92281 17872
92281 19407
92304 11588
92311 18435
92327 17760
92339 12292
92339 15190
92339 17352
92344 15702
92344 17298
92348 3131
92359 22424
92399 18711
92402 2362
92402 8469
92416 12159
92457 2724
92457 15197
92481 7170
92503 22395
92516 9666
92516 18348
92516 23008
92518 7260
92518 16918
92518 18720
92523 18384
92555 12820
92559 4376
92564 1329
92564 3207
92564 21541
92564 23870
92575 9102
92592 12230
92592 23512
92594 15221
92595 4298
92595 11964
92596 13336
92596 17096
92596 22551
92604 7005
92610 18158
92610 23174
92627 18831
92640 15824
92640 19675
92644 3099
92662 8088
92666 3679
92666 9988
92666 13995
92676 249
92676 13144
92681 1206
92681 5369
92681 6040
92681 8968
92688 22758
92721 21038
92731 963
92731 3820
92731 5253
92731 6593
92731 6604
92731 7052
92731 7463
92731 9209
92731 10072
92731 11144
92731 12050
92731 13290
92731 13599
92731 14222
92731 15782
92731 16843
92731 19999
92731 20048
92731 20316
92731 20846
92731 21147
92731 21804
92731 23810
92739 1478
92742 4461
92757 1174
92757 1532
92764 1400
92764 7830
92764 10298
92764 15916
92764 21793
92765 8928
92765 18683
92765 19074
92769 17007
92771 170
92771 872
92775 13930
92775 22114
92781 24106
92794 3090
92794 6839
92794 15193
92794 18077
92794 18924
92795 20270
92803 1685
92803 7566
92815 6115
92815 23371
92827 10013
92827 18609
92827 18697
92827 20846
92827 22237
92827 22252
92827 23825
92849 15190
92852 22407
92869 528
92869 3945
92870 19503
92870 23381
92870 23855
92884 3791
92887 21304
92892 11919
92907 7358
92907 10500
92910 6305
92910 7353
92910 15021
92912 2329
92912 3841
92912 9521
92912 9666
92912 17692
92912 17792
92921 15221
92921 20270
92921 23675
92926 17268
92931 18780
92944 1228
92944 16843
92964 1125
92964 13072
92976 19891
92980 19854
92984 2994
93000 16309
93000 18519
93016 2403
93016 4724
93016 6103
93016 6218
93016 7978
93016 20499
93016 23675
93016 24564
93017 4101
93017 8098
93017 9187
93017 15448
93017 21814
93028 1261
93028 7502
93031 4887
93031 9594
93031 15649
93031 17798
93053 19465
93058 21510
93073 23316
93077 5556
93077 6174
93077 17541
93102 21833
93103 4864
93103 21767
93106 24035
93134 4589
93137 2457
93137 9142
93137 19103
93137 21335
93144 597
93144 9582
93144 13003
93144 16292
93147 19868
93157 6651
93184 11493
93196 2628
93196 9206
93207 2894
93207 9804
93207 14751
93207 21779
93233 11265
93253 217
93253 13144
93253 17681
93253 18381
93254 1309
93254 12867
93254 19049
93268 1934
93268 12106
93268 16481
93317 50
93317 330
93329 6786
93332 500
93332 14342
93332 20969
