1 13870
22 4726
23 4225
23 4780
23 8688
23 11022
23 15279
23 23989
26 11408
27 3768
27 7556
27 9280
27 13692
27 18112
30 6613
33 1419
33 2885
33 10303
33 10546
33 14051
33 23217
46 937
46 24362
47 2457
47 3994
47 4163
53 19049
55 19983
55 22513
60 1689
60 11166
84 3725
84 18983
88 3908
88 5554
88 19345
88 20248
88 23064
126 7684
126 10217
126 21367
126 21590
132 16883
138 3174
138 9910
138 19503
138 22166
145 3129
145 7192
145 10454
145 14814
145 17510
173 188
173 6140
173 15715
173 17830
183 13455
189 11362
194 9327
194 12001
194 14317
194 14637
194 14808
194 17007
194 18257
194 20542
197 20652
201 2885
201 8247
201 8251
201 13375
205 14535
214 9582
214 20914
214 22753
223 2885
242 2457
242 7134
242 8206
242 9374
247 9757
247 14096
247 15185
247 21184
247 23586
252 5932
262 19671
262 22957
269 16596
294 15727
297 9246
299 121
299 6141
299 7192
299 10930
299 13061
299 14178
299 17323
299 23819
309 23268
313 3441
313 8088
313 9600
313 21602
345 7114
345 8531
345 14751
353 22081
362 7119
367 1753
367 2996
367 5055
367 5199
367 5611
367 6336
367 10510
367 11658
367 15669
367 17672
367 20418
372 16390
373 5833
373 16848
381 13361
381 13910
381 20052
381 22244
382 1564
382 4697
382 22034
391 12738
398 15335
398 23875
406 11961
414 5523
418 3129
418 4470
418 22390
418 22938
418 23742
418 24035
429 6881
431 12143
431 16728
456 1369
456 1672
456 1781
456 1848
456 2739
456 3121
456 3869
456 4101
456 5517
456 6316
456 7114
456 7669
456 8096
456 8171
456 9896
456 9914
456 10859
456 10985
456 11569
456 12085
456 12251
456 13162
456 13634
456 14578
456 14603
456 14858
456 14963
456 16045
456 16741
456 16764
456 16825
456 18278
456 19407
456 19408
456 19484
456 19783
456 20924
456 20994
456 21111
456 21544
456 21596
456 21779
456 22876
456 24547
460 4049
498 3335
503 6183
503 20184
512 792
512 2199
512 3942
512 12963
512 13945
512 20400
512 21503
536 13184
553 11022
553 21559
553 21859
558 5849
558 22797
559 14802
569 4972
616 14606
616 18092
635 20319
645 13030
650 20499
658 5119
658 14094
658 16438
662 16450
668 8630
676 9096
676 24006
708 1174
708 10953
709 526
709 618
709 1665
709 2437
709 2586
709 3030
709 3487
709 3922
709 4101
709 4251
709 4520
709 4571
709 5498
709 5767
709 6312
709 6565
709 6612
709 6755
709 7179
709 7273
709 7839
709 8630
709 9334
709 9567
709 10005
709 10442
709 10877
709 11600
709 11764
709 11765
709 12202
709 12654
709 12792
709 12939
709 13045
709 13667
709 13844
709 14219
709 14482
709 14710
709 14943
709 15314
709 15438
709 16846
709 16940
709 17079
709 17182
709 17322
709 17446
709 17771
709 18171
709 19115
709 19283
709 19407
709 20205
709 20508
709 20789
709 20994
709 21072
709 21595
709 22390
709 22522
709 22545
709 22601
709 22938
709 23064
709 23412
709 23582
709 23845
709 24209
709 24517
714 18262
716 14887
716 22817
740 3918
740 18921
755 1087
755 4191
755 5136
755 10927
755 11084
755 11714
755 17834
755 17923
755 23375
780 16139
787 16979
802 9939
805 14427
805 21349
805 23309
817 4972
830 7886
830 19878
831 19355
859 11306
859 20421
859 22166
859 23745
859 24186
860 5753
864 22174
870 1030
870 1758
870 1945
870 2534
870 3869
870 4674
870 6032
870 8728
870 9281
870 11089
870 12994
870 16562
870 18168
870 20658
870 23926
886 4622
886 18991
888 3153
888 11477
888 18584
900 8627
900 15727
900 17918
901 13557
902 17364
902 22963
903 3620
903 16270
904 14307
904 23261
943 17918
943 19503
944 1312
954 2568
954 6912
954 9561
954 14798
954 19521
957 14051
957 17982
957 24608
961 5097
977 5015
977 7089
977 7669
977 10859
977 12095
977 12571
977 13844
977 16752
977 22306
988 4089
994 6578
994 12485
994 22677
1011 2885
1011 9890
1011 20728
1018 1728
1018 4504
1018 22400
1020 7871
1029 22957
1052 1764
1052 3896
1052 3943
1052 5254
1052 6466
1052 8650
1052 9666
1052 9763
1052 9824
1052 10061
1052 11303
1052 11611
1052 11657
1052 13045
1052 13481
1052 14349
1052 16067
1052 17920
1052 18470
1052 22166
1052 22634
1056 10689
1056 19249
1066 3682
1066 4480
1066 4764
1066 8650
1066 15914
1066 16651
1066 20562
1066 24261
1073 11303
1078 529
1078 2276
1078 12685
1081 4852
1081 14133
1081 23084
1082 22753
1083 3942
1084 8446
1088 1235
1088 2609
1088 2627
1088 3213
1088 6703
1088 7863
1088 9742
1088 9794
1088 17325
1088 17983
1088 20506
1088 22753
1088 23036
1089 8193
1118 4586
1118 6354
1119 22120
1157 20745
1198 23752
1201 13467
1220 6217
1221 4416
1221 12776
1229 2996
1234 13072
1236 7004
1236 10911
1236 18303
1236 19385
1236 19959
1236 19967
1236 24283
1244 3836
1279 1443
1283 8414
1283 18307
1288 15727
1288 17918
1309 4370
1309 7975
1309 13295
1309 14326
1309 16388
1309 16642
1311 11638
1320 4930
1320 9049
1320 16150
1332 13030
1339 9229
1344 1733
1344 4771
1344 12207
1347 3245
1347 3869
1347 6351
1347 17091
1349 9153
1364 12591
1364 13887
1364 15946
1383 20299
1389 1500
1389 2858
1389 4782
1389 17940
1401 3797
1401 5605
1401 5907
1401 14564
1401 16187
1401 17580
1413 5217
1426 13233
1426 13971
1436 20767
1440 616
1440 1102
1440 8657
1440 10243
1440 12963
1442 9768
1445 4504
1455 21400
1469 9331
1477 15359
1483 15139
1483 15146
1506 19098
1521 23888
1525 12197
1532 4822
1532 9176
1532 12905
1538 4198
1552 11181
1577 795
1580 2885
1580 8247
1580 14051
1580 20728
1588 2885
1588 4455
1588 8251
1588 12462
1588 13375
1588 18344
1588 20289
1616 6541
1616 13850
1616 24163
1631 2018
1638 11507
1640 2517
1642 15518
1655 4006
1655 9587
1655 10315
1655 10541
1655 15586
1655 20026
1657 2167
1657 5244
1657 7500
1657 10017
1657 10997
1657 12223
1657 15140
1657 20148
1657 21371
1657 22010
1657 23061
1660 2457
1671 21559
1671 21859
1673 2570
1673 2825
1673 3056
1673 18260
1673 20910
1673 22328
1673 22589
1675 3648
1675 10767
1675 17067
1681 2371
1692 18605
1697 1093
1697 4009
1697 14147
1697 15933
1697 22534
1697 24116
1697 24417
1697 24532
1704 1937
1705 8630
1706 23831
1721 1067
1745 9271
1779 6891
1779 11260
1783 11279
1789 16261
1808 20270
1839 648
1839 743
1839 5184
1842 7771
1844 5543
1857 12280
1861 11306
1861 12887
1861 13117
1861 17291
1861 22188
1861 23570
1861 24034
1865 13185
1871 15897
1873 529
1873 2276
1873 17248
1878 2988
1878 12511
1878 15237
1878 16349
1905 292
1905 4974
1905 6229
1905 8175
1905 9895
1905 11116
1905 11529
1905 12902
1905 15402
1905 17430
1905 18627
1905 19904
1905 22536
1905 23403
1905 23665
1922 6680
1954 19913
1958 14814
1964 10045
1964 11234
1964 13136
1964 22584
2001 1131
2001 21485
2010 9188
2010 18031
2013 17918
2022 11725
2056 1219
2056 1471
2056 1975
2056 4091
2056 6658
2056 8098
2056 8714
2056 9187
2056 9331
2056 10671
2056 11569
2056 13421
2056 14560
2056 16741
2056 16764
2056 19030
2056 19353
2056 20251
2056 21490
2056 21860
2056 23020
2056 23383
2075 88
2075 10347
2075 14499
2075 16291
2080 3360
2080 22722
2093 10399
2093 18921
2100 4596
2106 15733
2117 2395
2117 3129
2117 4325
2117 5103
2117 5317
2117 6972
2117 7394
2117 10045
2117 10061
2117 11303
2117 12722
2117 13954
2117 14034
2117 15656
2117 15814
2117 16458
2117 16611
2117 16993
2117 17288
2117 17637
2117 17677
2117 17851
2117 18014
2117 18348
2117 19358
2117 19713
2117 20013
2117 21399
2117 22156
2117 23625
2117 24426
2117 24605
2121 5335
2121 9896
2121 10985
2129 2276
2160 14413
2177 5683
2193 12741
2211 12367
2211 16795
2212 16289
2219 4324
2219 14527
2233 20134
2235 1231
2240 17918
2251 529
2251 4324
2251 12685
2264 2792
2285 7274
2285 9996
2285 20834
2285 22032
2294 6126
2294 7168
2294 20042
2297 5882
2302 2792
2302 8630
2302 17723
2318 2576
2318 2924
2343 3235
2343 20894
2345 9376
2348 18605
2348 19110
2366 2894
2376 8488
2376 12367
2386 7363
2390 3358
2395 1448
2395 8021
2400 12568
2401 17918
2410 23475
2442 636
2459 17758
2460 9694
2460 13789
2460 14767
2460 20398
2460 20832
2460 22289
2501 5411
2507 10264
2508 5144
2508 13930
2515 18499
2524 8959
2524 20894
2529 8959
2534 17067
2534 22433
2556 4972
2579 14757
2587 21972
2592 4396
2606 4838
2610 2921
2638 1088
2638 9552
2638 10602
2657 8006
2663 65
2663 4606
2663 10930
2663 11266
2663 14854
2663 18643
2665 17815
2674 7027
2675 3237
2675 6153
2675 6249
2675 6604
2675 7902
2675 8698
2675 10585
2675 12710
2675 15648
2675 19484
2675 19990
2675 20925
2675 22591
2677 13085
2691 11805
2720 9732
2726 10224
2726 14402
2737 14933
2737 15727
2763 1393
2771 12487
2782 19283
2787 9361
2787 12457
2787 13057
2789 9626
2789 18307
2789 23368
2790 3360
2790 12484
2790 13792
2790 15180
2790 20807
2790 24387
2798 24236
2822 7963
2822 11864
2825 1514
2825 2796
2825 3489
2825 4990
2825 5280
2825 6357
2825 7328
2825 7777
2825 7937
2825 8274
2825 9132
2825 10506
2825 11175
2825 15445
2825 15814
2825 16713
2825 16774
2825 16904
2825 16928
2825 17729
2825 17962
2825 18609
2825 19135
2825 19214
2825 20126
2825 20984
2854 23064
2858 1665
2858 9859
2858 12330
2858 17996
2858 18852
2858 24001
2865 4374
2865 20212
2866 23517
2895 17291
2900 22852
2902 17328
2905 16764
2905 19012
2916 437
2920 2024
2920 15690
2937 2587
2937 2927
2937 3384
2937 4015
2937 4192
2937 4392
2937 5164
2937 6529
2937 8757
2937 12030
2937 13450
2937 14271
2937 16664
2937 17441
2937 17887
2937 18151
2937 21021
2937 23583
2945 11377
2950 769
2950 3782
2975 13547
2975 14485
2975 16399
2975 18163
2975 23097
2982 8863
2982 19554
2982 21341
3004 6732
3035 20695
3040 656
3044 3788
3047 3602
3047 17908
3055 14357
3055 23290
3058 705
3058 1896
3058 5166
3058 8916
3058 19115
3058 20108
3058 20844
3083 1577
3083 5079
3083 9982
3083 19621
3104 16330
3107 23876
3118 4646
3118 17151
3134 21313
3139 6863
3140 2059
3140 6692
3140 6995
3140 13291
3156 389
3156 3118
3156 4075
3156 4163
3156 13110
3156 15001
3156 23331
3164 1747
3165 14104
3169 2329
3169 4257
3169 8352
3169 17858
3169 19699
3169 24086
3169 24099
3180 18423
3198 13203
3198 13432
3198 20835
3210 6043
3220 11726
3227 9118
3238 6529
3253 1993
3253 3116
3253 3916
3253 5515
3253 7473
3253 10520
3253 11313
3253 17407
3261 6972
3271 2926
3271 13453
3271 17565
3271 18097
3271 19192
3271 24615
3286 9932
3286 18959
3286 21981
3293 4496
3304 1739
3304 2752
3304 4431
3304 4564
3304 4818
3304 6245
3304 6816
3304 8863
3304 12079
3304 12165
3304 23348
3304 23600
3304 23888
3324 18847
3333 7111
3335 12741
3341 11310
3341 15921
3341 17589
3365 8412
3365 10433
3373 13568
3384 1891
3384 2634
3384 6351
3384 8097
3384 9281
3384 14578
3384 20683
3392 7727
3392 21387
3395 18605
3395 19110
3395 23722
3402 7412
3414 4596
3449 10119
3449 18388
3454 18562
3484 2792
3484 3335
3484 4011
3484 5374
3484 7241
3484 10504
3484 14837
3484 15944
3484 16663
3484 16857
3484 22753
3490 15215
3490 23994
3491 18454
3491 21062
3494 5295
3496 23675
3509 5408
3522 529
3522 2276
3522 4585
3522 4586
3522 12685
3522 17248
3534 442
3534 2792
3534 4079
3534 7669
3534 7863
3534 10315
3534 11907
3534 12697
3534 14578
3534 22707
3534 22753
3545 16764
3570 22138
3599 19074
3599 23091
3602 6124
3602 7394
3602 10074
3602 13475
3602 15533
3602 22828
3629 16333
3652 23316
3664 18738
3698 3411
3709 23685
3723 887
3723 16524
3723 17083
3723 22498
3734 22941
3742 674
3742 10339
3742 13802
3750 22372
3752 2129
3752 3661
3752 16168
3752 24210
3772 3429
3772 12393
3773 563
3773 1732
3773 6408
3773 8934
3773 20917
3782 4564
3782 23600
3782 23888
3799 8161
3799 13476
3807 1323
3807 5751
3807 7983
3807 8168
3807 9896
3807 9904
3807 13752
3807 14262
3807 15259
3807 16067
3807 17407
3807 18441
3807 21828
3807 22244
3808 2792
3808 6115
3808 13162
3808 14578
3808 16727
3822 8014
3824 2604
3824 8109
3824 9988
3824 10412
3824 13577
3824 13746
3824 16180
3824 17940
3824 18436
3831 6167
3853 12685
3855 4086
3855 17695
3887 2379
3897 6359
3911 4701
3942 9218
3946 6357
3946 20655
3948 2792
3948 7863
3948 8630
3975 3858
3975 17779
3978 15145
3980 3511
3988 16109
3988 19969
3999 2051
3999 2332
3999 3897
3999 4747
3999 4928
3999 5002
3999 6107
3999 17958
3999 20419
3999 22306
3999 22886
3999 23243
3999 24453
4012 529
4012 2276
4014 8630
4014 14578
4014 16796
4014 19283
4055 18883
4057 24344
4076 674
4076 1299
4076 1411
4076 4522
4076 9337
4076 9872
4076 13919
4076 16795
4076 19544
4076 21264
4076 22739
4076 23607
4080 16125
4084 6916
4084 8253
4084 11440
4084 20728
4084 22806
4096 18679
4114 2792
4114 8630
4128 11707
4137 23368
4139 13810
4141 1388
4141 7353
4142 4972
4168 529
4168 2276
4168 12685
4181 8784
4186 9896
4186 10985
4186 11306
4186 17494
4204 7101
4213 1261
4230 386
4230 2157
4230 9039
4230 11570
4230 11870
4233 19733
4262 12429
4285 594
4287 15897
4287 18822
4301 7604
4305 16730
4317 6379
4321 23570
4323 8642
4323 13710
4323 14545
4343 13310
4343 14292
4343 14578
4349 293
4349 9918
4349 14471
4355 1363
4355 2567
4355 3769
4355 3995
4355 7933
4355 9910
4355 10829
4355 11303
4355 12380
4355 15549
4355 19679
4355 22478
4355 24408
4360 22443
4362 5763
4365 15061
4383 3576
4383 10199
4383 11402
4383 13208
4383 15642
4383 16270
4383 19853
4399 10394
4417 3125
4417 8253
4417 23268
4423 8361
4439 19629
4442 595
4442 4419
4442 5253
4442 6259
4442 6755
4442 9516
4442 11705
4442 11864
4442 20371
4442 22886
4453 14996
4455 13085
4455 20300
4462 2655
4462 10592
4476 3898
4476 5523
4476 12876
4476 15307
4480 12332
4480 15271
4484 33
4484 4372
4484 9327
4484 22797
4484 23177
4487 2792
4487 22069
4492 11374
4492 17985
4509 12025
4509 22268
4527 4292
4527 6710
4527 10110
4527 12355
4527 15402
4527 17997
4527 20440
4527 23701
4534 1419
4534 2885
4534 15250
4534 23143
4543 9434
4546 1251
4546 13577
4557 21994
4564 2292
4571 8181
4574 15815
4588 17894
4591 403
4593 18550
4619 23700
4619 24121
4624 2885
4624 13577
4634 17094
4647 6141
4651 1615
4651 2032
4651 4388
4651 15201
4651 16764
4652 135
4652 529
4653 10071
4664 22032
4672 15784
4683 22002
4699 5010
4708 4699
4708 9680
4708 20991
4709 373
4709 2276
4709 4324
4709 6354
4709 17248
4709 21062
4724 12748
4729 7646
4741 5689
4745 15384
4774 6197
4774 17780
4778 6322
4778 16718
4781 19416
4791 23894
4806 3334
4806 6568
4809 19464
4814 936
4817 18083
4819 16986
4826 5266
4826 6354
4826 7956
4833 18605
4833 19110
4838 2427
4838 4396
4852 20914
4853 16781
4868 11422
4885 19976
4887 17632
4903 10196
4903 20728
4915 18503
4930 19119
4949 3862
4949 8450
4949 12941
4963 6056
4963 7999
4963 12686
4963 19115
4963 22380
4981 18783
4986 11000
4996 8672
4998 4238
5010 16764
5015 11218
5017 8064
5023 4000
5033 21640
5053 5417
5074 529
5074 2276
5074 4585
5076 21473
5084 10061
5086 2860
5108 6354
5108 11362
5108 11562
5115 11705
5115 16215
5117 4917
5117 9367
5117 16205
5117 22454
5117 22614
5131 4819
5132 16888
5133 5317
5133 23503
5151 3129
5151 15814
5155 12996
5170 23503
5181 17918
5181 19288
5182 7542
5183 16840
5183 18841
5183 22436
5184 3824
5184 15693
5202 2885
5202 23217
5206 20364
5213 2060
5213 13466
5213 23402
5218 9635
5222 1073
5222 21483
5223 10006
5223 20767
5229 21251
5245 3710
5247 529
5247 2276
5247 9605
5247 19754
5256 3427
5257 6891
5258 7201
5258 17923
5284 386
5302 3365
5302 5925
5302 7788
5302 8262
5302 14888
5302 21292
5304 3603
5304 14427
5304 21349
5304 23309
5320 17296
5339 16764
5341 933
5378 2696
5378 11260
5379 9838
5395 3489
5395 23722
5410 5920
5436 12905
5436 12999
5436 22938
5463 8051
5464 908
5464 1261
5464 17627
5473 14578
5486 7720
5486 9754
5487 1659
5497 14696
5498 18783
5498 23316
5501 1443
5501 6867
5501 12462
5523 21211
5523 21739
5525 23017
5539 7747
5546 15106
5548 442
5548 745
5548 960
5548 1601
5548 2792
5548 3494
5548 3797
5548 4091
5548 4349
5548 4906
5548 5406
5548 6543
5548 6703
5548 7072
5548 7343
5548 8049
5548 8090
5548 8630
5548 9047
5548 9096
5548 9314
5548 9457
5548 9794
5548 9978
5548 10157
5548 10598
5548 11423
5548 12034
5548 12231
5548 12316
5548 12783
5548 12788
5548 12851
5548 15674
5548 16374
5548 16404
5548 16656
5548 17307
5548 17359
5548 17723
5548 18083
5548 20539
5548 20799
5548 22473
5548 22777
5548 24428
5563 17719
5564 24069
5582 4563
5582 22795
5583 2313
5583 3560
5583 4910
5583 9437
5583 10082
5583 18970
5586 8397
5586 21859
5596 18171
5596 19573
5604 1608
5604 3794
5604 5317
5604 9936
5604 17122
5604 21998
5604 23772
5611 2114
5611 6831
5611 18113
5627 2696
5678 12437
5685 2526
5685 2926
5685 4648
5685 5899
5685 6506
5685 9222
5685 10930
5685 14300
5685 16109
5685 21510
5685 21756
5685 21910
5685 22555
5685 23953
5685 23979
5707 11329
5718 6559
5724 4324
5724 21062
5739 9134
5753 7004
5759 672
5759 5984
5759 17711
5764 19435
5766 23331
5772 529
5772 2276
5772 6354
5786 18738
5786 23722
5797 2437
5797 8630
5797 9216
5797 9794
5800 14280
5801 16778
5806 12741
5814 23722
5827 23574
5827 23790
5830 373
5830 529
5830 2276
5830 4585
5830 4586
5830 6354
5830 14527
5830 19754
5833 20464
5836 13117
5846 5562
5863 14755
5863 17092
5866 9351
5874 1710
5876 24452
5879 4086
5879 9905
5879 10127
5879 15189
5879 23700
5892 945
5892 1129
5892 3289
5892 3878
5892 4215
5892 4239
5892 7183
5892 7222
5892 22322
5909 7591
5930 17888
5930 18238
5937 16541
5941 1264
5941 20740
5971 13105
5971 15047
5973 22395
5974 20413
5974 20917
5974 21352
5974 23840
5977 16152
5981 7831
5981 8726
5981 17283
5981 20549
5988 2432
5988 2634
5988 7914
5988 10217
5988 14806
5988 16899
5988 18092
5988 19768
5995 11791
6000 8040
6000 22989
6010 18499
6011 8764
6012 529
6012 2276
6012 6354
6020 11262
6032 4431
6032 6255
6032 23348
6039 1945
6039 2655
6039 4312
6039 5520
6039 5523
6039 6886
6039 8069
6039 9644
6039 11186
6039 12876
6039 14574
6039 17780
6039 20616
6039 22241
6039 23466
6039 24187
6043 18584
6048 3022
6048 4618
6054 8087
6054 20695
6059 5237
6059 5295
6059 5667
6059 19035
6059 20539
6063 1706
6063 8095
6063 12268
6063 15791
6063 17242
6064 1966
6064 7895
6065 22
6065 158
6065 1993
6065 6703
6065 9914
6065 20940
6071 17555
6073 6169
6073 12429
6073 13090
6073 15062
6073 18881
6073 20878
6073 21896
6073 22871
6074 8605
6077 3015
6077 3745
6077 4948
6077 8796
6077 9690
6077 17662
6077 20041
6077 20893
6077 21688
6080 7358
6080 10439
6080 22928
6086 9788
6094 18734
6156 2792
6168 19172
6186 17904
6187 2179
6187 5631
6189 20349
6196 9804
6196 18731
6202 8145
6209 9178
6209 14310
6217 529
6217 18454
6231 10366
6231 23745
6232 1386
6238 18451
6238 19048
6240 1261
6245 5079
6245 11694
6245 12355
6250 5119
6260 8917
6264 3231
6277 3593
6277 3908
6277 9945
6277 13995
6291 11306
6292 110
6292 3583
6292 8184
6292 12071
6292 14352
6292 23143
6295 24550
6310 2479
6316 4225
6316 10656
6316 11440
6331 5408
6331 16073
6331 17918
6332 8630
6333 22271
6349 20484
6349 23722
6353 16270
6369 4590
6369 10112
6369 10431
6369 17995
6387 22079
6388 3794
6388 13459
6388 15269
6388 17351
6391 12698
6391 12894
6403 10825
6410 9866
6410 10153
6410 23698
6416 5932
6441 11660
6442 21245
6456 23754
6466 18911
6470 2837
6470 4504
6470 5557
6470 7669
6470 12034
6470 15185
6470 19012
6477 12344
6480 110
6480 1216
6480 1421
6480 1541
6480 2143
6480 4207
6480 6336
6480 7997
6480 8495
6480 8650
6480 8844
6480 9326
6480 9870
6480 10689
6480 11320
6480 11584
6480 11669
6480 12233
6480 13359
6480 13686
6480 14745
6480 15775
6480 17841
6480 18470
6480 20503
6480 20775
6480 23621
6480 24193
6508 8664
6510 13237
6512 11022
6512 21859
6513 24046
6514 5374
6523 5753
6569 1608
6569 1995
6569 3943
6569 5317
6569 9775
6569 11366
6569 13938
6569 14814
6569 14820
6569 14830
6569 16322
6569 18314
6569 18348
6569 18719
6569 21165
6569 23503
6569 23770
6577 4453
6577 5808
6585 8385
6585 10016
6589 1274
6589 16861
6591 2443
6591 4204
6591 4886
6591 6401
6591 7181
6591 8016
6591 8643
6591 11670
6591 11805
6591 13117
6591 14138
6591 18135
6591 19395
6591 23884
6591 24034
6605 6891
6605 14177
6607 2374
6607 6233
6607 6336
6607 9988
6607 13807
6614 17443
6614 23600
6623 18738
6626 1174
6626 1763
6626 3909
6626 3954
6626 8097
6626 20914
6626 22792
6626 23143
6626 23754
6632 19859
6642 2276
6642 6354
6651 3174
6683 4303
6687 7031
6687 8439
6687 20728
6687 23898
6688 11342
6688 16875
6688 18741
6694 5110
6697 2792
6697 8630
6697 10679
6697 10972
6697 22715
6701 3201
6701 11980
6712 19293
6713 11440
6713 22806
6715 373
6715 529
6715 2242
6715 2547
6715 2611
6715 4293
6715 4600
6715 4669
6715 4766
6715 6016
6715 6695
6715 7762
6715 8025
6715 8185
6715 8337
6715 8844
6715 9498
6715 10336
6715 13466
6715 14081
6715 14954
6715 15394
6715 15478
6715 15632
6715 16687
6715 16880
6715 17248
6715 17820
6715 18020
6715 18652
6715 18963
6715 19001
6715 19245
6715 20175
6715 20648
6715 23548
6715 23995
6715 24337
6715 24365
6719 12688
6744 17918
6747 21928
6751 20914
6751 22498
6752 9791
6753 24214
6754 21123
6756 7111
6771 451
6771 5523
6771 6165
6771 6191
6771 7508
6771 11576
6771 15053
6771 15139
6771 17981
6771 18032
6771 18051
6771 19173
6771 20557
6771 22649
6771 23251
6784 6379
6784 6393
6784 16611
6799 4393
6799 7963
6799 22249
6807 14313
6816 11611
6823 9936
6823 10034
6836 9910
6842 11260
6852 14064
6863 2875
6872 5012
6872 15754
6872 22792
6878 12973
6887 2457
6887 3537
6887 12946
6887 19503
6890 21302
6895 3918
6897 529
6897 2276
6900 20040
6901 365
6901 2981
6901 5663
6901 7975
6901 15406
6901 20924
6901 24396
6924 20415
6948 17884
6953 10681
6964 11856
6992 23745
7005 4257
7005 6599
7005 8181
7005 8488
7005 17658
7005 17688
7005 19198
7005 22989
7011 21436
7014 4564
7014 4818
7014 5932
7014 6245
7014 6816
7014 8285
7014 12079
7014 12165
7014 17611
7014 23600
7014 23888
7014 23930
7040 373
7040 2276
7042 5157
7042 10333
7042 17834
7042 18584
7054 1240
7054 4245
7054 9257
7054 16700
7066 4972
7068 1264
7068 4895
7068 5418
7068 6092
7068 8660
7068 8844
7068 10326
7068 12214
7068 12964
7068 13146
7068 19537
7068 20914
7068 22376
7068 23010
7077 2982
7077 8962
7082 22655
7092 24517
7093 9418
7093 14429
7103 22736
7116 2796
7116 18171
7120 8253
7120 10546
7120 17982
7120 20728
7123 2457
7123 7883
7123 22798
7138 7052
7140 21807
7162 2567
7162 8916
7162 9599
7163 7778
7173 524
7173 1575
7173 13855
7173 14900
7174 14444
7179 6512
7181 15038
7196 2253
7196 7045
7199 4500
7199 8447
7199 13556
7199 17827
7199 18130
7199 22914
7199 24559
7201 22930
7205 564
7205 795
7205 2497
7205 2822
7205 3000
7205 5429
7205 8098
7205 14574
7205 19876
7205 24554
7206 17261
7206 19708
7213 7843
7239 3909
7239 13577
7240 4604
7271 6490
7272 21165
7275 15693
7282 1657
7282 3499
7282 4582
7282 11147
7292 22876
7300 4225
7300 11022
7300 18451
7300 20332
7300 23989
7313 22287
7323 10282
7326 201
7326 2494
7326 8066
7326 11611
7326 16168
7326 20925
7326 21892
7326 22005
7326 23615
7326 24121
7329 6354
7329 8073
7331 6921
7332 15627
7339 14696
7348 373
7348 529
7348 2276
7348 6354
7356 13243
7359 21798
7363 1075
7363 8570
7363 10217
7363 10241
7363 12760
7363 23130
7363 23243
7368 23511
7370 10347
7372 13608
7401 10186
7406 15478
7416 13406
7418 3028
7423 23144
7426 14996
7443 19550
7452 13224
7452 13925
7460 7710
7468 7735
7469 9405
7469 19207
7473 11535
7475 6889
7475 7937
7475 8784
7489 6097
7489 7530
7489 8340
7489 8936
7489 10460
7489 11519
7489 14807
7489 17323
7489 17617
7497 6714
7524 9071
7524 22728
7540 15055
7540 21147
7540 22846
7540 24417
7541 16881
7545 16507
7545 22276
7546 7646
7579 2469
7582 3771
7582 7770
7582 10542
7583 15865
7613 10862
7631 20634
7637 1102
7638 1855
7639 19860
7682 12941
7686 19876
7686 20745
7686 21301
7686 22811
7701 6945
7705 12572
7705 14535
7705 17328
7705 17728
7705 21922
7717 11725
7717 13244
7732 6568
7737 12941
7740 16752
7740 18734
7740 21857
7757 7197
7762 9387
7762 11935
7762 12772
7762 16017
7762 19391
7762 22400
7762 23639
7762 24457
7767 1368
7785 1093
7796 1564
7796 12408
7796 17784
7797 3512
7800 21307
7808 17983
7811 1369
7811 7863
7811 22753
7814 3918
7829 18869
7830 6600
7830 10326
7834 6165
7834 10140
7834 11096
7834 23039
7868 6611
7870 21692
7897 1310
7905 16143
7921 21650
7935 17507
7963 1519
7963 1523
7963 6483
7963 9530
7963 11254
7963 19531
7969 14277
7981 5261
8000 1880
8000 16183
8011 8134
8013 21840
8023 10296
8032 5088
8034 23767
8035 1386
8035 10278
8035 21877
8054 13844
8054 14578
8068 12593
8079 150
8079 4581
8079 7641
8079 7660
8079 8841
8079 13045
8079 14710
8079 15650
8079 15668
8079 16145
8079 17563
8079 17937
8079 20624
8091 21867
8103 5152
8122 17692
8146 13960
8156 4453
8188 2885
8188 3439
8188 8247
8188 12187
8188 12462
8188 15727
8196 12654
8196 21495
8211 23049
8221 6704
8221 6714
8221 14606
8232 3698
8245 1343
8245 3665
8245 7101
8245 9490
8245 11611
8245 11894
8245 13375
8245 14814
8245 18782
8245 20728
8247 22274
8252 9313
8256 13030
8256 23754
8267 4399
8267 4464
8267 8148
8267 12654
8267 13213
8267 14767
8267 16408
8267 21147
8272 20498
8282 16205
8294 2502
8298 4972
8308 505
8310 2584
8310 4682
8310 5467
8310 6923
8310 10181
8310 10507
8310 12104
8310 13392
8310 18112
8310 23211
8314 13742
8359 1298
8361 742
8371 1564
8371 12904
8371 15113
8371 19117
8371 19485
8371 22265
8371 23091
8390 6360
8390 8134
8390 8512
8390 9153
8404 19885
8409 9775
8438 15209
8448 3626
8448 8844
8448 10565
8448 16043
8448 19396
8448 22377
8462 524
8462 1575
8462 12741
8462 13568
8464 3274
8464 19598
8474 9757
8476 6961
8488 15302
8489 3027
8502 13180
8519 9666
8527 1443
8552 11622
8554 7264
8571 4451
8571 8244
8571 8665
8571 21173
8574 14755
8576 5307
8580 13030
8580 17174
8580 21313
8594 6251
8594 18744
8594 23231
8595 2885
8595 4455
8595 13577
8626 1063
8626 16750
8626 19629
8626 22941
8626 23467
8640 10380
8697 10020
8697 22616
8699 4971
8723 12061
8725 9591
8727 12741
8727 18031
8727 23720
8731 10024
8771 22070
8809 635
8809 819
8809 1154
8809 2578
8809 9374
8809 9985
8809 15650
8809 23962
8812 18822
8823 6773
8823 22983
8842 6995
8842 10771
8850 4435
8856 2457
8857 3817
8857 8191
8857 15639
8857 16906
8857 19598
8862 23850
8867 20878
8877 14878
8898 6496
8907 2474
8907 20728
8913 2885
8913 13577
8920 11411
8930 12165
8934 6906
8936 8361
8936 13405
8955 2095
8956 16188
8956 23283
8957 17692
8959 16097
8972 17780
8981 20686
8986 11796
8999 3270
8999 13878
8999 15259
8999 18542
9001 1570
9001 4726
9001 22081
9009 19769
9014 4455
9014 6867
9014 8247
9014 10546
9014 12551
9038 2276
9040 11163
9042 23518
9054 8098
9054 10588
9054 22390
9054 24001
9068 373
9068 529
9069 4673
9069 20784
9071 2290
9071 10854
9080 2792
9080 8630
9088 12836
9088 13634
9152 14693
9167 1133
9167 13719
9186 1218
9186 3433
9186 3537
9186 6720
9186 6776
9186 8095
9186 8273
9186 8447
9186 9534
9186 10471
9186 11058
9186 12591
9186 18065
9186 18130
9186 22914
9186 24041
9198 2412
9198 4382
9198 9351
9198 18759
9200 11596
9213 3836
9220 745
9220 2792
9220 7863
9220 8630
9226 12559
9250 8022
9255 4726
9255 19258
9267 4500
9271 373
9271 529
9271 22608
9278 9283
9278 9331
9278 9763
9278 12939
9278 16433
9278 17364
9278 17430
9278 19323
9292 1177
9292 1858
9292 2816
9292 6186
9292 6708
9292 9910
9292 11306
9292 11485
9292 15460
9292 16094
9292 19099
9292 20009
9292 21672
9294 18328
9309 23000
9315 529
9315 2276
9315 6354
9316 8093
9316 10305
9316 11009
9316 14273
9316 14677
9316 18171
9316 20069
9316 20478
9316 20980
9316 22384
9316 22390
9322 529
9322 2276
9322 19365
9323 1012
9323 10780
9323 12569
9323 16503
9323 23017
9333 13897
9333 19550
9333 21008
9335 7645
9349 9186
9349 15229
9364 1432
9364 2796
9364 4457
9364 4832
9364 5252
9364 6751
9364 8515
9364 9621
9364 9909
9364 15901
9364 17884
9364 18729
9365 2611
9365 5408
9365 17918
9366 2885
9366 13577
9374 17099
9383 925
9383 9541
9383 16951
9383 19054
9388 2745
9388 3174
9388 4297
9420 20914
9425 2457
9447 13586
9447 15491
9447 18075
9452 4972
9471 23541
9544 5153
9544 20248
9560 15907
9560 17308
9560 17831
9566 662
9566 2238
9566 4017
9566 5836
9566 6556
9566 7975
9566 10229
9566 11184
9566 13448
9566 13572
9566 14553
9566 15831
9566 20646
9566 23025
9566 23662
9568 13699
9573 2757
9573 6457
9576 7839
9590 1659
9590 4988
9590 5512
9590 12973
9590 14373
9590 20441
9617 4764
9617 11611
9636 2751
9636 11030
9636 13324
9636 17648
9666 13118
9675 1946
9676 320
9676 15272
9697 7375
9697 10196
9698 14182
9699 22311
9702 8784
9722 10398
9728 882
9728 1533
9729 2567
9729 18605
9729 19110
9730 17207
9730 19255
9736 13243
9786 10694
9786 18031
9786 23720
9791 12044
9799 359
9799 10127
9799 24099
9811 2544
9811 3893
9811 3971
9811 10060
9811 12395
9815 18921
9819 373
9819 529
9819 2276
9819 6354
9819 18454
9832 24245
9853 2885
9853 3724
9853 8163
9853 20728
9861 16764
9864 9080
9866 13716
9866 14561
9881 15052
9883 21139
9883 23698
9892 1356
9892 4079
9892 9203
9892 11611
9892 12678
9892 15006
9892 16579
9892 17063
9892 18698
9892 19460
9892 20022
9892 22930
9912 2953
9912 4435
9912 4610
9912 7331
9912 8543
9912 12268
9916 23331
9920 12429
9920 14900
9920 15804
9922 2991
9922 7602
9922 15179
9927 8709
9932 9541
9932 18348
9942 18959
9943 5955
9943 7560
9960 22166
9964 20453
9964 23983
9975 8087
9975 19096
9977 24236
9994 2592
9994 12973
9994 14786
9994 16530
9994 17527
9994 20832
9994 24113
9995 176
9995 598
9995 3726
9995 6351
9995 9096
9995 17175
9996 802
9998 2656
10018 5820
10032 264
10051 2276
10051 9663
10051 10831
10051 11071
10051 17454
10051 23512
10054 17527
10055 14459
10069 6115
10112 6025
10113 373
10113 529
10113 2276
10113 4586
10113 6354
10113 12685
10116 13237
10116 17400
10116 17991
10120 6354
10149 1261
10149 13710
10164 373
10164 529
10164 2276
10164 4586
10164 6354
10164 7220
10164 22608
10177 19178
10183 12393
10183 16287
10186 475
10186 12393
10186 17280
10186 21633
10190 908
10190 7852
10190 8617
10190 10061
10190 10137
10190 11294
10190 11306
10190 11485
10190 14120
10190 16204
10190 18594
10190 24415
10209 529
10209 2276
10209 4585
10212 8293
10212 20621
10229 3916
10247 24618
10248 9641
10249 7674
10253 17304
10273 768
10283 4983
10285 8844
10285 10866
10286 5136
10286 12615
10286 13836
10286 18214
10286 19582
10291 22551
10301 6289
10301 11254
10301 23137
10305 876
10305 5665
10305 16890
10314 21788
10317 7835
10317 8134
10317 13554
10317 15321
10328 3587
10328 4196
10328 4895
10328 5889
10328 7721
10328 9735
10328 19537
10338 17441
10345 739
10345 17083
10356 12394
10357 8630
10359 4917
10359 8416
10359 15533
10359 17128
10382 7866
10391 1063
10391 2739
10391 6174
10391 11925
10391 24121
10395 6431
10395 9783
10395 14635
10395 18817
10395 23919
10416 5763
10416 21360
10422 22608
10427 19159
10486 10898
10529 20615
10534 24308
10535 21622
10539 17168
10561 17962
10561 22749
10571 20567
10571 23176
10573 4772
10573 5283
10573 5666
10573 5697
10573 6042
10573 6412
10573 6576
10573 12654
10573 22086
10573 22377
10595 5891
10598 5317
10608 19081
10612 1174
10612 1414
10612 12554
10612 20790
10616 24352
10623 8267
10623 16723
10623 21450
10624 11695
10644 16941
10646 2571
10646 4801
10646 13399
10656 4455
10656 18233
10662 2999
10662 5550
10662 10454
10662 17428
10690 7875
10702 3335
10711 1787
10711 15280
10711 22452
10719 158
10719 2757
10719 4809
10719 13799
10719 15185
10761 18441
10776 7050
10789 17763
10795 10386
10798 9350
10812 135
10812 373
10812 529
10812 2276
10812 4586
10812 6354
10812 12685
10812 21062
10851 4791
10852 508
10852 14996
10867 20504
10881 9316
10897 15951
10907 22989
10908 5012
10908 5936
10908 6273
10908 7591
10908 8672
10908 11922
10908 12330
10908 16530
10908 17308
10908 20903
10908 22977
10908 23000
10920 4140
10947 1013
10947 2739
10947 5433
10947 9002
10947 11197
10947 23746
10951 10317
10951 16657
10951 18528
10962 9567
10976 23916
10989 4632
10993 22173
10998 9559
11006 9699
11018 8600
11018 16496
11018 18853
11018 22899
11021 9621
11021 24387
11023 12228
11053 4972
11065 4122
11065 9404
11082 5523
11087 711
11087 14716
11087 22217
11088 22258
11098 308
11113 20288
11117 16680
11133 22800
11134 15004
11150 17918
11166 8578
11166 13301
11166 19196
11166 22276
11166 23725
11174 14239
11174 23967
11183 965
11183 2517
11183 17004
11183 22652
11197 15865
11220 16807
11223 8508
11236 7896
11246 7740
11248 7384
11254 4832
11254 6985
11273 15891
11273 18938
11286 17083
11289 14388
11289 18441
11292 2641
11292 17266
11296 1523
11296 11068
11310 11518
11323 2276
11323 17248
11324 21251
11332 1251
11332 4648
11332 22571
11343 21449
11346 9327
11346 9743
11346 11374
11348 19144
11415 1702
11415 18180
11415 23755
11417 11266
11422 5738
11422 8199
11422 11848
11422 20267
11423 1848
11424 18937
11428 7629
11428 11218
11428 18179
11428 19923
11428 21167
11428 22241
11434 23327
11434 23521
11458 15634
11460 4163
11460 8397
11460 8844
11460 10086
11460 12740
11479 17009
11483 1893
11483 4073
11503 21655
11513 1930
11513 8242
11513 14176
11521 4079
11521 5097
11521 21314
11521 21510
11530 1895
11530 18592
11538 9905
11553 14492
11553 18105
11568 18812
11590 11930
11597 11754
11598 2307
11598 2356
11598 24452
11599 15109
11613 598
11613 2792
11613 7863
11613 8630
11613 11012
11613 22028
11613 22753
11618 523
11618 745
11618 1525
11618 1891
11618 2487
11618 2792
11618 3564
11618 4101
11618 4504
11618 5317
11618 5498
11618 6703
11618 6931
11618 6964
11618 7863
11618 8097
11618 8244
11618 8630
11618 8761
11618 9164
11618 9764
11618 10246
11618 10679
11618 11907
11618 12095
11618 13448
11618 13465
11618 13594
11618 14515
11618 15224
11618 17131
11618 18574
11618 21706
11618 22382
11618 23196
11618 23371
11618 24368
11622 18865
11658 18470
11683 5132
11692 8914
11696 4094
11696 7318
11696 13759
11696 14958
11704 8445
11704 17667
11715 135
11715 373
11715 529
11747 9954
11759 2276
11759 12685
11759 17096
11766 14696
11766 17150
11778 10060
11784 943
11784 1310
11784 4184
11784 7242
11784 10859
11784 14517
11784 15060
11784 21779
11784 23467
11794 21723
11795 20537
11800 6773
11805 3667
11805 20784
11805 22932
11808 2983
11808 11022
11808 21559
11819 1115
11823 4871
11823 8006
11823 20659
11831 11717
11838 10884
11841 1547
11849 5313
11858 17136
11862 2400
11862 5136
11862 8862
11862 13477
11862 23725
11864 4225
11864 11022
11864 21559
11867 16764
11872 4798
11886 10742
11891 14138
11920 11440
11922 8162
11922 24042
11937 16903
11951 22406
11952 14350
11952 24432
11962 18881
11970 21313
11986 24435
11988 19350
11995 2632
11997 10748
11997 15664
11997 19825
12003 288
12003 351
12003 710
12003 3484
12003 3696
12003 4571
12003 4646
12003 6914
12003 6957
12003 7273
12003 8641
12003 9764
12003 12558
12003 13310
12003 15224
12003 15843
12003 16107
12003 17871
12003 18685
12003 18729
12003 21706
12003 22811
12022 4455
12022 6916
12022 12462
12027 20504
12059 3344
12059 4106
12059 4449
12059 5291
12059 6234
12059 15070
12059 16623
12059 22122
12059 23405
12060 7885
12060 9715
12060 10229
12060 21874
12073 201
12073 2941
12081 5476
12083 6732
12090 4726
12090 21123
12092 398
12092 2946
12136 18605
12136 19110
12144 13968
12144 15005
12144 23762
12145 3573
12145 8448
12155 8544
12157 22797
12160 18605
12160 19110
12165 1765
12166 8791
12167 3906
12179 18864
12187 19870
12198 17918
12204 13085
12204 22339
12227 58
12227 1411
12227 2477
12227 2691
12227 2818
12227 2822
12227 2827
12227 2966
12227 3529
12227 4300
12227 5667
12227 5694
12227 5737
12227 6049
12227 6224
12227 7500
12227 7517
12227 8539
12227 8624
12227 8673
12227 9412
12227 9477
12227 11160
12227 11186
12227 11398
12227 11402
12227 11558
12227 11896
12227 12697
12227 12747
12227 13263
12227 13714
12227 15353
12227 15378
12227 15917
12227 16478
12227 16714
12227 16895
12227 16896
12227 16946
12227 17079
12227 17203
12227 17206
12227 17813
12227 18240
12227 18325
12227 19108
12227 19800
12227 20539
12227 20707
12227 20914
12227 21078
12227 21079
12227 21874
12227 22006
12227 22291
12227 22293
12227 22398
12227 22446
12227 23112
12227 23451
12227 23688
12227 24534
12300 5966
12303 2994
12305 3094
12305 4678
12305 5418
12305 6538
12305 7424
12305 11304
12305 12482
12305 15071
12305 15898
12322 2611
12322 2666
12322 8414
12322 13352
12322 14652
12322 15471
12322 21339
12322 21514
12322 22658
12331 524
12331 21581
12331 23438
12372 22498
12380 12341
12380 16958
12417 11077
12419 23301
12450 2220
12458 16371
12458 24019
12462 135
12462 2276
12462 6354
12462 18454
12466 14839
12470 6468
12472 2757
12472 2792
12472 3000
12472 7114
12472 7380
12472 16693
12472 19783
12472 20256
12472 21731
12472 23280
12475 4375
12475 8986
12475 12974
12479 5939
12479 10630
12479 10915
12479 17147
12479 18041
12479 23512
12479 24181
12493 9904
12493 18171
12508 20149
12516 5263
12516 14814
12516 18744
12526 24200
12548 9870
12579 217
12579 7572
12585 10580
12586 9596
12586 15208
12589 4079
12589 9096
12590 11754
12607 15070
12618 7445
12618 9215
12618 19669
12620 19386
12641 8253
12641 23143
12641 24608
12658 12780
12658 15058
12682 14938
12707 21257
12714 11802
12716 10532
12721 14016
12726 10217
12726 11254
12734 353
12734 731
12734 2822
12734 3000
12734 4670
12734 5002
12734 5335
12734 9914
12734 10217
12734 15307
12734 16122
12734 16764
12734 20575
12734 23649
12734 24153
12734 24554
12748 2792
12748 5737
12748 10119
12751 10086
12751 10780
12751 15154
12776 8893
12791 225
12793 23538
12818 13379
12847 2796
12847 4457
12847 7814
12847 8650
12847 11611
12847 17030
12872 8212
12873 12786
12873 20728
12884 17868
12885 2926
12885 11196
12886 1754
12886 17289
12886 22424
12899 1806
12900 2497
12918 8459
12918 9623
12920 24011
12936 16109
12949 2996
12949 5015
12978 1787
13005 2885
13010 3542
13010 11475
13010 20247
13026 15910
13056 1251
13056 2233
13056 7682
13056 15801
13056 19804
13063 616
13063 4405
13085 389
13085 12741
13085 17007
13085 23450
13102 1071
13102 4020
13102 5932
13102 16242
13102 23512
13104 15613
13105 10859
13105 14372
13105 15336
13105 16764
13105 19778
13105 20388
13115 9384
13115 12914
13115 19002
13115 19395
13120 1267
13120 3008
13120 16764
13130 21066
13133 20378
13138 20800
13148 6362
13163 4275
13163 5694
13163 10119
13186 23094
13191 3862
13191 15181
13191 23898
13196 7197
13202 14817
13203 34
13203 707
13203 1671
13203 1805
13203 4272
13203 5044
13203 5051
13203 5162
13203 7588
13203 8543
13203 9058
13203 11422
13203 17030
13203 18441
13203 18819
13203 20960
13203 21510
13203 22834
13203 23279
13203 24432
13225 10603
13225 21426
13230 16321
13237 4079
13237 23064
13238 3664
13254 1216
13254 6494
13254 9910
13264 9046
13268 9541
13268 20725
13289 19813
13306 6285
13306 12321
13343 21136
13369 6948
13369 13384
13370 5317
13370 5570
13370 9775
13370 15918
13370 18348
13370 18665
13370 19752
13370 19967
13370 20484
13370 20655
13380 5646
13381 6133
13381 7502
13381 10856
13381 12741
13381 16838
13381 17134
13381 18031
13381 22569
13381 23720
13385 6816
13403 135
13403 19754
13418 10511
13433 8786
13447 14578
13447 18401
13455 1261
13455 5676
13458 6276
13458 13742
13458 13842
13460 18348
13460 20126
13482 22652
13504 2885
13504 3125
13504 3918
13504 12462
13504 23217
13509 6786
13509 14138
13513 23349
13515 23212
13521 6159
13521 10266
13521 21704
13536 8539
13586 8568
13586 17958
13600 19223
13601 15776
13608 17425
13609 2733
13609 8198
13609 11611
13610 18605
13610 19110
13615 3549
13615 17127
13615 20534
13618 5923
13618 11016
13618 12163
13618 13844
13618 22707
13635 4741
13635 8847
13635 10005
13635 12899
13635 17711
13650 13839
13650 14563
13650 15980
13650 16401
13650 17002
13650 24137
13653 529
13653 2276
13653 4585
13653 7220
13653 12685
13653 19754
13653 21062
13664 5066
13664 9327
13664 14996
13677 18921
13693 4674
13693 16261
13693 17711
13693 23243
13696 2422
13696 10243
13696 15326
13696 16480
13699 10186
13704 16251
13704 17796
13713 7956
13720 5010
13720 11362
13720 23024
13726 1889
13726 7085
13726 14138
13726 19016
13728 4827
13728 15379
13728 21589
13728 22667
13731 22189
13746 23259
13748 8134
13748 9658
13756 11257
13777 3007
13777 23698
13792 16976
13795 5294
13800 2813
13800 7512
13826 15648
13826 21495
13827 59
13827 1384
13827 8253
13827 13338
13827 13785
13841 6776
13841 20040
13851 2594
13851 10873
13851 11822
13851 18832
13851 21721
13868 20184
13869 16024
13870 21258
13879 12484
13888 15727
13900 7423
13914 11563
13917 5150
13917 8184
13917 19436
13920 23290
13923 4810
13923 10464
13923 11327
13935 4352
13935 11690
13935 19876
13938 4744
13938 11038
13938 14381
13942 9119
13969 17156
13978 8096
13978 22036
13980 1806
13980 8191
13980 10356
13980 11266
13980 16539
13980 24191
13982 7232
13998 14474
13998 21692
13998 24417
14012 8087
14012 12741
14037 5045
14037 10747
14037 15259
14037 23386
14038 774
14038 7296
14064 15198
14068 3836
14071 9441
14071 9752
14073 3661
14073 9319
14073 14352
14073 20925
14073 23275
14073 24322
14084 951
14084 16522
14094 9189
14094 11760
14094 13006
14098 3918
14127 15070
14129 12990
14142 24059
14152 8757
14160 21664
14183 1941
14185 15954
14194 1000
14204 18694
14212 7412
14212 8650
14212 14428
14225 3414
14225 6483
14225 7989
14225 8061
14225 10112
14225 11946
14225 13365
14225 13483
14225 18046
14225 18517
14225 19531
14230 2474
14230 5874
14230 17224
14230 19901
14242 7556
14242 12623
14242 14904
14242 17277
14242 20973
14249 18355
14254 5317
14254 15280
14255 2026
14262 10183
14265 14524
14265 22954
14266 20448
14268 618
14278 1093
14289 7721
14299 9694
14299 16270
14302 4000
14302 13413
14303 8134
14303 23725
14307 4052
14315 2031
14315 3473
14315 3934
14315 3994
14315 8816
14315 9810
14315 11829
14315 12208
14315 24309
14316 7863
14316 8630
14316 22753
14323 15001
14323 17980
14323 23651
14344 9901
14344 11745
14344 20492
14350 5032
14350 9788
14350 14444
14354 924
14356 3995
14359 14578
14359 16764
14373 13195
14380 4000
14380 10061
14381 7849
14381 14410
14381 16067
14381 18782
14403 10704
14403 19582
14404 334
14404 366
14404 13528
14404 19443
14411 5317
14412 179
14412 1228
14412 12774
14412 13539
14412 20426
14412 21444
14412 23086
14420 1333
14420 10407
14420 10925
14420 23840
14424 9331
14457 4887
14457 14992
14457 15020
14457 17247
14457 21403
14462 5408
14462 18315
14466 9713
14474 13344
14493 6362
14493 22647
14502 6816
14510 14468
14523 10366
14523 11306
14528 17771
14528 20734
14538 2792
14538 12936
14559 23899
14575 14798
14607 92
14607 2457
14607 4988
14607 13117
14607 17684
14607 17802
14622 23727
14626 259
14626 6591
14640 21167
14642 14112
14642 18457
14642 22342
14656 21071
14671 11025
14679 17711
14679 23670
14683 11725
14684 6732
14684 17763
14714 2469
14714 5859
14714 7677
14714 13352
14714 16096
14714 20157
14714 20288
14720 128
14720 7751
14726 13112
14728 4300
14738 17183
14742 9277
14742 12788
14742 16764
14762 19503
14768 15071
14781 13367
14787 9743
14787 13625
14793 8787
14822 2251
14822 12893
14822 20944
14835 1478
14835 4142
14835 11611
14841 16146
14866 6933
14880 12607
14881 7258
14881 10806
14881 12876
14881 23078
14881 23084
14885 1879
14885 6773
14885 7134
14885 7262
14885 8251
14885 15706
14885 19315
14885 23003
14888 14572
14888 21840
14946 6106
14949 6673
14950 847
14950 1891
14950 5296
14950 6364
14950 7114
14950 7879
14950 16727
14950 19407
14958 3335
15009 5317
15011 925
15011 21165
15020 10474
15034 2276
15034 6354
15034 22084
15040 9910
15094 4186
15099 274
15103 5267
15110 20640
15118 2875
15118 11744
15118 18138
15140 1597
15145 87
15145 1210
15145 6165
15145 7302
15145 9752
15145 16993
15145 18307
15148 14798
15148 23244
15152 11060
15160 17985
15166 6437
15176 18315
15186 22830
15192 7997
15218 15727
15218 17918
15223 18291
15224 529
15224 7220
15224 17248
15236 5500
15253 16540
15255 3201
15255 9442
15273 88
15273 534
15273 1241
15273 1424
15273 1640
15273 2739
15273 3121
15273 4042
15273 4101
15273 4882
15273 5494
15273 6435
15273 6833
15273 7487
15273 8067
15273 8324
15273 8836
15273 9002
15273 9552
15273 9668
15273 9885
15273 10591
15273 10834
15273 11271
15273 11317
15273 11911
15273 12334
15273 12414
15273 12835
15273 13897
15273 13931
15273 14344
15273 15027
15273 15517
15273 16122
15273 16168
15273 16540
15273 17007
15273 17657
15273 18009
15273 18197
15273 19134
15273 19221
15273 19550
15273 20242
15273 20834
15273 23591
15290 135
15290 529
15290 6354
15291 17159
15291 21664
15296 15744
15309 9642
15323 1625
15328 4197
15328 9461
15328 11550
15335 6578
15338 373
15338 2276
15338 2588
15338 6354
15338 12685
15340 16179
15340 17266
15358 4648
15358 16941
15360 22660
15370 4895
15370 14120
15370 19701
15370 21433
15413 2674
15413 4189
15413 9625
15413 12257
15413 15304
15413 18937
15419 1850
15422 1073
15434 13229
15434 18618
15439 2885
15439 8247
15439 11658
15439 11853
15439 22294
15439 24530
15442 3129
15442 6362
15442 15951
15460 19478
15461 6058
15469 12143
15477 12872
15477 21760
15479 4475
15496 10023
15508 3943
15508 6923
15533 645
15533 666
15533 3037
15533 3076
15533 3494
15533 6819
15533 7623
15533 8098
15533 8377
15533 9206
15533 9475
15533 9719
15533 9794
15533 9974
15533 10104
15533 10171
15533 10525
15533 10598
15533 11518
15533 12050
15533 12141
15533 12220
15533 12973
15533 13641
15533 13729
15533 15469
15533 16843
15533 17499
15533 18577
15533 18872
15533 20048
15533 20268
15533 21932
15533 23041
15533 23845
15533 24274
15533 24317
15556 12393
15556 13533
15564 8215
15564 10540
15569 18201
15589 19177
15595 4480
15599 3924
15601 14396
15608 10943
15608 23483
15631 16764
15646 2926
15649 928
15649 5806
15649 6417
15649 10252
15649 16020
15649 16919
15649 17225
15649 17400
15649 17894
15649 18819
15649 19333
15649 21285
15649 21585
15649 22657
15649 23211
15650 13030
15665 595
15665 648
15665 707
15665 2863
15665 7331
15665 10162
15665 10412
15665 11379
15665 12796
15665 15804
15665 23884
15667 10127
15676 20258
15685 5536
15690 9626
15698 11853
15698 20400
15698 23554
15727 24209
15740 10621
15752 13885
15752 16700
15752 21302
15752 22801
15790 1739
15790 2752
15790 4431
15790 4564
15790 4818
15790 6245
15790 6816
15790 8863
15790 12079
15790 12165
15790 16918
15790 23348
15790 23600
15790 23888
15805 14718
15806 20413
15815 16537
15816 8714
15816 10588
15822 23526
15843 8413
15855 3918
15855 6379
15858 11926
15905 3079
15914 2353
15914 19457
15942 19620
15952 18719
15952 21165
15952 24011
15965 16524
15965 19408
15968 1073
15968 6262
15968 7812
15968 11870
15971 757
15971 18525
15971 23720
15996 1863
15998 11022
15998 21559
16006 10367
16009 3401
16009 4401
16009 9004
16009 10491
16014 5317
16014 22376
16023 4044
16023 7597
16023 13314
16023 13472
16023 16795
16023 19112
16027 1326
16029 6385
16033 9585
16033 19976
16035 2757
16035 16764
16035 18929
16037 5494
16037 16122
16037 20042
16058 11802
16060 16764
16067 13713
16069 757
16073 9373
16079 4653
16079 22163
16081 2276
16081 12685
16085 1661
16085 7754
16085 8641
16085 17676
16085 17923
16085 17950
16085 22382
16107 7429
16107 11198
16110 1369
16110 1848
16110 2792
16110 11012
16110 11948
16110 16663
16110 18791
16110 20730
16110 20799
16110 22385
16149 2358
16149 6125
16149 8134
16149 12574
16149 12801
16149 18291
16152 23800
16155 5429
16155 8098
16155 12010
16155 19235
16156 9295
16174 2981
16174 6115
16174 10859
16174 13361
16174 16764
16174 19923
16174 20099
16174 21072
16174 22753
16184 1739
16184 2752
16184 4431
16184 4564
16184 4818
16184 6245
16184 6816
16184 8863
16184 12079
16184 12165
16184 16918
16184 23348
16184 23600
16184 23888
16193 848
16193 5704
16193 6716
16193 8889
16193 13435
16193 18447
16193 22730
16193 24484
16200 6478
16200 16528
16206 9443
16206 13520
16212 14578
16230 2188
16250 10445
16287 418
16319 11362
16319 21457
16319 21514
16321 1665
16321 2393
16321 3510
16321 3628
16321 6972
16321 7394
16321 8650
16321 10883
16321 11501
16321 17242
16321 19242
16321 19416
16321 20003
16321 20300
16321 22390
16321 23503
16328 15440
16331 4028
16331 5468
16331 9206
16331 18649
16331 22385
16331 22390
16332 10511
16332 14177
16340 10656
16340 23217
16371 3501
16371 23331
16390 2276
16390 12685
16391 2673
16393 296
16393 1087
16393 2003
16393 5266
16393 5523
16393 12095
16393 12451
16393 14847
16393 15140
16393 18277
16393 18685
16393 20377
16393 21040
16393 22595
16397 9985
16397 11919
16408 4741
16408 11757
16408 23915
16430 21559
16430 23989
16432 1308
16432 1617
16447 8122
16449 4972
16455 735
16455 9694
16455 11198
16456 1855
16456 4150
16456 9190
16456 10069
16456 15057
16456 23024
16465 1443
16465 12462
16465 19734
16477 9779
16477 14601
16486 45
16486 2502
16513 7941
16515 4303
16515 16795
16519 529
16519 21062
16529 8630
16532 4421
16532 13997
16532 17695
16533 5632
16543 23179
16556 1665
16556 1776
16556 2367
16556 3267
16556 3897
16556 4000
16556 4101
16556 4215
16556 5335
16556 5704
16556 7626
16556 8096
16556 9713
16556 15185
16556 17784
16556 18135
16556 18752
16556 19885
16556 21184
16556 21231
16556 22006
16556 22088
16556 23412
16563 7394
16581 1681
16581 2032
16581 7384
16581 8636
16581 9056
16581 9099
16581 10502
16581 11487
16581 16059
16581 17204
16581 18263
16581 18734
16581 21217
16581 22739
16581 24156
16582 17932
16584 5494
16584 7875
16584 18443
16584 20897
16584 24086
16586 324
16586 13580
16586 18348
16587 23524
16601 10366
16619 22534
16621 21655
16626 1787
16626 9626
16626 11830
16626 12876
16626 24417
16629 416
16629 11041
16629 23749
16640 10663
16640 19647
16646 23024
16648 158
16648 2404
16648 2699
16648 2792
16648 3335
16648 3494
16648 4520
16648 5374
16648 5573
16648 6115
16648 6645
16648 7863
16648 8630
16648 10104
16648 10859
16648 10972
16648 11012
16648 13162
16648 14545
16648 14972
16648 15070
16648 15287
16648 15944
16648 18262
16648 18724
16648 21257
16648 21739
16648 22753
16648 22876
16648 24007
16664 14521
16687 7253
16687 9775
16687 23403
16689 11611
16694 2471
16694 16801
16694 19096
16694 22281
16694 23778
16695 3249
16695 5132
16695 15294
16695 15649
16709 8023
16720 8285
16724 2763
16724 14556
16730 2983
16735 10727
16738 207
16738 832
16738 965
16738 1802
16738 2782
16738 2952
16738 3035
16738 5418
16738 5697
16738 6063
16738 6262
16738 6576
16738 7025
16738 7233
16738 7338
16738 7852
16738 9774
16738 10049
16738 10139
16738 10334
16738 11609
16738 11618
16738 11740
16738 12011
16738 13115
16738 13933
16738 13949
16738 14085
16738 14997
16738 15071
16738 15423
16738 15601
16738 16322
16738 16548
16738 16604
16738 18172
16738 18260
16738 19944
16738 20188
16738 20234
16738 20487
16738 20978
16738 21135
16738 21146
16738 23446
16738 23746
16738 23835
16738 24142
16738 24566
16753 4972
16753 6085
16753 7464
16753 22166
16754 9561
16756 203
16756 2037
16756 5109
16756 9484
16756 9541
16756 18782
16756 21917
16756 22943
16762 1892
16762 3177
16762 3536
16762 7447
16762 9295
16762 9744
16762 11504
16762 12901
16762 12952
16762 14468
16762 14566
16762 15709
16762 16270
16762 17564
16762 17762
16762 18348
16762 20259
16762 20791
16762 21357
16762 22811
16762 23412
16767 3761
16767 12214
16767 12367
16767 23538
16774 20845
16781 2926
16781 8038
16781 17929
16782 21485
16783 14578
16815 1954
16815 1993
16815 9825
16815 10930
16815 15071
16815 15865
16815 19470
16815 21292
16815 24496
16827 1298
16848 16611
16848 18145
16860 3547
16867 14696
16876 17488
16886 10967
16900 14996
16900 16150
16907 529
16907 2276
16918 12330
16930 14410
16933 16778
16936 666
16936 1892
16936 4408
16936 5573
16936 5576
16936 6645
16936 6931
16936 7079
16936 9213
16936 14306
16936 15679
16936 18649
16936 18851
16936 19923
16936 23648
16938 8290
16948 5328
16954 15815
16959 16986
16970 8664
16970 17135
16970 24026
16973 15001
16973 15326
16977 15184
16988 21613
16999 10228
16999 12393
16999 14313
17016 3354
17029 22876
17030 443
17038 2276
17038 4585
17038 7220
17047 7646
17050 17684
17091 12333
17091 13852
17091 23368
17097 3304
17111 10774
17122 15862
17125 3967
17125 4778
17125 6300
17125 8117
17129 14709
17172 21723
17193 6914
17193 14673
17197 15540
17201 9910
17211 11199
17211 15912
17211 19923
17237 2231
17249 17390
17251 10366
17251 12893
17251 15791
17263 4972
17265 2276
17265 11562
17265 18346
17283 6115
17283 7840
17283 8630
17283 14578
17309 9929
17311 13625
17360 6125
17370 5408
17374 14373
17374 17091
17378 17848
17390 17884
17390 21565
17396 2873
17408 434
17422 18229
17426 10550
17432 22821
17438 3274
17438 17692
17462 18842
17472 1605
17472 4548
17472 5254
17472 6412
17472 7164
17472 9413
17472 9448
17472 13742
17472 13829
17472 18348
17472 21948
17472 22281
17479 5027
17479 13030
17484 13746
17485 1848
17485 14578
17485 16663
17485 23323
17487 4236
17487 13105
17503 10228
17515 321
17515 1219
17515 2402
17515 6529
17515 18092
17527 4455
17527 8251
17527 15613
17536 15038
17573 389
17573 4598
17573 4895
17573 11097
17573 11960
17573 18025
17573 20829
17573 21252
17573 21613
17573 23503
17584 3679
17584 3916
17584 14334
17584 17547
17584 21782
17591 516
17598 2885
17598 13577
17598 19903
17604 22792
17627 1026
17627 20945
17646 10376
17646 19046
17646 21258
17646 21630
17654 7791
17666 15070
17674 23632
17698 19547
17704 2497
17704 4604
17704 8575
17704 9099
17704 14932
17721 3129
17721 7101
17721 8385
17721 9775
17721 15258
17721 18744
17721 20766
17721 22943
17725 23217
17725 23501
17738 2885
17738 20728
17739 17306
17745 7058
17758 8838
17779 529
17779 2276
17793 5702
17793 21564
17806 24465
17812 13033
17812 20270
17822 18881
17824 4821
17824 18646
17826 6098
17844 641
17845 25
17845 2188
17845 3209
17845 3384
17845 4126
17845 4421
17845 5317
17845 5801
17845 6593
17845 8087
17845 9541
17845 9616
17845 9763
17845 9775
17845 9870
17845 10016
17845 10448
17845 11037
17845 11370
17845 11611
17845 14994
17845 15055
17845 15371
17845 15660
17845 17544
17845 18224
17845 18348
17845 19889
17845 21450
17845 21510
17845 21804
17845 23282
17845 23403
17845 24101
17847 1788
17847 4463
17847 11943
17847 16789
17847 20256
17851 20349
17860 16003
17860 16204
17863 6344
17863 10857
17863 12985
17863 20720
17863 21812
17875 17579
17879 1368
17892 2708
17894 2174
17894 10288
17894 12440
17894 14350
17894 22688
17895 20788
17898 14444
17898 14705
17898 23722
17902 12436
17903 5045
17921 6307
17926 9775
17926 11896
17927 10281
17927 15658
17931 524
17938 8171
17950 1251
17950 4124
17950 5690
17950 5855
17950 6912
17950 7250
17950 8895
17950 12984
17950 16967
17950 18200
17950 23266
17965 2792
17965 22753
17969 11096
17991 112
17994 20728
18001 12967
18007 18602
18019 22753
18023 3031
18023 6092
18023 7775
18023 8175
18023 19671
18031 2584
18031 6923
18031 22453
18031 22947
18054 1136
18073 21639
18075 1443
18075 12462
18075 12551
18075 19112
18075 19734
18075 20728
18090 10692
18103 5609
18103 7282
18103 8917
18103 13085
18103 21969
18111 20840
18125 4419
18125 5006
18125 7498
18125 8881
18125 9582
18125 11160
18125 12641
18125 13329
18125 14286
18125 14963
18125 16134
18125 16814
18125 17069
18125 20328
18125 21811
18125 21892
18125 22436
18127 2457
18127 3994
18127 6379
18127 17918
18127 17982
18132 10630
18132 12216
18132 15745
18132 17801
18132 20270
18139 135
18139 22084
18140 8145
18140 20254
18140 20270
18143 9219
18164 2102
18172 12883
18173 16356
18173 20761
18202 10483
18205 6547
18205 11260
18234 16800
18262 2910
18262 4177
18262 17572
18262 18381
18262 19539
18269 21178
18296 3565
18296 14996
18298 7089
18298 15827
18298 18970
18316 1508
18316 2446
18316 3327
18316 7775
18316 8600
18316 8888
18316 9934
18316 11535
18316 15511
18316 15865
18316 18853
18316 21923
18316 22930
18316 23177
18316 24163
18316 24459
18330 7490
18338 7152
18338 22783
18344 1457
18344 19709
18344 22876
18372 8901
18406 3069
18406 13877
18406 15824
18406 17281
18406 18950
18424 5767
18424 12655
18424 20103
18436 13577
18453 4682
18453 11512
18453 15072
18461 595
18461 1211
18461 2692
18461 2849
18461 7871
18461 9535
18461 12986
18461 23383
18463 14110
18463 21217
18463 23269
18469 251
18469 3384
18469 12738
18469 20163
18470 10379
18471 24006
18473 1148
18473 23331
18487 14411
18496 21147
18501 2276
18501 22084
18507 648
18509 10840
18509 18086
18509 22666
18514 251
18514 2732
18516 16588
18516 20005
18535 2321
18535 3140
18535 3560
18535 9823
18535 10696
18535 11898
18535 17489
18535 18130
18535 19171
18535 22571
18535 23884
18536 7502
18536 12741
18536 15181
18536 16069
18537 135
18537 373
18537 934
18537 1777
18537 2469
18537 5415
18537 6268
18537 6354
18537 6873
18537 9005
18537 11075
18537 11831
18537 12440
18537 14796
18537 15230
18537 17226
18537 18578
18537 19244
18537 19735
18537 19754
18537 19893
18537 20638
18537 20879
18537 20935
18537 21504
18537 22499
18543 12362
18554 13980
18557 23261
18565 12748
18565 19211
18565 24543
18577 14578
18586 15545
18586 17338
18588 14479
18596 12851
18601 19754
18601 21697
18601 24064
18609 21447
18615 13224
18615 13925
18633 365
18633 13522
18633 16656
18633 17539
18634 12100
18634 17872
18634 21012
18639 12281
18680 22564
18738 18732
18752 7997
18752 9163
18753 8630
18760 1174
18760 9846
18772 3436
18772 9694
18776 1675
18776 10110
18780 14094
18792 7804
18799 5650
18799 10200
18799 14302
18799 15678
18799 19752
18802 1549
18802 7895
18802 9448
18802 11205
18802 13752
18802 15445
18802 15929
18817 13713
18817 17085
18817 19702
18833 4589
18840 12368
18854 308
18854 1048
18854 2181
18854 5747
18854 6810
18854 6836
18854 7123
18854 7475
18854 10081
18854 10350
18854 10968
18854 11005
18854 11042
18854 12286
18854 12856
18854 14139
18854 15195
18854 16706
18854 18483
18854 19789
18854 20965
18854 22116
18854 22778
18854 23215
18854 24249
18854 24386
18854 24570
18855 4050
18855 19669
18858 5237
18858 9963
18858 10923
18858 14368
18858 18734
18858 24457
18865 12967
18867 4677
18867 9980
18870 7114
18871 20398
18901 1030
18901 8097
18901 11089
18910 745
18910 14306
18932 19521
18940 10217
18944 1672
18944 5418
18944 6004
18944 15454
18944 15511
18944 16796
18953 4164
18953 5348
18953 5955
18953 20184
18957 841
18957 5176
18957 6009
18957 9824
18961 12551
18970 14637
18972 922
18993 18669
18997 19331
19008 8837
19013 3836
19026 18126
19029 3836
19029 14943
19029 19982
19049 5763
19049 6393
19049 23335
19102 11406
19110 1133
19110 5411
19122 135
19122 373
19122 529
19122 2276
19122 4586
19122 17248
19131 18760
19131 24095
19136 11753
19155 6356
19155 17134
19176 12453
19176 15286
19180 21185
19189 2140
19189 6259
19189 13088
19189 22068
19194 4854
19194 10557
19194 15921
19194 23407
19214 721
19214 730
19214 1179
19214 3421
19214 5015
19214 5773
19214 7273
19214 8624
19214 8844
19214 9099
19214 10409
19214 12851
19214 13314
19214 16165
19214 19149
19214 19235
19214 20583
19214 20940
19214 21351
19214 22384
19214 24223
19214 24554
19223 11201
19239 2894
19241 1504
19241 2528
19241 4494
19241 5097
19241 5328
19241 5557
19241 6763
19241 9395
19241 12543
19241 12883
19241 15926
19241 17695
19241 17983
19241 18437
19241 21021
19241 22538
19241 22963
19265 16366
19268 12741
19268 19811
19269 26
19269 10671
19269 18881
19269 23351
19271 23930
19276 1172
19277 2772
19277 8506
19277 11658
19277 21165
19277 22943
19284 14132
19289 15271
19297 128
19298 10339
19300 2059
19304 5259
19312 8250
19328 2471
19337 5408
19342 1369
19342 2792
19342 7863
19342 8424
19342 8630
19342 15185
19342 16663
19345 3334
19345 19112
19345 21178
19363 352
19363 551
19363 1749
19363 7003
19363 8044
19363 9096
19363 10611
19363 11618
19363 13406
19363 18796
19363 19893
19363 19956
19363 22652
19365 8630
19394 8438
19417 4997
19417 20152
19438 1858
19438 3667
19438 4381
19438 10364
19438 14925
19438 15460
19438 18214
19438 19099
19438 20362
19438 21565
19482 12741
19482 17064
19482 18031
19483 4504
19514 1443
19525 14221
19525 18418
19526 6867
19526 12462
19526 23217
19532 1234
19532 5408
19532 16073
19541 9421
19552 2457
19552 15750
19554 2780
19554 4245
19576 10656
19581 2940
19581 9340
19585 2632
19585 7050
19585 12869
19585 24535
19590 7629
19590 11935
19598 5254
19598 8066
19598 15853
19598 18878
19598 19369
19598 21361
19606 24032
19607 20484
19611 22207
19614 17763
19621 4382
19621 8123
19621 8435
19621 9693
19621 17576
19621 22163
19628 11501
19628 13898
19628 14082
19631 6379
19643 23512
19649 22121
19649 22894
19650 8413
19650 11130
19650 13667
19650 15792
19650 16532
19650 18118
19661 9016
19661 15259
19661 16463
19661 18785
19661 20913
19661 22571
19666 1889
19666 5266
19666 20476
19680 8098
19680 8401
19685 8669
19685 10873
19685 21721
19685 22072
19698 21935
19700 9092
19701 14169
19701 23352
19705 1127
19705 3742
19705 5369
19705 8384
19705 12223
19705 12267
19705 17479
19705 19119
19705 20148
19705 20691
19705 21401
19712 9186
19723 20844
19750 91
19750 2938
19750 5950
19750 11918
19750 15703
19750 17075
19750 17735
19750 22257
19754 11588
19758 386
19758 9201
19758 14492
19758 14733
19758 20800
19774 17242
19776 37
19776 11907
19776 21706
19776 22974
19776 24032
19789 792
19789 9915
19796 2792
19796 7072
19796 7554
19796 7863
19796 13844
19796 22753
19800 18348
19804 19859
19804 22653
19825 5482
19829 1831
19829 9347
19829 14964
19842 17966
19873 12133
19873 21264
19898 9287
19898 17008
19898 22258
19903 14895
19920 135
19920 529
19920 2276
19920 3918
19939 15185
19939 17494
19946 14076
19969 3054
19969 10874
19969 12634
19969 15660
19969 22390
19993 2105
19993 5500
19999 710
19999 1219
19999 5667
19999 7863
19999 9047
19999 13781
19999 16656
20002 10140
20008 5448
20008 23843
20012 19557
20015 20267
20032 362
20033 7045
20041 529
20041 2276
20041 12685
20054 24095
20057 1443
20057 2885
20057 6916
20057 8247
20057 8253
20057 12462
20057 13577
20057 14804
20057 20728
20057 21985
20057 22367
20057 23268
20059 8630
20064 19582
20066 10843
20066 11411
20066 14755
20069 4457
20069 10874
20069 11277
20069 13599
20069 15055
20069 19217
20069 19999
20069 21641
20069 21804
20069 21964
20069 23064
20086 6599
20112 12412
20116 1951
20135 23512
20136 2298
20136 4044
20136 19052
20136 23089
20152 1727
20152 12379
20160 16006
20163 1912
20163 12648
20163 15794
20163 16171
20163 17486
20163 21433
20163 21547
20163 22433
20166 7771
20169 529
20169 2276
20169 6354
20183 21165
20204 6590
20211 5753
20211 17333
20211 22079
20224 716
20224 1939
20224 3453
20224 6940
20224 13573
20224 13634
20224 14578
20242 1141
20243 2885
20243 13577
20245 2511
20245 18449
20257 1461
20257 20419
20275 7696
20301 23229
20312 334
20312 2792
20312 8630
20322 23086
20335 4376
20337 424
20367 12992
20383 15993
20403 18877
20411 8833
20411 23671
20428 11684
20448 4972
20463 723
20463 4601
20463 8406
20463 9885
20463 10627
20463 11472
20463 13669
20463 16680
20463 23382
20472 16522
20474 5949
20474 17931
20477 18092
20477 24001
20492 2276
20492 12685
20498 12594
20498 22311
20501 7487
20501 7863
20501 16134
20534 15057
20534 21807
20544 17692
20544 23217
20544 23604
20547 5377
20578 23391
20584 13577
20587 21788
20587 24554
20588 10666
20588 12199
20588 15361
20588 16335
20588 17943
20612 7502
20612 16069
20620 6242
20620 6311
20620 12963
20620 16345
20620 18054
20620 18348
20620 21449
20620 21503
20620 24314
20622 5517
20622 8427
20622 9164
20622 15120
20622 17069
20622 17927
20622 19287
20622 21874
20624 5016
20624 8079
20624 11489
20624 23283
20630 11440
20630 17982
20655 3661
20731 2885
20731 6867
20731 17982
20731 20728
20741 516
20741 11076
20745 8578
20745 13435
20745 21544
20747 4169
20761 6592
20764 18520
20768 23752
20772 320
20772 7226
20772 23872
20785 2534
20787 14920
20787 22948
20790 92
20790 1753
20790 6814
20790 11077
20790 12339
20790 13017
20790 16011
20791 9775
20794 17982
20814 12165
20830 17566
20830 19572
20838 24069
20848 8071
20848 8229
20848 8331
20848 9229
20848 15970
20848 20789
20856 2404
20868 21559
20868 21859
20868 23989
20891 13501
20891 23055
20909 22910
20915 16986
20941 1417
20955 1131
20975 19605
20988 1631
20988 8925
21007 23754
21026 13110
21027 9163
21027 9870
21027 10162
21047 5328
21047 6094
21047 10699
21047 13361
21047 15110
21047 20945
21047 21257
21047 23658
21055 2605
21055 5368
21055 6465
21055 7464
21055 8109
21055 10594
21055 15727
21055 17692
21055 18550
21055 18938
21055 19369
21055 20945
21055 23331
21065 1134
21065 3463
21065 6797
21065 10810
21065 21231
21077 1411
21129 6393
21129 7933
21129 18921
21133 21008
21150 7356
21187 22838
21191 11149
21222 19
21222 7982
21222 14021
21230 2756
21230 5663
21230 9541
21234 2792
21250 11589
21250 15865
21257 568
21257 611
21257 1167
21257 4765
21257 5069
21257 5878
21257 8253
21257 8681
21257 17584
21257 21439
21277 4812
21285 4047
21297 11961
21299 2298
21319 6322
21331 7793
21331 9619
21333 12099
21357 11040
21361 2491
21361 13924
21361 16216
21362 7745
21362 14473
21376 438
21376 15754
21376 16335
21376 16507
21376 18881
21387 8488
21388 719
21388 3942
21388 6351
21388 12582
21388 13878
21388 19490
21388 21302
21388 21450
21388 22405
21434 2275
21434 17717
21434 21788
21440 19173
21445 12191
21448 17692
21456 5924
21465 17736
21497 13443
21501 699
21501 15631
21502 11409
21510 14766
21519 1674
21525 5247
21525 5424
21534 13105
21534 15916
21534 22513
21534 23001
21534 23208
21559 3908
21559 17030
21569 3158
21574 14578
21596 21104
21614 4921
21614 6340
21614 6872
21614 7297
21614 13938
21614 15149
21614 16789
21614 20331
21614 21449
21620 12963
21624 23201
21633 891
21633 20943
21635 21619
21682 571
21682 7863
21704 16924
21711 23201
21718 13224
21721 11181
21734 17640
21748 17383
21762 373
21762 529
21762 2276
21763 3474
21763 4357
21763 4588
21763 6940
21763 7675
21763 8714
21763 11513
21763 11816
21763 12714
21763 13930
21763 14673
21763 15891
21763 16043
21763 17061
21763 17966
21763 18092
21763 18179
21763 18364
21763 18510
21763 18544
21763 19923
21763 21217
21763 21420
21763 22509
21766 19331
21768 14485
21782 1787
21807 1093
21807 15699
21809 3526
21821 1561
21823 17856
21823 24059
21824 10592
21826 6130
21826 6620
21826 8508
21826 9715
21826 15792
21826 17527
21826 22718
21826 24043
21849 17918
21864 882
21864 4071
21864 17329
21882 2356
21889 16528
21891 373
21891 529
21891 2276
21891 4586
21891 6354
21907 4412
21907 9635
21915 16764
21926 13287
21937 7761
21937 11212
21943 150
21943 1414
21943 5307
21943 6612
21943 6658
21943 9164
21943 9331
21943 9694
21943 9823
21943 9929
21943 10618
21943 11980
21943 12618
21943 15254
21943 16990
21943 18727
21943 19110
21943 21853
21943 22871
21965 11540
21967 11232
21967 16261
21971 14362
21973 2745
21973 3066
21973 3841
21973 6194
21973 9752
21973 11547
21973 17589
21973 18135
21973 18276
21973 19288
21973 19890
21973 20690
21973 20900
21974 10309
21989 2673
21998 3911
21998 9910
21998 23072
22004 1376
22004 2110
22021 771
22026 9096
22026 23950
22028 5317
22028 20865
22028 23941
22034 1921
22034 1993
22034 6665
22034 11870
22034 13713
22034 22783
22050 21861
22052 3809
22066 9636
22066 11251
22066 15754
22066 20106
22066 22989
22083 102
22083 5377
22083 14171
22083 16326
22083 20227
22083 23005
22083 24136
22090 128
22100 18366
22104 8092
22106 11338
22110 150
22110 3891
22110 7464
22110 20248
22110 22438
22110 23700
22110 23836
22121 4495
22124 20914
22130 11898
22147 22862
22149 2775
22149 23003
22169 2423
22169 11931
22169 16576
22174 16208
22174 18933
22174 23229
22179 18758
22182 5605
22213 92
22217 1148
22217 13575
22238 23243
22244 10874
22250 8714
22268 13336
22279 7594
22300 4571
22300 11935
22304 7302
22304 10169
22304 21784
22304 23798
22311 2792
22312 4780
22338 14814
22366 21282
22382 3659
22382 11097
22382 18358
22382 18489
22388 6187
22388 7588
22388 19854
22395 14682
22408 21199
22408 22704
22410 17150
22410 24608
22467 7626
22467 13284
22467 24554
22485 4697
22485 12050
22485 20950
22487 7863
22489 8959
22489 10512
22493 21043
22497 20349
22511 4225
22511 18921
22511 21559
22511 21859
22534 9873
22534 10330
22534 11934
22534 16939
22537 14429
22551 9327
22564 17398
22582 6923
22582 10621
22582 13627
22584 21559
22584 21859
22589 4508
22589 12214
22589 22914
22593 244
22594 1226
22594 2696
22594 3782
22594 8184
22594 10626
22594 10758
22594 11260
22594 13432
22594 14202
22594 15936
22594 16122
22594 17953
22594 18454
22594 19188
22594 20621
22594 20845
22594 21062
22594 21767
22594 23354
22594 23683
22597 22481
22602 2087
22602 6318
22602 18012
22602 20807
22602 20878
22602 21441
22612 16157
22619 12959
22620 211
22622 22805
22648 15024
22649 18307
22649 23368
22662 16009
22662 22114
22662 22311
22683 11930
22686 6526
22712 6063
22712 15351
22730 1769
22738 23
22740 289
22740 3898
22753 17555
22771 7356
22771 21143
22800 14578
22833 13077
22834 4573
22834 15591
22834 18869
22837 12393
22851 14786
22861 5280
22861 10378
22861 17328
22861 18822
22870 2956
22878 21800
22887 12600
22887 20562
22887 21165
22900 9451
22901 18822
22922 3271
22922 5109
22922 6156
22922 6330
22922 6593
22922 8539
22922 11853
22922 12905
22922 15006
22931 2120
22931 5651
22931 10815
22935 13117
22940 11770
22947 2894
22965 3264
22966 13189
22974 4829
22976 8851
22976 14834
22984 17
22984 3012
22984 22915
22990 21710
22997 3907
23002 4249
23007 14574
23007 22473
23012 23555
23018 6762
23034 12541
23044 1883
23044 10200
23044 16832
23044 21449
23068 22688
23084 15912
23084 19051
23093 2425
23093 6811
23093 11702
23102 2885
23102 8163
23102 23501
23110 3473
23110 4485
23110 7045
23110 13897
23124 8537
23124 14884
23125 3869
23125 21953
23125 22792
23125 23243
23126 1058
23126 2739
23126 8832
23126 9880
23126 12095
23126 17069
23126 17927
23126 23420
23180 529
23180 7220
23199 13564
23199 21573
23204 1763
23211 12785
23211 20870
23213 13030
23220 159
23220 5743
23220 6273
23220 9374
23220 14009
23220 18401
23220 21751
23232 20686
23241 17455
23241 21790
23259 12475
23266 4726
23281 2851
23281 6803
23281 24450
23285 15146
23299 23331
23303 4496
23303 21514
23305 5755
23321 10982
23322 6755
23326 8580
23340 2655
23344 18078
23347 22707
23351 14188
23351 20695
23356 5006
23356 5313
23356 7963
23356 10190
23356 11357
23356 11948
23356 13695
23356 18422
23356 19505
23364 1443
23372 3628
23372 5136
23372 6330
23372 21405
23382 5668
23388 408
23407 2567
23407 8168
23407 8916
23407 9039
23407 9385
23407 10061
23407 11303
23407 12615
23407 20704
23407 21264
23412 365
23412 730
23412 840
23412 1003
23412 1601
23412 1672
23412 2515
23412 8851
23412 9047
23412 9914
23412 10678
23412 12543
23412 13119
23412 13634
23412 14574
23412 14806
23412 15337
23412 16741
23412 16825
23412 17514
23412 18633
23412 19657
23412 20646
23412 20945
23412 21396
23412 22015
23412 22473
23412 22739
23412 23290
23412 23607
23415 2587
23415 6350
23415 13334
23415 14752
23415 16756
23415 18782
23415 19135
23415 19728
23431 985
23431 9603
23431 21792
23431 24000
23436 8660
23437 13392
23458 17894
23459 2576
23462 7628
23474 20832
23491 16795
23502 13706
23513 11970
23516 4726
23516 12363
23527 9441
23527 10169
23527 16874
23527 20771
23537 4972
23545 1788
23550 14863
23561 1531
23561 8570
23561 9213
23561 11404
23561 11437
23568 13643
23583 2356
23627 12644
23640 1975
23640 3548
23640 4910
23640 5842
23640 6144
23640 6763
23640 8602
23640 12805
23640 12883
23640 16451
23640 17714
23640 19235
23640 21814
23640 23544
23661 17972
23661 20766
23665 4984
23668 9230
23673 1143
23684 16067
23690 12741
23695 3657
23699 3685
23699 15168
23699 20913
23702 17971
23718 8265
23721 13734
23727 501
23727 2792
23727 3869
23727 13634
23727 18242
23727 19012
23727 19035
23737 16764
23737 22753
23747 20357
23754 9924
23765 332
23771 8163
23771 8247
23771 23501
23790 4972
23790 15271
23792 19115
23794 9128
23798 6679
23826 1040
23826 6714
23826 9744
23826 15569
23826 21079
23826 21934
23826 23980
23827 14716
23838 1267
23845 4387
23845 7010
23845 13758
23845 18265
23845 20134
23845 20400
23845 22811
23846 4089
23852 6568
23852 17761
23852 18700
23852 19112
23855 14569
23855 21394
23865 2792
23877 9437
23877 9715
23877 16671
23877 18623
23877 22276
23877 22924
23883 3277
23885 9151
23887 7735
23887 23403
23916 15055
23918 299
23918 10412
23918 20188
23923 2885
23934 3387
23939 21899
23945 14705
23945 15271
23945 21399
23945 23722
23955 18530
23956 3140
23958 4412
23961 1575
23961 2465
23983 1195
23983 5846
23983 7677
23983 11265
23983 13700
23983 14848
23983 15124
23983 20397
23999 9397
24008 20695
24008 23745
24017 806
24017 1324
24017 8416
24017 9628
24017 18171
24017 18785
24017 23941
24042 4584
24059 662
24059 2163
24059 2946
24059 4988
24059 6330
24059 6403
24059 7282
24059 11009
24059 11518
24059 13277
24059 14017
24059 17340
24059 19474
24059 20069
24059 20445
24070 6568
24072 21339
24073 2468
24073 10217
24077 9142
24077 11961
24079 9340
24079 14864
24082 845
24082 17634
24082 17876
24082 20873
24087 20892
24088 1625
24088 5044
24088 5697
24088 7280
24088 9666
24088 12054
24088 15896
24088 17554
24088 22439
24088 22622
24088 23229
24088 23569
24100 964
24100 8838
24100 9153
24100 19457
24100 23752
24124 24425
24126 20370
24126 23288
24130 6130
24143 3620
24143 9637
24143 11504
24143 14059
24143 19098
24143 21788
24143 22107
24143 22811
24143 23000
24148 373
24148 529
24148 1977
24148 2276
24148 13614
24148 21269
24150 489
24150 4253
24150 10740
24150 10962
24150 18304
24150 19733
24150 22914
24150 22964
24162 3890
24162 7273
24162 8916
24162 9049
24162 10357
24162 12654
24162 16067
24162 23337
24162 23468
24181 8700
24186 8953
24186 22123
24193 7913
24203 8835
24203 20098
24213 2276
24213 21062
24213 22608
24244 18543
24251 11725
24257 1043
24257 1508
24257 2230
24257 4321
24257 4482
24257 5434
24257 10366
24257 11030
24257 13153
24257 14396
24257 14782
24257 18260
24257 18347
24257 20740
24257 20939
24257 22082
24257 22957
24257 22990
24257 24317
24258 10294
24268 9458
24271 14192
24275 11058
24277 11321
24315 1607
24316 529
24316 2276
24316 18454
24317 662
24317 15312
24319 22079
24321 3147
24321 11997
24321 24198
24345 5849
24348 3129
24348 20233
24357 11262
24365 21640
24368 17611
24381 1318
24391 6356
24397 3620
24397 20454
24401 14795
24401 15660
24412 529
24412 12685
24412 21062
24415 5712
24415 21673
24415 24478
24417 3050
24417 19527
24430 19110
24454 324
24454 4463
24457 8161
24458 19457
24458 23752
24481 19539
24507 398
24508 61
24510 3237
24510 3820
24510 4352
24510 7614
24510 12710
24510 13599
24510 18171
24510 19999
24510 20248
24510 21804
24510 23836
24513 3461
24516 300
24531 8516
24531 20259
24531 22276
24545 13180
24547 9049
24564 10648
24573 4653
24600 14202
24604 22652
24608 24501
24610 1261
24610 1419
24610 5955
24610 7560
24610 12511
24610 14839
24610 17728
24610 20282
24610 21448
24610 22438
24614 7360
24614 8844
24614 9025
24614 14418
24654 3951
24654 4463
24654 5176
24654 5300
24654 5894
24654 5970
24654 6825
24654 6971
24654 7062
24654 7120
24654 8754
24654 12623
24654 12882
24654 13231
24654 15238
24654 15496
24654 19709
24654 19757
24654 20915
24654 22563
24654 24026
24679 9559
24691 10123
24696 14694
24715 5326
24718 882
24718 12741
24718 15993
24718 23797
24753 5254
24787 5425
24787 13000
24810 16006
24810 21839
24811 2516
24811 10076
24811 15478
24811 19396
24815 1833
24815 2689
24815 3218
24817 12368
24820 15173
24827 4381
24827 23899
24832 4193
24832 20752
24847 8837
24849 2409
24849 6340
24849 16545
24849 16789
24850 4206
24875 16073
24886 20980
24900 4673
24901 4533
24906 6665
24906 13702
24921 12191
24921 13077
24921 14757
24921 14814
24921 19435
24921 23420
24921 23525
24926 5447
24928 4482
24937 21608
24945 656
24945 3129
24945 3425
24945 9437
24945 11009
24945 12594
24945 14488
24945 19369
24945 23503
24945 23517
24951 24029
24967 19775
24967 22735
24972 4378
24986 20788
24990 18278
25008 970
25008 9142
25008 14079
25008 20136
25008 23521
25008 23752
25013 18767
25023 2792
25023 14306
25041 18605
25041 19110
25068 9910
25082 20248
25103 15593
25106 2458
25106 3960
25106 6371
25106 9437
25106 20943
25106 22002
25113 7714
25113 19472
25115 2955
25122 745
25126 6881
25138 12741
25142 2276
25185 3918
25192 847
25192 2792
25192 7863
25192 8630
25192 10062
25201 3123
25201 4101
25201 10734
25201 11896
25201 14767
25201 22306
25201 23412
25209 4721
25210 1189
25212 7394
25212 13085
25235 11497
25235 22675
25239 1344
25245 8251
25256 284
25256 3387
25256 7561
25256 23441
25256 23607
25274 4094
25274 4542
25274 6949
25274 10980
25296 19198
25298 22811
25314 24121
25320 3129
25320 9541
25320 16969
25320 17051
25328 5414
25338 2141
25338 4079
25338 6311
25338 7411
25338 12042
25338 16531
25338 16904
25338 22957
25343 22862
25344 19927
25345 4510
25345 5519
25345 9567
25345 10810
25346 16930
25353 17802
25363 11658
25374 6568
25374 6952
25374 8251
25374 10546
25374 12766
25374 13577
25374 16254
25383 375
25383 11076
25383 16347
25383 17572
25383 20440
25383 22963
25383 24121
25392 4372
25392 10694
25392 19134
25401 14229
25404 3121
25404 14536
25404 15907
25404 19083
25419 13243
25423 7973
25448 1739
25448 2752
25448 4431
25448 4564
25448 6245
25448 6816
25448 8863
25448 12079
25448 12165
25448 16918
25448 23348
25448 23600
25448 23888
25454 18719
25469 1914
25477 272
25477 2517
25477 3129
25477 4919
25477 5317
25477 7538
25477 8844
25477 10086
25477 10925
25477 20717
25477 22721
25491 6568
25491 12462
25500 5892
25518 770
25518 8757
25518 15631
25518 15815
25518 23802
25526 10884
25531 279
25531 447
25531 1277
25531 2251
25531 2398
25531 2495
25531 3326
25531 3749
25531 4079
25531 6401
25531 6656
25531 6764
25531 8447
25531 8526
25531 8957
25531 10212
25531 10311
25531 10816
25531 10948
25531 11495
25531 11536
25531 11609
25531 11670
25531 12738
25531 13139
25531 13445
25531 13954
25531 14317
25531 15550
25531 16907
25531 17319
25531 18560
25531 18799
25531 18993
25531 19435
25531 20939
25531 21658
25531 22756
25531 22898
25531 22916
25531 23168
25531 24388
25539 2179
25539 2875
25539 3782
25539 20629
25539 20910
25539 21492
25540 23377
25547 5254
25547 9132
25547 10538
25547 22555
25574 1368
25589 1369
25589 13634
25607 15869
25607 22583
25609 4189
25609 16909
25614 16764
25621 14074
25633 8011
25640 23512
25641 1122
25641 2792
25641 14164
25641 18278
25641 22753
25642 19330
25680 16764
25683 22169
25688 11109
25688 11402
25688 14479
25688 17539
25688 17715
25688 22486
25703 11923
25750 9376
25750 13314
25770 5676
25770 20865
25771 8384
25776 17541
25791 6607
25791 23843
25797 12087
25806 24344
25826 8636
25829 13105
25829 21814
25831 14520
25831 14578
25838 5874
25838 17224
25854 9626
25862 16121
25863 14760
25890 2276
25890 4586
25910 2390
25927 1417
25927 2667
25927 7950
25927 11009
25927 14024
25927 15921
25927 21371
25927 22311
25932 22150
25950 22166
25963 627
25963 4142
25963 5254
25963 7745
25963 9448
25963 9703
25963 9775
25963 12191
25963 12382
25963 13878
25963 18885
25963 20766
25963 21828
25964 12710
25971 8247
25971 23501
25980 2231
25980 8098
25992 4722
25992 23313
25997 14486
26006 23501
26014 10045
26020 443
26030 1150
26030 4130
26030 8123
26030 14363
26044 19713
26044 23538
26064 529
26064 2276
26064 12685
26092 1025
26112 787
26151 3611
26151 9505
26151 9910
26151 14636
26151 15984
26151 16067
26151 16800
26151 18560
26151 22622
26173 3216
26173 3387
26173 4349
26173 4356
26173 4591
26173 7358
26173 9314
26173 14429
26173 14779
26173 19407
26173 20726
26173 20980
26173 21211
26187 17851
26191 5148
26191 13702
26191 21360
26199 12613
26199 16322
26199 18969
26205 4096
26205 15738
26207 9763
26230 2567
26230 19110
26236 13375
26266 2520
26266 22390
26266 23251
26269 13030
26279 23000
26287 17508
26291 4485
26311 1753
26311 1780
26311 2365
26311 8358
26311 12876
26311 13450
26311 14449
26311 20914
26311 21040
26311 22941
26311 23204
26311 23390
26320 23352
26325 13368
26325 22867
26332 16764
26333 20291
26337 373
26337 4585
26337 4586
26346 4257
26346 6792
26346 8352
26346 11181
26346 12192
26346 12462
26346 16124
26346 19521
26346 20771
26348 5523
26348 15447
26362 1262
26409 3548
26423 9996
26423 12545
26423 13003
26461 1403
26461 11420
26462 18949
26463 9517
26463 17918
26463 18847
26463 22795
26470 17918
26481 10140
26486 90
26486 3696
26486 4215
26486 5798
26486 11184
26486 12022
26486 12883
26486 17770
26486 18727
26486 19783
26525 3501
26525 16385
26525 16816
26525 23331
26531 14570
26540 566
26540 2885
26540 8597
26540 12684
26540 13577
26540 23501
26547 22352
26551 5408
26551 16073
26554 529
26554 12685
26581 2883
26591 8856
26603 631
26603 1073
26603 3971
26603 4998
26603 5268
26603 8109
26603 8133
26603 13399
26603 13515
26603 15828
26603 17648
26618 18525
26618 20695
26631 2207
26631 2396
26631 4248
26631 4969
26631 8650
26631 8943
26631 9281
26631 12816
26631 14714
26631 14814
26631 14820
26631 15406
26631 18348
26631 18791
26631 20047
26631 20300
26631 20463
26631 20800
26631 21935
26631 24206
26651 2786
26651 5317
26651 6972
26651 11357
26651 18348
26651 19582
26655 373
26655 529
26655 2276
26655 4586
26655 6354
26655 12685
26662 9503
26667 22453
26674 22707
26675 2759
26675 3232
26675 6499
26682 1876
26683 21258
26701 2163
26701 5897
26701 9331
26701 9880
26701 9896
26701 10463
26701 10592
26701 11515
26704 18230
26704 19215
26713 12921
26729 17526
26729 20943
26735 23722
26735 24512
26747 9145
26751 1235
26751 3112
26751 13124
26751 16126
26751 17532
26757 9694
26761 8336
26761 8435
26761 18214
26761 19713
26763 21700
26765 14569
26765 14696
26772 17135
26776 21313
26795 3542
26795 5014
26797 15449
26805 2510
26806 351
26806 7591
26806 9911
26806 20452
26806 21136
26836 3501
26836 7315
26836 9153
26859 3281
26859 20853
26873 8247
26873 13577
26873 17982
26882 2792
26904 4686
26904 20593
26912 324
26912 3156
26912 3719
26912 5313
26912 5583
26912 6235
26912 6645
26912 15674
26912 18938
26912 21739
26912 24415
26919 9910
26921 2885
26921 8247
26932 17780
26935 3147
26935 3541
26935 3769
26935 4101
26935 4515
26935 4604
26935 17164
26935 18179
26935 22915
26935 23435
26935 23981
26941 16696
26942 1189
26942 2605
26942 14413
26963 908
26963 1546
26963 17337
26984 17848
26985 3633
27002 734
27002 3602
27006 5523
27006 12231
27008 1998
27008 2537
27008 8759
27008 21287
27016 1261
27022 23770
27025 325
27025 4451
27025 22072
27034 18348
27059 1298
27123 9202
27124 20832
27142 19381
27142 21503
27179 529
27179 2276
27179 12685
27179 14789
27223 3935
27223 4530
27223 14083
27223 14814
27226 8435
27240 11752
27251 2276
27251 12685
27256 135
27256 529
27256 2276
27257 8313
27257 9025
27282 18371
27289 22138
27292 19708
27302 6751
27302 12367
27302 12876
27302 14024
27322 1763
27322 12451
27340 1625
27340 9945
27340 10061
27340 18501
27340 21141
27340 23229
27340 23244
27340 23337
27354 24428
27374 7037
27380 7012
27401 10005
27401 11816
27401 23948
27408 2792
27408 4088
27408 4969
27408 7879
27408 10005
27408 16427
27408 16524
27408 16911
27408 18734
27408 20812
27408 23948
27431 616
27431 12332
27432 5404
27432 13874
27475 16863
27482 15545
27482 16050
27533 1863
27533 1945
27553 159
27553 3099
27553 15903
27555 6840
27567 19098
27571 10212
27580 135
27580 12685
27590 7667
27590 9598
27590 22050
27603 6593
27606 2829
27606 3032
27627 24007
27640 4225
27640 11022
27640 18921
27640 20332
27640 21859
27640 23989
27643 16787
27658 1199
27676 14578
27677 17728
27680 18380
27684 19426
27697 9513
27701 20134
27702 10145
27719 17692
27725 10284
27728 13957
27728 16578
27748 15727
27753 745
27753 5259
27753 12921
27753 14545
27753 16383
27759 3658
27762 596
27762 649
27762 1174
27762 1199
27762 5380
27762 19820
27771 12963
27774 21017
27774 22513
27780 12741
27786 2511
27786 12615
27786 18516
27790 8486
27790 13763
27795 1805
27806 9313
27806 10064
27806 11718
27810 17743
27814 4251
27814 7364
27814 22553
27820 5138
27821 9582
27834 300
27837 2792
27844 16904
27844 23064
27847 21094
27847 21650
27847 22168
27871 16693
27875 23915
27887 1739
27887 2752
27887 4431
27887 4564
27887 4818
27887 6245
27887 6816
27887 8863
27887 12079
27887 12165
27887 16918
27887 23348
27887 23600
27887 23888
27890 15439
27903 5697
27919 21402
27921 5035
27921 23532
27924 135
27924 529
27924 22608
27938 17918
27941 19870
27942 17651
27963 8222
27966 2277
27986 23673
27997 19119
28001 17266
28009 16409
28014 4556
28021 13575
28035 17328
28035 21381
28043 16883
28051 5408
28067 12107
28067 20704
28067 21813
28067 22166
28072 2163
28072 14578
28072 16764
28072 17711
28072 21563
28079 4536
28079 4686
28079 7045
28079 9002
28079 11424
28079 11550
28079 18386
28079 20212
28079 20236
28084 17193
28097 4214
28103 23143
28114 3334
28114 4121
28121 21258
28144 13149
28151 10439
28151 10473
28155 1727
28155 7821
28155 13029
28187 2439
28214 12654
28214 17486
28230 21754
28230 22637
28237 6085
28237 15605
28237 17736
28237 18425
28242 10341
28242 12156
28242 19393
28242 20824
28242 23916
28251 1998
28258 18447
28268 14324
28276 22719
28291 5779
28291 20924
28302 18357
28305 501
28306 4215
28306 9047
28306 16263
28307 648
28307 10626
28307 14991
28307 23831
28314 10119
28316 18871
28330 840
28341 1548
28341 5661
28341 7735
28341 9541
28341 13599
28341 14222
28341 16137
28341 18628
28341 23810
28366 616
28366 15478
28375 12394
28393 7745
28404 13710
28404 21929
28414 19628
28418 1000
28418 1867
28418 2885
28418 8253
28418 13577
28418 23217
28429 11929
28429 12331
28437 18449
28446 21721
28454 2276
28454 2345
28454 13610
28454 16479
28454 17096
28457 5383
28457 18572
28506 22079
28508 1240
28508 5377
28508 10857
28508 17323
28508 19728
28508 19893
28512 6313
28512 9181
28512 10711
28512 15060
28512 16909
28512 21814
28515 17328
28515 23016
28519 15070
28553 10366
28561 5139
28561 11679
28561 16395
28561 17000
28562 6698
28562 13252
28562 19910
28562 20794
28562 22204
28570 17986
28576 10162
28588 6548
28614 4382
28614 17812
28614 18536
28614 24052
28617 22753
28623 7303
28623 9936
28623 12594
28623 22673
28630 14317
28630 17802
28632 2276
28632 7220
28632 12685
28639 9715
28639 21371
28653 7267
28653 14257
28653 20997
28654 9988
28654 20704
28672 2199
28697 10366
28700 2365
28700 5054
28700 5761
28700 20652
28704 22513
28704 23001
28714 9295
28715 11028
28715 20583
28737 4971
28745 3918
28751 14652
28751 24574
28754 373
28754 529
28754 1739
28754 2276
28754 2752
28754 4431
28754 4485
28754 4564
28754 4818
28754 6245
28754 6816
28754 8863
28754 12079
28754 12165
28754 16918
28754 19154
28754 23348
28754 23600
28754 23888
28760 18026
28776 351
28776 5535
28776 8465
28776 18671
28776 23064
28790 1304
28790 5535
28811 14290
28815 545
28815 5567
28815 7530
28815 17009
28815 18501
28820 4972
28822 13117
28822 24582
28850 2601
28850 16918
28856 3894
28856 14669
28865 6863
28865 13157
28869 16717
28871 674
28871 1369
28871 1602
28871 1898
28871 1974
28871 3696
28871 4215
28871 7645
28871 12665
28871 13130
28871 15435
28871 17676
28871 21592
28871 23305
28871 24044
28877 3489
28877 10366
28877 17230
28881 7464
28881 8179
28896 10556
28896 12565
28909 14363
28916 19134
28920 6598
28921 598
28921 730
28921 7863
28921 8630
28921 15070
28921 22928
28935 2858
28935 2885
28935 8247
28941 2114
28948 18789
28964 4972
28964 22376
29006 9752
29012 6466
29012 16085
29012 22372
29017 2939
29022 3424
29022 20327
29022 21528
29025 14209
29043 12594
29044 23331
29049 17513
29069 17802
29073 3369
29077 16805
29079 5270
29079 8300
29080 14887
29099 10163
29104 2739
29104 3121
29104 4101
29104 6174
29104 7093
29104 16168
29104 17632
29104 18842
29104 19178
29104 20328
29104 23024
29104 23669
29107 14025
29108 12547
29108 18197
29108 20116
29110 274
29110 4608
29110 9134
29110 22079
29129 2885
29129 20572
29130 1944
29130 19460
29158 373
29158 529
29186 15946
29186 21313
29186 23368
29220 22032
29224 5966
29224 12107
29224 13198
29224 15642
29224 21229
29239 21339
29266 16764
29282 5003
29285 18447
29303 3782
29305 1386
29310 616
29310 6972
29312 1538
29312 4015
29312 15349
29312 22072
29313 5467
29313 13231
29313 14904
29313 21285
29314 6296
29314 18866
29327 14026
29331 11451
29331 14574
29338 13306
29341 18328
29352 6529
29363 23157
29389 5016
29402 15154
29408 5254
29408 7444
29408 11196
29408 21387
29410 22770
29413 2276
29413 12685
29413 21062
29433 2022
29433 7242
29433 7382
29433 13789
29433 15406
29433 19657
29437 9749
29443 19539
29446 1831
29457 15842
29463 9802
29467 5007
29467 17845
29467 19119
29490 3659
29490 18358
29491 1551
29491 2696
29491 6607
29500 19893
29500 22131
29500 23230
29504 9904
29504 11515
29524 908
29524 14169
29524 23352
29534 21457
29544 3548
29544 9914
29544 10859
29544 16741
29551 7363
29566 7664
29573 1921
29573 22197
29576 7400
29576 9918
29576 15221
29576 20115
29576 21645
29578 7863
29578 8630
29581 11251
29583 22968
29587 16833
29593 2844
29593 16524
29597 16986
29606 6340
29607 7004
29607 10874
29607 14320
29607 18464
29613 1011
29626 13085
29626 20844
29626 24116
29634 894
29634 5437
29634 6447
29634 9140
29634 18225
29634 23750
29641 3964
29641 6186
29647 7843
29647 18881
29650 14062
29681 18921
29698 15406
29706 3384
29706 6442
29706 6455
29706 6709
29706 8773
29706 9283
29706 11451
29706 11735
29706 12961
29706 14281
29706 14387
29706 16425
29706 16549
29706 16969
29706 17430
29706 17501
29706 17572
29706 18599
29706 19343
29706 19531
29706 21302
29706 21450
29706 22023
29706 23087
29706 24182
29719 8801
29719 22955
29721 3239
29733 21352
29736 9945
29736 10395
29751 9541
29751 13506
29754 9437
29766 22297
29769 6263
29769 7949
29769 12954
29769 16030
29769 21263
29771 6356
29786 8794
29796 4150
29796 24436
29815 2179
29815 16122
29815 18113
29815 18748
29828 22753
29840 10990
29848 9962
29850 7863
29878 7839
29912 4648
29912 7580
29912 10598
29912 14578
29912 19923
29912 21886
29916 12074
29926 18307
29928 13691
29935 840
29935 1060
29935 1140
29935 1834
29935 3361
29935 4382
29935 4472
29935 5440
29935 6249
29935 7035
29935 7380
29935 10217
29935 11451
29935 14963
29935 19759
29935 20256
29935 20364
29935 22036
29935 22305
29935 24491
29953 1595
29963 21031
29964 5266
29964 7956
29966 12440
29973 11430
29986 3108
30010 23767
30012 13243
30012 17615
30012 24518
30015 11071
30023 1921
30033 1578
30033 9118
30033 11040
30033 14669
30043 22938
30090 21061
30095 9997
30095 10676
30111 8000
30111 9531
30112 868
30112 4912
30112 7232
30112 7323
30112 8247
30112 10681
30112 11059
30112 11675
30112 16006
30112 16181
30112 19475
30112 22030
30118 2863
30118 4361
30118 13482
30129 965
30147 107
30147 9297
30147 10618
30147 19800
30148 21364
30160 5482
30177 1282
30183 17270
30183 19641
30200 5393
30200 6461
30200 17227
30200 18111
30200 21864
30227 9635
30227 14535
30235 964
30242 10872
30243 1782
30243 11196
30243 12301
30243 16969
30247 9641
30247 13085
30277 2858
30277 5892
30277 6786
30277 7641
30277 8893
30277 11793
30277 16930
30277 17802
30293 21084
30293 23648
30314 2722
30314 12704
30314 17699
30318 9385
30324 4463
30324 12750
30324 18112
30324 18582
30324 21507
30330 598
30330 2520
30330 4604
30330 6529
30330 8630
30330 11203
30330 14520
30330 15861
30330 16524
30330 16752
30330 17441
30330 21710
30330 22306
30349 7423
30353 617
30353 4018
30353 5282
30353 5536
30353 10542
30353 20789
30353 23483
30359 16895
30370 14971
30371 18798
30385 18493
30440 22228
30441 7185
30446 15897
30447 9450
30462 8630
30462 16764
30466 16175
30476 11132
30525 3863
30525 23098
30534 17007
30534 23898
30538 5317
30538 18933
30541 9582
30561 9435
30571 21414
30572 2695
30572 20331
30574 10159
30577 15260
30577 16930
30583 9039
30595 8251
30598 14837
30625 10061
30625 10862
30625 11843
30636 7272
30651 17328
30653 15129
30691 8691
30696 2885
30696 13577
30696 23501
30700 17291
30700 22166
30700 23745
30704 2365
30722 22689
30735 9579
30735 11830
30737 2885
30737 3334
30737 6867
30737 8200
30737 8247
30737 12462
30737 19119
30737 20728
30748 2520
30748 6488
30748 13913
30763 16054
30763 21391
30767 17058
30799 21264
30807 3318
30807 3473
30807 5536
30807 9191
30807 14881
30807 20009
30810 16728
30814 870
30828 1226
30839 3129
30839 16513
30839 18348
30853 1203
30853 5317
30853 8502
30853 11611
30853 16877
30853 21640
30859 2885
30859 13577
30859 23217
30862 17527
30868 12368
30868 15600
30868 24376
30890 3140
30890 20873
30928 20997
30939 2276
30939 21697
30945 357
30949 6259
30951 3564
30951 16107
30951 18374
30951 21763
30952 5554
30952 18171
30954 16305
30973 2457
30983 19754
30984 639
30984 767
30984 6435
30984 10279
30984 10480
30984 17296
30984 23005
30986 10129
30989 737
30995 23732
31003 8624
31007 6634
31007 18732
31017 872
31017 13003
31017 21041
31030 7610
31039 14088
31053 16892
31059 4972
31077 4859
31088 6610
31088 21185
31113 20061
31114 1216
31114 21150
31116 24184
31150 872
31150 923
31150 3384
31150 4741
31150 5263
31150 6276
31150 7026
31150 7192
31150 8468
31150 9170
31150 11188
31150 11735
31150 11818
31150 12291
31150 12375
31150 13307
31150 13602
31150 14520
31150 16161
31150 16524
31150 16830
31150 17323
31150 19318
31150 20868
31150 21510
31150 23915
31150 24453
31159 8897
31159 9374
31159 11056
31159 11577
31159 16102
31159 16634
31159 16723
31159 17537
31159 20014
31159 20098
31159 24232
31159 24440
31173 18151
31177 23261
31179 7863
31186 1575
31186 12001
31186 16961
31191 9528
31191 10439
31191 15811
31191 24484
31192 8914
31201 84
31201 5291
31238 8576
31239 1056
31239 6096
31239 6213
31239 12183
31239 13365
31239 14170
31239 15929
31239 17355
31239 18305
31239 22405
31239 24098
31248 5307
31248 7591
31248 9196
31248 11085
31248 12112
31248 15927
31248 17947
31248 21850
31269 19923
31269 20980
31271 20784
31284 3543
31290 2047
31290 2520
31290 3361
31290 5055
31290 5251
31290 5737
31290 6336
31290 9418
31290 9635
31290 10034
31290 11943
31290 15982
31290 19076
31297 629
31297 3050
31297 3245
31297 3554
31297 4350
31297 5115
31297 7787
31297 8505
31297 9901
31297 11807
31297 16669
31297 16926
31297 18094
31297 18776
31297 19752
31297 20689
31297 23212
31298 606
31298 1873
31298 2396
31298 4508
31298 5066
31298 6959
31298 8134
31298 9658
31298 10962
31298 13564
31298 14915
31298 16014
31298 16048
31298 18822
31298 23209
31298 24128
31324 15891
31327 237
31327 424
31327 745
31327 936
31327 1061
31327 1219
31327 1314
31327 2556
31327 2871
31327 2898
31327 3216
31327 5295
31327 5562
31327 5795
31327 6364
31327 6645
31327 7735
31327 7914
31327 8087
31327 8954
31327 9090
31327 10105
31327 10410
31327 11203
31327 11566
31327 11807
31327 15055
31327 15616
31327 16579
31327 18242
31327 20539
31327 21288
31327 23403
31327 23449
31327 24218
31331 6186
31332 16270
31346 5380
31359 5531
31359 5931
31359 7751
31359 9881
31359 14227
31359 15357
31359 15699
31359 20865
31359 20871
31359 21147
31359 21700
31363 17688
31372 2822
31372 2966
31372 3548
31372 8098
31372 8714
31372 9764
31372 10356
31372 10671
31372 12878
31372 12908
31372 12996
31372 14779
31372 17268
31372 19676
31372 21013
31372 21920
31388 16212
31388 17233
31391 10394
31395 19728
31412 22990
31414 9164
31414 13017
31418 5201
31436 1567
31436 4674
31436 4883
31436 7380
31436 9869
31436 12367
31436 14440
31436 15173
31436 15461
31436 18213
31436 22595
31440 20699
31449 2276
31449 6354
31488 13620
31499 1736
31499 5254
31499 10479
31499 16157
31499 20011
31504 2792
31510 18604
31548 914
31548 2174
31548 18665
31583 3427
31583 4606
31583 5814
31584 3769
31584 11149
31584 14847
31584 22290
31584 23243
31584 24314
31584 24452
31590 373
31590 1374
31590 3684
31590 16479
31590 20879
31594 6256
31594 13487
31594 17525
31594 22361
31602 20523
31602 23954
31614 16764
31628 15328
31629 17456
31629 17953
31629 23437
31632 5918
31632 8152
31632 16918
31632 22177
31642 3335
31642 8630
31657 7937
31657 8251
31657 16688
31657 21525
31660 17748
31669 16211
31672 7423
31684 2356
31684 4972
31697 2457
31697 3281
31697 4399
31697 8134
31697 9347
31697 11367
31697 11898
31697 13105
31697 17168
31697 19217
31697 20853
31698 629
31698 12770
31698 14320
31698 18841
31707 135
31707 2276
31718 6685
31718 6746
31718 16118
31736 23301
31747 5157
31747 7179
31747 8917
31747 9056
31747 9914
31747 17494
31747 17684
31747 18401
31747 20247
31747 24302
31758 2604
31758 16541
31758 24176
31769 16764
31769 23802
31775 11071
31795 1873
31795 4508
31795 17328
31802 1099
31802 7830
31806 2567
31808 2667
31813 7543
31831 12135
31850 7863
31850 22753
31876 2584
31876 14373
31883 16502
31885 23501
31907 12413
31913 521
31913 1111
31913 3580
31913 15145
31913 21828
31913 23532
31928 6568
31928 7770
31928 23217
31931 16833
31933 8960
31933 17698
31933 23759
31947 11485
31947 12396
31948 529
31948 2276
31948 4585
31991 4585
31991 4586
31991 10076
31991 10904
31991 16270
31991 18020
32016 17711
32020 19708
32021 4126
32021 18348
32021 18441
32021 18782
32062 18348
32064 14426
32074 22706
32082 20865
32096 9417
32099 1243
32099 5694
32099 10671
32099 15982
32099 19617
32108 18525
32159 5477
32176 952
32176 5305
32176 16093
32176 21438
32176 22390
32177 6542
32202 23243
32206 5923
32207 3311
32207 21821
32219 324
32219 6339
32219 9499
32219 17856
32219 17920
32222 9996
32228 373
32228 529
32228 4586
32228 6354
32228 12685
32228 17248
32228 22608
32250 11931
32250 16576
32251 9910
32258 2032
32258 5557
32258 15185
32268 745
32268 3607
32268 8764
32268 10301
32268 13251
32268 16887
32272 3679
32275 2632
32275 3333
32275 3573
32275 3820
32275 4166
32275 4352
32275 4408
32275 4494
32275 4605
32275 5197
32275 5377
32275 6370
32275 7093
32275 7322
32275 8161
32275 8714
32275 8959
32275 9209
32275 9213
32275 9348
32275 10454
32275 11196
32275 11550
32275 11898
32275 12987
32275 12994
32275 13085
32275 13599
32275 13680
32275 15159
32275 15930
32275 16940
32275 17161
32275 17478
32275 18393
32275 18421
32275 20258
32275 20288
32275 21184
32275 21217
32275 21478
32275 22943
32275 24121
32275 24452
32277 13469
32277 22844
32281 1189
32281 13668
32281 13971
32281 16382
32281 18375
32281 19525
32281 20848
32300 529
32300 2276
32300 6354
32329 730
32329 2487
32329 2634
32329 12698
32329 16764
32329 18544
32329 20486
32329 21857
32330 2192
32343 8121
32350 1331
32350 4148
32350 5057
32350 12780
32350 12834
32350 23311
32356 15135
32357 5849
32358 16764
32362 10594
32370 4155
32370 10162
32389 2588
32389 4987
32389 17146
32389 20155
32452 8404
32465 18138
32465 20985
32478 3942
32487 10895
32491 1000
32491 2885
32491 17982
32491 23217
32517 1067
32517 13925
32517 15271
32517 15605
32541 15120
32542 12801
32551 5922
32571 7814
32582 18112
32583 4198
32583 4704
32583 4940
32583 5597
32583 5752
32583 6279
32583 7787
32583 8575
32583 11477
32583 11807
32583 12123
32583 12772
32583 13017
32583 17698
32583 18740
32583 20470
32583 21499
32583 22391
32583 24356
32583 24457
32596 7353
32602 4132
32602 5523
32602 5744
32602 5924
32602 7641
32602 15887
32602 16540
32602 17079
32607 3699
32607 18541
32607 23087
32619 4191
32619 7588
32619 20364
32621 8914
32621 14024
32625 22620
32635 19270
32646 3912
32646 9780
32646 16832
32646 22390
32650 12404
32653 13627
32653 20953
32656 1570
32670 5689
32674 2365
32686 9256
32686 12971
32686 14209
32686 16529
32686 22932
32695 14574
32700 18738
32720 12434
32730 10378
32730 17328
32733 13996
32738 8903
32739 5001
32739 8816
32739 18112
32764 13199
32764 14732
32767 14797
32767 22286
32777 2329
32777 3140
32777 4467
32777 6692
32777 9230
32777 15951
32777 16657
32777 16904
32777 17847
32777 24452
32781 2885
32799 9441
32799 9752
32799 10594
32799 17271
32800 2757
32800 5106
32800 14686
32800 17387
32800 20083
32800 22707
32805 10392
32805 23337
32808 1993
32808 12254
32821 10330
32824 22637
32826 7518
32831 22438
32833 6673
32833 19834
32867 2598
32867 7126
32867 9340
32867 10285
32867 11925
32867 12408
32867 13676
32867 16607
32867 17091
32867 21184
32867 22976
32872 5377
32872 20985
32874 8247
32874 13577
32884 1057
32884 1216
32884 1995
32884 4017
32884 5317
32884 5398
32884 7745
32884 9379
32884 9499
32884 10652
32884 11460
32884 11894
32884 12050
32884 13431
32884 13506
32884 13699
32884 13887
32884 14757
32884 14931
32884 15294
32884 15371
32884 15649
32884 16830
32884 16833
32884 17798
32884 18398
32884 18665
32884 20009
32884 20300
32884 21003
32884 22079
32884 22166
32884 23503
32886 13078
32897 2031
32897 7045
32897 20504
32901 12323
32901 17328
32905 315
32905 1320
32905 1727
32905 2508
32905 3782
32905 4611
32905 4859
32905 5972
32905 5974
32905 6972
32905 7875
32905 8134
32905 8181
32905 8370
32905 8414
32905 8463
32905 8893
32905 11898
32905 14354
32905 17242
32905 17658
32905 18307
32905 19381
32905 20227
32905 20771
32905 20997
32905 22281
32905 24237
32905 24326
32911 16458
32916 5035
32916 8630
32916 10086
32920 16795
32945 3087
32945 19962
32951 4449
32951 21426
32953 14824
32960 5502
32981 16425
32992 3973
33000 22980
33000 23436
33012 7079
33025 3253
33027 15136
33037 3228
33037 17647
33037 20990
33060 16855
33060 17233
33072 2885
33074 12973
33078 1535
33080 16169
33094 15328
33102 23301
33112 8184
33133 7274
33134 13117
33134 18097
33134 18348
33141 1093
33141 7731
33141 11657
33141 19792
33157 3129
33168 10745
33168 13680
33168 18605
33168 19110
33175 1541
33175 6732
33175 12393
33175 19533
33175 24530
33180 5035
33180 23407
33187 1605
33187 4376
33187 4648
33187 5500
33187 7727
33187 8550
33187 10561
33187 11357
33187 16421
33187 18443
33187 18822
33187 20003
33190 24001
33218 3327
33218 3501
33218 3918
33218 4321
33218 10171
33218 13030
33218 15071
33218 22990
33225 3918
33240 8784
33247 300
33273 9374
33273 10792
33284 13593
33293 17107
33294 4083
33294 4619
33294 12985
33294 13169
33294 15590
33294 19950
33294 23337
33299 14889
33305 12760
33305 24032
33316 5538
33316 7830
33316 9240
33316 11357
33316 13365
33316 13844
33316 15071
33316 19626
33316 21003
33316 24496
33332 14235
33333 2999
33341 16398
33345 3259
33345 11790
33345 18664
33351 2885
33351 13577
33351 23217
33355 3726
33357 13561
33382 10895
33382 17204
33382 24203
33386 18618
33387 17918
33389 187
33389 304
33389 597
33389 607
33389 639
33389 768
33389 840
33389 1004
33389 1063
33389 1928
33389 2520
33389 2774
33389 3422
33389 3579
33389 3654
33389 3677
33389 3759
33389 3986
33389 4216
33389 4251
33389 4267
33389 5015
33389 5035
33389 5487
33389 5737
33389 6108
33389 6273
33389 6351
33389 6481
33389 6658
33389 7242
33389 7358
33389 7369
33389 7652
33389 7669
33389 7839
33389 8022
33389 8096
33389 8665
33389 8714
33389 9116
33389 9281
33389 9585
33389 9606
33389 9920
33389 10279
33389 10613
33389 10877
33389 10997
33389 11600
33389 11705
33389 11949
33389 11980
33389 12123
33389 12339
33389 12674
33389 12683
33389 13003
33389 13088
33389 13615
33389 13932
33389 14528
33389 14858
33389 14948
33389 15020
33389 15342
33389 15499
33389 15595
33389 16292
33389 16495
33389 16722
33389 16807
33389 18168
33389 18179
33389 18633
33389 18685
33389 18727
33389 19500
33389 19618
33389 20047
33389 20312
33389 20445
33389 20721
33389 20901
33389 20924
33389 20980
33389 21184
33389 21874
33389 21950
33389 22002
33389 22046
33389 22107
33389 22306
33389 22384
33389 22885
33389 23136
33389 23449
33389 23538
33389 23662
33389 24000
33389 24009
33389 24449
33390 18
33390 277
33390 398
33390 424
33390 558
33390 721
33390 1434
33390 1659
33390 1915
33390 2437
33390 2929
33390 3547
33390 3620
33390 4000
33390 4796
33390 5039
33390 5307
33390 6208
33390 7258
33390 7274
33390 7487
33390 7590
33390 7963
33390 8098
33390 8413
33390 8539
33390 8575
33390 8914
33390 9295
33390 9437
33390 9715
33390 9865
33390 10850
33390 10877
33390 11218
33390 11398
33390 11714
33390 11814
33390 11910
33390 12005
33390 12367
33390 12429
33390 12562
33390 13500
33390 14555
33390 14673
33390 15440
33390 16270
33390 16451
33390 16795
33390 17204
33390 17923
33390 18449
33390 18734
33390 19876
33390 20259
33390 20482
33390 20651
33390 20980
33390 21079
33390 21217
33390 21456
33390 21779
33390 22599
33390 22660
33390 22885
33390 23656
33390 23747
33390 24001
33390 24307
33390 24328
33397 137
33397 152
33397 598
33397 840
33397 1129
33397 1351
33397 2412
33397 3337
33397 4906
33397 5795
33397 5836
33397 6914
33397 7355
33397 7669
33397 8998
33397 9282
33397 10409
33397 10760
33397 10964
33397 11203
33397 12451
33397 14133
33397 14371
33397 14574
33397 14963
33397 15454
33397 15831
33397 15915
33397 16200
33397 17478
33397 17638
33397 18791
33397 19187
33397 19559
33397 21184
33397 21656
33397 22522
33397 23246
33402 1093
33402 22070
33416 6219
33423 1151
33423 3890
33423 3971
33423 5950
33423 6600
33423 9666
33423 11461
33423 12615
33423 14535
33423 16261
33423 16909
33423 17839
33432 2068
33432 4573
33432 11730
33432 12883
33432 16825
33432 18240
33432 19045
33432 21012
33432 22928
33434 8539
33442 1538
33442 3916
33442 16067
33442 22021
33456 13240
33478 16611
33484 4225
33484 8397
33484 11022
33484 21859
33501 3140
33519 373
33519 2276
33519 4585
33519 6354
33519 18454
33520 4830
33520 18721
33530 10031
33537 14568
33541 199
33541 1078
33541 1226
33541 2928
33547 16649
33547 17066
33551 12741
33574 11957
33582 14976
33582 22217
33585 18905
33591 20572
33598 4000
33598 4674
33598 7258
33598 11980
33598 12555
33598 18092
33598 24349
33613 17918
33615 8650
33615 14353
33615 20300
33629 9128
33629 15422
33634 500
33634 1914
33634 5256
33634 7677
33634 23069
33648 1061
33648 1073
33648 3916
33648 3964
33648 4823
33648 5129
33648 6151
33648 7983
33648 9056
33648 10647
33648 11611
33648 11718
33648 11772
33648 12017
33648 15038
33648 15146
33648 16335
33648 17802
33648 17813
33648 19513
33648 20013
33664 8925
33671 1369
33671 1414
33671 1848
33671 2792
33671 3607
33671 6043
33671 9940
33671 12231
33671 13162
33671 16663
33671 19407
33671 20506
33671 23100
33689 16764
33737 1863
33739 22753
33742 14292
33747 12868
33747 15001
33749 5307
33749 6273
33749 7279
33765 2356
33765 16650
33765 18290
33786 529
33786 2276
33786 4586
33791 21081
33791 22136
33796 20944
33828 3342
33833 7423
33841 334
33841 12408
33841 21779
33841 23467
33848 7570
33849 8835
33849 23403
33851 15613
33852 529
33852 4586
33852 6354
33873 5066
33873 8006
33873 10763
33874 1419
33874 1722
33874 10540
33874 11440
33874 16254
33893 6956
33945 18931
33947 9914
33950 7004
33953 12605
33960 2792
33960 7863
33960 22715
33984 21753
33985 2885
33985 12551
33985 13577
33985 23501
33989 6972
33989 11217
33989 19537
33995 18311
34003 636
34003 7863
34003 8630
34003 15460
34003 15655
34003 18724
34003 19099
34041 10341
34041 24044
34044 21441
34047 18530
34047 20017
34047 21104
34083 5109
34083 19582
34085 21252
34100 9810
34137 451
34137 5390
34137 12323
34137 13085
34137 16330
34137 16539
34137 18728
34137 20844
34152 15120
34165 3210
34165 18092
34171 21141
34171 22425
34173 17762
34184 2792
34184 14578
34184 22753
34186 14696
34186 20888
34186 23283
34190 2873
34190 15359
34194 11698
34194 13547
34199 16238
34200 8936
34208 1777
34214 18623
34219 1027
34227 2515
34227 5663
34227 10265
34227 11671
34227 12498
34227 13088
34227 18919
34227 20689
34227 23200
34227 24198
34264 18032
34267 2276
34267 12685
34267 24064
34274 373
34274 529
34296 3351
34296 20504
34301 5010
34304 3328
34304 11362
34304 11752
34304 18911
34322 15664
34332 375
34332 2885
34332 3300
34332 8983
34332 9132
34332 9573
34332 11112
34332 12857
34332 14230
34332 14402
34332 17237
34332 18348
34342 3066
34342 4895
34349 22497
34351 18822
34353 2958
34359 135
34359 2276
34364 2276
34364 4585
34364 21062
34402 20232
34430 8095
34430 13626
34440 21217
34447 3460
34447 15259
34447 19435
34447 19923
34447 23055
34450 12429
34450 23639
34459 20285
34464 19212
34481 21104
34487 14258
34497 529
34497 2276
34497 7220
34511 13039
34513 125
34513 10133
34520 21232
34537 21060
34547 17834
34547 22506
34558 7380
34558 10592
34558 12408
34558 15591
34558 16867
34573 2043
34573 2478
34573 5232
34573 7045
34573 13379
34573 15792
34573 17017
34573 21217
34573 24437
34588 6690
34588 9006
34601 16588
34601 18989
34611 21165
34616 10217
34616 12164
34619 22079
34624 1323
34624 9673
34624 15145
34624 15604
34624 23206
34624 24598
34627 16001
34632 17918
34654 2673
34681 9908
34690 10217
34690 11930
34690 13887
34690 19800
34702 7963
34718 22065
34731 17174
34734 2395
34734 9752
34738 4068
34738 4686
34738 5246
34738 10196
34738 13716
34738 23165
34738 24571
34758 6468
34758 8384
34758 9506
34758 14398
34758 18789
34758 22195
34775 7318
34788 5310
34796 17256
34800 10140
34803 10603
34814 12217
34828 15865
34845 11262
34846 10598
34846 21635
34848 2231
34856 2365
34857 24132
34866 8134
34866 17288
34876 8892
34910 4455
34914 1479
34914 1809
34914 7727
34914 9752
34914 21381
34917 23501
34920 91
34920 279
34920 1489
34920 1889
34920 2493
34920 2567
34920 2996
34920 3249
34920 3560
34920 3786
34920 3971
34920 4782
34920 5898
34920 6786
34920 9666
34920 10816
34920 10980
34920 12615
34920 14564
34920 15621
34920 16125
34920 16539
34920 17839
34920 18869
34920 19171
34920 19833
34920 20436
34920 20890
34920 21449
34920 21658
34920 23233
34920 24158
34923 648
34923 743
34923 3651
34923 14436
34923 16583
34923 17900
34923 19207
34923 20589
34941 16016
34943 21560
34943 21821
34946 20784
34950 14408
34962 2013
34962 11411
34962 15694
34962 23520
34971 23027
34990 23538
35001 15120
35020 7646
35027 19374
35034 21313
35050 14536
35050 19083
35060 16861
35064 5759
35064 11440
35064 12786
35072 22081
35073 14969
35095 2732
35095 9915
35099 22930
35106 2632
35114 923
35121 20639
35122 7765
35140 2749
35140 9002
35140 10517
35140 17657
35140 19115
35158 17982
35161 16539
35166 8630
35166 16663
35183 3605
35183 8247
35184 9869
35184 12963
35189 529
35189 4585
35202 22653
35206 12492
35234 6378
35248 3148
35248 6407
35252 2584
35271 9626
35305 20944
35333 3603
35333 14427
35333 21349
35383 1121
35383 2457
35383 11249
35383 18040
35394 4525
35394 5178
35394 6855
35394 7863
35394 8630
35394 11902
35400 7852
35400 18348
35400 21165
35409 6172
35409 12510
35415 5273
35415 10789
35415 13522
35415 15789
35415 19283
35426 21440
35436 8650
35436 19976
35452 33
35452 1100
35452 17233
35452 19009
35452 21141
35452 23887
35457 14574
35457 23420
35463 16928
35463 17233
35463 24182
35483 3526
35483 8578
35483 10985
35483 14110
35483 20247
35493 3437
35493 22637
35493 23368
35507 14664
35507 18268
35521 13959
35529 2794
35532 21609
35539 7220
35539 18020
35539 19754
35550 6755
35550 16378
35550 17927
35550 21798
35554 9968
35554 10246
35554 12100
35554 15070
35554 16045
35554 24517
35569 1191
35582 3542
35595 17918
35602 16498
35606 21013
35610 5651
35610 15291
35615 2792
35615 8630
35615 21739
35622 7570
35636 4688
35638 10874
35639 389
35639 8006
35639 21835
35639 22276
35655 18295
35661 1966
35661 7895
35661 13791
35661 17341
35661 19728
35672 10696
35674 9142
35688 135
35691 2584
35692 10681
35692 18921
35692 23331
35714 564
35714 1100
35714 1975
35714 3965
35714 4786
35714 5498
35714 8358
35714 9331
35714 11107
35714 12494
35714 17923
35714 18092
35714 18459
35714 19235
35714 21167
35714 22532
35714 23010
35714 24270
35723 3943
35729 17328
35740 15754
35740 22730
35741 23363
35757 2601
35757 16918
35757 24479
35762 158
35762 273
35762 1229
35762 2031
35762 2431
35762 2459
35762 2935
35762 2999
35762 3473
35762 3818
35762 4101
35762 4901
35762 5027
35762 5353
35762 5494
35762 5787
35762 6174
35762 8330
35762 10077
35762 10835
35762 10950
35762 10980
35762 10983
35762 11247
35762 11925
35762 12100
35762 13017
35762 14625
35762 15370
35762 15428
35762 15806
35762 16212
35762 16540
35762 16933
35762 17805
35762 18701
35762 18723
35762 18750
35762 18809
35762 18885
35762 19198
35762 19221
35762 19250
35762 19550
35762 20210
35762 20248
35762 20291
35762 20504
35762 22119
35762 22745
35762 22885
35762 23604
35762 23746
35762 24515
35762 24544
35767 1891
35767 4504
35767 6543
35767 7863
35767 22753
35771 22392
35772 18594
35782 529
35782 2276
35782 6354
35784 6210
35798 7063
35798 14472
35798 21692
35814 2019
35814 12741
35814 16241
35814 21284
35824 12367
35824 14644
35831 4660
35831 8133
35831 12442
35831 15480
35834 5313
35836 1848
35836 2792
35836 7863
35836 11012
35844 15811
35866 8917
35866 13465
35866 22792
35872 4518
35902 18047
35910 10112
35910 10652
35910 13884
35910 14745
35921 4972
35921 15271
35924 18525
35924 20695
35929 23933
35930 15139
35934 12429
35936 5101
35936 13287
35936 15084
35955 14094
35982 4748
35982 5613
35982 8175
35982 8945
35985 19836
35999 7356
35999 16169
35999 22654
36027 18352
36027 23525
36034 21061
36052 1587
36085 7429
36103 597
36103 1004
36103 2534
36103 4604
36103 7394
36103 7914
36103 8578
36103 9846
36103 10272
36103 15454
36103 15460
36103 15861
36103 16200
36103 17898
36103 19187
36103 20328
36103 20371
36103 21656
36103 22800
36103 23230
36103 23375
36103 24451
36107 251
36107 3156
36107 3916
36107 3942
36107 4017
36107 5016
36107 5109
36107 6523
36107 9313
36107 9775
36107 10454
36107 11370
36107 12563
36107 17815
36107 18697
36107 20024
36107 21165
36107 22053
36107 22332
36107 23922
36117 135
36117 373
36117 529
36117 2276
36117 4586
36117 14527
36117 17248
36117 18454
36117 22608
36130 1298
36144 17856
36145 1443
36145 6867
36162 4519
36162 21396
36162 23318
36198 2433
36198 9451
36198 23084
36209 5924
36212 2603
36212 15954
36213 2924
36213 5187
36213 6483
36213 11611
36213 20013
36213 20800
36219 2199
36219 2457
36219 5317
36219 6311
36219 13592
36219 14757
36219 18131
36219 18665
36219 19713
36219 20910
36219 22186
36255 578
36255 730
36255 1763
36255 1884
36255 3050
36255 3642
36255 5382
36255 5648
36255 6273
36255 6407
36255 6985
36255 7490
36255 7530
36255 7610
36255 7669
36255 8936
36255 9296
36255 10439
36255 11369
36255 12408
36255 12905
36255 14422
36255 18884
36255 19045
36255 20914
36255 22473
36255 22546
36255 22838
36255 23210
36255 23383
36278 20844
36287 2885
36287 8247
36324 766
36332 11658
36332 15832
36355 1893
36360 11440
36360 17692
36360 20032
36360 23501
36361 12591
36367 24314
36376 3035
36378 1312
36378 6412
36378 10689
36378 14645
36378 16425
36381 10745
36395 12209
36400 3855
36400 10780
36400 11357
36400 16145
36400 18894
36400 22948
36400 23501
36429 19537
36450 24117
36459 10241
36459 17769
36485 8975
36485 18348
36493 16764
36498 8983
36542 3786
36548 8661
36569 15912
36569 18633
36570 10529
36572 14673
36572 19096
36572 22281
36574 10026
36577 7863
36580 249
36580 12887
36580 13608
36580 14068
36580 17958
36580 18665
36580 21804
36580 22938
36582 7852
36582 24340
36586 9061
36586 19547
36597 16399
36614 23069
36656 18081
36656 18959
36656 19598
36660 14122
36660 15794
36671 22871
36675 8701
36675 11147
36675 13785
36675 14369
36675 22372
36675 24590
36679 3402
36686 1174
36700 5066
36700 9187
36700 19811
36700 21138
36708 2875
36708 4930
36708 19273
36720 23178
36735 10281
36759 5377
36785 11362
36787 19419
36796 10868
36835 15970
36885 6568
36885 6916
36885 10546
36914 10930
36928 2556
36928 7863
36928 9216
36928 9794
36939 1504
36939 5254
36939 16909
36951 21543
36974 22753
36977 14996
36979 9788
36995 5002
36995 7330
36995 8096
36995 9047
36995 9880
36995 14422
36995 14806
37000 10646
37011 2641
37016 8795
37016 8897
37016 9266
37016 15030
37016 15402
37016 19214
37016 22847
37030 5254
37030 11000
37030 11822
37030 15403
37030 17282
37030 22783
37030 22798
37031 6354
37043 13019
37043 20706
37043 22637
37047 4972
37054 1602
37054 4136
37054 6914
37054 11032
37054 17254
37054 18253
37054 19820
37054 22592
37054 22664
37054 24192
37066 10378
37066 17328
37066 19503
37066 22166
37071 1837
37072 2792
37072 17325
37081 2276
37088 745
37110 11370
37110 18499
37144 423
37144 6669
37164 3142
37167 418
37173 8414
37173 18307
37175 4697
37175 15263
37177 5110
37177 9616
37177 24274
37180 23091
37191 8079
37191 11411
37196 21567
37212 6788
37225 16514
37225 20844
37270 21095
37281 3338
37281 6031
37281 16397
37281 16567
37281 20236
37281 22905
37282 7273
37282 12302
37282 18931
37282 22114
37292 11251
37295 12367
37295 16795
37301 1296
37301 22289
37315 16665
37318 2066
37323 4487
37323 8959
37358 4168
37360 1832
37360 10953
37362 2276
37363 13755
37385 12876
37421 19359
37438 2885
37438 16846
37438 20289
37442 14212
37442 22876
37446 3063
37456 12698
37456 12893
37456 14353
37463 7740
37476 6612
37477 24469
37497 15275
37519 1261
37520 19025
37525 22415
37528 5310
37528 10711
37528 13336
37536 11334
37543 9913
37545 529
37545 2276
37547 1700
37555 11328
37557 17576
37559 1210
37559 24178
37560 14578
37563 373
37563 2276
37563 4324
37563 12685
37563 17248
37588 1261
37588 22207
37607 13945
37607 20844
37620 4954
37624 19171
37633 5106
37633 17083
37643 3501
37643 8959
37643 11022
37643 20894
37643 23331
37647 20306
37649 22
37649 745
37649 2792
37649 3564
37649 12783
37649 13720
37659 2885
37659 20728
37664 14578
37665 662
37665 2792
37665 3909
37665 7863
37665 8049
37665 8630
37665 22753
37683 7315
37690 8544
37690 9546
37690 16192
37690 20448
37690 21943
37690 24615
37691 17728
37691 22730
37693 12547
37696 14444
37696 19463
37704 4129
37723 135
37723 373
37723 529
37723 1739
37723 2276
37723 2752
37723 4431
37723 4564
37723 4586
37723 4818
37723 6245
37723 6354
37723 6816
37723 8863
37723 8883
37723 12079
37723 12165
37723 14527
37723 16918
37723 17248
37723 18454
37723 19754
37723 21062
37723 23348
37723 23600
37723 23888
37726 3384
37746 14563
37746 16650
37755 13375
37759 3129
37765 16399
37780 375
37780 4376
37780 6490
37780 8891
37780 9193
37780 10320
37780 19728
37781 4522
37785 15776
37787 6535
37792 7384
37792 9296
37792 12773
37792 22473
37806 23301
37819 12685
37831 4810
37832 11843
37832 12942
37832 13117
37832 19315
37834 7863
37848 21313
37853 607
37853 6819
37853 9440
37853 11682
37853 13242
37853 13618
37853 14141
37853 14786
37853 16270
37853 17398
37853 17534
37853 17950
37853 20877
37853 21855
37853 21934
37853 24001
37864 4062
37864 10923
37864 23687
37875 2792
37875 19783
37910 433
37910 1254
37910 3183
37910 3602
37910 9432
37910 11922
37910 18577
37910 20004
37910 24307
37910 24497
37933 373
37933 529
37933 6354
37939 14515
37939 23371
37956 5066
37960 14021
37990 90
37990 716
37990 827
37990 936
37990 1388
37990 1391
37990 1674
37990 2763
37990 2987
37990 3696
37990 3986
37990 4136
37990 4274
37990 4312
37990 4661
37990 4741
37990 4747
37990 4906
37990 5296
37990 5520
37990 5798
37990 6197
37990 6316
37990 6613
37990 6905
37990 7114
37990 7330
37990 7343
37990 7529
37990 7669
37990 8097
37990 8358
37990 8631
37990 8851
37990 8940
37990 9020
37990 9199
37990 9295
37990 9340
37990 9744
37990 9978
37990 10043
37990 10229
37990 10308
37990 10442
37990 10450
37990 10501
37990 10645
37990 10788
37990 10877
37990 11186
37990 11730
37990 11968
37990 12339
37990 12367
37990 12566
37990 12948
37990 13093
37990 13314
37990 13370
37990 13413
37990 13424
37990 14121
37990 14794
37990 14858
37990 15185
37990 15627
37990 16281
37990 16478
37990 16627
37990 16752
37990 17168
37990 17387
37990 17983
37990 18734
37990 18759
37990 19007
37990 19173
37990 19235
37990 19400
37990 19407
37990 19431
37990 19853
37990 20259
37990 20539
37990 20616
37990 21012
37990 21288
37990 21358
37990 22293
37990 22339
37990 22484
37990 22537
37990 22868
37990 22991
37990 23915
37990 24556
37997 11277
37997 20170
38015 2637
38015 20009
38025 22660
38025 23577
38026 9613
38032 23176
38033 8852
38033 9842
38033 10305
38033 18092
38037 23679
38048 5370
38048 5443
38048 11000
38048 12601
38048 15965
38048 16340
38048 17047
38048 17486
38048 19990
38048 24038
38058 9304
38063 5523
38077 24046
38081 18931
38081 21403
38102 8414
38102 10219
38102 14814
38111 20003
38118 10395
38121 770
38121 884
38121 963
38121 4925
38121 8539
38121 9193
38121 12030
38121 14077
38121 17638
38121 17860
38121 18697
38121 20876
38121 24239
38128 12547
38141 1365
38141 6412
38141 12205
38141 12330
38141 20789
38141 21264
38146 6476
38147 16641
38154 3501
38154 4662
38158 1807
38158 8346
38158 9139
38158 11848
38158 16430
38158 23413
38162 377
38162 12554
38175 2924
38175 3968
38175 12309
38179 3704
38179 10047
38216 10758
38222 18449
38222 22721
38226 16261
38231 9513
38251 6639
38252 22522
38273 17392
38275 10780
38275 12868
38289 11468
38292 3124
38297 11443
38300 2353
38300 19457
38303 14984
38303 22008
38310 135
38315 22639
38318 18358
38343 4497
38343 17405
38349 6354
38352 15738
38358 1739
38358 2752
38358 4431
38358 4564
38358 4818
38358 6245
38358 6816
38358 8863
38358 12079
38358 12165
38358 16918
38358 23348
38358 23600
38358 23888
38360 199
38360 12685
38398 4439
38398 6881
38398 8370
38398 9477
38398 12323
38398 14034
38398 15738
38398 21387
38398 22122
38398 24532
38408 5770
38416 1369
38416 1848
38416 13162
38416 16663
38421 23354
38442 17224
38442 23024
38442 23517
38463 356
38463 1216
38463 2366
38463 5531
38463 6378
38463 6786
38463 6881
38463 7735
38463 7983
38463 9132
38463 9643
38463 9910
38463 10874
38463 12722
38463 13048
38463 13436
38463 14094
38463 16651
38463 16669
38463 17328
38463 17376
38463 18015
38463 21165
38463 21751
38475 10873
38475 11822
38475 22072
38484 15622
38500 18847
38510 6092
38519 12095
38533 7152
38553 20332
38553 24452
38554 12559
38566 1368
38581 1411
38581 2731
38581 9196
38581 9847
38581 12359
38581 12404
38581 15109
38581 21920
38581 22306
38585 21008
38597 6334
38597 12685
38597 19754
38602 277
38602 1177
38602 8714
38605 76
38605 373
38605 480
38605 1897
38605 2242
38605 2276
38605 2581
38605 3386
38605 3622
38605 3969
38605 4585
38605 4724
38605 5010
38605 5036
38605 6218
38605 6823
38605 7185
38605 7491
38605 7640
38605 8145
38605 8241
38605 8285
38605 8372
38605 9134
38605 9373
38605 9478
38605 9667
38605 10007
38605 10070
38605 10575
38605 10626
38605 10630
38605 11206
38605 11362
38605 11883
38605 12584
38605 13052
38605 14589
38605 14634
38605 15340
38605 16021
38605 16031
38605 16070
38605 17054
38605 17210
38605 17248
38605 17389
38605 18076
38605 18311
38605 18362
38605 18612
38605 18909
38605 19028
38605 20270
38605 20436
38605 20660
38605 20678
38605 20795
38605 20889
38605 21064
38605 21156
38605 21379
38605 21593
38605 21629
38605 22052
38605 22079
38605 22610
38605 22653
38605 22778
38605 22833
38605 23024
38605 23218
38605 23608
38605 23675
38605 23683
38605 24115
38606 19922
38609 19783
38609 23243
38609 23639
38609 23863
38622 2276
38622 21062
38627 21131
38634 17341
38635 2885
38635 3278
38635 8191
38635 13577
38635 16006
38635 23217
38660 18542
38664 10917
38668 12001
38672 19431
38673 7743
38673 22947
38678 529
38678 4586
38681 14414
38691 6431
38706 10859
38706 17711
38730 10512
38730 16830
38756 11698
38792 375
38792 2159
38792 3300
38792 3384
38792 4937
38792 8454
38792 8489
38792 10224
38792 11370
38792 11818
38792 13170
38792 13878
38792 13987
38792 14119
38792 15631
38792 15660
38792 17522
38792 17762
38792 19562
38792 21021
38792 21510
38792 22405
38795 22753
38808 12819
38814 7580
38814 16764
38814 19035
38814 19443
38819 13381
38822 9922
38824 24176
38839 2023
38839 3177
38839 6778
38839 9491
38839 12350
38839 19016
38839 22619
38841 13470
38853 9848
38861 4662
38861 6568
38861 8163
38861 13577
38861 18541
38861 19903
38861 23087
38861 23217
38867 11338
38868 22873
38907 373
38907 529
38907 2276
38912 2885
38912 13577
38919 17692
38919 17982
38919 20728
38940 20005
38956 12393
38964 4823
38964 10932
38964 23276
38965 424
38971 401
38973 21559
38978 908
38978 6599
38981 20457
38996 2356
38996 9002
38996 10517
38996 15806
38996 17657
38996 19115
38996 19178
38996 19818
38996 23669
39016 18092
39027 4275
39027 7914
39041 11818
39041 21302
39045 20377
39047 9535
39047 15445
39047 24098
39059 17083
39064 15727
39064 20046
39075 14140
39077 921
39082 893
39085 8309
39087 16764
39095 4206
39096 6789
39096 22166
39103 4191
39114 351
39114 5239
39114 6330
39114 7274
39114 10874
39114 16795
39114 18740
39114 19676
39114 24324
39115 23720
39119 617
39119 4454
39119 12343
39127 24189
39151 3838
39151 9154
39161 19880
39178 14814
39187 14596
39187 22395
39193 135
39193 381
39193 2276
39193 4585
39193 6354
39193 7220
39193 12685
39193 18454
39193 18551
39193 21062
39193 22084
39204 9870
39211 1246
39211 7875
39220 9275
39246 1889
39246 10339
39246 10801
39246 19119
39251 21887
39254 917
39254 1945
39254 2759
39254 3369
39254 3986
39254 3995
39254 5317
39254 8171
39254 8851
39254 9337
39254 9582
39254 10501
39254 10635
39254 11189
39254 11487
39254 11569
39254 11910
39254 13424
39254 14411
39254 14757
39254 15440
39254 15912
39254 16079
39254 17079
39254 17439
39254 18734
39254 19644
39254 20099
39254 20517
39254 21288
39254 21471
39254 22241
39254 23503
39254 23631
39254 23755
39254 23915
39263 7176
39281 12985
39281 14106
39283 18442
39295 2107
39295 7148
39295 13702
39300 12005
39301 1704
39301 21715
39301 23337
39302 18366
39313 1063
39332 7843
39344 19119
39345 2874
39345 9988
39345 11485
39345 13562
39350 8247
39355 6867
39355 7256
39361 20731
39395 17707
39416 1093
39416 3994
39416 6085
39416 6360
39416 8844
39416 11280
39416 14081
39416 14669
39416 15001
39416 16150
39416 17709
39416 19533
39433 251
39433 3129
39433 4017
39433 5723
39433 10953
39433 13085
39433 20984
39436 2070
39438 23734
39444 5032
39483 6340
39483 20704
39483 22172
39483 22764
39483 23351
39485 3773
39486 18348
39486 20301
39495 9355
39501 16669
39502 5956
39502 9259
39524 3249
39524 7171
39524 7464
39524 9910
39524 10061
39524 10366
39524 11485
39524 12591
39524 12887
39524 13117
39524 13769
39524 13779
39524 17291
39524 19074
39524 23091
39524 23525
39524 23570
39525 9788
39548 10559
39548 20668
39561 22033
39580 7863
39585 497
39585 3950
39585 19631
39589 17389
39595 10554
39595 10780
39595 16215
39596 9374
39596 21228
39596 22721
39601 13826
39638 8217
39684 16877
39696 3918
39701 12213
39701 17266
39701 24214
39729 8096
39729 8851
39729 15470
39729 17247
39730 13007
39746 3032
39748 2958
39762 4015
39768 2131
39793 7778
39805 16073
39805 22795
39828 21924
39830 2276
39830 6354
39833 6600
39834 21371
39834 24001
39837 20639
39859 9632
39871 23916
39877 16182
39879 373
39879 2276
39879 4586
39888 3745
39888 12547
39899 5307
39911 5198
39928 529
39928 2276
39931 14314
39945 16365
39945 18541
39952 22668
39957 15225
39976 6923
39982 345
39982 1363
39982 2024
39982 3129
39982 9272
39982 10704
39982 13211
39982 14960
39982 15259
39982 18348
39982 18561
39982 21996
39994 20144
40004 18883
40007 2242
40007 2339
40007 4290
40007 6334
40007 6695
40007 10231
40007 10957
40007 12620
40007 14527
40007 15427
40007 17721
40007 19754
40007 20363
40007 20879
40010 10859
40013 5759
40013 10656
40020 2759
40035 2926
40035 9713
40041 17513
40045 21765
40050 4206
40057 14306
40057 18094
40075 1466
40075 16109
40075 21450
40087 6049
40087 9715
40087 17327
40087 17534
40087 19785
40087 20865
40089 16284
40090 1848
40090 22753
40095 3622
40106 14938
40114 10069
40125 18092
40157 9025
40160 182
40161 7152
40161 23729
40192 2517
40192 10646
40192 19923
40195 1067
40195 4972
40206 17884
40206 18171
40226 5377
40227 2478
40240 3986
40240 13329
40247 2432
40253 5136
40257 2274
40257 7838
40257 17008
40258 9038
40258 9044
40258 11818
40258 11835
40258 15660
40258 16673
40258 22338
40258 23046
40263 3000
40263 3922
40263 8535
40263 10020
40263 10689
40263 15149
40263 17407
40263 19667
40263 21795
40263 22233
40263 23299
40264 12941
40264 16073
40264 22294
40285 5119
40291 15045
40300 12688
40301 1199
40301 4633
40301 4767
40313 4191
40318 9374
40326 2360
40334 8285
40334 12427
40334 19738
40334 23324
40341 9352
40341 9873
40348 10409
40348 18732
40348 20767
40350 18482
40363 5307
40385 11658
40388 1622
40388 4343
40388 11153
40388 13785
40388 16145
40388 19674
40388 20820
40389 14164
40391 1937
40416 9337
40416 9880
40416 21406
40416 23383
40426 300
40453 23725
40464 7560
40464 21553
40469 17263
40469 20074
40475 2494
40475 8959
40475 11071
40475 12874
40475 18348
40475 24121
40483 443
40502 2167
40502 4451
40506 2026
40510 10611
40517 6379
40523 7003
40523 7452
40523 7812
40523 11089
40523 14199
40523 21590
40528 14125
40532 3607
40532 4991
40532 6972
40532 15961
40532 20398
40540 3658
40551 3448
40552 5546
40552 7258
40552 7464
40552 8591
40552 12334
40552 12876
40552 13130
40552 15239
40552 16616
40552 16676
40552 17923
40552 19180
40552 19923
40552 21731
40552 23902
40591 282
40591 792
40591 3746
40591 4166
40591 5779
40591 5882
40591 6755
40591 7496
40591 9029
40591 12905
40591 13306
40591 13971
40591 15174
40591 17927
40591 18375
40591 18573
40591 20614
40591 20865
40591 21874
40591 22296
40591 22462
40591 22971
40637 10508
40642 15897
40644 21525
40646 6115
40646 7840
40646 8630
40646 12936
40646 14515
40646 22753
40646 23371
40648 11721
40651 18605
40651 19110
40652 13588
40652 17454
40654 15120
40661 3908
40667 529
40667 12685
40668 9303
40668 12851
40679 19187
40679 21656
40683 15606
40715 1225
40715 1564
40715 7857
40715 8068
40715 9609
40715 9629
40715 11965
40715 16654
40715 19988
40715 24041
40727 16987
40762 4895
40762 9910
40762 14428
40762 17328
40762 18822
40762 19713
40762 20725
40774 11357
40774 15656
40784 4612
40793 19990
40814 2885
40814 6867
40814 8253
40814 13577
40814 14892
40815 1638
40815 1840
40815 2607
40815 10740
40815 12546
40815 13848
40815 15743
40815 16333
40815 19584
40815 21956
40815 22756
40848 9870
40851 7629
40851 11935
40851 15674
40865 1941
40865 13078
40869 8406
40869 16567
40869 20610
40870 5322
40877 15372
40901 5259
40901 8561
40901 9047
40901 15259
40901 20539
40901 23196
40913 2355
40913 3343
40913 5296
40913 7114
40913 11536
40913 17555
40913 21915
40913 22928
40913 22991
40913 24308
40919 883
40919 14867
40928 14996
40928 18031
40928 23720
40948 20181
40965 1261
40965 3011
40965 6401
40965 8784
40965 17140
40965 19119
40965 20939
40965 21234
40965 21547
40973 2885
40973 12551
40973 13577
40992 15203
40992 17134
40992 19639
41009 14814
41014 22783
41018 18348
41025 5317
41025 10127
41027 5010
41027 19330
41031 8959
41031 22323
41034 12199
41051 13925
41062 17648
41097 558
41097 2127
41097 2827
41097 4712
41097 5002
41097 5663
41097 6822
41097 8180
41097 10098
41097 10730
41097 10882
41097 12451
41097 12811
41097 13183
41097 21564
41097 22390
41109 13677
41141 10486
41143 1508
41146 8077
41146 20686
41146 20915
41162 23449
41214 4519
41214 6814
41214 7765
41214 12339
41214 13329
41214 13413
41214 17439
41214 18734
41214 23466
41214 24583
41219 29
41219 1379
41219 1883
41219 2760
41219 3129
41219 8916
41219 11227
41219 12123
41219 16162
41219 22390
41219 23767
41245 2098
41245 3129
41245 3140
41245 9194
41245 12302
41245 14804
41245 18307
41245 18734
41245 19923
41245 20865
41246 5088
41246 14696
41271 1739
41271 2752
41271 4431
41271 4564
41271 4586
41271 4818
41271 6816
41271 8863
41271 12079
41271 12165
41271 16918
41271 18454
41271 23348
41271 23888
41277 2141
41277 3129
41277 3769
41277 8808
41277 8914
41277 11196
41277 12047
41277 13284
41277 17486
41277 18348
41277 18744
41277 22390
41277 23516
41277 24458
41282 14696
41310 13785
41328 10722
41340 3125
41340 8253
41349 1030
41349 6193
41349 10192
41349 17927
41356 6511
41356 9103
41356 9499
41356 11254
41356 14547
41356 15055
41356 22360
41356 23827
41370 19543
41406 5204
41406 5482
41406 6496
41406 6600
41406 6811
41406 9213
41406 11227
41406 17769
41406 18753
41406 22114
41406 22390
41406 22577
41406 23670
41406 23767
41407 20648
41417 882
41419 3129
41424 5494
41436 22390
41447 22968
41463 10474
41463 17847
41467 11411
41473 5901
41473 8714
41485 2130
41485 2237
41485 7580
41498 14545
41500 8181
41500 12559
41523 13525
41523 14730
41528 4604
41528 11326
41528 24349
41539 16073
41539 18328
41549 358
41549 1069
41549 4327
41549 5793
41549 6669
41549 7258
41549 7353
41549 7380
41549 8609
41549 11649
41549 12654
41549 13271
41549 16022
41549 16149
41549 16883
41549 16899
41549 18624
41549 20099
41549 20133
41549 20241
41549 20256
41549 22107
41558 16100
41559 16986
41585 16753
41585 17418
41590 12440
41625 9004
41634 10217
41643 22294
41669 16795
41670 334
41670 5848
41670 20653
41690 2032
41690 3642
41690 3897
41690 4388
41690 5557
41690 7384
41690 7461
41690 7975
41690 8544
41690 14578
41690 16243
41690 17694
41690 19629
41690 21798
41690 21923
41720 15909
41723 7400
41723 19738
41725 2632
41735 1727
41735 6475
41735 15069
41735 18102
41737 21692
41737 24045
41739 1739
41739 2752
41739 4431
41739 4564
41739 4818
41739 6245
41739 6816
41739 8863
41739 12079
41739 12165
41739 16918
41739 23348
41739 23600
41739 23888
41748 16700
41754 11917
41754 14132
41754 19472
41754 19923
41765 17918
41777 7197
41778 2792
41778 4504
41778 16764
41778 22753
41785 6800
41790 16491
41790 18382
41790 18967
41790 24322
41797 23309
41801 5725
41801 19924
41812 21213
41826 23746
41832 20207
41838 7613
41849 9153
41849 9311
41859 24518
41866 14206
41876 5418
41883 1226
41883 1585
41883 2547
41883 10611
41883 11042
41883 13452
41883 15267
41883 16936
41883 18077
41883 19872
41888 10
41895 5266
41907 10398
41907 14692
41918 11465
41918 23700
41919 11334
41925 7963
41932 12547
41958 1240
41958 1273
41958 1430
41958 1478
41958 2030
41958 2159
41958 2587
41958 2813
41958 2849
41958 4015
41958 6490
41958 7052
41958 7924
41958 8175
41958 8757
41958 9061
41958 10585
41958 11034
41958 11897
41958 12582
41958 13142
41958 13946
41958 14496
41958 14645
41958 15631
41958 16700
41958 17364
41958 18697
41958 19135
41958 19547
41958 20454
41958 21081
41958 22089
41958 22237
41958 22963
41958 23276
41958 23951
41968 4376
41968 8113
41968 18214
41968 19451
41968 21381
41968 24518
41977 10861
41977 11129
41981 4342
42039 18881
42050 4551
42085 9271
42089 1267
42089 2970
42089 7672
42089 10642
42094 17159
42102 11660
42102 21510
42102 22545
42104 1067
42105 135
42105 2276
42109 16986
42109 23301
42113 18092
42127 3333
42127 3548
42130 4786
42135 3150
42141 4900
42145 2511
42145 7434
42145 13004
42145 13292
42145 13489
42145 15586
42145 17345
42145 21075
42145 21640
42145 21653
42145 22584
42145 22951
42146 168
42146 2584
42146 2826
42146 5686
42146 13237
42146 14817
42146 17886
42146 19890
42156 2696
42156 6607
42170 11279
42196 3129
42238 8133
42238 12738
42245 2503
42245 4673
42245 7045
42245 10594
42245 10982
42245 11583
42245 12609
42245 17893
42245 19175
42245 20784
42245 22943
42245 23468
42245 23864
42253 4648
42256 12236
42259 3437
42259 6156
42259 15792
42259 20771
42260 17266
42278 6077
42278 12190
42299 10351
42299 11535
42299 14227
42304 21167
42307 3564
42307 8761
42307 10068
42307 15070
42307 16621
42307 22390
42310 6433
42312 22079
42316 15859
42322 5952
42322 8851
42324 5404
42324 21043
42347 8630
42371 18348
42373 20984
42410 2423
42410 8113
42410 9579
42410 16540
42410 16576
42410 17651
42410 22837
42410 23746
42410 24417
42422 7863
42423 14154
42431 3422
42441 8247
42446 2571
42449 7550
42471 10134
42471 19051
42471 20388
42478 771
42483 951
42483 8389
42483 10118
42483 10497
42483 11526
42483 12368
42483 12727
42483 18352
42483 18604
42483 20331
42483 20538
42483 20781
42483 21889
42483 23555
42495 1120
42497 674
42510 16270
42510 23337
42522 9188
42522 16241
42522 20680
42526 1624
42526 3156
42526 3270
42526 6825
42571 9531
42572 13763
42579 6773
42593 2526
42593 3280
42593 3519
42593 5132
42593 5503
42593 5801
42593 6593
42593 7735
42593 7997
42593 9163
42593 9283
42593 10316
42593 10431
42593 10652
42593 10689
42593 11586
42593 14019
42593 17430
42593 17536
42593 19160
42593 19531
42593 19999
42593 20170
42593 23282
42593 23524
42593 23746
42594 623
42594 809
42594 1092
42594 1318
42594 1504
42594 1624
42594 3404
42594 3691
42594 4293
42594 5214
42594 5373
42594 6144
42594 8580
42594 9823
42594 10905
42594 11032
42594 12921
42594 14578
42594 15010
42594 15030
42594 16326
42594 17802
42594 20557
42601 24452
42604 23916
42612 1457
42612 2091
42612 4129
42612 4412
42612 4566
42612 5013
42612 5531
42612 6576
42612 6618
42612 7954
42612 8757
42612 9666
42612 9712
42612 9913
42612 10740
42612 10755
42612 11189
42612 11495
42612 12600
42612 13529
42612 13600
42612 13633
42612 13870
42612 13926
42612 14967
42612 16035
42612 16100
42612 16633
42612 17075
42612 17743
42612 17856
42612 18251
42612 18932
42612 19560
42612 20463
42612 20516
42612 22559
42612 24263
42617 19398
42618 10748
42620 1093
42620 4612
42620 6360
42620 8954
42620 9541
42620 23191
42622 22764
42654 10612
42657 4954
42657 6116
42657 6670
42657 8352
42657 10542
42657 11260
42657 14235
42657 23512
42685 15631
42689 16883
42712 20447
42713 19110
42721 116
42721 1565
42721 2299
42721 2571
42721 4293
42721 6453
42722 14578
42722 18649
42722 19155
42730 14600
42730 22569
42730 22697
42733 13677
42737 18881
42745 1605
42747 11867
42747 15727
42764 3424
42764 19575
42764 24617
42803 13889
42815 13030
42816 2511
42816 3679
42816 8757
42816 9166
42816 12902
42816 21450
42831 12741
42831 13769
42831 17758
42837 22753
42837 23950
42841 16595
42841 24352
42850 10243
42855 21510
42864 23989
42865 21449
42869 4101
42869 5523
42869 11968
42921 20767
42922 277
42922 365
42922 2603
42922 2988
42922 4101
42922 4851
42922 5523
42922 6712
42922 7258
42922 8714
42922 9020
42922 10923
42922 12063
42922 13919
42922 16121
42922 16530
42922 16883
42922 19590
42922 20138
42922 22368
42922 23501
42926 449
42926 1787
42926 6488
42926 11152
42926 12680
42926 17513
42932 7090
42936 16242
42945 13936
42967 529
42967 2276
42967 6334
42981 11728
42993 5923
42993 23177
43013 15185
43020 9694
43022 2276
43022 23069
43023 20557
43028 8499
43035 4504
43035 8630
43059 14786
43073 6367
43073 9229
43073 11752
43073 14943
43073 24272
43084 5132
43084 11586
43084 23091
43094 14133
43098 9517
43121 5093
43122 9096
43122 9116
43122 17494
43122 19455
43122 19527
43122 24001
43123 8309
43124 952
43124 4646
43124 6714
43124 9847
43124 18671
43124 21695
43133 4991
43133 8506
43133 8954
43133 10357
43133 18628
43133 21344
43135 21629
43137 13185
43143 5423
43157 23679
43162 14996
43197 3501
43236 1848
43239 4761
43239 5090
43239 8163
43239 8597
43239 22520
43252 7766
43252 14797
43252 17104
43252 21132
43252 21448
43252 22453
43252 22947
43258 829
43263 2885
43263 5202
43273 11724
43283 13555
43286 7045
43286 11521
43291 2655
43302 4972
43318 12598
43318 20042
43318 23016
43322 13313
43327 13061
43327 13300
43337 4563
43337 12941
43352 847
43352 10972
43352 12231
43352 23862
43353 4245
43353 4660
43355 14313
43360 17918
43372 18107
43376 11071
43382 14670
43392 17982
43392 23217
43406 5317
43406 5329
43406 5570
43406 6156
43406 7463
43406 9078
43406 9535
43406 10243
43406 13799
43406 14814
43406 14861
43406 17271
43406 18307
43406 19884
43406 20844
43406 20865
43406 21495
43406 21503
43406 22555
43414 24044
43419 18253
43423 7905
43427 3421
43435 6490
43435 6604
43435 9271
43435 9283
43435 9541
43435 11429
43435 11611
43435 13486
43435 14222
43435 15055
43435 16843
43435 17437
43435 18628
43435 20316
43471 1787
43471 3723
43471 7512
43471 10999
43471 12301
43479 5317
43479 9541
43479 11611
43493 4169
43493 12941
43493 13577
43514 2271
43514 3458
43521 14696
43523 14535
43524 12685
43541 9413
43543 17707
43556 17651
43556 24452
43585 15070
43590 22166
43591 2926
43600 31
43600 1753
43600 5925
43600 7192
43600 10704
43600 10859
43600 14578
43600 16825
43600 19144
43600 22957
43609 1244
43636 22311
43638 14229
43638 20877
43638 22811
43639 2775
43639 3239
43639 11836
43639 17266
43654 1174
43673 20017
43675 11663
43675 19573
43679 22390
43692 2676
43697 5411
43700 22306
43710 22909
43722 8040
43722 11173
43722 22980
43722 24044
43731 15189
43735 7934
43735 12171
43742 7093
43742 12625
43742 21199
43748 18285
43749 13365
43757 5404
43767 21193
43777 21706
43789 23229
43792 13162
43792 16764
43802 11403
43802 15801
43802 16241
43802 19804
43817 2655
43817 10811
43817 16310
43820 7770
43820 10326
43820 12741
43820 14669
43820 16394
43820 22081
43820 23217
43820 24608
43836 7258
43855 478
43855 1063
43855 2087
43855 4326
43855 4369
43855 5807
43855 7811
43855 8847
43855 13615
43855 14479
43855 14939
43855 16750
43855 17514
43855 18179
43855 18263
43855 21406
43855 21783
43855 22242
43855 22577
43855 22941
43855 24517
43883 24096
43891 3696
43892 7956
43904 6131
43904 9631
43916 8298
43929 8482
43931 1067
43931 18291
43933 2012
43933 10711
43939 4884
43939 12612
43939 17884
43944 5627
43944 22032
43956 6718
43963 1631
43963 12271
43963 12741
43963 12893
43971 12267
44000 591
44000 662
44000 8917
44001 2792
44002 16986
44003 10498
44005 3317
44005 3465
44013 17426
44018 438
44018 2856
44018 12973
44030 858
44030 8415
44030 14669
44042 1914
44042 3830
44042 4644
44042 5707
44042 18971
44052 7886
44052 13224
44052 13925
44052 19543
44052 19878
44057 12738
44057 18447
44057 23086
44087 12241
44089 17643
44093 15656
44093 23156
44098 20527
44111 8780
44131 6478
44148 17169
44155 392
44165 1746
44165 7242
44165 7384
44165 8022
44165 8041
44165 8665
44165 10121
44165 20689
44165 23383
44165 23662
44169 8265
44189 9366
44198 22114
44216 263
44216 2340
44216 3099
44216 5386
44216 7237
44216 7556
44216 7931
44216 9000
44216 11747
44216 11852
44216 15472
44216 15876
44216 22302
44216 22441
44216 24024
44216 24510
44219 6482
44219 8907
44219 14584
44219 15178
44219 22011
44224 7975
44224 14806
44231 13781
44238 16345
44241 7983
44241 10169
44244 8179
44253 10127
44254 8445
44256 8630
44256 12483
44256 16656
44256 23371
44267 1003
44267 2305
44267 5259
44267 11707
44267 14545
44267 17510
44267 23212
44274 22833
44304 4139
44304 5259
44304 10301
44304 13251
44304 14690
44304 15743
44304 19283
44321 16830
44324 3270
44324 21014
44324 22049
44354 2275
44354 10117
44354 23188
44364 529
44400 1217
44404 11718
44415 2673
44436 2584
44441 9763
44455 4780
44455 17341
44455 17636
44455 17688
44459 2478
44468 16034
44472 9775
44485 9594
44485 12355
44504 21165
44529 9536
44538 931
44538 2367
44538 2946
44538 8088
44538 15132
44538 18584
44545 4972
44553 12610
44553 15055
44553 16938
44553 22471
44557 17099
44560 952
44560 5204
44560 22599
44561 9132
44569 17082
44569 18885
44570 1631
44572 652
44586 529
44586 2242
44586 4324
44586 4585
44586 12685
44586 20839
44587 19879
44599 2792
44609 315
44631 8575
44631 9099
44635 13264
44636 2400
44655 21798
44657 115
44657 2526
44657 3237
44657 4421
44657 5881
44657 6593
44657 11277
44657 12895
44657 15857
44657 16820
44657 21821
44691 11411
44702 12973
44708 7983
44710 12967
44712 4606
44712 9517
44712 11058
44712 24314
44721 21217
44722 9939
44722 15897
44736 23368
44754 2792
44762 21421
44763 4753
44763 7438
44763 7985
44763 8123
44763 17345
44763 19232
44773 2667
44773 2920
44773 8413
44773 9662
44773 9780
44773 9791
44773 9911
44773 11084
44773 14132
44773 14162
44773 15241
44773 15596
44773 17661
44773 18439
44773 18618
44773 18881
44773 20907
44773 21620
44773 21875
44773 24397
44791 1067
44791 6773
44793 1966
44793 8891
44793 13593
44793 16830
44793 16928
44793 21510
44793 22788
44793 23396
44799 5710
44825 6595
44825 16545
44825 18929
44825 22071
44825 22233
44840 4128
44840 18052
44847 11961
44859 22311
44867 14752
44891 21082
44901 20332
44904 1570
44904 21339
44923 3607
44923 8917
44923 12973
44923 14062
44923 14794
44923 17095
44923 18647
44923 19274
44923 20803
44923 22546
44923 24604
44926 20003
44928 18642
44928 20131
44929 7716
44938 251
44938 3409
44938 4496
44938 5109
44938 6806
44938 11572
44938 14488
44938 19582
44938 21165
44966 2423
44966 7133
44966 9579
44966 14705
44966 19805
44966 21692
44982 16883
44982 23201
44985 4140
44990 5512
44995 145
44995 3216
44995 3387
44995 3576
44995 4136
44995 6481
44995 7079
44995 8010
44995 9295
44995 10409
44995 11705
44995 12408
44995 12654
44995 12674
44995 14794
44995 15361
44995 16867
44995 17507
44995 18487
44995 19007
44995 19149
44995 20389
44995 23083
44995 23510
44995 24349
45004 16764
45005 1333
45008 6481
45018 732
45028 6880
45028 20800
45036 4616
45036 10626
45047 19850
45058 12741
45058 20695
45067 11980
45067 12100
45078 18927
45100 23962
45104 2632
45114 3184
45114 7385
45134 21212
45134 22766
45141 23243
45144 2792
45144 7863
45144 8630
45144 22753
45149 18348
45153 2277
45153 9910
45153 16168
45156 8650
45156 12893
45156 14709
45164 18962
45180 9448
45180 13680
45180 18348
45180 21551
45195 22392
45202 2353
45202 2889
45202 23752
45206 8922
45210 19503
45212 9256
45222 6141
45222 9096
45222 10556
45222 12565
45222 15620
45222 21721
45235 20922
45242 10636
45245 5523
45255 5587
45255 7258
45255 12876
45255 19431
45255 23188
45259 529
45259 2276
45259 22608
45265 14125
45277 11406
45290 21132
45297 182
45301 931
45301 15139
45301 18278
45303 8579
45310 1893
45311 1768
45314 20844
45324 24551
45334 9150
45340 20162
45349 247
45352 3371
45354 702
45362 10936
45362 11929
45362 14192
45362 17932
45366 17271
45388 15198
45388 24579
45395 731
45395 960
45395 8098
45395 18240
45395 18246
45395 21569
45427 22045
45430 4697
45430 12738
45439 6216
45455 15865
45460 13938
45464 1269
45464 2423
45464 7085
45475 2894
45475 3898
45475 7369
45475 7413
45475 7525
45475 22446
45484 1616
45486 5178
45491 10101
45503 9150
45513 10442
45514 18931
45515 5974
45520 4047
45520 9038
45525 529
45525 2276
45525 12685
45533 14832
45537 2276
45537 4585
45537 12685
45543 20924
45543 21165
45548 24420
45563 16986
45578 17732
45582 4496
45582 11251
45582 18307
45585 1216
45585 5317
45585 8385
45585 9910
45585 16079
45585 21165
45588 716
45588 2437
45588 3897
45588 3967
45588 4139
45588 5259
45588 13528
45588 14972
45588 15201
45588 17083
45588 18478
45588 18734
45605 23843
45607 9281
45650 12551
45664 2395
45664 5214
45664 6220
45664 10594
45664 15727
45664 16163
45664 23235
45681 14820
45681 16185
45681 18348
45681 23793
45684 7766
45704 2348
45713 21167
45722 2352
45722 4991
45722 5129
45722 9355
45722 10874
45722 14115
45722 16056
45722 16318
45722 17840
45722 19359
45722 19999
45722 23825
45725 2474
45725 18605
45733 16795
45735 529
45735 2276
45735 4586
45735 13547
45749 138
45749 7591
45749 14808
45749 21079
45755 4972
45758 1993
45758 2586
45758 12698
45758 14322
45758 18809
45758 21658
45760 719
45760 1837
45760 2159
45760 2337
45760 3446
45760 4192
45760 7048
45760 11122
45760 11869
45760 18381
45760 18567
45760 19038
45760 19539
45760 21866
45760 22405
45760 23829
45764 1617
45764 2188
45764 3922
45764 3942
45764 6098
45764 7101
45764 9193
45764 9541
45764 9870
45764 16700
45764 18697
45764 18744
45764 19582
45764 19964
45764 20547
45764 22788
45764 23770
45775 513
45808 4376
45808 11008
45808 19996
45813 4172
45813 8066
45813 10276
45813 16962
45813 19459
45830 8244
45830 15514
45830 18478
45830 22244
45834 3104
45834 3443
45837 7043
45837 10922
45837 14682
45845 21640
45888 23727
45891 11411
45891 14569
45891 23247
45891 24219
45908 4332
45908 15583
45908 20611
45925 7220
45934 24386
45955 23825
45957 16247
45975 18126
45976 14062
45976 19700
45976 23763
45978 2885
45979 12095
45979 17886
45979 20364
45979 20646
46003 22355
46018 2052
46018 8489
46018 11370
46018 17565
46018 19667
46018 23825
46029 10288
46029 14350
46029 24409
46031 2741
46031 6896
46031 7473
46031 23034
46031 24176
46045 1323
46045 7895
46045 11365
46048 13755
46048 15833
46053 1848
46053 3337
46053 10985
46053 12783
46053 14089
46064 13004
46067 19564
46081 2068
46081 2792
46081 19657
46094 10654
46096 12421
46098 5259
46130 6465
46130 21339
46135 13892
46135 17509
46135 17900
46135 22947
46137 24518
46143 386
46143 24344
46153 7672
46155 373
46155 529
46155 2276
46160 11189
46160 15050
46204 3245
46206 15839
46209 17918
46220 12633
46228 14778
46228 24618
46231 4411
46231 7240
46231 10186
46231 12115
46231 18576
46243 16727
46263 44
46263 5026
46263 5128
46263 7162
46263 7662
46263 8354
46263 9374
46263 10329
46263 10929
46263 12241
46263 12725
46263 14562
46263 15270
46263 20221
46263 20505
46267 24006
46282 3173
46324 20730
46328 16470
46343 1369
46343 14837
46360 675
46370 17009
46373 5176
46373 24559
46390 6819
46397 6639
46407 21165
46416 2885
46416 23501
46420 135
46420 373
46420 529
46420 2276
46420 6354
46420 7220
46420 17248
46420 19754
46420 22608
46421 1212
46442 18328
46447 14545
46457 14021
46464 389
46464 2722
46464 3200
46464 3682
46464 3890
46464 4255
46464 4620
46464 5369
46464 8092
46464 8650
46464 14410
46464 14861
46464 18241
46464 21418
46466 22534
46485 2082
46485 3177
46485 3848
46485 3986
46485 5960
46485 6197
46485 6348
46485 6914
46485 7538
46485 8515
46485 8708
46485 8844
46485 9759
46485 10195
46485 10522
46485 11573
46485 13310
46485 13950
46485 14132
46485 14440
46485 16245
46485 16643
46485 17093
46485 17208
46485 20420
46485 21619
46485 22283
46485 22886
46485 23704
46485 23755
46485 23954
46492 11303
46504 16080
46516 11931
46540 18278
46540 24453
46558 6972
46558 10474
46558 22227
46578 15271
46578 15605
46578 17807
46582 132
46582 16281
46582 18032
46582 18618
46582 21209
46582 22527
46594 2140
46594 7554
46620 4079
46636 15271
46636 16041
46640 2903
46646 7646
46646 16636
46646 17918
46655 14984
46659 524
46663 7190
46663 7363
46663 14833
46663 22947
46667 7498
46667 20952
46667 21896
46673 1165
46673 7215
46684 1581
46692 1369
46692 1848
46692 2792
46692 13162
46692 15185
46692 16656
46692 16663
46692 20506
46702 5752
46703 6710
46719 23365
46735 2537
46735 5418
46735 5981
46735 21821
46752 656
46752 3086
46752 3821
46752 4126
46752 8066
46752 11197
46752 11695
46752 12301
46752 20346
46752 20925
46752 22472
46752 23836
46752 24351
46753 3529
46753 21788
46762 23177
46767 15605
46788 11060
46828 9613
46831 8334
46831 22380
46834 1368
46834 18605
46834 19110
46838 15358
46851 12985
46943 621
46943 14479
46943 17303
46943 17507
46961 21251
46963 882
46963 2708
46963 11411
46963 13007
46995 281
46995 1478
46995 5005
46995 8891
46995 9678
46995 20074
46995 21450
46997 23352
47016 16006
47017 1837
47017 15259
47017 16669
47017 16764
47017 18441
47017 23597
47029 5714
47043 10398
47046 7220
47046 19365
47047 5492
47047 10336
47047 16150
47047 24063
47054 2677
47054 4010
47054 4644
47054 5882
47054 7012
47054 7805
47054 11063
47054 13867
47054 16481
47054 21787
47054 24061
47066 2290
47084 5199
47084 6535
47084 18298
47092 8475
47102 7220
47102 12685
47103 6831
47109 15478
47110 8133
47115 6198
47115 11306
47115 13008
47130 1728
47130 18484
47130 23467
47132 16699
47133 9054
47181 16073
47181 16976
47181 16986
47181 22294
47243 940
47243 4014
47243 16586
47249 14194
47251 21544
47264 19598
47265 704
47265 2464
47265 5110
47265 5280
47265 7318
47265 8408
47265 9814
47265 10049
47265 10512
47265 11658
47265 17837
47265 21658
47265 22335
47265 22388
47295 11965
47296 1128
47296 2018
47296 6378
47296 19679
47296 20184
47296 21975
47296 24184
47314 3773
47314 18375
47320 2816
47320 20944
47320 23064
47322 16714
47322 20726
47322 22400
47339 4767
47339 14212
47339 20945
47339 20980
47353 3501
47353 23518
47382 424
47382 5795
47382 13667
47382 14963
47382 17184
47403 23331
47416 1848
47419 1218
47419 7983
47433 158
47433 16764
47440 8092
47450 21929
47475 10985
47480 996
47480 2796
47480 3005
47480 6065
47480 8066
47480 8416
47480 11277
47480 20925
47480 21361
47480 23064
47488 9163
47500 12416
47510 21313
47514 5111
47538 465
47538 699
47538 2864
47538 4822
47538 5164
47538 5234
47538 6870
47538 7835
47538 9133
47538 10326
47538 10452
47538 10638
47538 12254
47538 12294
47538 15449
47538 16799
47538 17083
47538 17263
47538 17786
47538 17815
47538 19261
47538 23915
47546 9940
47551 23383
47554 21414
47558 17515
47583 8191
47583 9384
47583 17207
47599 2055
47599 3392
47599 3602
47599 4589
47599 7743
47599 8098
47599 9229
47599 11665
47599 19982
47599 22415
47599 22932
47607 2356
47625 1332
47625 5968
47625 7575
47625 12293
47625 12698
47625 17099
47625 18604
47625 19331
47625 22764
47625 23351
47633 19126
47635 1546
47635 4497
47635 5377
47646 434
47646 10373
47646 10512
47646 18921
47646 20894
47655 1063
47655 12816
47657 11370
47673 20181
47673 23206
47705 6440
47721 6354
47734 23337
47753 7093
47753 16914
47754 3174
47757 21173
47759 11258
47770 3564
47770 4111
47770 8547
47770 9303
47770 12783
47770 12852
47770 13522
47770 14440
47770 16511
47770 16524
47770 18791
47770 21420
47770 23025
47770 24517
47781 8784
47781 22926
47782 20913
47789 3898
47789 6142
47789 11655
47790 1570
47791 334
47795 6027
47798 4764
47798 9666
47798 9980
47798 13117
47798 15266
47798 19713
47799 15696
47799 16993
47809 2792
47819 529
47819 2276
47819 4324
47836 18435
47863 3870
47867 375
47867 3274
47867 3384
47867 4128
47867 4575
47867 8857
47867 8983
47867 10836
47867 16778
47867 18307
47867 21361
47867 21510
47867 23825
47867 24276
47872 529
47872 6354
47908 16700
47908 19996
47909 4015
47925 14056
47930 18031
47934 616
47934 13224
47942 11641
47943 19774
47949 4810
47949 8650
47949 10169
47949 16433
47958 13413
47958 13469
47975 4585
47975 6687
47975 7220
47975 16399
47975 19365
47975 22130
48010 18441
48015 10409
48015 23383
48029 1118
48029 1753
48029 2520
48029 5199
48029 7258
48029 8205
48029 8714
48029 8761
48029 8982
48029 9281
48029 9295
48029 9367
48029 9953
48029 11156
48029 12876
48029 13677
48029 15447
48029 16764
48029 18992
48029 21763
48029 22949
48029 23207
48029 23383
48029 23845
48029 24515
48045 9870
48048 769
48052 6455
48069 945
48069 1675
48069 2609
48069 2837
48069 5807
48069 8041
48069 8093
48069 9303
48069 9713
48069 11077
48069 16524
48069 22723
48069 23196
48069 24517
48095 10727
48108 4876
48108 9848
48118 1780
48118 3043
48118 3446
48118 4193
48118 4270
48118 7895
48118 9144
48118 12488
48118 14045
48118 16664
48118 17037
48118 20012
48122 3054
48122 3156
48122 4015
48122 9281
48122 14520
48122 17235
48122 20012
48122 20689
48122 20980
48124 8587
48125 14867
48125 22380
48160 14795
48173 6927
48173 14645
48198 21339
48199 3677
48199 15139
48199 16057
48199 17558
48202 17860
48207 13614
48211 4094
48213 3967
48213 9880
48220 12540
48226 362
48226 4359
48226 19212
48230 5443
48233 16861
48249 5000
48268 9885
48270 21381
48277 15260
48277 16152
48279 9880
48308 21396
48311 29
48311 13118
48311 16708
48311 17771
48311 20549
48311 22522
48314 33
48314 14996
48316 15865
48349 18621
48349 19923
48349 22577
48368 11205
48371 366
48371 1414
48371 4975
48371 20335
48371 20994
48371 21779
48380 90
48380 2432
48380 2531
48380 2792
48380 5335
48380 6316
48380 7114
48380 7242
48380 7669
48380 8578
48380 9047
48380 12181
48380 12883
48380 13469
48380 13634
48380 14574
48380 15185
48380 18624
48380 19408
48380 19783
48380 20539
48380 20924
48380 21792
48380 22739
48387 15727
48397 22598
48403 23698
48406 15540
48411 6526
48411 17677
48411 21147
48411 22342
48417 1621
48433 6130
48433 12836
48443 5382
48443 7610
48443 13776
48443 14718
48444 18499
48444 20822
48451 7720
48451 21338
48461 13496
48494 540
48494 712
48494 2739
48494 3213
48494 8022
48494 19794
48494 20677
48499 16795
48519 3957
48519 3994
48519 7412
48519 7933
48519 9939
48519 10208
48519 10243
48519 11581
48519 12393
48519 12632
48519 15478
48519 15605
48519 20134
48519 20468
48519 20484
48519 20625
48519 21745
48519 22166
48521 10859
48559 19955
48579 8596
48586 18454
48588 8077
48591 2457
48591 15001
48592 787
48592 946
48592 1478
48592 2188
48592 2379
48592 2926
48592 3043
48592 3270
48592 3300
48592 3821
48592 3910
48592 4126
48592 4610
48592 4748
48592 4803
48592 4887
48592 4937
48592 5254
48592 5595
48592 5628
48592 6533
48592 6604
48592 7052
48592 7387
48592 7711
48592 7895
48592 8038
48592 8068
48592 8489
48592 8676
48592 8891
48592 9132
48592 9176
48592 9193
48592 9361
48592 9616
48592 9738
48592 9763
48592 9870
48592 10460
48592 10786
48592 10955
48592 11112
48592 11175
48592 11370
48592 11660
48592 11808
48592 11897
48592 12399
48592 12706
48592 12986
48592 13626
48592 13878
48592 13887
48592 13946
48592 14402
48592 14496
48592 14658
48592 14668
48592 14752
48592 14871
48592 15259
48592 15929
48592 16109
48592 16132
48592 16192
48592 16366
48592 16720
48592 17341
48592 17544
48592 17636
48592 17762
48592 18208
48592 18441
48592 18659
48592 18744
48592 19090
48592 19135
48592 19160
48592 19656
48592 19728
48592 19880
48592 19936
48592 20846
48592 20947
48592 21455
48592 21605
48592 21675
48592 21711
48592 22237
48592 23390
48592 23568
48592 24342
48598 21639
48600 12001
48600 17923
48602 8780
48614 19220
48626 3983
48626 9743
48627 18822
48627 21339
48642 18449
48654 9775
48660 6652
48666 9463
48666 10175
48671 917
48671 6092
48671 7273
48671 8087
48671 12355
48671 12921
48671 14545
48671 14675
48671 15631
48671 15829
48671 17364
48671 21302
48671 22158
48671 22697
48671 24161
48676 546
48676 20203
48676 21797
48678 2862
48682 3916
48682 8502
48690 5151
48690 21099
48698 1226
48698 11462
48698 15004
48702 745
48702 7956
48702 17723
48709 10907
48709 14327
48709 15871
48712 2628
48721 1296
48721 6692
48721 20688
48726 6532
48728 10366
48737 15591
48737 22163
48748 9437
48750 8794
48750 15260
48756 10281
48756 21629
48762 19175
48788 23501
48803 7630
48803 7711
48803 11142
48803 18659
48803 21122
48803 22406
48803 23627
48844 14996
48845 6881
48845 13146
48849 19294
48849 23512
48884 21201
48906 529
48906 2276
48906 12685
48909 15993
48917 8414
48944 14103
48944 20823
48944 23774
48967 10351
48980 13243
48982 1509
48982 5096
48982 13742
48987 10552
48987 13085
48987 18135
48987 23884
48988 19359
48990 4432
48990 5063
48990 12072
49023 2792
49023 13615
49029 2885
49029 6620
49029 20419
49029 21367
49032 23243
49044 11600
49061 23090
49074 16832
49086 1507
49086 21876
49090 529
49090 2276
49090 12685
49098 7315
49123 4818
49123 9143
49123 16528
49123 18107
49149 10127
49177 1179
49189 3156
49189 4015
49189 9187
49196 17933
49206 13103
49213 22432
49216 20924
49216 22753
49219 24464
49227 6568
49227 13577
49227 23143
49228 2029
49241 5941
49241 18544
49257 7793
49257 12946
49257 13117
49257 15150
49257 23101
49288 130
49288 142
49288 272
49288 616
49288 698
49288 769
49288 792
49288 1102
49288 1121
49288 1262
49288 1311
49288 1320
49288 1470
49288 1727
49288 1834
49288 2199
49288 2422
49288 2474
49288 2607
49288 2751
49288 2832
49288 2875
49288 2921
49288 3126
49288 3689
49288 3782
49288 3916
49288 4138
49288 4449
49288 4756
49288 4895
49288 4919
49288 5152
49288 5294
49288 5521
49288 5742
49288 5934
49288 5972
49288 6023
49288 6157
49288 6311
49288 6365
49288 6559
49288 6776
49288 6831
49288 6855
49288 7250
49288 7450
49288 7526
49288 7852
49288 7865
49288 8207
49288 8459
49288 8558
49288 8559
49288 8722
49288 8811
49288 8839
49288 8967
49288 9118
49288 9142
49288 9190
49288 9399
49288 9517
49288 9635
49288 9814
49288 9823
49288 9959
49288 10000
49288 10023
49288 10045
49288 10167
49288 10174
49288 10237
49288 10264
49288 10288
49288 10376
49288 10543
49288 10615
49288 10742
49288 11100
49288 11280
49288 11357
49288 11377
49288 11430
49288 11611
49288 11845
49288 12028
49288 12267
49288 12332
49288 12343
49288 12539
49288 12681
49288 12706
49288 12963
49288 13038
49288 13048
49288 13169
49288 13181
49288 13467
49288 13487
49288 13719
49288 13728
49288 13806
49288 13826
49288 13909
49288 14093
49288 14116
49288 14202
49288 14535
49288 14747
49288 14984
49288 15194
49288 15408
49288 15750
49288 16290
49288 16440
49288 16508
49288 16557
49288 16611
49288 16708
49288 16860
49288 16978
49288 17351
49288 17480
49288 17512
49288 17522
49288 17553
49288 17732
49288 17740
49288 17811
49288 18049
49288 18248
49288 18307
49288 18348
49288 18530
49288 18677
49288 18738
49288 18826
49288 18889
49288 18894
49288 18973
49288 19096
49288 19116
49288 19452
49288 19765
49288 19888
49288 19968
49288 20040
49288 20134
49288 20180
49288 20611
49288 20840
49288 20865
49288 21085
49288 21139
49288 21204
49288 21284
49288 21462
49288 21503
49288 21751
49288 21860
49288 21912
49288 21933
49288 22122
49288 22299
49288 22379
49288 22571
49288 22719
49288 22796
49288 22846
49288 23622
49288 23775
49288 23853
49288 24118
49288 24426
49298 15897
49322 17342
49322 19025
49322 20820
49322 22072
49336 23989
49345 5079
49351 6272
49351 7887
49351 8324
49351 10552
49351 14839
49351 23436
49362 23517
49366 12710
49366 20078
49366 24121
49407 5751
49409 529
49409 2276
49409 4586
49409 12685
49409 22608
49411 8844
49411 9703
49411 12257
49411 23770
49417 2792
49418 2792
49418 8630
49418 17987
49418 22753
49426 12741
49435 14194
49438 18348
49445 20731
49452 8133
49452 10357
49452 10594
49452 20334
49468 14427
49468 21349
49468 23309
49472 7956
49472 16001
49481 2792
49481 7863
49481 8630
49481 22753
49502 534
49502 8776
49502 15329
49502 20496
49502 24358
49505 9914
49505 22546
49512 8253
49512 20289
49512 20728
49538 17761
49546 4402
49546 14280
49559 9327
49559 16473
49574 22174
49586 1579
49586 18179
49586 20047
49586 24453
49590 5294
49590 7439
49590 10069
49590 17980
49600 9635
49628 4764
49628 7998
49646 815
49646 11096
49646 17328
49646 23039
49650 2885
49650 8253
49650 13577
49650 17982
49659 24044
49671 13577
49673 1835
49673 6203
49673 10546
49673 10656
49673 13577
49677 688
49677 1665
49677 1949
49677 2603
49677 4293
49677 6034
49677 7089
49677 7889
49677 8914
49677 9635
49677 11754
49677 12654
49677 12939
49677 13481
49677 13887
49677 14199
49677 16077
49677 18171
49677 18348
49677 18707
49677 22390
49677 24302
49684 12308
49694 8851
49694 23449
49721 18307
49727 15183
49732 373
49732 4586
49732 5594
49732 22608
49757 16878
49757 20605
49764 4020
49771 2885
49771 4225
49771 6568
49771 12551
49771 12786
49771 17982
49771 23217
49780 2926
49782 2632
49787 17655
49787 22079
49791 6568
49799 20573
49815 2348
49815 4500
49838 24083
49848 542
49858 19175
49869 10959
49876 98
49876 7111
49876 11415
49876 24011
49881 6029
49881 11592
49893 1269
49893 4988
49893 10410
49893 17988
49898 2740
49900 21458
49917 13789
49925 1468
49925 2394
49925 3710
49925 8406
49925 9463
49925 9712
49925 9954
49925 14261
49925 14285
49925 14562
49925 18585
49925 20110
49933 3129
49933 7975
49969 6673
49969 16764
49976 1891
49976 2251
49976 3345
49976 3715
49976 3765
49976 3976
49976 4475
49976 5923
49976 6351
49976 9314
49976 11357
49976 14897
49976 17756
49976 18207
49976 19713
49976 20888
49976 21139
49976 21165
49976 21375
49976 21735
49976 22927
49976 23283
49976 23770
49976 24408
49989 12107
50009 6916
50009 13577
50009 14051
50015 3087
50016 3898
50016 11972
50016 13379
50018 9295
50021 8415
50021 10694
50021 15539
50021 16417
50021 18257
50021 19765
50021 20542
50031 19058
50035 6662
50035 7639
50035 10281
50035 13002
50035 13083
50035 13464
50035 13904
50035 14332
50035 18971
50035 19294
50035 21817
50035 22014
50035 24036
50041 5523
50041 10127
50041 18263
50041 20448
50041 22114
50041 24302
50043 4017
50045 9429
50045 10439
50045 12633
50045 14215
50045 14860
50045 19627
50045 24198
50065 14324
50088 16764
50090 2885
50100 2885
50100 3334
50100 4902
50100 6568
50100 8253
50100 10546
50100 13577
50100 20728
50100 21178
50100 23143
50100 23268
50107 5263
50109 6548
50113 20980
50125 3005
50125 5566
50125 8638
50125 9909
50125 16883
50125 18208
50125 20448
50125 23064
50127 24270
50128 22513
50145 19783
50188 11251
50191 4895
50191 8914
50191 11898
50191 19814
50193 3104
50193 11262
50202 13870
50210 8285
50226 7949
50237 3651
50237 5254
50237 10873
50237 11822
50237 13158
50237 21721
50237 22072
50237 24046
50249 12685
50278 5920
50278 8251
50293 18841
50299 4818
50302 2885
50302 6568
50302 6867
50302 8253
50302 10656
50302 13577
50302 20870
50312 13575
50312 17089
50313 18881
50313 21906
50317 5317
50317 19582
50319 13415
50319 13763
50319 14202
50319 15598
50319 16585
50319 17522
50319 20409
50319 20997
50319 21534
50323 14750
50326 4417
50330 12661
50331 1216
50331 4695
50331 8382
50331 10781
50331 16992
50334 4807
50334 13206
50334 17521
50334 18744
50334 22048
50356 126
50356 23755
50379 6340
50385 18738
50389 1443
50414 12267
50481 6243
50481 7082
50481 7328
50481 16863
50492 9307
50516 12625
50528 9164
50532 13467
50534 1945
50534 7126
50534 8854
50534 9281
50534 16752
50534 16764
50534 18958
50534 19474
50534 21243
50534 23467
50544 1570
50544 1631
50544 5529
50544 14718
50544 20496
50576 5016
50576 5066
50591 15471
50591 22658
50592 12434
50594 1377
50594 7242
50600 13568
50600 16198
50600 17064
50600 23247
50611 4324
50611 6354
50612 2722
50622 1795
50644 5263
50656 2611
50656 23228
50663 6453
50684 2822
50684 6134
50684 8041
50684 16795
50684 23383
50686 2615
50686 20504
50699 21795
50724 848
50724 6371
50724 15559
50732 12242
50738 3651
50738 12071
50746 5725
50772 21450
50775 17555
50784 1323
50784 3619
50784 13367
50784 15145
50784 16117
50784 16948
50784 18441
50784 19435
50784 21495
50803 4606
50804 19363
50813 7937
50815 408
50815 7427
50829 23645
50844 16883
50852 2531
50852 5307
50852 9585
50852 23000
50853 4548
50853 7028
50853 14801
50853 15853
50853 18782
50860 7050
50864 11022
50872 4657
50872 20248
50872 23064
50882 7331
50882 8362
50897 1848
50897 2792
50897 3494
50897 3607
50897 5406
50897 11012
50897 12936
50897 13789
50897 14578
50897 14955
50897 14995
50897 18724
50897 19443
50897 21774
50897 23732
50897 23751
50898 5723
50898 13048
50917 8512
50917 17763
50936 21569
50937 12309
50937 14353
50937 15490
50937 18470
50939 1806
50939 6786
50939 8389
50939 13067
50939 14547
50939 15503
50939 22425
50939 24021
50939 24415
50945 6194
50945 6484
50945 12435
50967 4337
50972 10689
50981 8439
50981 18238
50985 23107
50992 14177
51013 373
51013 529
51013 6354
51013 7220
51013 12685
51013 17248
51018 5757
51018 19472
51018 21245
51018 23145
51023 6924
51023 8331
51023 14662
51023 14833
51023 16096
51023 17017
51023 17527
51023 22453
51023 22947
51023 23861
51027 537
51027 921
51027 1073
51027 1529
51027 1625
51027 2037
51027 2493
51027 2996
51027 3119
51027 3573
51027 3789
51027 5162
51027 5317
51027 5418
51027 5553
51027 6718
51027 6786
51027 7937
51027 8109
51027 8161
51027 8168
51027 8382
51027 9039
51027 9448
51027 9694
51027 9775
51027 10064
51027 11189
51027 11896
51027 12309
51027 13146
51027 13625
51027 14564
51027 15951
51027 16263
51027 16322
51027 16657
51027 17784
51027 17802
51027 18348
51027 18665
51027 18773
51027 20134
51027 21165
51027 22342
51027 22721
51027 23013
51027 23229
51027 23337
51027 24359
51028 11980
51046 14996
51051 8077
51051 8768
51051 10266
51051 19890
51068 1941
51087 1377
51087 2822
51087 9314
51087 10119
51087 10439
51087 11948
51087 12851
51087 22928
51088 4403
51088 10490
51088 11011
51088 13078
51088 15783
51088 21394
51112 5859
51112 19065
51119 22290
51125 11115
51142 604
51142 24245
51143 11022
51143 18451
51143 21859
51152 15706
51154 7919
51172 2445
51174 23606
51175 17918
51180 1063
51187 9413
51189 7865
51189 8895
51189 9948
51189 16612
51189 19902
51207 4945
51207 8251
51207 13375
51222 16182
51226 6041
51231 20208
51235 4774
51235 5548
51235 6340
51235 6526
51235 8835
51235 20184
51235 23403
51236 14696
51254 8448
51254 20290
51283 40
51283 263
51283 551
51283 1593
51283 3365
51283 4786
51283 5925
51283 6194
51283 7637
51283 7788
51283 8902
51283 12069
51283 12104
51283 12767
51283 13274
51283 13501
51283 14126
51283 16404
51283 18336
51283 22848
51283 23467
51283 24024
51283 24164
51283 24496
51283 24510
51286 3794
51286 3916
51286 18348
51286 18411
51290 5806
51292 22415
51300 12574
51326 616
51326 10790
51326 15478
51344 4647
51345 9337
51345 11266
51345 13774
51345 23055
51348 5941
51348 18544
51354 23201
51357 22955
51377 23642
51382 11009
51385 16665
51402 2745
51402 12835
51441 7427
51441 22740
51445 2792
51445 4504
51445 8630
51445 16764
51456 5782
51457 13284
51478 529
51478 2276
51478 6354
51488 2792
51488 14010
51488 22753
51501 24278
51503 19979
51505 398
51505 1040
51505 1132
51505 2946
51505 4044
51505 4142
51505 5104
51505 5597
51505 5984
51505 6330
51505 6348
51505 6763
51505 7448
51505 8415
51505 8575
51505 8780
51505 10689
51505 13314
51505 13616
51505 13829
51505 13999
51505 14024
51505 15839
51505 16795
51505 16828
51505 18931
51505 19814
51505 20844
51505 21403
51505 21619
51505 22390
51505 22649
51505 24011
51514 20557
51524 1848
51524 7863
51524 8630
51524 22753
51534 1547
51534 10861
51546 500
51552 3679
51552 5565
51552 16322
51552 16700
51552 18415
51552 18441
51552 19956
51552 21681
51576 3943
51576 7814
51576 15859
51576 19923
51576 20802
51585 10874
51597 3118
51597 4163
51597 6085
51597 10780
51597 12868
51597 18270
51604 4567
51612 21800
51620 9283
51639 1308
51639 23476
51659 23538
51673 1243
51683 2493
51683 12097
51683 16163
51688 3918
51728 300
51760 15926
51760 16670
51762 24192
51768 8709
51769 24046
51775 22339
51778 12492
51786 8330
51832 4906
51836 6100
51837 4483
51837 9132
51837 11241
51837 13159
51837 13506
51837 13796
51837 13887
51837 15660
51837 16928
51837 20865
51838 868
51841 19855
51842 7152
51842 22024
51861 21533
51861 24444
51864 12741
51866 12899
51872 10621
51882 3131
51882 4525
51882 20910
51912 289
51912 4017
51912 5317
51912 9703
51912 14213
51912 17224
51944 1608
51944 18885
51948 712
51948 721
51948 1314
51948 2264
51948 6134
51948 6678
51948 8575
51948 9754
51948 11184
51948 11228
51948 12367
51948 12876
51948 15049
51948 15070
51948 16795
51948 20914
51948 21312
51948 21495
51948 23064
51956 4972
51963 5667
51971 6063
51971 9327
51971 12001
51971 13625
51971 17007
51971 23754
51975 8401
51975 12902
51975 16831
51975 22079
51975 22311
51975 22417
51975 24301
51975 24302
51978 20241
51986 8181
52004 581
52004 939
52004 3571
52004 4016
52004 4043
52004 4220
52004 4819
52004 8975
52004 9066
52004 9259
52004 15074
52004 15334
52004 16541
52004 18322
52004 19010
52004 19513
52004 24474
52017 14578
52031 13575
52032 4
52032 1509
52032 2796
52032 5254
52032 11822
52032 17884
52032 20003
52032 23229
52032 24194
52041 7727
52046 11614
52066 7933
52066 15793
52078 24105
52084 3421
52084 23544
52085 8544
52087 13223
52097 13922
52109 22166
52125 3140
52125 4265
52125 4361
52125 6829
52125 6881
52125 7727
52125 9230
52125 9579
52125 15611
52125 16322
52125 16704
52131 6724
52153 15944
52155 2926
52155 11373
52155 16276
52155 16700
52155 21302
52178 84
52178 2733
52178 9096
52178 12781
52178 14578
52178 15474
52178 16486
52178 21915
52178 22776
52178 22811
52178 23589
52180 5494
52180 7770
52180 23217
52180 24086
52196 8642
52224 14221
52249 967
52249 1836
52249 1970
52249 2926
52249 4421
52249 5190
52249 8891
52249 9163
52249 10351
52249 12986
52249 13450
52249 13608
52249 13987
52249 16948
52249 17532
52249 23435
52249 23781
52249 24465
52276 17724
52286 14755
52288 7863
52323 18262
52327 18959
52328 22127
52328 22707
52333 5725
52342 21628
52354 15672
52368 4801
52368 5972
52393 418
52393 9203
52397 18298
52397 19035
52397 22028
52400 11725
52418 5553
52419 13057
52439 21304
52441 15045
52445 20468
52445 21485
52454 1322
52454 6428
52454 6490
52454 7234
52454 11175
52454 18014
52454 18627
52454 21641
52454 22117
52462 1739
52462 2752
52462 4431
52462 4564
52462 4818
52462 6245
52462 6816
52462 8863
52462 12079
52462 12165
52462 16918
52462 23348
52462 23600
52462 23888
52472 332
52472 15449
52472 18171
52472 18672
52472 22538
52477 1196
52491 7756
52494 17677
52509 6764
52509 14696
52513 20496
52520 2917
52556 23683
52557 11011
52564 1570
52564 5133
52564 12098
52577 598
52580 16830
52595 15649
52605 12600
52613 3869
52613 3907
52613 13390
52613 24082
52613 24304
52623 3879
52623 15671
52648 19976
52661 11641
52663 276
52663 1365
52663 2567
52663 2996
52663 4467
52663 5066
52663 6262
52663 6604
52663 6786
52663 6959
52663 7334
52663 9704
52663 10874
52663 10980
52663 11175
52663 14222
52663 14680
52663 15888
52663 16160
52663 16322
52663 17802
52663 18260
52663 18822
52663 19110
52663 20317
52663 23576
52663 23804
52663 24146
52665 792
52665 4810
52665 21917
52665 23503
52665 23513
52671 22380
52672 17104
52680 4429
52695 2198
52702 2497
52702 8215
52713 837
52713 978
52713 4985
52713 5364
52713 15803
52729 12972
52739 2276
52747 22376
52760 7361
52762 13030
52770 10990
52789 24550
52800 10100
52828 3290
52828 5119
52828 9723
52828 14920
52828 15235
52841 5317
52849 401
52849 9703
52849 9775
52849 9915
52849 17931
52849 20655
52849 20944
52853 1000
52853 2885
52868 4297
52872 858
52872 18962
52896 13551
52903 19043
52924 20504
52930 17706
52941 11429
52941 23825
52946 5163
52946 19641
52946 20858
52952 7170
52972 19859
53011 2474
53025 2917
53025 20550
53030 7933
53031 11436
53031 16895
53031 18449
53031 22002
53031 22398
53031 22527
53035 5925
53035 8600
53067 9281
53070 334
53070 16781
53070 24082
53103 5317
53103 23129
53104 1434
53111 20797
53116 8630
53118 8424
53132 14221
53132 20541
53132 21261
53144 490
53144 888
53144 3421
53144 5032
53144 16409
53144 17342
53144 22072
53151 4337
53151 21245
53151 21845
53152 4192
53167 4558
53167 11746
53167 14229
53182 12100
53182 15499
53207 23090
53213 170
53225 192
53225 3605
53233 5467
53237 13917
53242 18020
53254 20922
53259 375
53259 727
53259 1355
53259 2813
53259 2924
53259 3910
53259 4922
53259 5317
53259 5638
53259 10326
53259 11735
53259 12038
53259 12042
53259 15145
53259 15511
53259 17681
53259 18484
53259 19539
53259 19562
53259 19755
53259 20300
53259 21302
53259 21510
53259 22532
53259 22721
53259 23479
53259 23532
53259 23825
53269 13554
53269 15727
53291 5609
53292 10476
53303 7134
53303 8576
53303 11550
53303 12633
53312 1786
53312 3581
53312 12872
53312 13997
53312 15240
53312 16515
53312 21667
53312 23057
53316 17280
53321 18250
53333 8837
53333 12967
53333 15251
53333 19855
53333 21559
53335 9980
53366 17967
53368 529
53368 4585
53373 22795
53382 71
53382 770
53382 6593
53382 6745
53382 7387
53382 7572
53382 9132
53382 13887
53382 19359
53382 19547
53386 13528
53386 17904
53389 6670
53389 11074
53389 16906
53389 17893
53391 13139
53396 9413
53396 15842
53396 21057
53396 23091
53397 4979
53417 171
53417 3892
53417 10337
53417 13670
53429 15807
53431 12333
53431 15946
53436 5198
53436 23651
53482 23377
53490 8111
53490 17614
53490 21296
53497 5695
53497 8247
53497 17209
53512 9418
53517 3384
53517 8311
53517 8891
53517 13764
53517 17681
53517 18381
53529 1848
53529 5296
53529 8630
53529 11012
53529 14578
53529 16663
53532 8488
53532 14174
53532 20504
53534 2621
53534 9632
53534 10603
53534 12143
53534 20422
53534 21318
53534 22438
53541 22876
53565 2032
53565 4388
53572 4522
53586 7334
53586 10745
53586 17802
53591 20844
53607 1523
53607 3519
53607 3707
53607 4126
53607 4612
53607 4695
53607 4720
53607 5562
53607 6067
53607 6251
53607 7243
53607 8057
53607 9643
53607 10757
53607 13829
53607 15145
53607 16718
53607 17314
53607 17485
53607 18457
53607 18627
53607 18744
53607 19728
53607 19889
53607 20766
53607 20853
53607 21684
53607 21828
53607 22342
53607 23013
53607 24602
53608 6311
53608 12963
53608 24121
53613 373
53613 529
53613 2276
53613 4586
53613 12685
53616 14545
53658 4381
53658 15696
53658 16993
53658 23331
53677 9694
53682 12214
53698 16154
53701 284
53701 1174
53701 20247
53702 7084
53702 13488
53702 19878
53702 22367
53704 24349
53742 22753
53744 8248
53755 8401
53756 14313
53758 11411
53760 5093
53760 7654
53760 14499
53761 4494
53768 11362
53768 19901
53773 4900
53773 12214
53773 12698
53781 21889
53800 9315
53800 11717
53820 12941
53824 3866
53830 12686
53830 23487
53832 8076
53846 16122
53849 1432
53849 2129
53849 2522
53849 7562
53849 8066
53849 12710
53849 15477
53849 17263
53849 18767
53849 18878
53849 19521
53849 20448
53849 20804
53849 21429
53849 22538
53869 14273
53906 17443
53910 11205
53956 8868
53970 12165
53978 3760
53978 7991
53978 15992
53978 17398
53994 1310
53994 1758
53994 2894
53994 5523
53994 6032
53994 6817
53994 8570
53994 8575
53994 9099
53994 9516
53994 10592
53994 10825
53994 17983
53994 18253
53994 18572
53994 21288
53994 23025
53997 13755
53997 16073
53997 21339
53999 10327
53999 12707
53999 13134
54002 21193
54014 23273
54015 13202
54023 2439
54023 3971
54023 7912
54023 9440
54023 16322
54038 3943
54038 8324
54038 9910
54038 11303
54038 13117
54038 17658
54038 18719
54038 22739
54049 5851
54049 8933
54049 15875
54049 16830
54049 18782
54049 19694
54071 5066
54071 8006
54071 14996
54076 2947
54076 10331
54088 307
54088 1602
54088 2003
54088 11315
54088 13781
54088 18791
54088 22244
54097 9451
54102 6712
54102 15672
54104 9582
54117 16930
54127 22538
54148 20069
54149 24147
54152 1414
54157 15664
54158 10301
54158 13528
54158 14545
54158 15743
54158 24439
54162 2926
54164 14117
54164 19713
54165 18104
54165 20562
54187 23512
54188 11446
54193 8851
54199 4475
54199 7334
54199 21663
54209 1181
54209 8851
54209 17007
54209 19076
54213 14477
54213 16770
54213 22871
54213 23781
54235 258
54235 3036
54235 3627
54235 4285
54235 4393
54235 5545
54235 5567
54235 7969
54235 11084
54235 12005
54235 12164
54235 16826
54235 19647
54235 22660
54235 22817
54235 24484
54249 4283
54249 13818
54249 14959
54249 18307
54261 21084
54263 5307
54263 16270
54272 21313
54273 2396
54273 2567
54273 5066
54273 6697
54273 18594
54273 19537
54273 23209
54279 9641
54279 13085
54279 19159
54279 20844
54294 6557
54295 8665
54295 12674
54295 23130
54295 23467
54303 4563
54303 5408
54303 16073
54303 21339
54303 23989
54315 21251
54315 21262
54320 4818
54320 12165
54320 23888
54350 5723
54362 7485
54373 16700
54406 8435
54406 13012
54406 17851
54406 18307
54406 18644
54406 22938
54406 24055
54406 24166
54429 11260
54437 16708
54443 5942
54480 11430
54480 18356
54481 8087
54481 10366
54481 24077
54484 2143
54489 1208
54489 11411
54497 11725
54502 8796
54502 16088
54502 17051
54503 20914
54510 12207
54510 20924
54511 3125
54515 7050
54515 7896
54529 135
54529 373
54529 529
54529 2276
54529 4586
54529 6354
54529 12685
54529 21062
54533 8506
54533 10433
54533 19586
54535 13078
54535 16330
54538 1180
54538 3103
54538 3414
54538 4253
54538 4660
54538 6516
54538 7223
54538 8526
54538 8957
54538 10074
54538 11603
54538 11943
54538 13670
54538 15175
54538 16089
54538 16263
54538 16949
54538 19448
54538 23168
54538 23726
54584 558
54584 1504
54584 2428
54584 2519
54584 2946
54584 4993
54584 6499
54584 7963
54584 9047
54584 9805
54584 10792
54584 13717
54584 13875
54584 14763
54584 15627
54584 17754
54584 18253
54584 18807
54584 20389
54584 21511
54584 21563
54584 23407
54584 24453
54598 21495
54607 17064
54638 7301
54638 13720
54638 22244
54641 19904
54645 5184
54645 9070
54645 18771
54645 19315
54645 20422
54651 18921
54680 11666
54692 4972
54692 11132
54746 24141
54749 2465
54756 6945
54756 13467
54756 17512
54760 9384
54788 7886
54788 11132
54788 17165
54796 3216
54796 19422
54815 2576
54815 2887
54815 17169
54821 1702
54821 15627
54821 18727
54822 14194
54822 17328
54829 23745
54838 22384
54845 15070
54858 1739
54858 2752
54858 4431
54858 4564
54858 6245
54858 6816
54858 8863
54858 12079
54858 16918
54858 19905
54858 23348
54858 23600
54858 23888
54860 2556
54860 4571
54860 12644
54863 29
54863 277
54863 730
54863 731
54863 2519
54863 3320
54863 3548
54863 4500
54863 4847
54863 5307
54863 5545
54863 5752
54863 5936
54863 6039
54863 6870
54863 8098
54863 8777
54863 8914
54863 9635
54863 10439
54863 11009
54863 11814
54863 11930
54863 15678
54863 16059
54863 17725
54863 18179
54863 18274
54863 18938
54863 20350
54863 21906
54863 23781
54863 24278
54872 23722
54892 3836
54892 5547
54892 7339
54892 15609
54892 16111
54892 19014
54896 13162
54896 17083
54900 2422
54900 9092
54902 13030
54902 13096
54904 10656
54904 11440
54924 10086
54961 5119
54961 11856
54961 23255
54975 373
54975 529
54994 11550
55010 4930
55010 10780
55011 6287
55011 8959
55022 10366
55022 11306
55022 15865
55022 23745
55037 18766
55039 5408
55039 8181
55039 13243
55039 19910
55039 24303
55045 2652
55065 7304
55065 13135
55073 16380
55086 9980
55103 13030
55103 15727
55131 9591
55134 17807
55141 3434
55141 16241
55167 1787
55167 5305
55167 11830
55167 11896
55167 21503
55177 389
55187 373
55187 2276
55187 4586
55194 11543
55199 5914
55200 22571
55204 4416
55210 16073
55253 14352
55293 220
55299 1561
55299 3691
55299 8731
55299 12492
55299 13938
55299 15149
55325 16764
55340 18031
55340 21104
55353 5510
55353 13460
55356 22059
55368 10337
55368 23872
55372 7731
55373 18107
55375 16764
55382 3335
55434 18989
55436 92
55436 23759
55437 90
55437 2792
55437 7840
55437 8630
55437 13146
55437 13425
55437 14515
55437 17856
55437 23371
55443 2740
55443 2885
55443 5423
55443 23217
55443 24608
55454 15317
55454 18348
55454 18822
55454 21381
55466 4646
55466 5305
55466 5605
55466 7963
55466 17966
55501 23217
55510 23412
55524 3334
55524 18700
55544 7192
55544 8628
55544 12893
55544 13000
55544 20790
55544 22166
55544 23569
55551 5054
55551 6401
55551 8916
55551 18822
55557 5966
55562 4697
55562 6542
55562 8731
55562 9535
55562 9658
55562 15473
55562 16014
55562 17328
55562 18822
55563 1264
55563 1643
55563 2723
55563 11577
55563 14140
55563 19880
55563 21941
55563 22141
55563 23632
55568 529
55568 2276
55568 12685
55590 524
55590 1001
55590 22844
55597 21751
55597 23316
55601 4563
55601 9655
55601 16073
55601 23199
55604 529
55604 2276
55604 4585
55604 4586
55604 12685
55612 3311
55616 2448
55616 5862
55616 8630
55616 12836
55632 1506
55632 11328
55632 16986
55632 17602
55632 21238
55638 1261
55638 23843
55644 23995
55648 693
55648 10162
55648 20865
55652 1323
55652 15145
55666 770
55666 2864
55666 3629
55666 3664
55666 4015
55666 7572
55666 13878
55666 15649
55666 20876
55666 21302
55666 23057
55667 12273
55673 2276
55673 6334
55693 11853
55696 6597
55696 7835
55728 13505
55730 8298
55742 1165
55756 2792
55756 4504
55756 16656
55756 23371
55763 7765
55763 10705
55763 12251
55770 6168
55792 9748
55792 18777
55792 22471
55804 8864
55815 8837
55815 13030
55815 16086
55821 16723
55849 11570
55849 12914
55849 16909
55849 20398
55852 2571
55852 5570
55852 9694
55852 16417
55852 18665
55852 20077
55852 20844
55852 24314
55854 13577
55855 18525
55855 20555
55855 22783
55857 19644
55857 23316
55881 3942
55881 7745
55881 8844
55881 11076
55881 11344
55881 15631
55881 22963
55887 19875
55900 6351
55900 19582
55900 22660
55929 7646
55929 9626
55943 1199
55943 17971
55943 17985
55943 19820
55955 5317
55955 8274
55955 9366
55955 11611
55955 11763
55955 18170
55955 18171
55955 18348
55955 18665
55955 18878
55955 20448
55955 21361
55955 23064
56000 17395
56024 5317
56024 8657
56032 2652
56057 3897
56057 8780
56057 10217
56057 10942
56057 13240
56057 24133
56068 2770
56068 4251
56068 9164
56068 21367
56068 22792
56068 24375
56105 16727
56112 373
56112 529
56112 2276
56112 6354
56112 12685
56116 13243
56118 1863
56118 4094
56118 5523
56118 6767
56118 17769
56120 18847
56140 9413
56145 7264
56146 3140
56146 5143
56146 6108
56146 19897
56146 23349
56173 1339
56173 8078
56173 11012
56173 13528
56173 13647
56173 14520
56173 15743
56173 15971
56173 17021
56173 17904
56197 10868
56205 24299
56210 4341
56210 8360
56210 9089
56210 11431
56210 17477
56210 19220
56210 20281
56210 22389
56210 22997
56213 7170
56229 8109
56229 15706
56238 4039
56238 13763
56238 19979
56264 5722
56264 17884
56268 7974
56301 2865
56301 11881
56307 20120
56311 9062
56312 3983
56317 11896
56320 3664
56320 9530
56320 17491
56327 16830
56345 8950
56359 6526
56359 13243
56359 14966
56359 17242
56359 18307
56359 18885
56369 19713
56382 1004
56382 8016
56382 10398
56382 11757
56389 1547
56389 3858
56389 5129
56389 5531
56389 6490
56389 7735
56389 8157
56389 12323
56389 13411
56389 13599
56389 14518
56389 16014
56389 16974
56389 21483
56389 21573
56389 22556
56410 33
56410 2656
56410 12741
56410 19033
56426 8844
56434 9743
56435 20377
56440 8847
56440 10217
56440 14286
56440 24484
56474 237
56474 284
56474 674
56474 5655
56474 6645
56474 7273
56474 8041
56474 8851
56474 10439
56474 10588
56474 11826
56474 13615
56474 13844
56474 14215
56474 14403
56474 15342
56474 15912
56474 15971
56474 16693
56474 17914
56474 18487
56474 18791
56474 18851
56474 18933
56474 21206
56474 21857
56474 21953
56474 23571
56474 23607
56474 24194
56474 24484
56491 13172
56521 23557
56526 2885
56526 3334
56526 4455
56526 6385
56526 6568
56526 6867
56526 8247
56526 11804
56526 17982
56526 20728
56528 10409
56528 21012
56528 22522
56535 2276
56535 4585
56540 4648
56551 8291
56551 9910
56551 14169
56551 22003
56551 24272
56553 745
56553 2757
56553 2792
56553 10104
56553 10859
56553 14578
56553 15287
56553 16764
56553 17904
56556 158
56556 325
56556 598
56556 716
56556 936
56556 960
56556 980
56556 1063
56556 1129
56556 1243
56556 1602
56556 1702
56556 1787
56556 1945
56556 2047
56556 2057
56556 2238
56556 2333
56556 2586
56556 2822
56556 3607
56556 3620
56556 4000
56556 4139
56556 4758
56556 5049
56556 5259
56556 5367
56556 5433
56556 5498
56556 5667
56556 5694
56556 5981
56556 5984
56556 6134
56556 6158
56556 6364
56556 6399
56556 6562
56556 6991
56556 7207
56556 7273
56556 7487
56556 7580
56556 7590
56556 7955
56556 8010
56556 8053
56556 8561
56556 8575
56556 8714
56556 8854
56556 9164
56556 9254
56556 9395
56556 9880
56556 9896
56556 9982
56556 10152
56556 11558
56556 11850
56556 11907
56556 11949
56556 11980
56556 11996
56556 12100
56556 12172
56556 12181
56556 12203
56556 13017
56556 13198
56556 13251
56556 13314
56556 13573
56556 13923
56556 14016
56556 14024
56556 14164
56556 14545
56556 15027
56556 15342
56556 15361
56556 15999
56556 16045
56556 16374
56556 16764
56556 16795
56556 16825
56556 17254
56556 17561
56556 17632
56556 17698
56556 17872
56556 18083
56556 18207
56556 18263
56556 18783
56556 18791
56556 18808
56556 19007
56556 19168
56556 19627
56556 19708
56556 19823
56556 20707
56556 20914
56556 20942
56556 20980
56556 21012
56556 21072
56556 21111
56556 21763
56556 21774
56556 21798
56556 21814
56556 22019
56556 22249
56556 22473
56556 22484
56556 22509
56556 22601
56556 22781
56556 22792
56556 22816
56556 23020
56556 23113
56556 23160
56556 23212
56556 23227
56556 23449
56556 23607
56556 24031
56556 24192
56557 771
56557 9910
56557 14034
56558 25
56558 7268
56558 8061
56558 8542
56558 11370
56558 11818
56558 12154
56558 16425
56558 21450
56558 21804
56558 22616
56558 24177
56561 7084
56564 22498
56602 7591
56607 20680
56620 19534
56627 8914
56628 17944
56628 22299
56636 6725
56675 18901
56682 11440
56682 23501
56720 745
56720 1848
56720 7169
56724 209
56724 9902
56724 21807
56739 543
56739 8624
56739 17914
56739 23662
56746 23107
56749 9329
56774 4563
56807 832
56807 1806
56807 1840
56807 3682
56807 7660
56807 8228
56807 9481
56807 9942
56807 11303
56807 12214
56807 12309
56807 12704
56807 13562
56807 15893
56807 16163
56807 16909
56807 17790
56807 18352
56807 21387
56807 21715
56807 21751
56807 22176
56807 24158
56827 5382
56827 7610
56827 13776
56829 135
56829 12685
56848 5408
56848 15727
56848 18547
56851 12025
56851 21036
56870 2692
56870 16409
56875 5713
56875 19728
56884 14504
56886 16073
56886 17918
56886 22795
56891 5044
56891 14283
56891 17589
56891 21112
56891 21421
56891 22289
56891 23316
56893 8379
56893 20407
56909 1956
56909 11620
56909 14276
56909 16204
56909 23783
56914 13952
56924 12367
56924 16795
56939 1167
56939 1478
56939 1966
56939 2427
56939 2849
56939 3043
56939 3619
56939 4270
56939 4396
56939 4399
56939 4937
56939 5465
56939 7052
56939 7225
56939 7662
56939 8175
56939 8264
56939 8489
56939 8652
56939 9144
56939 9176
56939 9904
56939 9955
56939 10113
56939 10148
56939 10385
56939 11370
56939 12099
56939 12301
56939 12399
56939 12793
56939 13048
56939 13144
56939 13672
56939 13673
56939 13946
56939 14119
56939 14309
56939 14496
56939 14668
56939 14929
56939 14969
56939 16192
56939 16700
56939 17815
56939 18499
56939 19366
56939 19930
56939 20207
56939 20221
56939 20846
56939 21122
56939 21302
56939 21941
56939 22090
56939 22220
56939 22237
56939 22356
56939 22963
56939 23378
56939 24010
56940 6746
56945 2061
56954 6367
56954 12021
56954 12341
56954 22878
56954 23264
56960 6568
56970 8251
56983 10159
56986 1739
56986 2752
56986 4431
56986 4564
56986 4818
56986 6816
56986 8863
56986 12079
56986 16918
56986 23348
56986 23888
57013 8431
57013 23516
57014 21109
57026 12964
57056 11022
57056 21859
57056 23989
57068 14331
57112 2276
57112 4586
57112 7220
57112 21062
57112 22608
57123 17692
57126 7152
57126 13285
57126 20282
57133 5732
57139 14837
57140 12042
57140 16243
57143 429
57143 24604
57146 17815
57147 21588
57153 598
57153 4741
57153 10902
57153 10985
57153 13647
57153 14520
57153 15839
57153 20138
57153 21069
57153 22498
57153 23915
57153 24000
57153 24132
57154 2983
57154 9655
57154 17169
57154 24550
57168 147
57168 581
57168 665
57168 1174
57168 2567
57168 2698
57168 5597
57168 5632
57168 7003
57168 9666
57168 11667
57168 12005
57168 12613
57168 14578
57168 14767
57168 15039
57168 16740
57168 21373
57168 24007
57168 24087
57178 2873
57178 11802
57194 432
57194 806
57194 1912
57194 2129
57194 7111
57194 8697
57194 20925
57194 22970
57195 15833
57212 20169
57217 2102
57218 334
57218 1174
57218 4382
57218 5557
57218 6902
57218 8211
57218 8247
57218 9558
57218 10439
57218 12095
57218 12996
57218 13844
57218 21111
57218 22390
57218 24468
57225 1228
57225 1308
57225 1582
57225 3391
57225 3794
57225 4645
57225 4976
57225 5777
57225 5849
57225 6124
57225 6551
57225 7171
57225 7735
57225 8377
57225 8495
57225 8734
57225 9515
57225 10074
57225 10525
57225 10706
57225 11102
57225 11306
57225 11561
57225 11931
57225 12283
57225 12345
57225 13008
57225 13080
57225 13213
57225 13399
57225 13506
57225 13769
57225 14192
57225 14362
57225 14492
57225 14523
57225 14526
57225 15106
57225 15343
57225 15641
57225 15768
57225 15927
57225 16326
57225 16843
57225 17468
57225 17491
57225 17499
57225 17565
57225 17758
57225 17958
57225 17964
57225 19387
57225 19405
57225 19451
57225 19736
57225 19922
57225 19999
57225 20048
57225 20129
57225 20132
57225 20267
57225 20640
57225 21560
57225 21804
57225 21878
57225 22403
57225 22534
57225 22837
57225 23086
57225 23107
57225 23256
57225 23506
57225 23674
57225 23879
57225 23900
57226 4972
57227 6678
57227 10940
57227 11611
57227 16387
57231 3863
57239 1286
57239 20409
57299 12568
57303 6825
57303 8959
57303 12568
57303 15057
57303 20854
57303 22342
57304 21229
57337 7997
57347 21137
57347 23107
57347 23989
57351 12941
57360 22495
57372 4673
57372 7045
57372 19175
57374 23268
57411 1428
57411 1643
57411 4063
57411 4748
57411 8652
57411 9535
57411 16460
57411 16634
57411 16664
57411 18785
57411 19930
57411 20771
57411 24002
57431 9678
57433 10681
57449 5093
57452 11358
57454 13577
57454 19112
57461 7914
57462 22599
57463 17918
57466 1017
57466 18119
57466 23169
57482 4376
57513 2292
57514 21003
57520 12130
57522 5317
57522 8714
57522 14017
57522 18348
57522 22939
57535 3661
57535 5225
57535 13231
57535 20961
57535 21264
57535 23036
57535 23211
57535 23802
57558 11205
57581 6526
57582 2290
57582 6529
57582 6927
57582 10112
57582 13228
57582 14641
57582 16625
57582 17184
57582 17435
57582 21788
57582 22249
57582 23243
57585 3918
57585 16975
57596 304
57596 5012
57596 8179
57596 11038
57596 14088
57596 15146
57596 16546
57596 17863
57596 21665
57601 2762
57601 9953
57601 11398
57601 20581
57601 21079
57627 8575
57646 13276
57646 14301
57664 8404
57682 7093
57700 16798
57701 20557
57702 11199
57702 21615
57703 6284
57712 22522
57718 3232
57718 7979
57718 10815
57718 10836
57718 18214
57718 20227
57718 24388
57724 23024
57724 23381
57748 18510
57748 18734
57748 20350
57748 22660
57753 12114
57767 3129
57780 19566
57785 662
57785 921
57785 1411
57785 2345
57785 5789
57785 6374
57785 6419
57785 7110
57785 7591
57785 7843
57785 8413
57785 9715
57785 9908
57785 10333
57785 10987
57785 12112
57785 12685
57785 12964
57785 14162
57785 15559
57785 16270
57785 16507
57785 17095
57785 18881
57785 19287
57785 19754
57785 20410
57785 20539
57785 22276
57813 11597
57813 15402
57819 4508
57819 12835
57819 13288
57819 22589
57819 23337
57834 3264
57848 22217
57879 378
57879 7490
57883 21264
57891 12422
57897 3919
57897 6536
57897 14606
57897 16530
57897 20569
57897 23124
57901 674
57901 22498
57902 4646
57902 7956
57902 8935
57922 4486
57922 17051
57925 10688
57925 20865
57925 21444
57925 22403
57927 9281
57927 17083
57930 10626
57967 2356
57986 4660
57986 10150
57989 1848
57989 6115
57989 7840
57989 12936
57989 16764
57989 22127
57989 22753
57990 21859
58004 6153
58004 11586
58004 14649
58019 16196
58030 3548
58030 6610
58030 8598
58030 8602
58030 12203
58030 14164
58030 14429
58030 14440
58030 16795
58030 21217
58030 21814
58030 24307
58067 1453
58068 11719
58097 7228
58097 15251
58097 17918
58098 2921
58098 5911
58098 24176
58120 12834
58121 17397
58122 12163
58131 5531
58133 4972
58135 19639
58145 11160
58145 16913
58145 19007
58163 10118
58174 18876
58176 8098
58176 11807
58176 13811
58176 24387
58179 5329
58179 22138
58190 17918
58197 17325
58203 12855
58203 12887
58203 13287
58203 15732
58203 17958
58203 19074
58207 15359
58207 24172
58218 5759
58218 6568
58218 20032
58218 22806
58222 14510
58222 16649
58228 8597
58228 10656
58228 18427
58228 21414
58244 16146
58253 16764
58253 18791
58258 3918
58277 7242
58277 7669
58277 10885
58277 23467
58279 9763
58294 9665
58306 2457
58306 6379
58306 12393
58306 18451
58313 10574
58324 17953
58324 23843
58333 5377
58347 16567
58349 4381
58349 9369
58353 2231
58377 17860
58379 14996
58392 8630
58402 12971
58412 3820
58434 3593
58434 18135
58434 22922
58434 23121
58437 17792
58443 12836
58447 8851
58457 10339
58481 3943
58481 5220
58481 5317
58481 7107
58481 7814
58481 8979
58481 9910
58481 11744
58481 16507
58481 20877
58481 21745
58492 8415
58492 8925
58492 11411
58492 14696
58492 14755
58492 15522
58492 23898
58496 3501
58516 178
58545 12095
58557 18869
58557 23679
58560 21081
58562 8559
58574 10324
58575 21262
58576 14553
58584 11725
58585 373
58585 529
58585 2276
58585 4586
58585 6354
58589 8161
58599 3274
58599 9775
58601 4832
58601 23674
58601 24339
58609 7748
58612 8827
58614 4879
58625 11362
58625 20340
58625 23501
58631 1029
58634 15764
58635 8669
58635 10873
58635 21721
58647 1809
58647 16771
58647 23235
58656 2576
58656 15471
58660 7872
58695 21834
58700 5440
58700 22753
58704 12685
58713 3461
58713 12861
58730 15738
58742 5723
58742 20771
58747 2641
58747 9002
58747 24431
58759 6308
58759 11190
58761 12741
58762 10153
58764 2792
58782 8040
58782 13303
58782 18113
58804 7028
58820 6379
58833 8325
58833 13192
58833 13520
58837 2985
58837 10710
58839 6682
58839 10803
58855 12985
58855 16579
58868 6385
58876 22964
58887 7748
58887 8409
58892 2110
58892 14878
58892 16157
58910 11822
58911 3217
58911 13031
58911 13971
58911 19164
58911 19659
58911 21045
58911 21095
58911 24130
58917 1364
58930 11208
58963 11725
58983 7793
58989 10922
58989 18890
58993 19783
58998 11907
59009 3149
59009 10463
59009 11983
59009 15139
59009 21367
59038 16795
59059 7361
59059 23963
59071 9388
59071 21255
59071 23945
59078 13802
59082 13211
59082 14578
59082 15724
59135 15587
59137 529
59137 2276
59137 4585
59164 529
59164 2276
59164 12685
59188 1129
59188 10674
59188 19443
59189 17099
59198 7809
59198 11770
59236 13185
59258 4662
59267 9187
59267 10936
59286 4014
59295 647
59295 16831
59295 20619
59305 1174
59305 1525
59305 1812
59305 8784
59305 12056
59305 12786
59305 14418
59320 10281
59323 1630
59323 17576
59366 4988
59369 18052
59369 20419
59375 6669
59375 18179
59382 12996
59395 14603
59395 19408
59395 21111
59415 2220
59425 17867
59425 18624
59432 17105
59449 13713
59455 9262
59476 16518
59480 8506
59490 3869
59490 5517
59490 11730
59490 15693
59490 16478
59501 374
59501 563
59501 969
59501 1446
59501 2179
59501 8719
59501 11173
59501 11494
59501 17732
59501 18113
59501 20051
59501 21492
59501 22980
59501 23487
59501 23812
59503 7668
59534 1831
59534 12123
59540 9941
59540 22497
59555 11754
59555 16124
59583 19889
59612 3364
59612 9704
59612 12229
59612 18593
59612 19369
59612 21158
59612 23836
59615 17502
59639 14313
59651 19775
59656 3487
59656 5704
59656 9585
59656 16507
59656 22372
59659 194
59659 13892
59659 19464
59665 14205
59681 7258
59699 12107
59700 1447
59700 13716
59700 15379
59704 5616
59704 8508
59704 15462
59704 21339
59704 23003
59704 23331
59704 23419
59721 2897
59721 7560
59721 10386
59721 20091
59732 7499
59732 21752
59732 22633
59766 5700
59773 7591
59773 8698
59773 15627
59774 259
59774 22392
59777 943
59777 4071
59777 10098
59777 18734
59777 20704
59777 21264
59785 11260
59788 3870
59788 9945
59788 23835
59806 6231
59815 8714
59826 3235
59826 8959
59826 15696
59826 16993
59826 20894
59845 4347
59845 8943
59856 672
59856 3482
59856 6871
59856 12005
59856 18274
59856 24278
59871 2036
59871 16946
59871 22291
59871 23081
59872 23096
59895 58
59895 12665
59895 18081
59913 10966
59946 2882
59947 5237
59947 11635
59952 9544
59952 19126
59952 24170
59973 9313
59975 12019
59982 7398
59988 16764
59997 8134
60009 18462
60014 11513
60058 2402
60058 4167
60058 4988
60058 6041
60058 7835
60058 9901
60058 11745
60058 13830
60058 15891
60058 17923
60058 22792
60058 24457
60058 24554
60065 12973
60067 14096
60067 14932
60072 1858
60072 2417
60072 5428
60072 9378
60072 15223
60072 16797
60072 18583
60072 19121
60072 21565
60075 21339
60095 11718
60097 8006
60097 18448
60099 3006
60099 16483
60099 22443
60137 17242
60140 3631
60140 4563
60140 5142
60140 5408
60140 9655
60140 15064
60140 17280
60140 18159
60140 18315
60140 18847
60143 334
60143 12816
60143 15406
60143 18919
60143 22498
60143 23465
60143 23656
60145 21299
60146 22587
60148 2276
60148 6354
60148 12685
60156 16112
60157 4520
60157 18599
60168 8475
60188 18881
60194 21313
60205 11251
60219 1136
60219 1179
60219 1180
60219 5523
60219 7814
60219 9541
60219 9715
60219 15580
60219 17522
60219 19923
60219 23025
60225 16014
60233 22008
60235 19543
60244 3048
60253 5620
60253 18602
60264 18959
60265 11707
60270 11266
60270 20103
60270 24462
60289 12741
60303 3335
60303 3564
60303 12483
60305 1384
60305 2611
60305 22795
60333 3274
60335 1739
60335 2752
60335 4431
60335 4564
60335 6245
60335 6816
60335 8765
60335 8863
60335 12079
60335 12165
60335 16918
60335 23348
60335 23600
60335 23888
60351 23001
60359 7543
60361 3200
60361 11288
60361 19131
60361 20191
60377 13817
60391 3918
60391 15045
60393 7220
60412 20621
60458 5782
60458 8150
60458 23465
60462 23243
60466 3334
60487 6354
60487 12685
60487 17248
60487 21062
60491 5233
60491 9541
60491 17266
60499 15555
60506 14488
60540 15744
60548 5258
60550 23698
60580 5523
60580 7364
60580 10309
60580 12162
60580 12680
60580 12876
60580 16197
60580 17908
60580 20103
60580 23269
60580 23544
60582 17556
60601 21848
60614 6692
60625 5884
60626 21164
60635 923
60664 23564
60694 20251
60702 7357
60702 18708
60705 22938
60712 11752
60716 9213
60720 5097
60722 13211
60727 15727
60736 6568
60745 11149
60748 1251
60748 5130
60748 6912
60748 14549
60748 16241
60748 21944
60751 11528
60752 13287
60752 17860
60773 4046
60777 8661
60778 18291
60792 10594
60805 7307
60805 7646
60805 18053
60815 3409
60815 14815
60824 18950
60830 5114
60830 19783
60865 2423
60865 11830
60865 11931
60865 20788
60865 20877
60878 911
60882 502
60882 10745
60886 5254
60888 15696
60902 3922
60902 5494
60902 13570
60902 15499
60902 15649
60902 17750
60902 22919
60903 4315
60904 4848
60904 12733
60904 17893
60904 23107
60904 23570
60910 16700
60911 13936
60922 2223
60922 8568
60922 10454
60922 11218
60922 16163
60923 13336
60932 1993
60937 14386
60954 10228
60954 15351
60954 21721
60956 9275
60959 730
60963 18178
60963 23538
60987 6165
60987 10862
60987 12323
60987 17328
60987 18822
60987 21381
60990 9327
60992 22079
60993 11889
60997 5226
60997 20414
61002 6542
61003 21969
61018 21897
61023 10882
61035 14429
61035 19242
61036 11611
61037 3317
61039 6119
61039 14659
61062 15836
61087 2360
61087 3906
61087 7427
61087 8448
61087 15706
61087 16863
61087 20789
61087 21116
61087 22968
61087 23298
61088 13844
61088 16781
61088 21857
61093 8447
61100 22742
61107 837
61107 17566
61110 17390
61134 2732
61134 19183
61150 6334
61150 19754
61158 6874
61161 1739
61161 2752
61161 4431
61161 4564
61161 6245
61161 6816
61161 8863
61161 12079
61161 12165
61161 16918
61161 23348
61161 23600
61161 23888
61208 9258
61208 11446
61209 177
61209 249
61209 568
61209 1582
61209 1604
61209 1899
61209 2030
61209 2379
61209 3065
61209 3379
61209 3820
61209 4146
61209 4893
61209 5746
61209 5881
61209 7052
61209 7249
61209 7417
61209 8101
61209 8495
61209 8535
61209 8556
61209 8645
61209 9045
61209 9909
61209 9910
61209 10224
61209 10316
61209 10692
61209 11277
61209 11301
61209 11341
61209 11419
61209 11657
61209 11725
61209 11808
61209 12388
61209 12399
61209 13445
61209 13572
61209 13608
61209 13641
61209 13946
61209 13982
61209 14078
61209 14305
61209 15533
61209 16460
61209 16579
61209 17237
61209 17252
61209 17323
61209 17931
61209 18493
61209 18628
61209 18672
61209 18796
61209 19948
61209 20188
61209 20307
61209 20753
61209 21234
61209 21677
61209 22106
61209 22188
61209 23091
61209 23191
61209 23554
61209 23826
61212 287
61212 649
61212 734
61212 1089
61212 1122
61212 1199
61212 1337
61212 1975
61212 3547
61212 4522
61212 5309
61212 9040
61212 9187
61212 15982
61212 16714
61212 16795
61212 20914
61212 24453
61213 8844
61275 11340
61275 16657
61279 7370
61286 6957
61286 19443
61292 16846
61293 13012
61306 22994
61313 9918
61313 21629
61327 2393
61328 3909
61344 4121
61367 1091
61367 2207
61367 24183
61408 6351
61408 16741
61422 9616
61446 7192
61447 20484
61447 23722
61470 16796
61473 4507
61473 7628
61473 18605
61473 19110
61486 373
61486 529
61486 2276
61486 4324
61486 6354
61486 16399
61486 22084
61490 5259
61490 20646
61508 21238
61508 23107
61518 13031
61528 2837
61528 3607
61528 7072
61528 9896
61528 10104
61528 10409
61528 13844
61528 16796
61528 16857
61528 19408
61528 23196
61540 13284
61542 16835
61555 11303
61555 12746
61555 20248
61555 22742
61566 13016
61566 18605
61566 19110
61576 8851
61576 11334
61576 12408
61576 20539
61576 23412
61606 1057
61630 1161
61642 22086
61643 17095
61657 1000
61657 2885
61657 4455
61657 8253
61657 20728
61668 4500
61668 11008
61668 21298
61672 5269
61672 8650
61693 20794
61694 20547
61697 24177
61712 14520
61712 18791
61721 9585
61723 2921
61723 4463
61723 5055
61723 5697
61723 6336
61723 6776
61723 8095
61723 9054
61723 11742
61723 16376
61723 17402
61723 18130
61723 22563
61723 24071
61726 19096
61743 23091
61760 18443
61772 12481
61772 12921
61772 16061
61775 18421
61801 14622
61801 17338
61801 18752
61801 20152
61801 22571
61801 24441
61805 13418
61805 24484
61806 11303
61806 23525
61812 15259
61812 20913
61820 17579
61824 5494
61833 18081
61841 11017
61841 22571
61848 5609
61849 11569
61858 19389
61861 8750
61861 12087
61861 23525
61862 9910
61865 872
61865 1446
61865 3337
61865 4350
61865 10811
61865 12674
61865 14080
61865 14107
61865 17927
61865 18360
61865 18986
61865 21041
61865 22276
61865 22322
61872 8251
61872 11965
61872 20625
61878 14546
61878 17266
61880 22344
61880 22968
61886 5447
61886 8634
61897 3274
61897 21178
61898 5209
61898 22623
61918 6755
61918 8427
61918 8852
61918 9528
61918 13435
61918 15139
61918 17514
61918 17769
61918 17983
61918 18446
61918 23243
61918 23412
61919 12434
61922 14064
61936 23382
61942 14317
61944 11142
61944 22569
61954 576
61968 21364
61969 19025
61972 2367
61972 3898
61972 8325
61983 12367
61990 2673
61991 17377
62018 17770
62040 1944
62040 23177
62045 5317
62045 6348
62045 10045
62045 14814
62045 16079
62045 18715
62045 19096
62045 23518
62045 24120
62064 4853
62064 9780
62068 13888
62094 9969
62096 11176
62099 22241
62107 23311
62113 23600
62120 15001
62120 16890
62126 4155
62126 7273
62126 10460
62126 18782
62131 2848
62155 2885
62155 4318
62155 13577
62155 20148
62162 21860
62205 14834
62221 2885
62221 8247
62221 13577
62231 10861
62231 11129
62238 373
62238 529
62238 2276
62238 20935
62244 7641
62267 639
62267 2487
62267 3898
62267 3918
62267 5368
62267 5662
62267 11109
62267 13755
62267 18550
62267 21339
62267 21575
62267 22079
62267 22817
62267 23023
62267 23831
62268 2268
62268 12238
62268 14486
62268 20167
62268 22989
62285 114
62287 8194
62308 13218
62316 1129
62316 4028
62331 8066
62340 13755
62346 4598
62370 5254
62370 12451
62370 12647
62370 24531
62372 20844
62375 18605
62375 19110
62402 3758
62402 5440
62402 6623
62402 8764
62402 20506
62402 22915
62402 23118
62404 2571
62404 13969
62428 23880
62428 23917
62432 21628
62456 2506
62456 15398
62457 20288
62463 13500
62463 21013
62463 22008
62469 10787
62473 5751
62473 5975
62473 7733
62473 9281
62473 9303
62473 9559
62473 10307
62473 11848
62473 12816
62473 12820
62473 13522
62473 13844
62473 15030
62473 15743
62473 17988
62473 19657
62473 20191
62473 20908
62473 21087
62473 21653
62473 24320
62494 4382
62494 6985
62494 9246
62494 10060
62494 15185
62494 16657
62494 19076
62494 19621
62494 21798
62494 23383
62498 8650
62498 10366
62508 1199
62509 2792
62509 20457
62512 15533
62512 20844
62514 11814
62514 20878
62518 1840
62518 6340
62518 8107
62518 16163
62518 17308
62555 10619
62569 20844
62573 11811
62580 5494
62580 8181
62594 2563
62600 3455
62604 13251
62604 14690
62604 16796
62628 12871
62643 223
62644 13753
62657 6956
62686 1365
62692 18523
62693 5232
62704 4585
62704 7220
62704 21062
62722 22008
62728 5317
62728 14564
62728 18642
62728 20731
62728 21609
62754 9707
62762 4699
62762 13555
62776 16706
62777 23217
62779 1504
62779 2412
62784 11363
62792 3615
62792 16572
62792 23366
62799 2295
62806 1348
62806 7505
62806 16847
62806 23065
62835 16458
62835 16993
62843 5234
62843 12887
62843 19959
62846 17364
62849 2068
62849 13162
62853 292
62853 5263
62853 5632
62853 11597
62853 13752
62853 14172
62853 14731
62853 18428
62853 19217
62853 22680
62854 8361
62858 10
62858 139
62858 281
62858 1211
62858 1466
62858 1729
62858 1731
62858 1836
62858 1970
62858 2528
62858 3043
62858 3629
62858 3750
62858 3942
62858 4015
62858 4146
62858 4192
62858 4261
62858 4270
62858 4733
62858 5595
62858 5801
62858 6276
62858 6506
62858 7173
62858 8024
62858 8454
62858 8676
62858 8757
62858 9132
62858 9144
62858 9176
62858 9410
62858 9573
62858 9587
62858 9738
62858 10072
62858 10079
62858 10113
62858 10351
62858 10652
62858 11112
62858 11165
62858 11460
62858 11655
62858 11735
62858 12253
62858 12301
62858 13445
62858 13450
62858 13506
62858 13576
62858 13626
62858 13809
62858 13887
62858 13987
62858 14172
62858 14309
62858 14402
62858 14645
62858 14658
62858 14969
62858 15280
62858 15963
62858 16192
62858 16700
62858 17262
62858 17323
62858 17341
62858 18546
62858 18785
62858 19021
62858 19160
62858 19323
62858 19490
62858 19767
62858 19930
62858 20074
62858 20279
62858 20643
62858 20876
62858 21296
62858 21302
62858 21450
62858 21510
62858 21675
62858 21828
62858 21910
62858 21941
62858 21977
62858 22141
62858 22318
62858 22725
62858 22788
62858 23036
62858 23282
62858 23526
62858 23532
62858 23621
62858 23762
62858 24615
62867 6985
62867 9314
62867 18776
62868 8959
62868 16993
62889 9823
62897 19955
62899 2894
62912 192
62912 4455
62912 8253
62912 10656
62912 20289
62912 20728
62919 18576
62919 20288
62919 21965
62925 15257
62925 18573
62925 21048
62949 5055
62949 10050
62949 13726
62949 15175
62960 15897
62963 1509
62963 3940
62963 4142
62963 11196
62963 12068
62963 12794
62963 16384
62963 23436
62963 23569
62963 24193
62970 107
62970 668
62970 1254
62970 4847
62970 6996
62970 7384
62970 8413
62970 8851
62970 9164
62970 10071
62970 10618
62970 12017
62970 13456
62970 14493
62970 14948
62970 17095
62970 17212
62970 22792
62973 13304
62979 6197
62979 6669
62979 17861
62989 15066
62990 3855
62990 8448
63017 3607
63017 4504
63017 12118
63017 12788
63017 14306
63017 22155
63017 23100
63017 24095
63019 10395
63020 4000
63020 22498
63020 24349
63037 432
63037 7439
63049 9891
63049 16930
63049 22096
63053 18242
63055 8508
63055 15391
63070 3015
63092 2873
63094 8714
63094 24437
63095 649
63095 4091
63118 1368
63118 1457
63118 2648
63118 3270
63118 9240
63118 15259
63118 17584
63118 21756
63118 22680
63152 3396
63152 17723
63152 20730
63152 22036
63152 22068
63152 23948
63152 24082
63157 9694
63157 21503
63163 2885
63163 5356
63163 10656
63163 16365
63165 8889
63166 4406
63171 7992
63171 11218
63171 13126
63171 19025
63178 12035
63202 6856
63206 16208
63210 11026
63215 8171
63215 8851
63215 12773
63215 16524
63215 18734
63215 18851
63215 20945
63215 24517
63234 4017
63234 10506
63234 14814
63234 18348
63236 8424
63236 24097
63237 16764
63269 17974
63278 15819
63279 14024
63295 300
63317 3004
63338 10127
63341 7518
63341 7929
63341 16752
63369 3156
63369 7895
63369 11112
63369 13593
63369 15259
63369 15869
63369 17341
63369 24044
63372 2392
63384 15337
63388 17012
63391 11966
63391 13570
63391 14132
63391 15224
63391 18633
63391 22660
63411 3927
63416 13599
63432 802
63432 2792
63432 3982
63432 4306
63432 4504
63432 5259
63432 5667
63432 9164
63432 10504
63432 12111
63432 13119
63432 14578
63432 16383
63432 17083
63432 17923
63432 18364
63432 19407
63432 23635
63432 24468
63480 24263
63484 23091
63484 23337
63485 2792
63490 2225
63497 20789
63497 23946
63541 10281
63566 14996
63566 17329
63566 24452
63569 10049
63585 7363
63598 13088
63598 18278
63598 20364
63598 23467
63624 3015
63624 13182
63624 14221
63642 802
63642 6286
63642 7914
63642 13670
63642 14578
63642 14636
63642 16261
63642 17345
63642 18177
63642 18343
63642 18907
63642 22808
63667 18259
63679 21264
63683 197
63683 523
63683 22792
63683 23544
63693 16857
63696 2567
63696 11957
63696 18015
63696 23001
63700 211
63700 8630
63700 22753
63711 2640
63711 2815
63711 24217
63729 23667
63731 5665
63731 8161
63731 18348
63731 24121
63733 1736
63735 6102
63737 127
63737 1855
63737 17747
63738 4381
63738 10169
63738 23798
63742 10656
63742 12786
63749 14993
63765 2599
63765 8844
63765 10780
63765 12393
63765 12528
63765 13129
63765 22478
63765 23039
63771 13319
63771 17494
63781 1063
63781 2003
63781 3337
63781 4239
63781 19443
63786 8630
63786 21172
63792 2908
63792 17017
63815 2174
63815 14942
63815 21606
63818 9169
63818 10452
63823 3140
63823 5523
63831 22890
63837 21775
63838 18767
63847 23778
63849 5966
63849 10439
63849 19923
63849 20689
63858 9613
63862 22947
63870 17652
63874 14578
63875 6407
63886 7394
63886 19533
63886 23475
63898 16249
63919 7538
63919 8844
63940 2102
63940 10868
63940 20365
63945 2954
63945 11518
63945 15674
63945 16714
63964 4606
63964 10621
63964 11358
63964 22101
63965 17328
64004 13442
64019 16928
64019 18441
64019 19996
64036 13465
64043 2032
64045 14714
64070 24288
64100 20940
64135 3453
64135 3619
64135 20924
64149 24422
64151 1508
64151 3156
64151 3384
64151 13887
64151 17341
64151 17651
64156 8776
64159 9518
64159 13215
64159 18451
64168 1224
64168 2007
64168 4548
64168 6590
64168 7717
64168 10386
64168 11040
64168 14202
64168 17657
64168 19144
64182 1324
64182 3409
64182 4079
64182 4832
64182 6209
64182 10452
64182 13949
64182 14667
64182 19755
64182 22018
64182 23064
64184 3129
64184 5317
64184 8916
64184 17387
64184 18348
64184 22079
64195 16150
64197 20572
64198 6568
64198 12551
64199 386
64199 12631
64228 9910
64234 10910
64256 2457
64256 3994
64272 4706
64274 8181
64288 14578
64293 17383
64293 20639
64304 23729
64334 14060
64352 16097
64352 20165
64362 23
64362 2379
64362 2632
64362 3333
64362 3445
64362 4352
64362 5010
64362 5317
64362 6153
64362 6593
64362 7417
64362 8276
64362 9132
64362 9209
64362 9377
64362 9870
64362 10448
64362 11362
64362 11808
64362 12055
64362 12421
64362 13287
64362 13290
64362 14202
64362 14222
64362 14752
64362 14978
64362 15055
64362 15145
64362 15204
64362 16278
64362 16464
64362 17341
64362 18307
64362 19323
64362 19460
64362 19999
64362 20316
64362 20621
64362 21433
64362 22122
64362 22156
64362 23524
64362 23532
64362 24044
64362 24274
64362 24317
64363 6208
64380 16200
64380 20913
64402 2774
64402 3898
64402 4140
64402 6054
64402 9471
64402 12846
64402 18360
64402 22446
64406 18092
64406 18614
64406 23900
64409 936
64409 24453
64417 22560
64418 13434
64429 11682
64429 22871
64451 4808
64469 542
64469 1440
64469 3006
64469 6746
64469 8978
64469 15527
64469 15771
64487 741
64487 15144
64487 16198
64487 18525
64498 1021
64498 3244
64498 3278
64498 9092
64498 9476
64498 9589
64498 12685
64498 20218
64508 13667
64512 320
64512 7591
64592 15361
64597 8274
64597 21433
64604 8040
64604 10336
64604 17429
64604 18113
64613 1937
64613 2324
64613 6581
64613 14527
64613 24123
64633 5562
64636 4470
64636 5581
64636 12520
64636 17662
64636 18443
64636 18639
64636 18826
64636 20041
64636 23258
64649 1768
64649 4673
64649 20324
64649 24431
64657 15666
64667 352
64667 7727
64667 11918
64668 112
64668 2584
64668 6923
64668 9629
64668 10465
64668 14477
64668 17837
64672 15727
64672 22795
64698 11507
64698 24326
64709 19590
64718 2231
64718 3782
64718 5081
64718 5663
64718 8370
64718 8630
64718 9142
64718 13667
64718 15850
64718 18938
64718 19923
64718 20611
64718 22281
64718 24144
64722 6877
64727 2885
64727 13577
64727 14051
64727 20728
64727 21867
64767 19178
64768 7839
64783 2276
64783 7220
64783 14527
64790 1093
64790 21137
64796 5032
64806 3918
64806 5408
64808 744
64808 2195
64808 9884
64808 20459
64808 22813
64815 8780
64820 6354
64820 12685
64820 22084
64823 23081
64904 10859
64904 20994
64910 6674
64913 5010
64913 23024
64925 21447
64926 2567
64926 5808
64926 5831
64926 9039
64926 18869
64932 7840
64941 19738
64944 4504
64957 16595
64967 2398
64970 3560
64970 10594
64972 1698
64972 12383
64987 1239
64987 1323
64987 4142
64987 4815
64987 5263
64987 7243
64987 7830
64987 8933
64987 9904
64987 9984
64987 11008
64987 11205
64987 12457
64987 13404
64987 13473
64987 15259
64987 17037
64987 17572
64987 18441
64987 20913
64999 21886
65025 3922
65025 13969
65026 9421
65027 14637
65033 3578
65034 5307
65034 6645
65034 7812
65034 8894
65034 9762
65034 10829
65034 11662
65034 11707
65034 11925
65034 11930
65034 14673
65034 16250
65034 18852
65034 19647
65034 20924
65034 21396
65034 22241
65034 23243
65034 23269
65054 5924
65067 135
65069 10229
65072 23503
65074 13528
65089 3491
65089 13821
65089 18356
65089 18734
65093 15814
65095 8093
65103 4608
65103 9134
65103 18534
65116 5957
65121 11566
65138 1899
65138 5261
65138 13445
65139 1685
65139 2937
65139 3679
65139 8134
65139 12267
65139 12751
65139 14966
65139 15792
65139 16578
65139 17728
65154 17858
65155 6568
65155 12462
65155 14056
65155 21313
65155 24608
65169 18894
65181 739
65181 1303
65181 10085
65194 16877
65213 14486
65220 4522
65221 5482
65221 5993
65221 8505
65221 11026
65221 14272
65221 16307
65221 20607
65238 14696
65244 4831
65244 17790
65258 1188
65259 1896
65259 7113
65265 14578
65318 19330
65323 1977
65333 2494
65333 5923
65343 1251
65343 22087
65345 9331
65345 9437
65345 11251
65345 12367
65345 22372
65360 10592
65360 12134
65360 12324
65360 21814
65362 7727
65362 9313
65362 13261
65362 17233
65364 23069
65379 616
65379 1067
65379 13224
65380 14696
65399 8242
65409 13483
65409 18039
65409 23117
65410 10146
65410 13203
65410 18525
65410 20835
65446 5382
65446 8690
65446 15926
65446 16720
65446 21307
65447 23316
65447 24292
65483 10859
65484 23501
65486 11718
65495 21258
65538 13525
65552 8181
65565 9295
65575 8577
65576 16176
65577 13909
65577 19950
65609 15490
65616 745
65616 2655
65616 3607
65616 8851
65616 9582
65616 24321
65629 346
65629 16390
65635 10876
65635 20263
65666 22294
65667 23600
65672 438
65672 3628
65672 20583
65678 2792
65681 2540
65681 6521
65681 20307
65687 12741
65687 16069
65690 20784
65704 18092
65704 24006
65709 792
65709 14596
65710 23503
65712 4648
65713 13030
65713 24550
65722 11611
65724 13506
65740 2929
65740 18094
65742 1739
65742 2752
65742 4431
65742 4564
65742 4818
65742 6245
65742 6816
65742 8863
65742 12079
65742 12165
65742 16918
65742 23348
65742 23600
65742 23888
65752 20812
65760 9096
65777 10064
65798 3986
65798 11026
65798 11814
65798 15440
65802 21721
65811 1730
65811 5330
65811 7731
65811 10431
65811 12493
65811 12668
65811 12849
65811 12895
65811 14251
65811 16894
65811 18171
65811 20170
65811 23166
65811 24203
65827 7338
65830 135
65830 529
65838 2873
65840 1063
65840 4504
65840 9093
65840 9582
65840 12851
65840 20897
65840 21041
65852 10728
65862 16270
65865 15271
65886 18263
65890 17512
65901 4807
65901 10985
65901 15499
65901 17747
65901 22723
65906 504
65906 14398
65908 2192
65908 4470
65908 9873
65908 10602
65908 12439
65908 13367
65908 13475
65908 13506
65908 13744
65908 14546
65908 15782
65908 17169
65908 17724
65908 19144
65908 22289
65908 22453
65908 23924
65923 12268
65953 3943
65958 15609
65977 2584
65978 7793
66001 2567
66009 1377
66009 2448
66009 2792
66009 5228
66009 5557
66010 24282
66020 4257
66020 8408
66026 24517
66029 4321
66029 5920
66029 13030
66029 17174
66029 22082
66062 10072
66072 2792
66075 4500
66082 19547
66083 3565
66083 18126
66092 14578
66106 7614
66123 21364
66126 5634
66126 9271
66126 12612
66126 13467
66126 15706
66126 17700
66126 18393
66126 24214
66129 284
66129 365
66129 943
66129 4522
66129 4699
66129 5291
66129 7384
66129 7863
66129 12231
66129 12846
66129 14686
66129 15060
66129 16310
66129 16494
66129 18791
66129 19657
66129 20539
66143 20789
66164 23012
66172 15614
66174 7152
66174 12440
66179 6751
66179 8787
66179 10652
66179 11600
66179 11725
66179 13243
66179 15371
66179 15656
66179 19358
66179 21399
66179 22896
66200 322
66208 400
66208 2822
66208 16576
66208 17522
66208 20259
66208 21692
66212 4435
66212 9527
66212 15496
66212 16020
66212 21507
66212 21709
66232 4376
66235 471
66235 2897
66235 10556
66235 11769
66235 14562
66242 4504
66242 8630
66242 11012
66258 135
66258 373
66258 529
66258 2276
66258 4324
66258 4585
66258 4586
66258 6354
66258 7220
66258 12685
66258 14527
66258 16399
66258 17248
66258 18454
66258 19754
66258 21062
66258 22084
66258 22608
66270 1722
66270 17982
66270 18525
66285 2167
66286 1225
66290 17277
66303 478
66305 21864
66313 4851
66323 1916
66340 8163
66358 20878
66358 24097
66387 7803
66391 1443
66397 9164
66397 19638
66404 14488
66404 23337
66408 22938
66417 11757
66417 22295
66426 251
66453 7101
66453 10855
66453 15660
66453 23194
66457 9311
66457 18547
66479 20728
66479 23501
66483 3237
66483 4081
66483 4865
66483 5546
66483 8539
66483 12738
66483 13240
66483 13506
66483 14042
66483 15641
66483 16226
66483 20590
66483 23826
66495 418
66495 1787
66495 2221
66495 3421
66495 4674
66495 9779
66495 11152
66495 11353
66495 12110
66495 14096
66495 15533
66495 23064
66495 24497
66506 12741
66506 20496
66516 13105
66521 5083
66521 24452
66523 6568
66523 17692
66546 11217
66554 5148
66554 9078
66554 9707
66554 12207
66554 12576
66554 15762
66554 18348
66554 19343
66554 22938
66554 23568
66554 24029
66554 24121
66565 13228
66599 13146
66610 10551
66633 398
66633 3916
66633 21850
66648 22472
66661 7045
66662 10833
66715 9469
66771 2246
66773 6312
66773 11028
66773 13477
66773 14852
66773 16752
66773 17781
66808 10436
66812 11934
66821 4731
66824 20504
66838 2546
66838 3710
66838 13415
66838 21697
66843 8765
66849 745
66871 15656
66873 2796
66880 10862
66881 17692
66887 12685
66887 16399
66916 7537
66944 20484
66949 13244
66954 4853
66954 5015
66954 11109
66954 11745
66954 13011
66954 21079
66954 23538
66954 23676
66957 1000
66957 1443
66957 4902
66957 19112
66957 20728
66986 6208
66986 7672
67011 170
67011 980
67011 2634
67011 2756
67011 2938
67011 7419
67011 7561
67011 9164
67011 9920
67011 10060
67011 12664
67011 12836
67011 15337
67011 18092
67011 21396
67011 21575
67011 22019
67011 22400
67011 23053
67054 16443
67063 21165
67068 6163
67079 943
67079 7975
67079 8761
67079 10859
67079 17021
67079 18919
67084 22534
67091 10326
67091 16697
67091 21313
67096 667
67104 10318
67104 15490
67104 15604
67104 19331
67104 21339
67104 22032
67104 22233
67104 22425
67105 7863
67105 8630
67110 22380
67123 7870
67123 11173
67123 12477
67123 16313
67162 9780
67162 23797
67176 12685
67185 5697
67185 20248
67188 6822
67188 8661
67188 11830
67188 16576
67190 8127
67190 15001
67195 1993
67204 10434
67212 4586
67214 20865
67216 9763
67216 11197
67220 9448
67220 12382
67232 12661
67234 4402
67234 7111
67236 4432
67236 23145
67238 1722
67238 16680
67238 17982
67257 649
67273 1921
67273 16596
67274 5414
67279 12973
67290 2188
67294 19554
67299 1631
67299 15862
67299 20695
67303 9096
67303 16210
67303 16511
67303 20353
67315 7334
67324 8052
67324 10221
67327 21478
67331 2240
67331 13085
67334 13963
67334 20984
67335 4327
67336 953
67370 529
67370 7220
67370 12685
67372 14996
67394 2300
67394 12208
67394 17692
67429 8773
67440 1030
67440 4741
67440 14520
67440 22498
67443 3452
67443 5975
67443 6301
67443 19621
67446 22776
67467 18443
67467 22614
67481 15241
67490 23950
67491 4365
67491 5290
67491 9215
67491 13942
67491 17109
67491 22301
67494 20704
67503 8448
67516 18812
67533 21779
67536 2365
67536 8404
67536 11889
67536 21809
67540 112
67540 2584
67540 3932
67540 9024
67540 9323
67540 11603
67540 11683
67540 13678
67540 15580
67540 20599
67540 23872
67545 202
67545 19245
67546 16986
67580 7591
67580 7843
67580 18618
67580 24006
67592 882
67592 1462
67606 20235
67617 22569
67621 18164
67638 7939
67638 8033
67638 17846
67660 452
67660 12883
67660 13469
67662 334
67662 980
67662 1661
67662 3452
67662 3607
67662 4349
67662 4494
67662 4699
67662 4741
67662 4773
67662 4906
67662 4969
67662 5002
67662 5259
67662 5533
67662 6645
67662 6905
67662 6943
67662 7975
67662 8010
67662 8636
67662 8641
67662 8665
67662 8903
67662 10005
67662 10301
67662 10956
67662 11369
67662 11398
67662 11538
67662 12483
67662 12875
67662 13017
67662 13251
67662 13789
67662 13844
67662 14308
67662 15070
67662 16383
67662 16404
67662 16681
67662 16808
67662 17638
67662 18032
67662 18083
67662 18734
67662 19408
67662 19621
67662 21857
67662 22599
67662 23053
67662 23948
67695 4829
67718 373
67718 2276
67738 7895
67741 3274
67741 7256
67743 344
67743 5923
67743 11611
67743 16611
67743 19774
67744 15936
67751 4245
67758 14493
67773 1406
67773 2413
67773 16969
67773 21781
67775 2885
67775 12786
67775 13577
67775 23217
67779 6262
67779 11870
67779 23337
67799 3501
67799 7930
67801 900
67803 13504
67804 13785
67815 19845
67815 20426
67815 23086
67820 5882
67823 12421
67828 1323
67828 22955
67831 1679
67831 14578
67861 160
67861 5066
67861 8780
67884 14266
67906 20800
67911 3129
67911 3384
67911 3629
67911 6941
67911 8823
67911 9132
67911 9635
67911 9915
67911 10370
67911 11965
67911 13887
67911 13893
67911 14402
67911 15259
67911 16720
67911 17501
67911 18890
67911 19323
67911 19573
67911 21165
67911 21450
67911 24208
67918 2604
67918 5709
67919 12440
67919 13643
67926 7743
67930 19699
67930 24086
67934 2796
67934 15888
67934 21287
67943 18451
67966 2356
67966 14130
67967 6286
67971 1104
67971 22564
67978 14162
67986 9910
67988 3607
67988 4571
67988 17283
67988 21084
67988 22753
68008 15225
68008 15830
68008 23685
68019 158
68019 7879
68019 12851
68019 14578
68019 24453
68033 7852
68051 10217
68051 15982
68051 21798
68058 3918
68058 23331
68068 11132
68068 15271
68068 15605
68088 4494
68097 8326
68097 18967
68097 23503
68113 15727
68114 676
68117 84
68117 9897
68117 17222
68140 21754
68140 22637
68146 4566
68153 529
68153 2276
68153 4585
68153 6354
68153 18454
68161 4372
68161 4374
68161 15696
68161 16993
68161 18404
68161 24415
68174 5368
68180 3836
68180 6311
68180 8558
68180 15081
68180 17863
68180 17877
68180 19441
68180 20407
68180 20611
68183 731
68183 4320
68183 4471
68183 11893
68183 14243
68183 23207
68192 13904
68196 20653
68202 11550
68203 135
68203 12685
68203 21062
68203 23262
68205 9579
68205 11830
68205 22837
68222 2632
68242 5228
68244 22753
68245 4225
68249 9099
68249 18852
68261 10127
68264 3627
68264 10450
68264 12095
68264 23915
68278 12065
68278 16874
68278 23525
68290 3501
68296 10507
68296 12767
68350 135
68350 2242
68358 5317
68358 9775
68358 10704
68358 17364
68358 18307
68358 21143
68358 23231
68383 712
68383 1122
68383 5035
68383 5523
68383 5533
68383 6351
68383 8631
68383 10528
68383 14164
68383 14301
68383 14361
68383 15982
68383 16825
68383 17745
68383 18371
68383 18970
68383 19759
68383 19854
68383 20364
68383 21798
68395 18325
68396 6312
68403 8757
68408 2885
68408 12786
68408 13577
68408 20870
68411 2493
68411 4272
68411 4648
68411 4920
68411 5317
68411 8666
68411 11748
68411 13831
68411 14535
68411 15368
68411 17637
68411 18130
68411 22571
68411 22834
68417 3916
68417 14408
68417 21264
68421 5849
68430 1104
68430 2558
68430 2672
68430 10563
68430 15296
68464 18092
68464 18248
68492 529
68492 1739
68492 2276
68492 2752
68492 4431
68492 4564
68492 4818
68492 6245
68492 6334
68492 6816
68492 8863
68492 12079
68492 12165
68492 16918
68492 23348
68492 23600
68492 23888
68495 19601
68507 373
68507 529
68509 11592
68522 7542
68522 11983
68522 20952
68534 5093
68543 20628
68547 8851
68557 10935
68557 14755
68558 2885
68558 24444
68584 16795
68584 17140
68584 22753
68598 9743
68598 19962
68631 9635
68633 3964
68646 4225
68646 11022
68648 2359
68654 23287
68670 17224
68677 14396
68677 18773
68693 6867
68693 8253
68758 10973
68758 16867
68763 13117
68768 10588
68778 529
68778 12685
68780 23217
68791 3125
68791 6568
68791 19903
68818 2231
68820 7523
68822 7554
68822 13714
68824 2863
68824 3249
68835 23096
68841 8819
68841 17841
68852 23316
68872 5094
68875 19533
68899 17000
68917 4225
68917 21859
68919 9774
68919 15743
68933 13575
68936 7895
68936 10020
68948 18031
68948 23720
68955 5001
68955 23607
68960 7423
68960 9355
68960 17571
68968 22276
68973 5848
68973 8630
68973 18841
68973 19283
68973 22498
68974 2838
68974 16726
68975 1985
68977 2197
68977 10005
68977 13844
68977 14212
68977 16781
68978 1617
68978 5225
68978 6098
68978 11735
68981 13887
68992 373
68992 529
68992 2276
69004 10274
69004 15635
69011 6639
69013 16048
69029 21043
69049 15656
69049 20844
69054 3897
69054 14864
69054 17095
69054 23538
69059 16764
69060 2292
69060 14878
69068 22968
69071 14511
69071 15171
69071 21643
69077 787
69077 2849
69077 3311
69077 4015
69077 4620
69077 5921
69077 6592
69077 8175
69077 8918
69077 8945
69077 8964
69077 9366
69077 9738
69077 11142
69077 11763
69077 11808
69077 14305
69077 14645
69077 18170
69077 19539
69077 19767
69077 21302
69077 21675
69077 22220
69077 23471
69079 3489
69079 5408
69079 5609
69079 12323
69079 15897
69079 18822
69079 20332
69079 21381
69079 23722
69080 2740
69080 6385
69080 8253
69080 14051
69080 16267
69091 21683
69094 22501
69097 7380
69124 1723
69124 10529
69124 20650
69128 2792
69128 5440
69128 7554
69128 8630
69128 15139
69128 19759
69128 22753
69128 23915
69138 12941
69138 22276
69142 10366
69142 11306
69144 6022
69144 22079
69149 2885
69149 8247
69149 20728
69150 14326
69150 15038
69150 22473
69163 1193
69172 10481
69172 12107
69172 16539
69187 5923
69187 13194
69187 18691
69189 6887
69189 18837
69193 19738
69211 8489
69211 16006
69216 21255
69225 13742
69225 13945
69234 529
69234 2276
69252 1027
69252 4657
69252 6590
69252 7701
69252 13172
69252 15957
69252 16003
69252 16122
69252 19674
69252 21116
69254 9002
69254 23669
69269 19503
69279 4753
69284 2863
69284 3682
69284 4827
69284 5573
69284 9166
69284 9374
69284 13554
69284 15620
69284 18348
69284 19713
69284 22390
69306 18541
69306 23087
69306 23989
69309 2054
69313 12506
69313 13829
69315 19657
69315 24517
69331 12408
69347 8539
69381 9766
69381 10372
69381 20447
69385 6615
69388 5910
69388 13405
69388 17831
69388 18303
69388 23513
69389 11945
69392 1261
69392 24086
69414 529
69414 2276
69414 12685
69433 10157
69433 13304
69433 17355
69433 20074
69433 22677
69446 10145
69448 18593
69469 17198
69493 21227
69496 3494
69503 3237
69503 3271
69503 13506
69503 20865
69503 22138
69507 4972
69508 11822
69508 12388
69508 16830
69508 23036
69527 1388
69527 5782
69531 375
69531 516
69531 1323
69531 1461
69531 5097
69531 11897
69531 18341
69531 18698
69531 21453
69531 22557
69537 4088
69558 13265
69562 22705
69577 7629
69577 12644
69577 12741
69607 11858
69607 12883
69607 13469
69607 15259
69607 16109
69607 19235
69612 137
69612 3322
69612 4813
69612 11730
69612 17091
69612 21252
69615 15340
69619 17492
69621 529
69621 2276
69621 6354
69631 1575
69642 5920
69671 6385
69673 13667
69679 1181
69681 1513
69681 18348
69685 662
69688 5370
69693 23989
69712 9351
69712 16714
69712 16764
69712 22400
69736 4382
69736 19204
69736 19876
69740 8851
69740 9807
69740 9908
69753 7568
69758 5199
69758 5291
69758 14303
69758 15325
69758 16524
69758 19035
69758 22028
69758 22473
69764 126
69764 258
69764 598
69764 839
69764 1030
69764 1758
69764 3898
69764 5663
69764 7419
69764 7631
69764 10241
69764 10687
69764 12380
69764 12653
69764 13277
69764 13284
69764 16154
69764 18034
69764 18446
69764 20027
69764 21230
69764 22498
69764 23243
69769 23090
69773 1413
69773 1749
69773 1993
69773 5153
69773 5925
69773 8544
69773 8757
69773 8851
69773 9240
69773 9666
69773 10895
69773 11037
69773 11076
69773 12050
69773 17614
69773 18082
69773 19552
69773 20890
69773 21775
69773 23825
69773 24598
69798 24047
69830 5613
69830 16425
69830 17958
69839 9352
69853 9910
69858 20539
69865 10019
69923 10857
69938 8028
69938 8801
69938 23191
69939 23405
69944 8596
69959 5763
69972 22285
69993 9417
69994 2885
69994 6867
69994 8253
69994 20032
69994 22806
69996 20484
70008 6340
70008 7334
70008 16800
70008 17802
70009 1369
70009 1387
70009 1848
70009 8630
70009 14578
70009 16663
70009 22753
70023 1538
70023 2604
70023 16067
70025 18381
70025 21941
70028 14578
70034 529
70034 4586
70037 9604
70040 4477
70040 17148
70040 19358
70057 13893
70057 19562
70057 21450
70057 24322
70079 17360
70079 17992
70136 18959
70137 5666
70137 23826
70138 18135
70138 18643
70140 944
70140 5744
70140 9703
70140 17288
70163 3335
70163 5296
70163 7114
70163 15944
70163 19407
70165 6053
70165 12323
70165 12688
70165 14652
70165 15738
70165 17569
70165 20725
70190 18348
70192 17095
70198 135
70198 7220
70198 17248
70226 15664
70235 18010
70241 14578
70254 6951
70267 1314
70272 13311
70278 14578
70278 23538
70279 21857
70310 13375
70313 14612
70313 20386
70319 9663
70325 1102
70325 17522
70328 668
70328 2305
70328 14212
70328 19618
70328 20924
70335 8096
70335 19559
70352 13164
70379 1457
70381 9879
70382 511
70391 9451
70409 7641
70409 22070
70409 24452
70430 4356
70430 15674
70473 3395
70473 11824
70473 19359
70510 15699
70510 16975
70519 1351
70519 8010
70519 9199
70519 9880
70519 10770
70519 13789
70519 20137
70519 22809
70529 7871
70529 15371
70529 21711
70568 5901
70578 17918
70579 11502
70595 1219
70595 4078
70598 10517
70632 20349
70637 1260
70637 6312
70646 19683
70648 8650
70648 20634
70650 1235
70650 1339
70650 9132
70650 14096
70650 15608
70650 15660
70650 15695
70650 16720
70650 17364
70650 19728
70650 21453
70650 22331
70650 22416
70657 11040
70658 5467
70658 23055
70677 3000
70677 8358
70677 18841
70677 22127
70685 12851
70689 1691
70689 3408
70689 4076
70689 5583
70689 6713
70689 8997
70689 10012
70689 11303
70689 12459
70699 4585
70704 3334
70705 4586
70705 11698
70706 7023
70706 17677
70708 5295
70708 9395
70710 10871
70720 1788
70724 2595
70724 3125
70724 8488
70724 10546
70724 17692
70726 8502
70726 21203
70735 23501
70736 3140
70755 3548
70765 4150
70771 5382
70771 6523
70771 7610
70771 10930
70771 13776
70776 21167
70786 4200
70786 5408
70786 9658
70786 21402
70786 23331
70788 4674
70788 22739
70791 10439
70792 2792
70792 4504
70792 14578
70792 22753
70825 373
70825 529
70825 2276
70842 14468
70852 373
70852 529
70852 2276
70852 4586
70852 6354
70852 21062
70862 10874
70878 242
70878 5966
70880 2505
70880 16197
70880 18809
70880 22372
70890 18451
70894 8335
70894 21374
70907 7152
70909 365
70909 2377
70909 2792
70909 6043
70909 7242
70909 12085
70909 13634
70909 16722
70909 22707
70909 23467
70918 14696
70931 21664
70942 13925
70942 19396
70942 20484
70948 6829
70948 17884
70969 3221
70969 13554
70969 22586
70969 24120
70970 6485
70979 3916
70979 18667
70979 21512
71012 7811
71012 19657
71012 23607
71017 9374
71034 8053
71046 4688
71078 3501
71078 23331
71079 11210
71108 125
71113 2641
71127 1619
71138 12698
71184 1211
71184 5225
71184 7830
71188 18223
71193 11999
71193 23531
71195 5622
71198 10452
71198 13389
71198 15086
71198 15271
71198 23064
71200 2251
71200 24254
71202 6618
71210 14427
71219 4505
71219 15519
71227 2179
71232 5826
71237 22968
71244 4372
71244 24236
71245 13691
71246 375
71246 3281
71246 10855
71253 23856
71256 6621
71259 5204
71259 8500
71265 1836
71265 3156
71265 3193
71265 3284
71265 3384
71265 6563
71265 6709
71265 7173
71265 7384
71265 8757
71265 8938
71265 9086
71265 10079
71265 10113
71265 11370
71265 15978
71265 19547
71265 20448
71265 21013
71269 18425
71272 5753
71272 14589
71288 17253
71288 19112
71291 15643
71291 17095
71305 24410
71309 5044
71316 8006
71319 4608
71323 2885
71333 16799
71345 19250
71367 4969
71368 13336
71368 20746
71389 7641
71389 23570
71399 7501
71406 9153
71410 9715
71411 5335
71411 9914
71411 12100
71411 13615
71417 13311
71427 17568
71427 24415
71428 3897
71436 23331
71442 14839
71451 4972
71451 18738
71460 10281
71483 15337
71483 18092
71505 3031
71505 13844
71505 18130
71505 23698
71526 3335
71526 8161
71526 15259
71545 14268
71553 4585
71554 598
71554 20653
71556 3156
71570 14578
71571 9698
71574 11077
71582 20110
71583 2863
71587 4571
71587 7728
71587 11935
71587 14996
71587 22155
71599 20639
71606 56
71612 5859
71612 20288
71616 4500
71616 7588
71616 17129
71620 11858
71620 18032
71634 6116
71635 21387
71636 21664
71641 14500
71645 16374
71655 7220
71696 22503
71701 11725
71702 6433
71707 8749
71709 5984
71714 7794
71725 19365
71728 529
71728 4585
71733 11260
71736 5173
71740 10816
71741 4134
71741 10506
71748 211
71756 691
71757 12766
71772 2116
71772 3214
71772 6025
71772 9172
71779 9910
71779 22983
71788 12790
71791 3898
71791 10687
71815 18828
71854 15435
71862 157
71862 367
71862 492
71862 778
71862 895
71862 1145
71862 1258
71862 1329
71862 2533
71862 3071
71862 3462
71862 3476
71862 3609
71862 3669
71862 4878
71862 4968
71862 5590
71862 5591
71862 6260
71862 6293
71862 6327
71862 7708
71862 7978
71862 8268
71862 8977
71862 9063
71862 9291
71862 9444
71862 10294
71862 10511
71862 10586
71862 10919
71862 11444
71862 11499
71862 11701
71862 12102
71862 12947
71862 13007
71862 13246
71862 13313
71862 13517
71862 13536
71862 14237
71862 14635
71862 14899
71862 15519
71862 15736
71862 17313
71862 17353
71862 17463
71862 17477
71862 18454
71862 18763
71862 18946
71862 19869
71862 20036
71862 20387
71862 20560
71862 21644
71862 21808
71862 23047
71862 23292
71862 23499
71862 24400
71862 24568
71862 24586
71869 7274
71878 1883
71878 2667
71878 5535
71878 6041
71878 9056
71878 11114
71878 11251
71878 11983
71878 12330
71878 13481
71878 18262
71878 20809
71878 21403
71878 22311
71878 22486
71878 24001
71881 3701
71881 3814
71881 9734
71896 15727
71916 3011
71917 307
71917 1063
71917 1369
71917 15060
71917 21779
71931 735
71931 804
71931 7890
71931 10243
71931 12963
71931 15416
71931 17522
71931 20340
71931 21253
71931 21632
71931 21867
71931 24052
71931 24314
71935 7412
71935 10988
71940 3943
71940 4563
71940 5408
71940 16073
71940 17918
71961 1749
71961 4234
71961 12067
71961 16855
71961 18799
71961 19728
71961 21775
71967 3983
71967 10366
71967 10659
71967 12741
71967 18257
71967 20542
72000 22571
72004 3274
72037 18034
72043 20943
72058 8575
72059 2796
72089 8131
72109 1264
72109 7331
72109 11853
72109 13219
72109 13237
72109 16220
72109 19074
72109 20771
72121 5723
72121 19503
72129 3333
72129 19893
72135 9311
72141 2885
72141 6867
72141 6916
72145 6313
72145 17539
72145 22876
72145 23467
72147 18459
72147 23267
72149 4585
72149 12998
72152 404
72152 544
72152 11279
72152 12868
72164 16064
72165 12031
72170 6876
72171 17636
72183 8300
72187 4307
72196 7220
72197 15699
72197 23503
72219 14789
72228 5523
72228 14847
72232 745
72232 847
72232 1848
72232 2792
72232 7114
72232 7669
72232 9764
72232 10985
72232 13720
72232 16727
72232 22753
72244 2268
72261 14162
72261 21440
72265 4067
72271 15727
72280 29
72280 329
72280 1219
72280 1746
72280 1892
72280 1939
72280 2957
72280 3576
72280 3898
72280 4408
72280 4419
72280 7273
72280 8859
72280 10272
72280 11232
72280 11437
72280 11859
72280 11910
72280 12311
72280 12522
72280 13875
72280 17898
72280 18805
72280 18808
72280 18931
72280 19507
72280 19708
72280 20072
72280 21403
72280 22114
72280 22242
72280 22715
72280 23377
72280 23438
72280 23615
72280 23767
72281 14488
72294 17982
72295 8915
72295 17165
72295 21745
72306 15591
72306 21349
72325 15153
72329 9763
72329 14578
72329 16764
72329 21450
72353 6972
72353 8650
72353 8943
72353 12309
72353 22166
72359 10941
72368 16661
72384 13184
72384 19159
72384 20844
72401 1419
72401 14051
72401 19119
72407 12973
72419 8098
72430 10049
72442 12117
72442 23110
72446 373
72446 529
72446 2276
72448 529
72448 2276
72448 4585
72448 6334
72448 12685
72450 18307
72461 437
72461 943
72461 1340
72461 1801
72461 2435
72461 2603
72461 2647
72461 2894
72461 3123
72461 3727
72461 3769
72461 3898
72461 4312
72461 5035
72461 5307
72461 6996
72461 7021
72461 7217
72461 8539
72461 8851
72461 10569
72461 13067
72461 13208
72461 13284
72461 14902
72461 17095
72461 17184
72461 17206
72461 17711
72461 17717
72461 17861
72461 19044
72461 21710
72461 21788
72461 21892
72461 23243
72465 2899
72466 3622
72479 529
72479 6354
72481 21440
72493 3484
72493 10557
72493 15241
72493 21855
72494 10843
72509 505
72509 1129
72509 1388
72509 3337
72509 4215
72509 5782
72509 6562
72509 6905
72509 6957
72509 7975
72509 8953
72509 9680
72509 10789
72509 17083
72509 21656
72509 22094
72509 22473
72509 22976
72509 23114
72509 23246
72509 24000
72510 16733
72525 1388
72525 7897
72535 22583
72538 3853
72538 9229
72538 13679
72538 19770
72541 8247
72562 16073
72562 22294
72565 11992
72565 14804
72565 17121
72565 22940
72565 23217
72588 529
72588 2276
72588 21062
72591 23538
72604 19537
72624 2290
72624 2825
72624 3237
72624 3391
72624 4352
72624 4462
72624 5132
72624 6059
72624 6095
72624 6363
72624 6604
72624 7268
72624 10016
72624 11102
72624 11351
72624 13608
72624 14994
72624 15162
72624 15371
72624 16818
72624 18516
72624 19809
72624 20852
72624 23810
72628 11022
72628 21559
72631 20574
72642 14696
72645 114
72645 23487
72646 10140
72683 8275
72693 1777
72701 23010
72708 7619
72725 5359
72725 8968
72725 13159
72725 13938
72725 14048
72725 18878
72725 21393
72725 23064
72725 23503
72736 19923
72742 16067
72745 12514
72745 12988
72745 13429
72745 18093
72745 18696
72745 20205
72745 21217
72745 21855
72759 597
72759 872
72759 4659
72759 8575
72759 9582
72759 10279
72759 10942
72759 13003
72759 13088
72759 15038
72759 22885
72766 3475
72796 7863
72813 16737
72816 742
72816 4508
72816 4648
72816 5999
72816 6840
72816 17817
72816 19503
72833 20784
72835 15727
72837 24452
72850 10217
72850 15569
72854 2195
72884 14631
72884 15843
72884 18603
72884 23436
72900 13229
72921 11774
72932 16541
72932 17963
72932 19619
72932 22776
72934 1067
72934 6074
72934 8854
72934 11830
72934 14705
72934 16576
72934 17329
72934 22837
72970 15271
72970 15605
72973 3685
72973 19269
72976 1809
72976 6786
72976 9313
72976 9666
72976 10745
72976 18859
72976 23107
72980 17879
72983 2615
72985 12072
72988 5377
73030 353
73030 2515
73030 2827
73030 3979
73030 10121
73030 10592
73030 10730
73030 14308
73030 15307
73030 18919
73030 19552
73030 19783
73030 20980
73030 24453
73032 1937
73035 703
73035 3240
73035 4912
73035 11754
73035 15897
73041 15631
73041 16700
73041 23825
73048 170
73048 365
73048 452
73048 943
73048 1504
73048 2531
73048 2767
73048 2894
73048 3696
73048 3907
73048 4088
73048 4139
73048 5383
73048 5544
73048 6914
73048 7207
73048 7330
73048 8358
73048 9680
73048 9880
73048 10065
73048 10409
73048 12883
73048 13190
73048 13370
73048 13844
73048 14690
73048 14735
73048 15743
73048 15789
73048 16045
73048 16388
73048 16764
73048 17446
73048 18278
73048 18851
73048 19235
73048 19283
73048 19657
73048 21792
73048 21874
73048 22707
73048 22800
73048 24366
73048 24458
73049 23352
73079 22720
73080 521
73080 1014
73080 1509
73080 3865
73080 4142
73080 5096
73080 16366
73083 14637
73104 424
73104 7914
73104 11095
73104 11203
73117 2999
73134 137
73134 7728
73134 8094
73134 12522
73134 12738
73134 17861
73134 17914
73134 22305
73138 12905
73138 14757
73138 14814
73138 20448
73147 18139
73147 23009
73149 24461
73155 15199
73156 4824
73176 8414
73176 10982
73176 22637
73188 5258
73188 17033
73193 16916
73209 17868
73216 20730
73227 81
73227 9890
73227 22520
73248 16006
73248 19783
73250 23304
73259 13500
73265 5289
73268 917
73268 8828
73268 15490
73268 15523
73291 5320
73291 16419
73301 529
73301 4324
73301 12685
73322 14797
73324 2759
73324 5751
73324 19096
73324 20901
73324 22295
73324 24453
73325 10110
73345 1539
73345 2939
73363 6106
73363 17233
73367 13224
73367 22736
73383 20285
73396 2792
73396 14045
73406 19345
73406 23229
73422 9190
73424 3089
73456 1369
73456 8188
73456 12408
73456 14515
73456 16092
73456 20707
73456 22571
73456 22773
73456 23371
73464 20102
73481 7963
73491 4128
73491 19988
73534 10366
73534 17758
73558 4503
73558 18052
73558 19470
73558 19855
73558 20078
73558 21597
73558 23878
73564 15897
73567 13375
73575 1087
73575 5077
73575 8504
73575 10618
73575 18798
73575 19030
73575 23874
73585 16764
73595 15774
73595 19406
73599 13710
73615 8448
73615 19198
73620 5493
73624 11793
73625 24500
73628 1973
73628 5909
73639 20652
73668 3235
73668 16993
73685 6379
73689 15768
73690 19195
73699 11403
73713 20207
73718 10140
73718 15897
73718 17328
73718 18822
73730 20037
73732 15727
73733 3642
73733 3863
73733 5440
73733 6957
73733 11081
73733 12875
73733 13615
73733 14520
73733 22473
73733 23467
73733 23915
73735 21357
73735 22380
73739 14352
73739 17020
73744 8808
73750 307
73750 745
73750 1369
73750 1414
73750 1577
73750 1848
73750 2068
73750 3335
73750 3660
73750 5374
73750 6313
73750 7114
73750 7863
73750 8041
73750 8630
73750 8851
73750 9296
73750 9764
73750 12773
73750 13162
73750 13634
73750 14545
73750 14578
73750 15971
73750 16663
73750 16887
73750 17904
73750 19783
73750 20730
73750 22069
73750 24439
73764 14578
73780 3526
73780 6905
73780 10098
73780 12647
73780 13130
73780 13677
73780 20557
73791 16421
73811 1739
73811 2752
73811 4431
73811 4564
73811 4818
73811 6245
73811 6816
73811 8863
73811 12079
73811 12165
73811 23348
73811 23600
73811 23888
73821 8161
73831 6673
73831 6786
73831 8714
73831 11303
73831 14452
73831 17792
73850 16045
73854 152
73854 730
73854 1892
73854 2070
73854 2412
73854 2655
73854 4184
73854 5079
73854 6457
73854 6722
73854 6814
73854 7059
73854 8078
73854 8088
73854 8348
73854 9068
73854 9282
73854 10103
73854 14371
73854 15831
73854 16372
73854 16656
73854 16803
73854 17151
73854 17815
73854 18335
73854 18388
73854 18958
73854 19393
73854 21619
73854 21916
73854 22283
73854 22595
73854 23169
73854 23207
73854 24068
73854 24315
73865 8064
73875 745
73875 847
73875 6669
73875 9896
73875 11687
73875 12851
73875 15674
73875 16383
73875 23212
73880 5587
73882 18451
73882 20771
73883 14562
73903 12462
73907 6166
73907 6379
73926 1538
73928 13459
73944 6802
73954 8851
73957 2276
73957 4324
73957 4585
73957 6354
73957 7220
73960 3503
73993 23745
74005 9153
74011 6229
74011 18457
74013 3508
74013 11408
74018 20562
74018 21165
74019 18513
74032 10497
74045 2792
74045 16764
74045 17904
74046 4118
74078 529
74078 2276
74078 6354
74081 9823
74081 21552
74086 1267
74086 1399
74086 2365
74086 2885
74086 3481
74086 3508
74086 4720
74086 5785
74086 7830
74086 7924
74086 7937
74086 8247
74086 8385
74086 9062
74086 9184
74086 9934
74086 10538
74086 11039
74086 13445
74086 13577
74086 14064
74086 16079
74086 16222
74086 19839
74086 20398
74086 20939
74086 21234
74086 23825
74091 649
74091 840
74091 1892
74091 2432
74091 13067
74091 14403
74091 14794
74091 19618
74091 20924
74091 21979
74091 22739
74110 4553
74110 8011
74110 8435
74110 11196
74110 18248
74110 18348
74110 18744
74110 20046
74110 22571
74113 7243
74114 7496
74128 961
74128 9062
74138 745
74138 10564
74138 22753
74160 10704
74162 4586
74162 18454
74162 21062
74178 3303
74192 11029
74192 22286
74208 5903
74224 11485
74231 5965
74234 14878
74243 1323
74243 2041
74243 2690
74243 3942
74243 5899
74243 9825
74243 11076
74243 12355
74243 15631
74243 16341
74243 17628
74243 21302
74243 21543
74249 16764
74251 8253
74270 14120
74274 7220
74274 12685
74280 9379
74280 9405
74282 4238
74286 400
74286 4522
74286 4753
74286 5533
74286 8096
74286 9491
74286 16238
74286 18950
74286 22311
74286 22470
74286 24198
74292 24210
74298 21876
74303 1787
74348 2412
74348 7452
74348 12921
74348 23926
74349 3692
74349 8155
74349 12234
74351 7152
74352 23288
74355 5589
74371 19635
74374 7641
74374 9039
74374 12741
74375 529
74375 2276
74375 6354
74376 18246
74379 2584
74379 8675
74379 15450
74379 19650
74379 21468
74379 22815
74383 9099
74394 9425
74407 125
74407 335
74407 4600
74407 5852
74407 10919
74407 19245
74407 20521
74407 22259
74407 22978
74413 9351
74421 23331
74450 529
74450 6354
74452 20725
74453 1993
74453 3270
74453 8262
74453 8757
74453 9184
74453 9209
74453 10898
74453 11341
74453 12055
74453 13290
74453 17174
74453 17648
74453 19889
74453 21756
74453 22942
74453 23427
74469 1967
74469 4419
74469 6259
74469 20256
74483 10816
74483 21658
74488 21875
74491 1990
74491 3916
74491 5968
74491 9988
74499 9451
74512 8415
74527 665
74527 9741
74527 10922
74527 15321
74527 21173
74527 21373
74527 22571
74527 23034
74550 18040
74552 6041
74567 1031
74567 6379
74567 16678
74567 20061
74576 2885
74576 12243
74576 13577
74576 17982
74576 23284
74579 24121
74580 17248
74580 22608
74585 17328
74586 14677
74596 23501
74611 21193
74675 21730
74684 14465
74684 18605
74684 19110
74687 23467
74688 9374
74688 19315
74716 11935
74716 17064
74716 18974
74716 19330
74743 7192
74743 10930
74743 19435
74748 16714
74748 23420
74759 180
74760 7152
74785 14652
74800 7444
74821 12429
74835 9240
74838 20771
74851 2276
74858 9076
74867 6465
74869 649
74869 1199
74877 7863
74877 16741
74877 20506
74877 22753
74887 8312
74887 11518
74887 20028
74910 21364
74916 8824
74916 12647
74916 22522
74922 8413
74922 8548
74953 9823
74959 9940
74973 16764
74992 9896
74994 9153
74997 15223
74997 19141
74997 20119
74999 2885
74999 3125
74999 8253
74999 13577
74999 17982
74999 23143
75000 708
75000 3872
75000 8371
75000 18810
75003 16781
75011 2162
75011 6652
75011 7045
75011 12869
75011 20784
75011 24535
75021 598
75021 1174
75021 1945
75021 2515
75021 5795
75021 6340
75021 6811
75021 7116
75021 7955
75021 8917
75021 9582
75021 10521
75021 11081
75021 11369
75021 11404
75021 12683
75021 13162
75021 13284
75021 14425
75021 15070
75021 15579
75021 16751
75021 17398
75021 20259
75021 22553
75026 1855
75026 7206
75032 19359
75049 18605
75049 19110
75049 20950
75051 7433
75051 10217
75051 12994
75051 15700
75054 23006
75070 11362
75071 8714
75082 1174
75082 1726
75082 2435
75082 2487
75082 6700
75082 7140
75082 11402
75082 11687
75082 13481
75082 21079
75082 22174
75087 4726
75141 13698
75151 22938
75169 3183
75169 3620
75169 5077
75169 6263
75169 9206
75169 11980
75169 12522
75169 19853
75169 20259
75185 21559
75185 21859
75185 23989
75210 15647
75222 9188
75222 23720
75226 529
75226 4585
75226 6354
75229 23190
75253 7839
75255 11306
75255 19416
75256 6896
75256 8690
75256 13641
75256 21014
75256 21775
75257 5613
75257 11134
75257 21943
75266 2110
75270 18822
75270 24085
75279 4015
75281 4972
75283 1312
75283 4768
75283 5949
75283 10112
75283 12902
75283 13842
75283 15371
75283 18220
75283 21804
75284 16867
75286 2578
75286 20184
75326 8946
75328 5066
75328 14118
75328 20695
75335 13855
75376 11032
75385 5737
75385 23383
75388 15189
75425 12271
75425 12741
75425 20680
75425 23720
75430 3054
75430 7914
75430 10315
75430 11095
75430 17222
75430 22498
75448 8714
75464 677
75464 11995
75464 17504
75464 19652
75464 23809
75483 12107
75483 14229
75483 16067
75483 20116
75534 19923
75544 14996
75547 16451
75553 13850
75553 22793
75577 652
75577 2157
75577 5462
75577 6584
75577 12396
75577 14661
75577 23400
75577 23576
75584 17178
75604 10550
75612 8954
75612 9541
75612 11540
75612 21276
75612 21972
75612 23248
75617 8163
75621 18126
75631 16986
75639 9099
75643 5317
75657 20468
75672 3422
75672 10217
75672 10439
75672 15853
75672 21361
75680 22742
75681 9385
75700 785
75700 1057
75700 8488
75700 13767
75700 19989
75707 12499
75709 22079
75721 24550
75736 10890
75749 12027
75752 7629
75752 12741
75764 10859
75766 7455
75766 9949
75766 11408
75770 145
75770 433
75770 5533
75770 6208
75770 6273
75770 6540
75770 7782
75770 9552
75770 10959
75770 18641
75770 20256
75770 24491
75776 4301
75776 12741
75776 13117
75794 2584
75804 2276
75804 12685
75811 4376
75811 6296
75812 4726
75823 7602
75823 20409
75834 11550
75835 12998
75840 931
75840 6797
75840 11814
75840 18851
75886 7924
75886 17918
75902 4212
75923 10574
75938 16922
75961 22376
75966 159
75966 2368
75966 3863
75966 7669
75966 9000
75966 11164
75966 14520
75966 14529
75966 15903
75966 19708
75966 21035
75966 22965
75968 1365
75968 8109
75971 6533
75971 10933
75971 13747
75985 3744
75985 11199
75991 14313
76008 2792
76008 9401
76008 10127
76008 22772
76011 4457
76011 5080
76011 6195
76011 6563
76011 9203
76011 11566
76011 15533
76011 15888
76011 17884
76011 18171
76013 6811
76024 8893
76032 2493
76032 6529
76032 10454
76032 12087
76032 17441
76032 17769
76047 2769
76047 11984
76052 5986
76052 14535
76052 14966
76056 16975
76056 24550
76075 24148
76078 9935
76078 19299
76095 12893
76095 23745
76125 14402
76130 4361
76143 12744
76161 9698
76161 14092
76161 22894
76170 5487
76175 197
76177 6701
76177 13159
76183 12648
76183 13909
76183 23503
76190 16121
76203 2794
76235 6259
76235 23084
76241 176
76241 5517
76241 6136
76241 10985
76241 13590
76241 16045
76241 16825
76241 20072
76241 22390
76251 2885
76251 6568
76251 13577
76254 3142
76267 398
76267 896
76267 921
76267 6631
76267 11930
76267 22390
76268 2900
76268 6698
76268 7141
76268 8239
76268 10356
76268 13379
76268 14130
76268 14176
76268 16650
76268 16883
76268 18290
76268 21606
76271 7560
76271 11430
76292 6107
76307 10061
76357 27
76357 299
76357 666
76357 771
76357 1218
76357 1735
76357 2207
76357 2231
76357 3129
76357 4079
76357 4500
76357 4895
76357 5016
76357 5317
76357 5758
76357 7023
76357 7120
76357 7334
76357 7727
76357 7745
76357 7852
76357 8057
76357 8502
76357 8650
76357 9108
76357 9240
76357 9635
76357 9658
76357 9910
76357 10857
76357 11030
76357 11415
76357 11898
76357 12047
76357 12953
76357 13115
76357 13562
76357 13780
76357 14138
76357 15656
76357 15679
76357 15784
76357 16093
76357 16527
76357 16827
76357 16832
76357 16909
76357 17176
76357 17187
76357 17328
76357 17766
76357 17802
76357 17828
76357 18130
76357 18135
76357 18209
76357 18348
76357 18352
76357 18621
76357 18773
76357 19610
76357 20573
76357 21179
76357 21228
76357 21292
76357 21298
76357 21739
76357 22166
76357 22244
76357 22390
76357 22524
76357 22571
76357 23122
76357 23283
76357 23555
76357 23767
76357 24011
76357 24496
76376 1165
76376 15086
76383 11853
76388 3552
76388 9922
76388 15459
76393 11725
76397 11641
76397 14996
76397 20620
76399 9002
76399 9377
76399 10835
76399 19308
76416 182
76416 4596
76418 10308
76418 14578
76423 6786
76423 14564
76423 17802
76423 19096
76428 127
76428 883
76433 1640
76433 1925
76433 7050
76433 7316
76433 12343
76438 17109
76456 1640
76456 9641
76456 11022
76456 19159
76477 277
76477 289
76477 921
76477 1231
76477 1792
76477 2824
76477 3679
76477 5317
76477 6079
76477 7013
76477 7793
76477 8619
76477 8803
76477 8959
76477 9206
76477 9295
76477 9744
76477 10190
76477 10798
76477 11009
76477 11251
76477 11709
76477 11922
76477 12429
76477 15398
76477 15792
76477 15854
76477 16799
76477 17968
76477 19853
76477 20259
76477 20900
76477 22276
76481 14682
76483 20845
76489 7863
76493 16922
76498 23607
76541 8247
76542 2892
76542 2958
76551 19229
76557 5767
76575 4902
76575 6453
76575 8477
76594 8253
76594 17982
76594 20728
76594 23217
76596 2799
76596 6764
76596 8462
76599 4648
76610 242
76610 1971
76610 2855
76610 4604
76610 5936
76610 9297
76610 12377
76610 12411
76610 14624
76610 15146
76610 15627
76610 19853
76610 21788
76610 23078
76610 23273
76621 3935
76621 17328
76639 1040
76639 10217
76639 13118
76639 19952
76639 20523
76639 20878
76639 21441
76653 2926
76653 5320
76657 2792
76670 21011
76672 4402
76680 3108
76705 10700
76713 12104
76715 300
76734 23200
76756 4463
76756 9635
76756 11754
76756 15001
76757 1210
76759 5408
76759 12551
76782 17801
76795 8415
76799 4225
76799 9595
76799 21859
76799 22600
76808 12165
76817 11371
76820 11216
76820 18571
76820 21450
76820 22409
76820 22640
76828 23119
76855 9707
76863 22166
76865 24000
76909 7192
76909 12698
76909 13077
76909 14814
76909 16830
76909 18782
76909 24165
76932 13338
76948 12584
76961 4991
76961 24139
76962 4563
76962 5408
76990 542
76990 2227
76990 5683
76990 8585
76990 19294
76991 15091
76996 20421
77019 12739
77022 6174
77023 8650
77023 17328
77023 18822
77070 8525
77070 14270
77071 2792
77071 16764
77071 22753
77100 17927
77100 23420
77101 3870
77101 9073
77107 19713
77107 21547
77112 8892
77113 5335
77113 10985
77113 16693
77114 6677
77117 7817
77118 14574
77118 16764
77118 23688
77122 15422
77132 5199
77138 18457
77146 24046
77155 5317
77155 8630
77155 9433
77155 21798
77160 18105
77160 18921
77185 16913
77185 17983
77185 21428
77195 12052
77205 4807
77205 5947
77205 16150
77215 10050
77216 1069
77216 1231
77216 1765
77216 2367
77216 3422
77216 3898
77216 5313
77216 5535
77216 5680
77216 5761
77216 6505
77216 7447
77216 7843
77216 8052
77216 8708
77216 10687
77216 10705
77216 10732
77216 10806
77216 10976
77216 11398
77216 11402
77216 11816
77216 11906
77216 12429
77216 14786
77216 14887
77216 15049
77216 15461
77216 16530
77216 16933
77216 18600
77216 18618
77216 19093
77216 20047
77216 21420
77216 21568
77216 24175
77224 1739
77235 15772
77248 18804
77256 995
77257 135
77257 373
77257 529
77257 2276
77257 6354
77257 19754
77271 4094
77271 16092
77274 9870
77275 3682
77275 16651
77277 324
77277 1378
77277 2413
77277 3364
77277 3587
77277 3916
77277 4740
77277 5616
77277 5785
77277 6339
77277 11039
77277 13431
77277 13696
77277 13713
77277 14230
77277 15690
77277 16067
77277 18561
77277 18582
77277 18593
77277 18643
77277 19077
77277 20922
77277 21234
77277 21779
77277 23064
77321 8757
77321 10139
77321 15631
77321 22788
77321 22963
77323 12343
77323 21189
77340 6718
77358 7641
77358 9039
77358 11246
77358 12710
77362 24579
77383 20251
77386 19835
77392 1067
77392 20484
77407 12430
77412 7745
77412 22569
77416 7863
77425 2772
77427 5830
77429 8077
77435 14709
77435 14743
77469 2732
77469 3129
77469 5063
77469 12253
77469 14752
77473 1199
77473 12547
77473 13525
77473 22400
77473 22885
77478 6106
77478 7830
77478 8773
77478 19904
77486 844
77489 12186
77494 6826
77499 3158
77499 5214
77499 12835
77499 13938
77499 18879
77499 21141
77501 257
77501 3768
77501 14055
77501 17999
77501 18582
77501 21507
77520 1823
77540 10594
77542 9153
77567 8285
77567 11071
77571 11961
77604 4236
77619 6526
77619 16425
77622 8406
77627 3337
77627 3576
77627 4000
77652 429
77652 14235
77677 9890
77682 833
77686 3869
77692 6972
77693 13719
77699 14349
77708 12747
77715 6187
77715 7334
77715 10859
77715 14578
77715 19854
77715 22776
77717 2472
77717 2694
77717 2852
77717 6795
77717 11554
77717 17331
77720 20567
77723 20474
77736 12207
77738 21985
77745 11896
77765 18530
77776 1601
77776 4906
77776 10628
77776 16067
77776 17441
77780 20728
77796 2163
77796 12876
77796 21568
77812 8714
77825 14801
77826 3679
77833 7461
77839 6673
77839 19521
77840 21391
77841 16830
77871 12941
77881 792
77883 15511
77904 10656
77904 12684
77904 12786
77905 4686
77905 20349
77905 23230
77908 37
77908 1577
77908 5094
77908 8368
77908 9958
77908 11196
77908 13287
77908 20689
77908 24238
77916 6379
77916 15605
77927 15359
77934 2357
77939 9585
77941 5512
77941 14373
77951 5655
77965 4225
77965 19588
77967 1801
77967 9715
77976 19974
77981 9609
77984 7439
77989 4564
77989 17611
78004 10366
78004 18822
78004 22166
78018 251
78018 299
78018 589
78018 792
78018 960
78018 980
78018 1172
78018 1332
78018 1351
78018 1520
78018 1541
78018 1624
78018 1749
78018 1795
78018 1954
78018 1993
78018 2409
78018 2432
78018 2433
78018 2521
78018 3034
78018 3288
78018 3523
78018 3548
78018 3782
78018 3957
78018 4189
78018 4451
78018 4475
78018 4634
78018 4831
78018 4876
78018 5515
78018 5567
78018 5722
78018 5863
78018 6311
78018 6774
78018 7026
78018 7033
78018 7232
78018 7246
78018 7297
78018 7307
78018 7334
78018 7538
78018 7675
78018 7852
78018 8264
78018 8844
78018 9080
78018 9116
78018 9314
78018 9413
78018 9517
78018 9625
78018 9740
78018 9823
78018 9896
78018 9934
78018 10243
78018 10336
78018 10426
78018 10439
78018 10554
78018 10588
78018 10761
78018 10768
78018 10930
78018 11301
78018 11635
78018 12028
78018 12248
78018 12679
78018 12746
78018 12963
78018 13791
78018 13909
78018 13930
78018 13938
78018 14033
78018 14300
78018 14509
78018 14518
78018 14757
78018 14793
78018 14895
78018 15001
78018 15280
78018 15978
78018 16059
78018 16067
78018 16358
78018 16545
78018 16789
78018 16807
78018 16860
78018 17067
78018 17310
78018 17494
78018 17779
78018 17802
78018 17911
78018 17914
78018 17923
78018 17986
78018 18179
78018 18421
78018 18599
78018 18879
78018 18929
78018 19195
78018 19315
78018 19435
78018 19507
78018 19906
78018 20738
78018 20910
78018 20961
78018 20966
78018 21027
78018 21167
78018 21171
78018 21199
78018 21231
78018 21543
78018 21961
78018 22018
78018 22166
78018 22330
78018 22478
78018 22963
78018 22965
78018 23010
78018 23351
78018 23516
78018 23686
78018 23830
78018 23941
78018 23966
78018 23967
78022 8672
78022 17958
78022 23091
78025 7649
78045 23090
78046 9752
78046 10594
78061 13636
78066 5317
78066 15257
78066 18573
78066 22376
78066 22938
78067 1644
78067 6140
78071 7484
78071 17441
78071 20371
78075 8979
78084 24035
78086 17958
78099 11826
78099 15405
78099 16795
78099 18092
78099 19853
78099 21892
78100 11611
78100 11853
78124 258
78143 3849
78146 18295
78148 3710
78148 12869
78150 13287
78163 618
78163 2989
78163 5331
78163 5474
78163 7239
78163 8163
78163 8247
78163 9815
78163 11279
78163 19215
78163 21094
78177 18328
78188 1069
78188 2792
78188 10241
78188 12483
78188 14765
78188 15038
78188 16899
78188 22876
78188 24133
78195 636
78195 14277
78199 19779
78199 19979
78215 6996
78215 19680
78220 12869
78231 14515
78231 22753
78231 23371
78231 23950
78250 3104
78250 3443
78250 16106
78250 20527
78250 23179
78251 9500
78266 12551
78267 19547
78276 1414
78282 5204
78282 6348
78282 7912
78282 15146
78282 17923
78282 18671
78282 24307
78299 23090
78301 3761
78301 6373
78301 7967
78301 11611
78301 12214
78301 12331
78301 13609
78313 687
78313 1419
78313 2885
78313 4225
78313 12785
78313 20032
78326 13925
78334 9954
78349 20468
78377 10953
78377 15371
78379 695
78379 8415
78379 14435
78379 19119
78379 19586
78379 22882
78379 23175
78379 23193
78379 24578
78386 3481
78386 4128
78386 6786
78386 11303
78386 14659
78386 16208
78386 21295
78386 21751
78409 21500
78420 13878
78421 18384
78424 8454
78424 12722
78424 18151
78424 23178
78425 22294
78427 8863
78427 12165
78431 15605
78459 8109
78479 17991
78480 8096
78480 16867
78488 3918
78488 6446
78519 21664
78526 10418
78538 3643
78538 5201
78538 11049
78545 11550
78546 5767
78546 22390
78554 12788
78554 14852
78554 16764
78554 24428
78570 14302
78583 5763
78583 13132
78584 17359
78588 9441
78588 12546
78588 13635
78592 8166
78608 416
78608 1666
78615 5010
78615 9327
78615 24118
78626 14535
78626 23334
78640 373
78640 2276
78640 12744
78648 2805
78648 15522
78663 1356
78663 15092
78663 18878
78663 23064
78663 23249
78680 378
78680 2796
78680 4253
78680 4592
78680 4887
78680 5096
78680 5808
78680 6029
78680 6747
78680 7004
78680 7253
78680 7322
78680 8594
78680 8650
78680 9132
78680 9654
78680 9939
78680 10329
78680 12680
78680 13292
78680 14210
78680 15139
78680 15171
78680 15897
78680 16611
78680 17884
78680 18464
78680 20003
78680 20528
78680 21459
78680 21935
78680 22166
78680 22943
78680 23568
78680 23873
78680 24121
78682 529
78682 4586
78690 19235
78694 20865
78703 3661
78729 960
78729 3236
78729 4349
78729 5035
78729 6351
78729 8097
78729 10308
78729 10697
78729 12836
78729 13844
78729 15608
78729 17494
78729 18078
78729 20451
78729 21206
78729 22015
78777 23836
78780 7591
78796 6412
78813 373
78813 6334
78813 17248
78821 16451
78821 23243
78825 2611
78825 18981
78839 6269
78847 6432
78847 11218
78855 22299
78864 15993
78865 1067
78865 9939
78865 15897
78865 22705
78865 23722
78865 24452
78868 7487
78877 529
78877 2276
78877 6334
78880 4606
78891 19708
78893 10366
78893 23745
78943 21359
78977 18328
78981 1386
78981 12893
78981 23010
78984 14206
78986 20652
78995 7497
79001 882
79001 20695
79013 4606
79013 22473
79016 277
79016 392
79016 1892
79016 4119
79016 4251
79016 5199
79016 5307
79016 6797
79016 7021
79016 7232
79016 7452
79016 7525
79016 7782
79016 7845
79016 8851
79016 9412
79016 9585
79016 9953
79016 10080
79016 11028
79016 11089
79016 11160
79016 11184
79016 11315
79016 11398
79016 11999
79016 12005
79016 12017
79016 12033
79016 12484
79016 13677
79016 14553
79016 14932
79016 15053
79016 16895
79016 17144
79016 17164
79016 17212
79016 17507
79016 17561
79016 17701
79016 17711
79016 17769
79016 17834
79016 17996
79016 18032
79016 18618
79016 18852
79016 20062
79016 21079
79016 21710
79016 21874
79016 21892
79016 22094
79016 22163
79016 22739
79016 23662
79016 24534
79033 7243
79055 16
79063 21685
79065 135
79065 529
79069 14313
79087 11217
79087 23729
79115 666
79115 14578
79119 9132
79119 16904
79119 21821
79124 19963
79130 1206
79147 21313
79149 17918
79161 1603
79165 961
79165 2885
79165 8163
79165 13577
79165 20728
79169 13117
79169 21449
79173 13117
79173 15146
79249 11961
79250 18550
79252 20422
79273 24518
79276 1037
79278 7905
79278 21008
79303 3501
79303 4321
79303 13030
79328 2276
79328 12685
79338 745
79341 8844
79354 4432
79354 22697
79385 12685
79385 14527
79385 21062
79392 2098
79392 6278
79392 7615
79392 17409
79392 19119
79400 26
79400 5815
79400 6540
79400 21096
79406 24086
79417 2502
79423 4741
79423 5440
79423 10792
79423 16310
79423 17083
79423 20689
79423 23915
79423 24396
79432 2792
79432 17723
79432 22753
79439 1174
79445 7863
79445 8630
79446 3501
79446 21313
79446 23331
79448 4927
79456 19338
79467 4338
79468 10694
79468 13990
79468 20453
79470 4674
79470 6243
79473 18906
79477 22359
79488 15699
79488 18348
79488 18698
79516 529
79516 2276
79516 4586
79529 616
79534 15635
79595 15328
79596 2305
79596 3898
79596 10859
79596 12408
79596 14578
79596 16824
79596 17168
79596 17526
79596 20389
79596 20441
79596 20914
79596 21783
79596 21857
79596 24349
79600 12599
79600 13557
79600 22014
79605 12710
79613 373
79616 3129
79616 7745
79623 11961
79637 10233
79655 6174
79667 5317
79667 6340
79667 9988
79667 21264
79668 3268
79668 3841
79668 4079
79668 4500
79668 6570
79668 6896
79668 6900
79668 9666
79668 11570
79668 14144
79668 14507
79668 15914
79668 15953
79668 16067
79668 16539
79668 18104
79668 18177
79668 18744
79668 20562
79668 21014
79668 21165
79668 22018
79668 22021
79668 22808
79675 15865
79679 1437
79684 13126
79684 15656
79685 648
79685 7113
79686 4904
79686 17562
79690 4948
79690 14512
79691 16764
79724 922
79724 7446
79724 13245
79724 13277
79738 5737
79738 10628
79738 21718
79738 21802
79754 2097
79754 2147
79754 3050
79754 3345
79754 6688
79754 11754
79754 15897
79754 20204
79758 12698
79759 23722
79762 12551
79762 12786
79765 11547
79766 11961
79773 5535
79773 11251
79773 11814
79773 18397
79773 19700
79773 24452
79775 1176
79775 1974
79775 6371
79775 9295
79775 9437
79775 11518
79775 17923
79775 19161
79775 22372
79775 22375
79775 24591
79781 16764
79792 3541
79792 6837
79792 7358
79792 9953
79792 12429
79792 18094
79792 18729
79792 20205
79792 24468
79807 3150
79822 7301
79822 14399
79822 16764
79822 16795
79822 23871
79834 11316
79834 21602
79854 16492
79863 24132
79866 21760
79900 9939
79900 15897
79903 19820
79906 5715
79906 15382
79906 16706
79906 18443
79906 23201
79915 22438
79963 8247
79963 20728
79971 4554
80000 8435
80005 5341
80005 15001
80005 18525
80005 20802
80020 14229
80020 21079
80030 18237
80033 706
80033 731
80033 1726
80033 2221
80033 2367
80033 2725
80033 2796
80033 3267
80033 3602
80033 4303
80033 4604
80033 4674
80033 5523
80033 5767
80033 5936
80033 6050
80033 6243
80033 6529
80033 7525
80033 8098
80033 8714
80033 9425
80033 9477
80033 10217
80033 11402
80033 11513
80033 12478
80033 12876
80033 13544
80033 14096
80033 14763
80033 16085
80033 16277
80033 18600
80033 19098
80033 19113
80033 21130
80033 21563
80033 21783
80033 22527
80033 22739
80033 22750
80033 23269
80033 23781
80033 23909
80033 24052
80048 22438
80051 18605
80051 19110
80055 13136
80064 2792
80064 6049
80071 10648
80071 21827
80076 19738
80109 23813
80161 8554
80161 11589
80161 23727
80162 9441
80179 1165
80186 7735
80186 9541
80186 20316
80186 21641
80186 23368
80193 5660
80219 16514
80219 16908
80233 23930
80237 529
80237 2276
80237 4585
80240 3988
80250 3129
80250 3942
80250 5562
80250 7243
80250 8767
80250 8828
80250 9374
80250 10874
80250 11611
80250 12050
80250 13136
80250 13411
80250 15006
80250 17485
80250 17944
80250 22156
80255 17779
80263 1938
80263 6741
80266 20725
80268 12551
80272 1640
80279 1092
80289 2792
80289 22753
80301 1806
80304 22637
80323 6356
80323 8780
80323 20695
80325 11951
80325 20561
80325 21000
80327 558
80327 4439
80327 4554
80327 4969
80327 5077
80327 5082
80327 10914
80327 13085
80327 13481
80327 16457
80327 18168
80327 18360
80327 18641
80327 19521
80327 19752
80327 21069
80327 21231
80327 21836
80327 22817
80340 11132
80342 9187
80345 17918
80388 10694
80388 14696
80388 18031
80392 6194
80392 7102
80392 17999
80392 18582
80392 20973
80395 14504
80407 3676
80407 6462
80407 8371
80407 11971
80407 13298
80407 18086
80407 19239
80407 20096
80407 22542
80407 23654
80417 10549
80417 23331
80425 2885
80429 16874
80441 18104
80459 20684
80471 7863
80471 8630
80479 22467
80496 3769
80496 24458
80500 22501
80501 11370
80503 12988
80516 17062
80517 4349
80523 5362
80526 8435
80537 819
80537 1154
80537 3401
80537 5173
80537 7594
80537 8092
80537 9955
80537 14812
80537 15710
80537 19099
80537 22438
80542 7863
80542 8093
80542 8630
80543 1174
80570 3131
80570 18104
80570 18830
80570 21252
80570 22231
80570 24231
80614 15183
80614 20759
80620 15656
80620 17802
80620 17958
80620 22176
80633 5010
80634 19893
80637 22631
80643 21858
80673 2264
80673 10557
80673 14794
80676 20332
80681 2511
80688 7588
80688 12468
80697 1368
80711 12893
80711 20695
80711 23745
80719 16946
80722 20450
80730 4699
80730 6351
80730 11898
80743 8413
80752 14889
80760 6758
80760 8324
80769 5848
80769 17638
80769 22498
80798 5263
80798 13752
80798 20074
80811 12741
80811 24186
80816 14060
80828 868
80832 21469
80845 16067
80845 17794
80848 16718
80853 2220
80854 15271
80854 16480
80860 2666
80881 1210
80881 10653
80891 1162
80904 7315
80906 14199
80906 24603
80914 40
80914 64
80914 375
80914 770
80914 1264
80914 3072
80914 3365
80914 3942
80914 4015
80914 4541
80914 4610
80914 4887
80914 6142
80914 7086
80914 8544
80914 10621
80914 10723
80914 13641
80914 14271
80914 14922
80914 15511
80914 16079
80914 17341
80914 17708
80914 18237
80914 21756
80914 23802
80914 23886
80921 22166
80925 2043
80925 9437
80925 13413
80925 17095
80925 19690
80925 20715
80925 20907
80925 22034
80959 15865
80985 7490
80992 8851
80992 12657
80992 18544
80992 19783
80992 23613
80994 18795
81010 19837
81010 21302
81014 18307
81023 7896
81023 20447
81025 12702
81025 14596
81025 18391
81025 19420
81033 22928
81042 11149
81043 17982
81043 18105
81065 18247
81069 4357
81088 5070
81088 6092
81088 6350
81088 8759
81088 11164
81088 12069
81088 14473
81088 16366
81088 21252
81099 10151
81101 8755
81101 24238
81113 5317
81113 9775
81113 21165
81137 24426
81164 6568
81164 8163
81166 5553
81184 15076
81186 14932
81189 21838
81203 13769
81203 23754
81211 3649
81212 17328
81217 441
81220 2792
81220 7114
81220 22753
81223 5317
81232 16986
81240 22454
81250 10833
81262 6878
81262 6972
81262 7273
81262 9295
81266 12551
81267 507
81267 11637
81267 20173
81319 9715
81328 22079
81348 6418
81348 18375
81364 6356
81364 8087
81364 24077
81371 17982
81380 3628
81384 16150
81387 20809
81405 1931
81405 3311
81405 6949
81443 17310
81447 11518
81447 16270
81450 823
81450 3916
81450 7745
81450 20299
81469 21237
81478 18259
81491 8535
81498 1288
81498 2208
81498 2748
81498 9498
81498 10070
81498 19355
81499 13030
81514 14313
81525 302
81525 7050
81525 9905
81525 14486
81568 1623
81589 4853
81589 6041
81589 8698
81589 16001
81589 16307
81589 20389
81589 23774
81607 3862
81607 11802
81619 1699
81619 5613
81619 5878
81619 13672
81619 14969
81619 21122
81622 8672
81638 17903
81639 6972
81639 11357
81665 5317
81666 23405
81671 17238
81674 16296
81682 13719
81696 12231
81702 674
81702 847
81702 2609
81702 2837
81702 7580
81702 7897
81702 8150
81702 9559
81702 9794
81702 12035
81702 12781
81702 13720
81702 14010
81702 15406
81702 15971
81702 17235
81702 17325
81702 17723
81702 19283
81702 19631
81702 22715
81722 451
81722 2186
81722 6142
81731 7026
81731 9579
81731 9909
81735 4599
81735 20443
81735 21884
81748 11816
81757 23875
81769 6081
81774 22989
81779 529
81779 2276
81790 23231
81794 5296
81796 1194
81796 3867
81796 10127
81796 15328
81796 16289
81796 20574
81796 21929
81799 14839
81801 9715
81815 3916
81815 9988
81815 10110
81815 10334
81815 12368
81815 18352
81815 21264
81819 11716
81830 17861
81849 23012
81853 11697
81904 1550
81904 3270
81904 5254
81904 11205
81904 11822
81904 13057
81904 16830
81904 20454
81904 21828
81917 22342
81919 8414
81925 8630
81925 14578
81925 22753
81946 10140
81960 12217
81961 6568
81978 3138
81978 21414
81982 7998
81982 9108
81982 10112
81982 12261
81982 16877
81982 17677
81982 20046
81982 21147
81982 21887
81987 2174
81987 9538
81987 20396
82004 616
82026 6550
82039 11870
82042 14578
82042 19621
82042 20506
82048 839
82048 7626
82048 13284
82048 18727
82057 5881
82073 11593
82090 373
82090 529
82090 2276
82091 2605
82091 14976
82104 6526
82149 9638
82151 8983
82157 14313
82164 21264
82168 7830
82168 10454
82168 21463
82177 2612
82177 3335
82177 4620
82177 8117
82177 16969
82177 17584
82177 21547
82177 21923
82177 22513
82177 23539
82188 16403
82188 16883
82192 1491
82202 920
82202 19711
82217 13334
82227 3152
82227 10556
82235 19881
82248 21957
82256 19923
82256 19988
82256 23454
82278 23318
82297 5408
82297 7646
82297 10086
82297 14933
82297 16073
82301 7836
82303 135
82303 529
82303 2276
82303 6354
82303 12685
82306 2432
82336 12870
82355 529
82355 2276
82355 12685
82361 2061
82361 2478
82361 7746
82361 11248
82361 12614
82361 15258
82361 24276
82369 373
82369 2276
82369 4311
82369 4585
82369 4818
82377 1925
82382 19283
82384 832
82384 3854
82384 5318
82384 6704
82384 8543
82384 11814
82384 11898
82384 11925
82384 12163
82384 14077
82384 16928
82384 17341
82384 19007
82384 23397
82384 24501
82414 10376
82428 2792
82439 10865
82477 5317
82477 16976
82477 18355
82505 6259
82505 10942
82505 17856
82505 17983
82505 21096
82505 22522
82507 2295
82507 17941
82507 20415
82554 11390
82584 8504
82586 21510
82603 6385
82603 23311
82605 11040
82605 11166
82629 2723
82629 9824
82635 529
82635 2276
82638 9331
82649 561
82649 6269
82678 15259
82681 15057
82701 2920
82702 8929
82732 832
82732 20974
82732 22628
82732 23121
82742 16427
82742 16656
82742 16764
82757 18381
82766 17077
82768 8894
82768 9842
82768 12654
82768 13435
82768 15374
82768 21167
82794 3648
82796 6661
82805 6828
82807 16050
82821 3132
82831 29
82831 131
82831 365
82831 6055
82831 12047
82831 15306
82831 18263
82831 21619
82831 21969
82831 23494
82831 24328
82853 529
82853 4586
82857 5877
82857 20589
82857 22492
82862 1100
82862 1840
82862 1921
82862 4786
82862 6092
82862 6595
82862 8168
82862 12695
82862 18352
82862 20259
82862 21795
82862 23010
82863 20695
82876 3898
82876 11437
82881 6130
82926 3156
82926 6648
82926 12493
82926 14626
82926 15687
82926 16925
82926 18609
82926 23825
82936 15076
82936 15129
82942 5317
82942 8889
82965 1739
82965 2752
82965 4431
82965 4564
82965 4818
82965 6245
82965 8863
82965 12079
82965 12165
82965 16918
82965 23348
82965 23600
82965 23888
82983 14696
82994 20330
83004 6600
83022 3335
83022 23196
83031 110
83031 1356
83031 2140
83031 5075
83031 7074
83031 9994
83031 10409
83031 12030
83031 13685
83031 14473
83031 17584
83031 20539
83045 2276
83045 4585
83061 636
83066 6578
83074 4307
83074 5381
83074 11562
83074 14750
83090 7363
83095 4294
83095 13493
83095 19518
83099 23574
83120 1102
83120 10258
83120 19785
83123 12221
83145 24147
83175 18389
83175 21839
83189 10495
83195 15792
83207 8163
83207 12551
83207 14051
83208 12805
83209 9666
83217 903
83217 2340
83217 3768
83217 4104
83217 9673
83217 14904
83217 24024
83228 9142
83242 18816
83242 19210
83249 12332
83249 14608
83254 11796
83254 18871
83254 23311
83257 9436
83260 3696
83269 1891
83269 5291
83269 7863
83269 9764
83269 22753
83305 16209
83318 3924
83321 5888
83323 13577
83323 20051
83331 400
83331 2584
83331 4606
83331 7037
83335 139
83343 2986
83343 10321
83346 6593
83356 16383
83358 7333
83374 19769
83377 3922
83385 12706
83391 4253
83460 9823
83467 22400
83468 18250
83468 18356
83479 1596
83479 6632
83479 10802
83479 15413
83479 21397
83494 3619
83494 4457
83494 6563
83494 21361
83494 22799
83494 23064
83495 3841
83495 12262
83495 17802
83497 14611
83497 17328
83497 18214
83502 8438
83502 23907
83518 17282
83543 2432
83544 12902
83544 14314
83544 19948
83546 2739
83546 6964
83546 7273
83546 9418
83546 12367
83546 15333
83546 17555
83546 18729
83546 21798
83546 22283
83546 22506
83546 23767
83550 22560
83559 20894
83580 17811
83600 23567
83604 14297
83616 23722
83644 18
83644 571
83644 716
83644 840
83644 960
83644 1688
83644 1763
83644 1945
83644 2428
83644 2792
83644 3982
83644 5296
83644 5383
83644 6755
83644 6811
83644 7114
83644 7384
83644 8714
83644 9187
83644 9896
83644 12408
83644 12590
83644 12773
83644 13634
83644 14429
83644 14735
83644 15070
83644 16727
83644 17714
83644 17927
83644 18734
83644 19407
83644 19923
83644 21211
83644 22739
83644 24051
83656 7179
83656 16261
83659 13006
83662 18738
83690 6446
83692 1575
83698 15472
83719 10490
83732 3334
83732 8253
83732 17982
83732 19112
83732 21178
83753 19620
83765 5544
83765 8172
83781 5577
83781 19369
83781 21361
83800 3179
83800 16557
83800 18700
83807 2278
83820 14313
83832 10357
83845 11802
83867 480
83873 13357
83883 3601
83885 297
83885 718
83885 1754
83885 1911
83885 2478
83885 3131
83885 3231
83885 3879
83885 4954
83885 5317
83885 6127
83885 6230
83885 8438
83885 11512
83885 13136
83885 13240
83885 13355
83885 15260
83885 15288
83885 15778
83885 15951
83885 16491
83885 16930
83885 19312
83885 20042
83885 20897
83885 21003
83885 23416
83885 23521
83885 24047
83887 1130
83889 18517
83892 10407
83892 12836
83892 14972
83892 24175
83894 9694
83894 16576
83894 18808
83894 18965
83894 20259
83894 21503
83913 182
83922 17918
83925 15922
83939 8906
83939 9115
83939 9939
83939 10045
83945 23513
83961 11755
83961 16867
83971 6354
83971 12685
83973 2167
83984 5876
83989 7464
83989 13969
83989 14428
83989 15669
83989 17710
83999 8414
83999 10982
84002 4257
84002 8406
84002 16883
84017 5515
84028 9552
84032 2496
84046 9099
84055 7863
84055 8630
84055 12783
84055 22753
84066 1753
84072 54
84072 2275
84072 11870
84074 9078
84074 13842
84076 19729
84082 9910
84090 4412
84090 20790
84090 24026
84095 9890
84095 14051
84095 21178
84102 561
84105 5892
84105 7852
84105 9096
84105 10656
84105 18097
84105 22890
84119 18605
84126 1999
84126 2732
84126 5868
84126 19183
84127 15891
84135 5374
84135 8630
84135 14578
84136 523
84143 8309
84165 12569
84174 6994
84184 6786
84184 18033
84187 5194
84216 19058
84224 18348
84235 11147
84250 2863
84250 3116
84250 3737
84250 4101
84250 19131
84250 19474
84250 23229
84250 23244
84252 9271
84253 14949
84303 6379
84314 7727
84319 2276
84319 4324
84347 6079
84353 4585
84353 8877
84353 11698
84353 13547
84353 20771
84360 14373
84385 15440
84391 5920
84400 5103
84418 7641
84420 22936
84433 24452
84435 6419
84435 14024
84435 15569
84460 529
84460 2276
84460 12685
84486 16764
84495 16125
84504 11903
84508 13051
84509 10972
84517 19595
84533 9715
84536 229
84536 3004
84536 4969
84536 8714
84536 13157
84536 14991
84536 20652
84536 20943
84536 24056
84551 18602
84566 17461
84587 2885
84587 3125
84587 13577
84587 17692
84599 7161
84607 4812
84614 17872
84615 2353
84615 18105
84615 19457
84629 882
84629 20835
84638 6590
84638 8134
84638 10150
84638 19178
84644 11586
84644 14402
84644 15259
84644 15963
84644 16109
84644 18546
84648 10101
84659 570
84659 11551
84663 9870
84672 13910
84672 21798
84674 2052
84684 4936
84700 529
84700 2276
84700 4324
84713 23768
84719 15727
84732 9788
84732 16321
84732 21752
84735 4354
84749 3682
84749 6034
84749 9020
84749 14948
84749 16654
84773 373
84773 529
84774 2087
84786 12323
84786 18036
84791 12095
84795 14359
84798 3121
84813 4721
84843 7032
84853 4213
84853 8265
84853 10611
84853 16017
84853 16948
84854 4541
84854 5686
84854 17171
84854 22101
84857 2465
84857 3809
84857 9187
84857 18257
84857 20680
84870 11374
84870 17985
84878 5763
84886 12631
84887 2885
84887 23217
84891 529
84891 2276
84891 12685
84909 2527
84920 1276
84920 2493
84920 5162
84920 10508
84920 13115
84925 1384
84925 1569
84925 3435
84925 3439
84925 3879
84925 6222
84925 7560
84925 11347
84925 17092
84925 20547
84925 20613
84925 22175
84925 24422
84929 14695
84941 14821
84977 502
84977 9763
84977 23532
84985 16530
84985 24278
85026 17527
85033 16986
85050 21123
85065 6466
85065 15475
85067 2792
85067 7863
85067 8630
85072 647
85072 9682
85072 11142
85072 20858
85072 24322
85073 7273
85098 4659
85098 9995
85098 10240
85098 15627
85106 10140
85106 17515
85113 712
85119 3352
85142 23264
85146 2930
85146 3906
85146 6580
85146 9959
85153 3579
85153 9451
85153 14847
85153 22242
85153 22457
85153 22885
85153 23871
85156 16335
85156 24006
85162 2792
85162 3765
85162 7914
85162 8317
85162 8973
85162 9314
85162 10859
85162 16530
85162 19045
85162 23383
85162 24428
85169 23217
85169 23501
85192 13677
85201 14652
85214 8672
85214 21079
85227 2632
85229 4500
85229 7353
85229 10217
85229 20771
85256 373
85256 529
85256 6354
85256 22608
85281 21173
85283 529
85283 3872
85284 4407
85284 8247
85303 15289
85305 730
85306 14655
85336 14194
85343 4077
85344 2493
85344 6767
85344 8598
85344 9921
85344 12942
85344 24554
85351 21525
85361 4191
85361 9775
85361 12119
85361 16009
85365 24425
85376 8786
85383 5765
85383 10023
85383 16333
85383 16336
85387 13151
85391 7045
85400 2584
85400 7727
85400 11303
85401 18054
85406 2578
85406 3617
85406 9985
85406 19316
85412 13700
85430 6867
85445 1417
85445 15241
85463 4296
85463 5356
85463 13577
85468 17555
85481 14578
85497 14313
85499 9314
85504 8181
85506 9643
85512 22311
85512 22833
85522 2584
85557 6881
85559 7895
85578 13960
85578 16838
85583 2043
85583 2641
85583 4589
85585 1067
85585 4236
85585 8677
85585 9915
85585 23797
85599 3605
85601 302
85601 648
85601 7152
85601 10612
85614 22166
85615 5016
85615 21604
85616 656
85616 1630
85616 3607
85616 4191
85616 4851
85616 4988
85616 6490
85616 7086
85616 8121
85616 9216
85616 9965
85616 11682
85616 11983
85616 13105
85616 13242
85616 15185
85616 18092
85616 18348
85616 18697
85616 21934
85616 22114
85616 22390
85616 22599
85622 792
85638 9517
85643 3919
85643 8562
85643 19923
85643 24301
85651 2792
85681 7625
85682 23976
85691 926
85691 2490
85691 8251
85691 12967
85696 22788
85727 7629
85727 15144
85732 7620
85749 1411
85757 3303
85757 5266
85757 7956
85777 1067
85830 1722
85839 5867
85846 12817
85846 15240
85846 16515
85846 18567
85850 3769
85855 9545
85882 4290
85885 16728
85906 2196
85906 9846
85906 12380
85906 15524
85906 19429
85906 23449
85916 24415
85940 2988
85940 4500
85940 12985
85940 13501
85940 15914
85940 16023
85940 20562
85963 6273
85972 21628
85976 13031
85977 17918
85981 6923
85981 21751
85983 10969
85987 135
85987 2276
85993 12851
86006 9031
86006 14076
86006 21271
86006 22380
86006 23216
86011 23269
86034 4829
86046 1251
86046 23722
86048 20878
86066 8126
86066 13399
86068 3253
86068 22830
86072 3245
86072 6407
86072 9775
86072 15656
86072 19441
86072 19713
86081 1812
86081 11411
86106 715
86106 5565
86107 1344
86107 9890
86115 18605
86135 10866
86137 13930
86137 18257
86137 23797
86141 598
86141 710
86141 767
86141 1369
86141 1771
86141 1848
86141 2870
86141 3335
86141 3607
86141 5975
86141 7580
86141 8093
86141 9216
86141 9365
86141 9376
86141 10442
86141 10674
86141 10727
86141 10872
86141 11457
86141 12035
86141 12781
86141 12852
86141 13667
86141 13958
86141 15843
86141 16107
86141 16404
86141 16663
86141 17452
86141 22498
86141 23323
86156 5032
86156 20453
86156 22697
86157 3384
86157 5199
86157 7667
86157 11894
86157 12154
86157 14649
86157 17319
86157 23107
86179 2840
86185 373
86185 6354
86185 12685
86199 16225
86207 116
86210 6245
86216 24444
86221 5709
86230 5720
86238 1077
86238 11763
86238 19562
86238 19804
86238 20961
86260 4699
86261 21719
86285 24352
86288 5378
86288 9783
86291 9234
86295 8527
86295 13489
86304 7814
86308 2885
86314 2885
86346 6049
86346 14578
86346 16741
86346 20980
86367 1749
86367 2446
86367 5920
86367 6582
86367 8014
86367 9934
86367 14120
86367 14154
86367 17380
86367 21314
86367 23145
86370 12359
86370 16261
86370 18881
86375 4697
86375 13288
86375 14509
86375 17328
86411 12464
86432 7060
86470 6398
86488 1151
86503 10366
86503 15865
86513 12741
86520 8841
86520 9024
86520 10547
86520 11663
86520 14661
86520 16125
86520 18940
86520 19455
86520 21663
86520 22121
86531 102
86551 20213
86556 159
86556 1018
86556 1575
86556 2368
86556 2953
86556 3261
86556 3460
86556 3768
86556 3970
86556 4075
86556 4363
86556 5001
86556 6454
86556 9866
86556 10443
86556 10507
86556 12104
86556 13392
86556 13692
86556 14843
86556 14904
86556 15897
86556 15903
86556 18025
86556 18038
86556 18112
86556 18140
86556 19701
86556 19865
86556 21035
86556 21285
86556 23055
86556 23853
86556 24229
86573 20691
86620 174
86620 7606
86620 7924
86620 9986
86620 10808
86620 12547
86620 15129
86620 15251
86620 16365
86620 17092
86620 18488
86620 20148
86620 23994
86621 2792
86640 12095
86650 9655
86659 23722
86687 19924
86693 5666
86693 15006
86695 22677
86700 12973
86718 2882
86718 3669
86718 15439
86737 4780
86750 2276
86750 4585
86760 20779
86761 8650
86761 17328
86762 771
86762 3433
86762 15371
86762 24415
86772 21217
86793 1153
86796 6248
86796 16809
86796 18701
86800 1746
86800 10012
86800 11814
86800 13822
86800 14024
86800 15921
86800 24465
86813 2316
86813 2402
86813 3369
86813 8777
86813 8847
86813 8914
86813 10098
86813 11009
86813 12330
86813 15209
86813 16011
86813 16090
86813 17510
86813 18507
86813 20687
86813 22190
86813 23516
86823 11791
86840 639
86840 1486
86840 4604
86840 6565
86840 6977
86840 9816
86840 10859
86840 11437
86840 14578
86840 16764
86840 16899
86840 21710
86840 23243
86849 23866
86850 1045
86862 19976
86870 2885
86870 13577
86870 14051
86890 3262
86890 12687
86902 3679
86902 24553
86903 20364
86917 3577
86918 6412
86918 15649
86918 23518
86935 3674
86955 18002
86960 3836
86960 5720
86960 11163
86960 14099
86960 18789
86960 19770
86960 19926
86963 6529
86977 16640
86977 20599
86981 8851
86981 15440
86988 1513
86996 627
86996 6153
87012 1172
87012 20357
87012 20746
87021 12312
87030 4818
87030 12165
87030 23600
87051 24236
87059 14010
87059 17307
87069 3129
87075 5398
87075 18887
87081 11250
87081 21132
87081 24495
87094 11358
87094 20258
87098 2018
87100 3308
87100 14865
87125 1963
87125 2313
87125 3541
87125 7258
87125 7484
87125 7590
87125 8358
87125 8668
87125 9816
87125 9993
87125 10825
87125 12909
87125 12931
87125 14763
87125 15353
87125 16047
87125 17061
87125 21788
87125 21791
87125 22145
87125 22645
87125 23204
87125 24484
87138 10914
87140 3810
87140 19239
87140 22618
87140 23654
87140 24160
87164 10366
87164 19769
87164 23754
87187 9775
87193 23217
87196 10859
87196 12100
87196 14603
87196 20506
87196 23212
87247 22498
87248 5397
87248 5533
87248 6208
87248 10801
87248 11707
87248 14535
87248 14537
87248 16245
87248 16781
87248 17725
87248 19422
87253 2584
87261 12876
87285 10208
87309 2887
87309 4277
87309 8361
87309 14064
87309 16476
87309 20184
87309 21104
87309 23700
87311 1579
87314 6952
87314 8247
87314 16391
87314 22516
87317 1448
87341 373
87341 529
87341 2276
87346 2930
87346 11663
87346 18879
87346 22957
87356 14578
87356 22753
87357 18014
87367 6393
87372 12710
87372 21429
87389 7358
87389 8205
87389 11735
87389 20914
87389 21496
87402 9443
87411 3216
87411 4303
87411 22015
87426 3501
87427 24550
87432 3850
87433 3200
87433 6181
87433 11835
87433 23442
87444 6412
87444 10652
87444 12902
87444 16425
87444 16830
87444 18435
87450 498
87450 4487
87450 6353
87450 9443
87450 13680
87454 1523
87454 4625
87454 6578
87454 7823
87454 12335
87454 18517
87454 19829
87459 1152
87459 4020
87462 1199
87462 1532
87462 2477
87462 7384
87462 7957
87462 10068
87462 12949
87462 16714
87462 17780
87479 4504
87493 2683
87516 19315
87523 14232
87528 3548
87546 17204
87558 1369
87558 16663
87564 135
87564 529
87564 2276
87571 24301
87577 10225
87602 2622
87604 7152
87610 16524
87635 2348
87640 18047
87651 6819
87651 16270
87651 18754
87651 19098
87653 415
87655 1685
87655 5066
87655 20695
87655 24288
87673 3894
87674 7809
87674 12053
87705 5262
87705 5889
87728 23854
87736 20042
87745 4133
87747 11362
87751 8414
87751 23368
87766 7717
87769 12042
87769 14473
87769 16366
87769 18796
87769 20283
87769 23532
87776 1093
87776 7464
87789 1846
87789 10577
87789 18927
87789 19384
87814 511
87814 4657
87814 5254
87814 6322
87814 8369
87814 9788
87814 10228
87814 11822
87814 13384
87814 14178
87814 16585
87814 17139
87814 18832
87814 20691
87826 16764
87848 1574
87865 11961
87871 13177
87873 16780
87873 21304
87881 23767
87899 3429
87904 2240
87904 5162
87904 19503
87904 20333
87904 23698
87904 24461
87931 19903
87934 18734
87952 14750
87956 11798
87968 22172
87973 16986
87974 14795
87987 429
88002 11535
88016 209
88038 4586
88044 21313
88045 1417
88045 5307
88045 7591
88045 8889
88045 9642
88045 9715
88045 11084
88045 11114
88045 12112
88045 14062
88045 15559
88045 16349
88045 16530
88045 17579
88045 17706
88045 17923
88045 18881
88045 18938
88045 21836
88045 22311
88045 22372
88045 24278
88074 6755
88087 17918
88093 17174
88102 5975
88141 4536
88141 16006
88141 17259
88141 23234
88141 24288
88143 8539
88152 13481
88159 10957
88164 160
88164 12741
88164 14853
88170 4838
88192 22072
88195 12334
88200 4726
88200 14536
88206 23189
88206 23972
88219 11725
88233 7315
88233 15613
88238 11529
88246 1541
88251 9626
88260 4586
88260 12685
88281 4014
88310 23690
88315 18303
88325 20169
88372 4384
88387 9387
88397 21111
88399 7134
88416 10366
88416 11306
88447 11898
88453 23411
88463 11624
88463 13909
88463 24493
88464 20074
88472 4451
88472 8851
88476 1386
88477 12045
88488 1270
88494 16473
88494 17615
88494 19765
88496 1154
88497 1467
88497 7224
88497 14270
88497 14938
88497 21745
88518 50
88524 3352
88524 12741
88533 4225
88533 21859
88533 23989
88534 3415
88542 8844
88542 14306
88542 23693
88570 18031
88570 23720
88570 24186
88610 520
88624 17438
88635 10410
88654 7243
88664 24530
88666 1570
88666 1809
88666 9626
88666 12963
88666 19288
88666 23235
88679 20609
88684 14666
88684 15145
88684 22847
88684 22963
88690 12893
88690 15791
88690 15865
88693 5424
88696 14199
88705 10982
88705 11022
88705 13184
88705 20474
88705 21559
88711 3421
88712 964
88712 11187
88712 15701
88722 10710
88724 12334
88759 14162
88768 22091
88774 12519
88774 22303
88774 23007
88779 183
88779 1640
88779 9869
88779 10740
88779 15656
88779 19983
88779 21816
88779 23916
88795 17879
88804 5795
88809 8916
88809 10412
88809 11486
88809 17651
88818 8251
88818 13375
88818 16006
88818 18344
88818 18959
88818 19598
88818 21559
88818 23193
88822 1357
88822 3245
88822 4382
88822 4504
88822 4928
88822 6985
88822 9164
88822 9297
88822 11487
88822 20574
88822 22295
88822 22928
88848 18530
88850 14637
88860 2900
88861 13030
88888 5523
88888 16899
88888 23412
88891 24518
88894 17359
88905 1357
88905 2757
88905 6313
88905 11081
88905 13528
88905 22036
88933 8488
88947 12959
88947 20498
88949 1261
88949 3129
88949 3942
88949 4015
88949 9641
88949 18348
88949 18441
88973 18447
88974 219
88974 251
88974 351
88974 424
88974 870
88974 1675
88974 1681
88974 2305
88974 2377
88974 2567
88974 2858
88974 3153
88974 3315
88974 3571
88974 3628
88974 3971
88974 4075
88974 4496
88974 4588
88974 5103
88974 5291
88974 5429
88974 6197
88974 6454
88974 8095
88974 8109
88974 8435
88974 8894
88974 9282
88974 9609
88974 9896
88974 9983
88974 9995
88974 11009
88974 11251
88974 11755
88974 11782
88974 11814
88974 11875
88974 11922
88974 11983
88974 12302
88974 12985
88974 13229
88974 13361
88974 13677
88974 13690
88974 14301
88974 15020
88974 15361
88974 15592
88974 16009
88974 16097
88974 16807
88974 16949
88974 17632
88974 17851
88974 18842
88974 19474
88974 20248
88974 20562
88974 21619
88974 22114
88974 22412
88974 22545
88974 22577
88974 22592
88974 23251
88974 23407
88974 23555
88974 23841
88974 24277
88983 22688
88990 3311
88990 4255
88990 5214
88990 8575
88990 13726
88990 15071
88990 17860
88990 17940
88990 21775
88993 2621
88993 6700
88993 12019
88993 12228
88993 20910
89017 529
89017 2276
89046 4972
89049 1605
89125 22384
89128 21473
89147 6263
89149 6405
89160 11779
89174 10140
89174 11285
89175 8954
89175 14314
89181 23091
89189 14996
89206 21208
89222 11505
89237 8181
89241 217
89264 10454
89270 847
89273 19110
89279 10366
89279 11306
89280 3034
89280 12710
89282 3992
89285 16
89291 8838
89297 24236
89303 6379
89303 8414
89303 20900
89303 22138
89303 22166
89303 23368
89316 10874
89332 242
89332 1132
89332 6054
89332 7626
89332 12380
89332 17985
89332 22281
89332 23767
89332 24547
89336 1210
89336 3140
89336 4601
89336 7284
89336 8864
89336 9910
89336 13253
89360 20725
89360 22651
89362 16838
89377 15259
89384 12863
89394 10550
89403 11957
89405 5889
89405 6773
89428 23688
89430 4520
89430 6985
89430 7568
89430 22928
89435 13117
89439 8784
89439 22987
89443 5371
89443 19250
89443 21752
89443 22839
89453 6591
89455 6316
89455 9187
89455 18240
89455 18599
89455 19235
89455 19820
89455 23385
89458 2242
89465 2792
89465 22753
89480 18749
89481 13399
89498 3696
89498 9281
89498 19854
89498 20364
89514 14878
89520 2278
89520 22671
89520 23360
89521 9231
89526 1177
89526 15230
89526 20812
89526 21732
89541 7050
89567 1067
89567 11830
89567 11931
89574 3909
89588 16384
89598 18303
89605 17328
89605 18259
89605 20227
89609 10656
89622 158
89622 3427
89622 3660
89622 3682
89622 3761
89622 5295
89622 6194
89622 9609
89622 11943
89622 16281
89622 16578
89622 23344
89642 2416
89646 17868
89647 10767
89650 16969
89650 17430
89665 1937
89665 11704
89696 15519
89704 6043
89704 19407
89714 4315
89719 5934
89724 16208
89724 22955
89741 2885
89741 8247
89741 13577
89742 20625
89752 674
89753 2647
89753 4928
89753 5490
89753 7525
89753 11814
89753 15754
89753 17555
89753 22442
89760 24116
89762 23598
89764 22881
89777 5418
89777 15071
89794 6776
89794 7195
89794 24388
89834 16085
89843 11279
89843 19201
89850 7332
89850 22267
89858 373
89858 529
89858 1640
89858 4324
89858 4818
89858 6245
89858 8765
89858 12079
89858 20885
89871 4972
89873 9437
89873 18729
89896 529
89896 2276
89896 4585
89897 3665
89897 5135
89897 7273
89897 7830
89897 9418
89897 10298
89897 11196
89897 13057
89897 18933
89897 19713
89897 19714
89903 8078
89903 8630
89903 14578
89903 22707
89918 23352
89925 12685
89925 21062
89927 21751
89940 1000
89940 2885
89940 15727
89946 24121
89963 19175
89964 18847
89974 6682
89974 10803
89974 15391
89977 77
89977 329
89977 936
89977 1063
89977 1892
89977 2448
89977 6643
89977 7279
89977 8022
89977 8150
89977 8642
89977 9340
89977 10674
89977 11060
89977 12034
89977 12543
89977 12665
89977 13802
89977 14574
89977 15070
89977 16404
89977 16656
89977 16764
89977 17021
89977 18017
89977 19604
89977 20539
89977 22522
89977 22777
89977 23377
89977 24531
89985 16011
89990 18489
90001 7629
90001 8087
90003 9680
90004 1478
90004 3821
90004 7052
90004 12399
90007 6217
90013 24121
90014 1071
90038 14051
90042 7863
90042 22753
90050 2167
90050 2231
90050 8787
90050 13000
90050 20205
90050 21217
90055 5667
90055 8561
90064 7220
90064 19754
90070 9374
90074 6548
90106 11285
90106 23727
90111 8568
90112 10551
90112 11870
90112 16789
90114 529
90114 12676
90114 18678
90114 21064
90119 9153
90135 12741
90170 3421
90171 8630
90171 22753
90172 1819
90172 23555
90174 3776
90188 23331
90189 15271
90189 15605
90196 22930
90200 14290
90205 251
90205 709
90205 1188
90205 1996
90205 2231
90205 2584
90205 3066
90205 3116
90205 3607
90205 3769
90205 3784
90205 3943
90205 4017
90205 4357
90205 5035
90205 5254
90205 5257
90205 5723
90205 6159
90205 6186
90205 7434
90205 7745
90205 7814
90205 8041
90205 8133
90205 8714
90205 9024
90205 9505
90205 10061
90205 10252
90205 11251
90205 11896
90205 11950
90205 11965
90205 13077
90205 13085
90205 13667
90205 13713
90205 13742
90205 13954
90205 14600
90205 14611
90205 15586
90205 16067
90205 16261
90205 16673
90205 16909
90205 17556
90205 19133
90205 20693
90205 20926
90205 21650
90205 21735
90205 21756
90205 22589
90205 23229
90205 23283
90205 23334
90205 23337
90207 2174
90207 6912
90211 1000
90211 2885
90211 4455
90219 13789
90219 22104
90231 15002
90231 19261
90231 23944
90240 2054
90274 21629
90280 23517
90288 7362
90294 5889
90294 18719
90299 17104
90306 885
90306 6654
90306 12677
90306 15076
90306 21636
90312 3902
90321 14270
90324 1510
90324 4499
90324 21390
90332 91
90332 6526
90332 10980
90332 18698
90332 23770
90342 14696
90347 11772
90347 14320
90347 16741
90347 20940
90352 23177
90377 908
90377 18881
90420 2641
90420 7907
90420 8062
90420 8324
90420 8488
90420 12946
90420 13496
90422 19117
90435 5010
90435 7185
90435 23024
90447 17615
90458 9367
90476 2052
90476 2796
90476 12334
90476 15888
90476 20448
90476 22538
90478 6692
90478 8047
90478 10006
90482 13375
90500 15291
90512 3322
90512 4101
90512 4252
90512 7192
90512 8543
90512 8759
90512 11898
90512 13442
90512 16067
90512 16243
90512 18104
90512 18135
90512 22439
90527 1323
90544 8354
90561 211
90561 3769
90561 5259
90561 8570
90561 11671
90561 11907
90561 22577
90563 7624
90564 529
90564 2276
90564 4324
90572 3942
90572 4063
90572 9748
90572 12457
90572 13057
90574 22206
90579 22513
90579 23962
90593 7672
90593 8820
90599 1207
90599 4744
90605 9744
90629 405
90637 2627
90637 3494
90637 8090
90637 9216
90637 9457
90637 9794
90637 10598
90637 16374
90637 18083
90657 4561
90667 2732
90672 9437
90688 1386
90688 21581
90697 299
90697 3593
90697 13115
90697 15316
90697 18135
90697 20781
90697 22628
90697 23121
90698 8724
90705 313
90705 699
90705 2926
90705 3384
90705 13887
90705 15280
90705 21910
90716 13007
90722 8630
90724 24204
90726 22753
90734 16270
90734 19421
90735 5010
90744 8041
90765 3629
90775 5291
90775 9713
90775 19018
90786 2359
90789 6443
90807 13375
90816 22294
90845 3327
90845 4321
90845 13030
90848 12741
90848 20421
90848 22166
90856 1443
90876 9958
90876 23310
90879 18740
90883 22753
90892 17233
90892 23825
90897 2276
90900 9665
90909 17288
90912 2295
90915 15727
90917 2792
90917 8630
90933 320
90933 9482
90933 10942
90933 12876
90933 22290
90945 167
90945 329
90945 887
90945 943
90945 1129
90945 1544
90945 2377
90945 3441
90945 4105
90945 5667
90945 8022
90945 8561
90945 9047
90945 10060
90945 10160
90945 11487
90945 11525
90945 13211
90945 14422
90945 15060
90945 15406
90945 17649
90945 19621
90945 19842
90945 20940
90945 22127
90945 22225
90945 23688
90945 24396
90960 277
90962 6115
90962 7840
90962 8630
90962 22753
90963 6019
90971 1497
90971 6767
90971 11162
90971 14164
90973 20270
90975 833
90979 21188
90979 22928
90984 8006
91010 135
91010 542
91010 2243
91010 2619
91010 3022
91010 3033
91010 3698
91010 5753
91010 6334
91010 11924
91010 12685
91010 12998
91010 13163
91010 13530
91010 16572
91010 16716
91010 16726
91010 16728
91010 18186
91012 1219
91018 12499
91022 12547
91022 16198
91032 1284
91032 3691
91032 3832
91032 3880
91032 8580
91032 9945
91032 21141
91032 22235
91032 23442
91033 8669
91033 22072
91034 12332
91061 3809
91061 17007
91062 3202
91062 4003
91062 13557
91062 20357
91087 18783
91094 21258
91109 598
91109 1486
91109 1630
91109 3335
91109 7384
91109 7914
91109 10060
91109 11277
91109 12111
91109 12590
91109 13390
91109 13431
91109 13437
91109 17711
91109 17923
91109 18614
91109 18913
91109 19289
91109 23243
91109 23318
91109 23965
91109 24049
91123 17815
91146 9215
91151 648
91159 7338
91174 20985
91178 19327
91179 17280
91185 365
91185 4274
91185 5259
91185 12316
91185 12883
91185 12921
91185 15454
91185 17996
91185 18791
91185 19235
91185 22956
91185 23510
91191 17564
91200 21008
91210 687
91231 21296
91241 2001
91241 11022
91241 21559
91253 5934
91253 6511
91253 7983
91253 9399
91253 9658
91253 10086
91253 10988
91253 15951
91253 19812
91253 22342
91275 52
91275 708
91275 8043
91275 8371
91275 13478
91276 4375
91276 16718
91276 20447
91276 22513
91276 24029
91321 23220
91331 23402
91337 9315
91337 14229
91337 19098
91337 23365
91338 2641
91338 16835
91345 22207
91346 542
91349 3862
91349 6826
91354 16
91354 6773
91355 5805
91355 13889
91358 10217
91362 1189
91367 9730
91371 438
91371 1788
91371 3548
91371 7477
91371 8041
91371 11089
91371 23383
91371 24302
91377 24046
91389 8630
91399 373
91399 4324
91399 6354
91399 17248
91399 18454
91411 18734
91413 2885
91413 6568
91413 23143
91430 97
91430 3741
91430 18411
91443 9473
91446 18237
91448 10279
91450 4585
91450 18454
91465 3775
91465 5204
91465 6108
91465 6403
91469 6454
91487 1411
91487 5035
91487 9047
91487 18092
91487 20865
91499 7501
91500 16169
91506 2792
91518 23119
91522 18462
91523 12924
91523 21834
91528 19395
91545 2215
91545 2478
91545 5454
91545 6379
91545 11411
91545 11770
91547 7363
91555 13411
91568 9995
91568 16261
91568 18171
91568 21217
91568 24302
91592 11754
91595 20788
91595 23854
91599 14578
91608 18451
91645 666
91645 745
91645 1216
91645 1461
91645 1921
91645 2231
91645 3270
91645 4017
91645 5259
91645 5583
91645 6630
91645 8041
91645 8098
91645 9163
91645 10217
91645 10874
91645 11718
91645 12382
91645 13528
91645 14545
91645 16969
91645 17572
91645 17584
91645 18348
91645 18734
91645 19694
91645 20766
91645 21072
91645 22114
91645 22390
91645 22555
91645 22938
91645 23607
91646 14696
91647 4697
91658 9275
91658 21448
91665 7771
91668 1822
91668 9654
91668 21743
91672 4902
91672 8251
91672 10546
91672 16006
91678 16073
91678 17066
91682 11957
91684 20504
91688 745
91688 5259
91688 13781
91688 17882
91688 19283
91688 21072
91688 21798
91692 10233
91692 19175
91697 23525
91697 23853
91710 6844
91710 10112
91710 14994
91717 23149
91722 3565
91726 11491
91726 13079
91726 17352
91726 23512
91733 6259
91751 1722
91751 2885
91751 3334
91751 4455
91751 12551
91751 16006
91751 20728
91760 5166
91760 17256
91760 17497
91760 19377
91772 23244
91773 16519
91807 757
91815 7863
91818 23217
91832 478
91832 1434
91832 2519
91832 10833
91832 11896
91832 21915
91883 16478
91896 826
91905 18719
91907 2792
91918 2885
91918 7615
91918 17497
91918 19119
91918 20340
91945 18530
91948 5032
91948 18270
91948 22688
91964 19472
92009 2477
92012 18847
92012 20919
92022 19033
92035 2276
92035 12685
92035 21062
92044 9910
92046 6354
92046 16399
92046 22084
92047 12072
92049 9155
92052 1855
92056 131
92056 736
92056 4818
92056 6277
92056 8765
92056 16414
92060 9153
92060 23331
92071 1071
92082 4114
92085 3898
92085 7591
92085 10610
92085 16507
92086 9559
92086 16796
92087 6023
92094 8249
92094 10710
92094 17747
92099 19976
92151 21603
92179 2741
92179 3232
92179 7120
92179 8134
92179 10922
92179 24516
92182 529
92182 2276
92182 6354
92191 11485
92191 13117
92191 23091
92191 23337
92198 18734
92225 21412
92226 13995
92230 6356
92230 8006
92230 10763
92230 20695
92230 23679
92231 1493
92239 13100
92244 20288
92253 757
92253 9327
92253 18031
92262 287
92262 289
92262 2653
92262 13117
92262 21331
92262 24043
92275 909
92275 19270
92290 13631
92296 8149
92305 11943
92310 529
92310 2276
92310 4585
92317 6236
92325 5789
92325 8505
92325 9295
92325 9451
92325 10705
92325 12017
92325 12931
92325 17943
92325 18618
92325 18708
92325 19963
92325 23662
92332 21719
92337 3501
92354 12967
92368 1725
92368 6351
92368 7554
92368 7963
92368 9314
92368 24368
92375 6837
92375 11910
92382 20695
92387 21706
92388 13909
92414 9477
92445 13435
92450 2276
92450 4586
92455 17280
92465 1189
92465 5054
92465 7939
92465 10990
92465 13922
92465 18375
92465 19962
92472 3862
92472 17064
92485 2794
92485 11262
92485 16096
92524 961
92524 11038
92524 22166
92541 373
92541 21062
92544 12738
92544 16057
92553 3677
92553 6330
92553 11437
92553 16867
92553 16913
92553 19113
92553 23000
92555 5094
92556 6829
92568 1093
92568 16611
92568 17677
92570 23651
92575 9051
92590 1519
92595 5847
92595 12005
92595 16008
92595 22079
92595 22380
92603 16601
92603 18860
92610 23174
92621 16270
92621 18577
92621 20877
92621 21934
92621 23850
92637 960
92637 14578
92640 15824
92640 19675
92644 1018
92644 21285
92657 10923
92657 22339
92658 1395
92658 2908
92658 5110
92658 20832
92667 7093
92669 9880
92669 22498
92671 19521
92673 1752
92693 2129
92699 2276
92699 4585
92699 12685
92718 22938
92731 1061
92731 2379
92731 4352
92731 5253
92731 6604
92731 6747
92731 9209
92731 12050
92731 12334
92731 13225
92731 13599
92731 16843
92731 17027
92731 20048
92731 20316
92731 20846
92731 21007
92731 21147
92731 21804
92731 23191
92731 23810
92735 22968
92739 6195
92739 8274
92739 21821
92743 19521
92748 14334
92763 1672
92763 3898
92763 7487
92763 15655
92763 18092
92763 22046
92764 1400
92764 7830
92764 10298
92764 13995
92764 15916
92764 21793
92769 14429
92769 17714
92769 18760
92769 22956
92779 8221
92784 3532
92784 12323
92784 13465
92811 20659
92815 10674
92826 11512
92829 7543
92829 8369
92829 11217
92864 8473
92871 8407
92871 19389
92899 5110
92899 6028
92899 12421
92900 23291
92907 1219
92909 17359
92928 4726
92932 24198
92939 7863
92939 12783
92953 529
92953 2276
92953 4585
92953 6354
92953 19754
92953 22608
92963 14996
92963 23766
92970 14814
92982 20926
92990 19353
93009 19559
93053 14176
93053 20477
93056 6411
93056 17255
93065 5317
93065 9443
93065 18348
93067 3836
93067 8032
93067 9924
93067 15801
93092 10169
93092 18782
93103 135
93103 529
93103 2276
93109 21359
93126 20358
93138 18803
93164 1462
93164 23217
93178 12754
93183 9531
93183 11546
93210 20659
93215 7735
93231 135
93231 373
93231 529
93231 2276
93231 4586
93231 21062
93240 542
93240 4108
93249 2068
93249 7963
93249 19283
93249 20410
93253 217
93259 1256
93262 17092
93264 5063
93269 4563
93269 22294
93269 22795
93296 15482
