1 11249
1 21852
15 6568
15 19503
15 23501
22 3918
22 7294
22 22983
23 10865
25 23843
26 18470
26 21251
33 20870
33 23501
46 5815
47 15154
52 7045
52 20789
57 17918
57 18989
60 5119
60 10835
60 11040
67 5142
67 17918
70 14034
70 21060
70 21469
88 6557
88 6829
88 12393
126 22457
128 5254
129 12941
129 16986
129 17918
129 18847
147 9775
150 12268
151 6567
151 14465
158 4563
171 11411
173 3881
173 8667
173 9938
173 13416
173 13841
173 18762
173 24048
180 12121
180 12765
180 14804
182 6568
182 8163
182 23501
186 8202
186 12066
186 15821
187 20285
194 6348
194 21608
201 8163
201 17238
201 18921
201 19598
201 23501
214 598
223 8163
223 12941
223 17089
223 17692
226 6660
226 11411
226 11486
236 5419
255 18474
255 22367
259 4972
274 22930
278 15185
285 15853
292 11608
309 1581
309 18541
341 10146
341 23520
345 5296
345 6043
345 19407
349 19350
353 20421
353 21402
353 22166
367 6899
367 9230
372 2215
375 765
375 23107
376 14427
381 19617
382 18296
382 18451
383 480
383 10884
383 24265
387 9654
418 14225
419 15489
449 4416
449 15129
456 8578
456 11730
456 14405
456 15185
456 22338
460 1993
461 4563
461 20285
486 995
486 6692
486 16778
488 12475
490 1443
490 2885
490 4744
491 20879
494 7315
494 13381
499 19533
503 23604
509 1165
509 4972
509 7215
509 11926
512 12905
512 17286
525 12714
540 14596
540 24532
553 23450
558 15602
558 16330
558 17918
558 23331
563 21239
564 4113
564 6829
567 9231
567 17178
578 8892
581 3271
581 12972
581 15229
581 16470
581 17578
581 20169
589 19476
616 11999
616 14855
626 8414
626 15946
626 23368
640 16874
640 24344
641 12941
641 18847
645 16975
650 1914
650 23512
651 1203
651 8361
651 13988
651 21728
651 21887
658 18869
668 2792
696 17761
701 17761
709 2308
714 10495
714 14996
714 17760
714 18126
714 24591
723 19463
723 22171
723 22234
740 13755
740 22081
777 4801
777 18847
783 13375
802 7412
802 10988
815 8917
826 8027
826 8181
826 17377
830 616
830 1067
830 4972
830 5492
830 13224
830 13925
830 15478
830 18738
830 19553
830 20484
830 22736
830 23722
845 7612
850 18886
859 15791
859 15865
859 24044
879 2885
879 10546
881 19986
882 2999
900 9311
900 22607
903 9715
903 19098
904 9552
917 6465
917 18847
923 20433
943 3751
943 4518
943 9626
943 16456
945 882
956 3591
956 10748
956 14336
956 19825
961 13878
961 16700
969 13381
974 7182
974 19258
978 23137
988 10159
988 12024
1000 594
1000 6567
1021 9517
1040 12972
1040 15229
1040 17578
1040 20169
1043 19503
1043 21339
1050 12780
1063 82
1066 9658
1066 10276
1066 16014
1066 16330
1069 4972
1069 11132
1069 12332
1069 15271
1069 15605
1070 21399
1081 5002
1081 20725
1085 5032
1088 11634
1089 5289
1089 21355
1096 20227
1107 3724
1118 16399
1127 1261
1135 4178
1135 7182
1135 11796
1135 17918
1135 21703
1154 17377
1154 24186
1157 19172
1164 14578
1165 9394
1172 6407
1198 2353
1198 15613
1201 18530
1216 10849
1216 12682
1216 15422
1217 3473
1228 11961
1236 10874
1236 12050
1240 23027
1243 13616
1247 12475
1247 18162
1247 24044
1253 16986
1253 17918
1278 21664
1279 12967
1279 13803
1279 16641
1279 21193
1281 2208
1281 20615
1283 19288
1283 23368
1288 3943
1288 7814
1323 20540
1325 18847
1332 13139
1332 16655
1343 11411
1343 20835
1347 3186
1348 6093
1348 17868
1348 20124
1350 4463
1353 14091
1359 5254
1359 11822
1362 23822
1364 8983
1364 18307
1398 15309
1398 15865
1398 23452
1401 1130
1401 3744
1401 17630
1402 23250
1436 23416
1440 1067
1440 2652
1440 9142
1440 20484
1440 23722
1444 18105
1444 18989
1463 2348
1466 8991
1477 2873
1477 11725
1477 22534
1504 23604
1520 1203
1520 8361
1532 20947
1542 4972
1548 3918
1554 4972
1562 15129
1568 10546
1580 6568
1580 17692
1580 23501
1584 1443
1588 6568
1588 12551
1588 17692
1588 23217
1588 23501
1594 5010
1616 14154
1616 18796
1626 7084
1626 22420
1630 7257
1631 4773
1665 2131
1671 9626
1671 19503
1681 4123
1681 12708
1683 8163
1683 17692
1692 5269
1692 11266
1697 17958
1699 22008
1705 2792
1706 7654
1706 10648
1708 6661
1708 8157
1708 14596
1721 616
1721 10790
1721 15478
1721 18738
1721 20484
1725 453
1725 17092
1783 2143
1820 3689
1825 7456
1825 8991
1825 11418
1834 22551
1836 16697
1842 7872
1842 13010
1858 11961
1861 13008
1862 22372
1868 20332
1868 20997
1870 21193
1884 4583
1890 23604
1896 16242
1900 5295
1905 9897
1905 11056
1905 12961
1905 13105
1922 11173
1927 2873
1927 11725
1927 11802
1927 15359
1937 5405
1937 15351
1937 19078
1950 1462
1950 22647
1964 2517
1964 14248
1967 2213
1967 8509
1967 8976
1967 17936
1994 16083
1997 16718
2001 15154
2001 23177
2010 3748
2010 20680
2010 20695
2013 300
2013 11266
2021 15286
2022 11961
2022 17615
2022 19976
2022 24518
2030 16874
2047 16340
2056 1122
2056 14429
2056 22886
2071 12323
2071 18451
2075 1458
2075 6673
2076 17802
2080 3723
2080 13240
2093 4972
2093 15998
2100 1547
2100 17710
2100 21137
2117 2506
2117 9910
2129 135
2129 6103
2129 12685
2135 19329
2160 23813
2165 2356
2171 8230
2188 20285
2193 14996
2194 12097
2194 12534
2194 24059
2204 9752
2211 2656
2211 3611
2219 12685
2233 21503
2233 23413
2238 11411
2238 22159
2240 3501
2240 4726
2240 12630
2240 17023
2240 18212
2240 24469
2244 2999
2247 1478
2257 10160
2264 22753
2269 2887
2285 7464
2285 14798
2302 7863
2302 22753
2307 11961
2307 15102
2312 4229
2312 13491
2312 17170
2312 23214
2318 12309
2318 22367
2343 14034
2343 21060
2348 4583
2348 10745
2348 19503
2365 5335
2365 20260
2366 17861
2376 20433
2377 6345
2377 8325
2377 17180
2377 24294
2388 14489
2390 4188
2390 4347
2390 7456
2390 8991
2390 11418
2394 16631
2410 1707
2410 12880
2410 22294
2429 1747
2429 19614
2442 14406
2442 21565
2483 7654
2485 10546
2485 23027
2485 23311
2485 23838
2508 6348
2508 9187
2508 18423
2515 2926
2516 18451
2516 20332
2516 23604
2524 14034
2524 21060
2529 14034
2529 16993
2534 23819
2568 15791
2568 15865
2572 13278
2577 6568
2587 9707
2587 10580
2587 16454
2587 23797
2592 3363
2635 7591
2639 23768
2657 1685
2657 7872
2658 4561
2658 19503
2663 9651
2663 10454
2675 9541
2682 23107
2689 5195
2689 19380
2728 7375
2728 14996
2728 18550
2737 3228
2737 6344
2737 23331
2758 20332
2771 18068
2782 2926
2782 16764
2787 656
2789 15946
2789 16874
2789 19288
2789 20771
2790 20878
2790 21999
2793 8191
2798 4071
2798 16780
2798 18197
2805 6467
2806 21692
2806 24417
2811 2571
2811 18198
2812 21060
2815 6883
2825 6490
2825 6833
2825 16208
2858 5006
2858 6208
2868 10182
2868 19683
2871 1443
2900 5663
2902 5317
2910 9221
2917 6600
2921 4390
2921 5624
2942 32
2942 1306
2942 9493
2942 15229
2942 20458
2944 13180
2982 17611
3004 11908
3008 5849
3008 13243
3008 17615
3008 19976
3021 5763
3023 5613
3029 9631
3029 23503
3035 6356
3035 19330
3035 24591
3038 8217
3038 11797
3040 13105
3040 24098
3060 9788
3060 10069
3060 19312
3060 24294
3083 17091
3083 21087
3089 7084
3089 23217
3092 21664
3095 17255
3104 1267
3104 6393
3104 6956
3104 21102
3107 2652
3107 17178
3121 11791
3121 17728
3129 2213
3129 8509
3129 8976
3129 17936
3134 5587
3134 13810
3140 1687
3140 17739
3142 12150
3151 6264
3154 569
3154 4656
3154 11329
3154 16353
3156 1575
3156 5198
3156 6887
3156 10069
3165 5243
3165 7451
3165 17092
3168 128
3169 5494
3169 6558
3172 16680
3180 5587
3180 11640
3180 17918
3180 18581
3196 1148
3198 10146
3198 14718
3199 17140
3206 17178
3206 22085
3206 23961
3208 616
3208 1067
3208 18738
3208 20484
3208 23722
3210 287
3210 18364
3213 23160
3220 1738
3227 17761
3236 19713
3250 13375
3276 7983
3276 20771
3286 16006
3290 12148
3304 16918
3306 23675
3324 1581
3324 4739
3324 12941
3324 18541
3335 10763
3335 14996
3335 15027
3335 16832
3335 23217
3361 17178
3373 9643
3373 15045
3373 17176
3373 17329
3373 17692
3373 23797
3374 8625
3392 11303
3395 616
3395 1067
3395 2796
3395 4583
3395 5447
3395 10745
3395 15086
3395 15478
3395 18738
3395 20484
3395 21485
3397 1057
3397 1465
3397 20897
3402 6165
3402 9939
3402 12953
3402 14194
3414 182
3414 2559
3414 4429
3414 15533
3414 17728
3449 2655
3458 3922
3462 159
3462 15903
3490 5929
3491 4585
3496 20270
3506 12436
3506 23745
3519 7929
3534 14271
3539 4972
3542 429
3545 14578
3545 18804
3574 2457
3574 21335
3602 1899
3602 18672
3602 19863
3616 12753
3630 5294
3639 18092
3640 21948
3644 5849
3644 17615
3644 19976
3644 24518
3658 14881
3663 12941
3664 1067
3664 4972
3664 20484
3664 23722
3673 10243
3719 4508
3719 17231
3735 8485
3735 9187
3737 17692
3739 24231
3740 7318
3750 7843
3754 5220
3754 21213
3764 13392
3772 4163
3776 16921
3781 2873
3797 9775
3799 7093
3807 1966
3807 2996
3807 6600
3807 7895
3807 17341
3808 7840
3808 14515
3808 23371
3824 3550
3824 14507
3824 18604
3831 22803
3835 32
3835 1306
3835 9493
3835 15229
3835 20458
3853 2276
3853 7220
3882 10159
3886 1267
3886 4563
3886 10549
3887 9361
3887 14496
3897 23820
3901 11262
3906 13988
3906 21535
3917 7646
3917 22607
3918 21043
3920 9279
3920 12020
3920 21599
3922 953
3922 8006
3938 1331
3938 12967
3948 22753
3956 7729
3972 12203
3975 5972
3986 6173
3999 4519
3999 5767
3999 16378
3999 21874
4005 7084
4005 13488
4009 4739
4022 5888
4022 10506
4022 17428
4029 4972
4057 20771
4058 6880
4058 19503
4072 9549
4072 24044
4076 11162
4076 18734
4079 4972
4080 6829
4080 12407
4082 5371
4082 23041
4083 22376
4084 6568
4084 20870
4084 23217
4099 453
4108 14081
4114 16764
4121 13007
4121 15865
4121 23745
4122 8600
4122 23284
4137 10982
4137 18847
4137 19503
4139 20636
4139 23331
4153 20332
4164 757
4164 9015
4164 19134
4172 2956
4172 5289
4172 12765
4172 15814
4176 6344
4176 18989
4176 23331
4176 24044
4179 13701
4185 10405
4187 10546
4193 1575
4193 12941
4193 15275
4193 18847
4204 11197
4207 8929
4224 21628
4230 595
4230 18260
4233 1547
4234 2641
4234 9620
4259 614
4277 7543
4277 7750
4277 8203
4285 589
4285 12065
4285 22567
4287 6165
4287 9939
4287 12953
4294 3728
4294 8126
4294 12527
4294 23674
4296 6887
4316 6567
4316 10878
4316 22990
4317 3918
4317 5423
4317 17918
4318 8191
4322 15727
4322 17918
4327 9791
4330 4489
4343 16752
4349 3658
4355 6116
4355 9039
4394 12434
4394 16330
4417 8163
4417 17238
4418 2844
4420 5032
4420 7543
4423 1307
4423 4994
4435 14005
4435 22053
4436 14578
4442 12050
4453 12741
4455 24302
4462 2739
4466 5243
4478 5920
4480 4972
4480 11132
4480 15605
4482 6883
4484 2656
4484 21097
4492 3856
4492 8203
4492 16428
4492 17092
4494 9890
4494 12967
4498 21739
4501 1517
4501 11828
4501 13497
4505 10874
4509 2356
4512 766
4512 17136
4532 6085
4532 7751
4534 6568
4534 12551
4534 20870
4537 1348
4537 13030
4538 6751
4538 7084
4539 9295
4555 3918
4555 4561
4556 9443
4556 23722
4559 3124
4559 12967
4578 2873
4578 11725
4578 11802
4578 13244
4578 15359
4580 17918
4580 24550
4591 23064
4593 20897
4611 7240
4611 10186
4611 22936
4624 6568
4624 12551
4624 17692
4626 990
4626 2220
4626 23217
4631 13919
4638 6353
4645 22168
4652 2276
4654 6534
4664 17159
4674 15235
4674 23511
4678 2873
4678 11725
4678 13244
4678 15359
4685 11507
4686 8698
4686 14178
4686 19078
4686 22119
4708 13370
4708 19783
4709 529
4715 24520
4729 8194
4729 13399
4729 20332
4738 15699
4738 20046
4738 21514
4741 12941
4741 19598
4750 2390
4750 18423
4750 18581
4750 22983
4762 10506
4765 8625
4778 10194
4806 8163
4806 19503
4823 3448
4823 10108
4823 20540
4831 3862
4831 23356
4833 8157
4833 10745
4833 23496
4838 9374
4839 1443
4840 13177
4840 15275
4847 13999
4863 17918
4863 22376
4877 19472
4885 2873
4885 5849
4885 11725
4885 11802
4885 13243
4885 15359
4885 17615
4885 22534
4885 24518
4888 17231
4888 19258
4899 3334
4903 6568
4903 8325
4904 5459
4915 902
4915 17407
4918 8163
4918 17692
4918 23501
4924 23954
4925 21877
4930 2885
4930 6670
4930 17409
4949 21607
4949 23356
4983 21721
4983 21848
4983 22119
4986 12698
4998 3734
4998 13681
4998 20847
5000 4257
5000 7551
5000 19874
5014 6447
5018 6089
5024 13243
5024 17615
5024 24518
5026 4508
5026 17231
5026 23604
5047 3300
5071 2001
5071 18738
5076 7611
5092 24005
5105 15436
5117 1448
5127 14492
5129 17885
5132 4972
5132 6680
5132 7886
5132 13224
5132 13925
5132 19543
5132 19878
5132 22983
5133 19468
5134 11640
5134 15791
5134 16195
5136 52
5151 17677
5151 21887
5153 19647
5161 8610
5161 17575
5178 5061
5181 1809
5181 8959
5181 12365
5181 14034
5181 15946
5181 16874
5181 20771
5181 20900
5181 22138
5182 7652
5199 14993
5202 6568
5202 8163
5220 2873
5220 11725
5220 11802
5220 15359
5220 22534
5229 16470
5230 15515
5241 2792
5256 6286
5256 19587
5258 3459
5258 12438
5258 21225
5281 1032
5284 9201
5284 9776
5284 20800
5302 10895
5302 13239
5302 22764
5305 17328
5310 24408
5336 2523
5336 17364
5348 8477
5348 10549
5348 23520
5368 16165
5399 7084
5399 12689
5417 2292
5417 23511
5436 9517
5436 22376
5437 23324
5441 18921
5441 19503
5462 19779
5464 9229
5474 18470
5486 611
5497 882
5497 4071
5497 7325
5501 6568
5501 9987
5501 17692
5503 12967
5503 17409
5505 4475
5505 13171
5505 17625
5517 20977
5522 4504
5548 21798
5562 4853
5566 1348
5566 14313
5575 3429
5575 22736
5578 5535
5582 4726
5582 5459
5586 12941
5586 16986
5586 20332
5590 18738
5596 20046
5596 22376
5604 21165
5611 15515
5611 20788
5611 23854
5615 1443
5651 2307
5651 6465
5651 10143
5654 9374
5656 21269
5697 589
5697 20044
5728 4972
5734 11552
5750 9379
5753 10431
5754 1165
5754 7215
5754 11926
5764 13369
5766 2292
5766 3501
5766 6582
5766 23511
5786 616
5786 1067
5786 4972
5786 11132
5786 15271
5786 15478
5786 15605
5786 19553
5786 20484
5786 22736
5797 2792
5801 7523
5801 11283
5801 20696
5806 5414
5806 8884
5806 14996
5814 13399
5836 9910
5836 10243
5841 22239
5846 5129
5847 11941
5863 2465
5863 5346
5863 12547
5866 21416
5868 825
5868 4867
5868 17342
5892 2130
5892 6943
5892 22885
5893 23752
5921 11173
5921 11418
5928 15200
5930 2441
5930 21535
5930 21908
5934 2999
5937 12963
5950 18105
5954 5849
5954 13243
5954 24518
5971 5204
5974 2359
5974 10489
5974 10580
5974 10916
5974 14098
5979 128
5979 17178
5981 852
5981 19866
5981 21263
5995 11672
5995 19733
6002 10196
6006 10777
6006 13237
6010 6648
6023 15900
6031 17407
6039 19163
6050 8163
6050 14034
6050 17692
6050 21060
6053 1547
6053 9234
6054 6356
6054 24077
6063 9527
6064 3270
6064 14752
6064 17341
6073 22726
6080 19455
6086 5032
6086 12475
6094 10210
6104 45
6104 17383
6104 22936
6110 16764
6112 21371
6141 5232
6156 22753
6168 6019
6175 5849
6175 17615
6175 19976
6175 24518
6186 2068
6198 14578
6209 18423
6209 18581
6217 2276
6224 1266
6224 7646
6224 9311
6224 17918
6231 5269
6231 15865
6232 11187
6232 19526
6232 22688
6238 1559
6238 9025
6238 13399
6238 18581
6242 6385
6260 18776
6286 8202
6286 12066
6286 15821
6292 19205
6294 7243
6294 10726
6295 882
6295 16975
6295 22607
6295 23518
6295 24591
6310 8006
6310 20695
6316 20870
6332 16764
6333 6887
6333 18097
6343 2358
6343 4563
6343 5280
6344 20389
6349 616
6349 1067
6349 7886
6349 12332
6349 13925
6349 15271
6349 15478
6349 18738
6349 19543
6349 19878
6353 20914
6358 4867
6358 7439
6369 12283
6376 6385
6376 6829
6376 10546
6388 17328
6403 12223
6408 5295
6410 4895
6411 3918
6411 17918
6418 13557
6424 1067
6424 23722
6429 19537
6431 17761
6431 21728
6442 1057
6442 1095
6444 1467
6444 7224
6444 10186
6446 2688
6446 9529
6446 19060
6451 9231
6451 9517
6480 23847
6499 7950
6506 16171
6512 9987
6512 23989
6532 2873
6532 13244
6532 15359
6540 23683
6550 22079
6551 4646
6551 22506
6569 251
6569 10506
6582 11187
6582 14971
6582 19182
6587 1414
6591 148
6591 12347
6591 14507
6593 17757
6599 20922
6607 3916
6607 4463
6616 882
6616 2192
6616 9822
6623 616
6623 1067
6623 11132
6623 12332
6623 15271
6623 15478
6623 15605
6623 20484
6623 23722
6626 2366
6626 9844
6626 11518
6626 19503
6630 22938
6632 3138
6632 5486
6632 6829
6632 12091
6632 14178
6632 19503
6672 4972
6675 1424
6675 21664
6681 1685
6681 5269
6681 22166
6687 10303
6687 12186
6696 8157
6696 19463
6696 23817
6712 2328
6712 5066
6712 14056
6713 19598
6715 1621
6715 4586
6719 5045
6719 6705
6719 15738
6719 18171
6719 19312
6753 2058
6754 10916
6754 22705
6765 7889
6771 1763
6771 19537
6771 23130
6784 9231
6784 10262
6784 12309
6784 18921
6788 24121
6789 18392
6791 4972
6799 21399
6807 12551
6807 15606
6807 23217
6811 21839
6848 5434
6848 15222
6849 7796
6849 18408
6852 21123
6855 23520
6860 4972
6878 4000
6887 4623
6887 9814
6887 20627
6887 21284
6892 21402
6895 22081
6897 4585
6901 8069
6943 13007
6970 2571
6970 8487
6983 135
6992 5269
6992 20421
6992 22081
7005 20373
7021 24473
7030 1752
7030 19503
7036 9094
7036 17570
7040 529
7042 11251
7051 18970
7053 20790
7058 1057
7058 17569
7058 20897
7059 3344
7069 14064
7069 15699
7074 12107
7093 1089
7103 4972
7103 5492
7103 19553
7110 10326
7110 22930
7110 23331
7116 4143
7116 21287
7116 21753
7120 6568
7120 8163
7120 12551
7120 23501
7123 16945
7130 10792
7130 13671
7138 14496
7150 9517
7150 15536
7150 22376
7152 4518
7152 12941
7152 18105
7153 19728
7161 19457
7167 4518
7173 1386
7173 8003
7173 9704
7173 10901
7177 24299
7181 11598
7187 10546
7189 11311
7193 17807
7199 5730
7199 7332
7199 8491
7199 21514
7201 8181
7201 18581
7202 22943
7205 15464
7210 17178
7210 17692
7210 23217
7213 5535
7229 18847
7248 20351
7256 10243
7282 15277
7290 10127
7291 10060
7295 6613
7300 8397
7300 12323
7300 12572
7300 21859
7308 882
7308 9644
7308 11385
7313 14578
7323 12303
7323 22930
7331 2592
7331 14907
7331 23604
7332 19952
7338 3252
7339 1208
7346 6415
7355 5867
7355 17677
7356 5849
7356 17615
7356 19976
7356 24518
7363 6032
7363 19752
7368 2292
7368 6881
7371 12271
7371 24591
7372 12050
7382 2215
7393 9902
7401 7444
7401 12088
7401 22936
7406 616
7406 1067
7406 1165
7406 4972
7406 7215
7406 11926
7406 18738
7406 22367
7406 23722
7414 7412
7414 10988
7426 12741
7447 10217
7450 9987
7450 10865
7452 1165
7452 7215
7452 7886
7452 11926
7452 19543
7452 19878
7460 22342
7468 21433
7476 5920
7476 18921
7489 5382
7496 23090
7514 2652
7514 6883
7546 1581
7546 18541
7546 20997
7549 15318
7566 12551
7566 23501
7574 6568
7574 17692
7579 20288
7582 9443
7582 12551
7582 16209
7583 15045
7583 15791
7583 22166
7593 18328
7605 1067
7605 4972
7638 1376
7638 5245
7638 6591
7638 14174
7638 16157
7649 8325
7681 23217
7686 12973
7689 1855
7689 7543
7689 10747
7689 23909
7698 15144
7699 11978
7707 11961
7717 2873
7717 5849
7717 10748
7717 11802
7717 15359
7717 15664
7717 19825
7717 21469
7717 23501
7717 24116
7732 16986
7738 2356
7740 20587
7762 11649
7764 926
7764 1438
7764 4045
7764 11463
7767 4583
7767 10745
7779 23311
7785 2457
7785 5280
7797 11357
7814 7084
7814 13488
7820 7358
7826 6385
7826 10546
7826 20891
7830 6194
7830 20993
7831 1481
7831 18932
7834 7412
7834 9939
7834 10988
7834 12953
7864 1504
7868 792
7868 8650
7868 12107
7870 11830
7870 14472
7884 19299
7884 20817
7884 23209
7893 12301
7898 15517
7905 5454
7905 6591
7905 23000
7916 11885
7920 1443
7921 3943
7921 10862
7921 12941
7921 18822
7945 4726
7950 18950
7956 324
7963 4625
7963 12485
7967 17023
7968 12387
7969 16883
7989 18488
7996 19752
8011 5280
8011 7182
8011 7814
8035 4737
8035 13855
8052 14310
8059 22023
8079 5036
8079 10898
8079 18849
8086 9932
8091 12551
8091 16209
8091 18847
8124 23027
8146 453
8146 18651
8146 20338
8182 10656
8182 13381
8182 17692
8182 23217
8188 8163
8188 17692
8188 23217
8188 23501
8202 3448
8202 10108
8202 18292
8221 22506
8221 22924
8221 24001
8222 2365
8222 7523
8222 16778
8232 529
8245 1216
8256 10366
8256 14310
8258 21469
8258 24116
8267 17091
8272 4246
8272 7551
8272 8404
8272 17570
8284 74
8284 4599
8284 18159
8292 16764
8294 12088
8294 18827
8298 14465
8298 15271
8298 20468
8306 6356
8306 13338
8306 17134
8307 5327
8330 10865
8330 19765
8338 3239
8344 8844
8352 3129
8357 6887
8371 2098
8371 15738
8386 4257
8386 16778
8386 20696
8390 5280
8390 8625
8390 14642
8390 16196
8390 19503
8407 9231
8407 24186
8411 1443
8412 882
8412 9015
8433 11961
8436 15832
8438 21112
8447 2047
8448 9881
8448 20323
8448 22231
8451 2445
8451 6415
8451 12787
8451 19083
8453 6952
8462 10495
8462 14996
8462 21394
8462 22569
8464 4561
8464 5689
8464 6568
8464 12551
8464 17692
8464 23217
8471 8181
8498 18315
8502 8505
8511 14652
8527 2885
8529 3949
8529 7315
8564 23107
8571 23631
8574 2465
8580 2358
8580 23331
8595 3918
8595 7998
8595 8163
8595 18541
8626 598
8646 13557
8654 22376
8660 4508
8660 17231
8660 22297
8661 19080
8666 11283
8666 20696
8690 2571
8690 18451
8698 2012
8702 16007
8702 19836
8704 18097
8713 13038
8713 20928
8727 757
8727 14996
8727 17064
8730 15613
8740 23731
8758 6732
8758 9654
8758 17692
8771 6093
8771 20077
8771 21514
8773 13085
8785 13386
8823 6680
8823 15910
8823 17178
8826 12988
8826 13506
8833 5254
8833 14178
8855 5571
8855 6356
8855 20695
8862 12964
8876 8181
8876 9987
8876 12303
8877 9611
8877 22166
8877 23331
8903 22747
8913 6568
8913 17692
8913 23501
8917 9654
8920 882
8920 12630
8920 18212
8930 17611
8930 23600
8931 11173
8948 7117
8948 22705
8956 15606
8956 21720
8956 21852
8956 24044
8957 6568
8957 10656
8957 15613
8959 10068
8968 16874
8968 20771
8968 23899
8989 2445
8989 21664
8999 7895
8999 15145
8999 18441
9000 13388
9000 15275
9009 21402
9013 4225
9013 21559
9014 6568
9014 16034
9014 23501
9027 1581
9042 1012
9042 12010
9042 23301
9046 20294
9068 2276
9071 15906
9078 8202
9078 12066
9078 15821
9083 4089
9083 4257
9083 18262
9085 12681
9088 5291
9091 2999
9103 3674
9103 11260
9106 9626
9106 16365
9137 17193
9137 22081
9137 23331
9141 6867
9156 5269
9156 6568
9156 23501
9172 1386
9172 14718
9172 14996
9177 17321
9179 22650
9181 8587
9186 10740
9200 9755
9200 10509
9200 11311
9200 16665
9214 2956
9214 5289
9214 7423
9220 1891
9220 22753
9227 50
9227 12681
9227 15605
9250 22848
9255 6465
9255 13132
9255 18822
9287 1107
9292 4207
9316 17562
9318 9658
9321 18423
9321 18581
9323 18135
9331 1941
9331 5269
9331 13010
9341 18530
9364 3922
9366 6568
9366 12551
9366 17692
9366 23217
9371 19860
9383 18051
9388 23119
9390 23284
9395 5133
9395 9441
9395 16874
9396 4416
9403 19225
9404 4688
9423 23949
9425 3994
9425 19533
9440 10366
9440 15791
9459 2292
9468 8157
9468 23496
9485 4954
9485 12406
9485 19258
9485 24550
9496 8100
9529 9517
9529 17076
9544 6829
9544 12393
9547 18185
9549 13720
9559 635
9560 14125
9567 12896
9567 18423
9590 11404
9613 11411
9613 22420
9636 1588
9645 17918
9676 4463
9676 17296
9692 11552
9692 18216
9697 21402
9699 9402
9699 23837
9706 18071
9717 7294
9717 12148
9717 15911
9728 9859
9728 11411
9728 13048
9729 5587
9729 10745
9729 18396
9736 4563
9736 5849
9736 17615
9736 19976
9736 24518
9752 9631
9752 9654
9752 11137
9752 18989
9773 2213
9773 8509
9773 17936
9773 22850
9786 6903
9786 20680
9805 18847
9815 7423
9819 12685
9821 13487
9832 8892
9833 9707
9833 15027
9836 4308
9836 6591
9836 7278
9836 7543
9838 23787
9853 990
9853 6568
9853 12551
9853 17692
9859 5853
9859 23217
9864 6847
9864 9611
9874 14578
9883 14897
9892 3140
9898 2873
9898 11725
9898 11802
9898 15359
9912 10507
9912 11446
9916 3501
9916 19503
9927 17409
9932 5254
9932 24231
9935 2885
9935 3124
9935 9350
9935 10546
9960 5269
9960 15865
9960 18550
9964 14804
9974 1387
9974 7449
9974 16428
9975 814
9975 12978
9975 24077
9977 23520
9994 6652
9994 18647
10012 12972
10012 15229
10012 17578
10012 20169
10026 3918
10026 4508
10026 17231
10032 19129
10036 3515
10036 6485
10038 36
10038 1752
10038 10131
10045 4972
10055 1102
10069 7840
10070 23284
10072 14375
10074 8098
10076 2220
10076 9128
10092 3282
10092 18408
10105 3573
10106 2885
10106 5898
10106 11791
10149 16003
10150 6516
10155 3809
10155 20695
10155 24329
10159 19573
10173 9517
10176 22691
10182 23715
10183 4229
10183 10608
10183 15154
10183 15900
10183 22797
10186 6093
10186 17868
10186 20124
10186 22294
10186 23475
10190 14662
10193 13375
10196 3918
10212 6060
10212 12551
10221 765
10221 20487
10221 23107
10225 17868
10225 21728
10225 23475
10242 1443
10242 2885
10247 9373
10248 2240
10248 24116
10275 2688
10275 13177
10275 20277
10279 10245
10285 8832
10286 5317
10286 20865
10286 23725
10300 17918
10313 2926
10313 3156
10315 5245
10315 6591
10315 18783
10315 23909
10317 19713
10319 11564
10325 18583
10328 17345
10337 9004
10342 12693
10345 18791
10359 7850
10359 12365
10359 20081
10359 20900
10394 21514
10402 1067
10402 4518
10402 20484
10402 23722
10407 2292
10407 10326
10421 24455
10427 2240
10432 2292
10432 10126
10436 12967
10438 6568
10438 8163
10438 23217
10442 23816
10486 1588
10486 14396
10488 7725
10488 9529
10514 1443
10515 6568
10519 6767
10519 17761
10519 17868
10519 23119
10535 23143
10540 13604
10540 21674
10561 432
10561 16365
10561 17918
10565 5459
10565 7998
10565 22930
10568 1483
10568 6465
10573 5628
10577 7629
10577 16428
10577 19820
10592 1575
10592 6582
10602 5845
10602 6400
10621 10549
10621 19258
10621 24550
10629 6568
10629 8163
10629 17692
10629 23217
10629 23501
10633 32
10633 1306
10633 9493
10633 15229
10633 20458
10651 5492
10651 13224
10651 19553
10651 22736
10656 15607
10656 17238
10656 19503
10656 23268
10657 12253
10659 9520
10662 2001
10690 15701
10690 18847
10690 19994
10696 589
10696 6567
10696 20659
10696 23217
10703 1188
10719 13198
10722 16764
10729 2365
10729 4089
10752 10162
10770 6205
10775 14171
10788 18423
10789 4407
10789 4726
10789 6568
10798 61
10798 1443
10798 3124
10798 5166
10798 9890
10798 12250
10833 12277
10852 1398
10852 6903
10852 12741
10855 9231
10855 20997
10860 23777
10872 15743
10874 20832
10877 17170
10877 24134
10896 17918
10908 8568
10910 2276
10938 2652
10940 4972
10947 6586
10947 22545
10951 12511
10951 22526
10957 2068
10967 1067
10967 20484
10967 23722
10976 2253
10976 18989
10979 7814
10982 13088
10987 10493
10997 8423
10997 18171
11002 9582
11005 6983
11005 15160
11008 19533
11008 23301
11018 12698
11020 15768
11024 19566
11045 182
11053 11132
11078 2673
11078 17980
11078 23651
11081 12941
11081 21339
11088 11593
11088 11915
11088 20797
11088 23000
11099 12050
11099 17341
11107 9279
11107 12020
11107 21599
11116 20270
11117 18573
11127 1805
11127 5632
11133 11106
11133 19018
11148 8820
11148 15050
11149 20332
11150 7294
11150 22983
11155 22434
11161 586
11163 3918
11166 22586
11166 23114
11183 21264
11196 882
11196 5587
11197 13625
11197 15791
11198 4972
11229 1177
11271 6751
11271 9187
11271 23518
11273 20878
11286 22498
11292 2632
11292 20324
11296 21684
11323 6354
11342 14569
11342 17134
11342 21490
11346 3856
11346 14996
11346 19330
11372 11690
11373 23604
11374 2002
11374 18256
11408 9643
11409 20815
11423 2792
11434 22718
11434 24526
11437 11260
11442 7523
11442 11283
11442 20696
11458 5414
11458 16198
11458 16805
11458 21490
11460 2652
11460 6887
11460 12941
11460 21559
11470 18548
11474 22506
11486 8330
11499 2524
11499 18541
11499 20003
11507 7551
11507 16778
11507 18905
11515 7243
11516 6379
11528 23177
11538 14594
11546 5032
11546 12475
11546 23349
11550 13991
11553 18989
11555 3121
11555 3928
11555 17761
11561 20332
11567 576
11567 586
11567 2293
11567 17569
11567 23496
11568 3943
11572 12583
11572 15407
11572 19542
11580 18188
11590 24301
11591 2656
11605 10674
11613 11106
11617 16764
11618 1421
11618 7169
11618 10307
11618 22753
11619 6165
11622 10326
11622 22930
11622 24363
11640 594
11640 10326
11640 22930
11642 1449
11642 5067
11642 19503
11655 4972
11658 9910
11668 18577
11674 23311
11685 6884
11685 14882
11696 10022
11696 22914
11704 9318
11704 18530
11707 5414
11707 7758
11707 17760
11717 1443
11721 9015
11721 15719
11725 7629
11731 12115
11741 32
11741 1306
11741 9493
11741 15229
11741 20458
11745 12323
11756 21160
11759 529
11759 4585
11759 10957
11759 16479
11766 13951
11766 16365
11776 4229
11776 8488
11776 10873
11778 17083
11778 22498
11785 11682
11795 23174
11800 4518
11800 18105
11805 19115
11805 24331
11808 17817
11808 23490
11808 23533
11819 432
11819 9531
11819 9631
11823 882
11823 1685
11836 18921
11838 22531
11841 636
11841 11672
11848 13381
11858 5419
11862 24457
11864 23989
11866 14178
11866 20680
11866 20897
11870 8768
11884 1575
11884 24532
11907 2792
11915 21017
11920 20870
11922 17177
11952 1364
11952 8027
11952 10288
11970 5434
11970 10196
11970 21818
11972 2273
11972 10965
11972 16499
11995 2059
11995 22392
11997 2873
11997 11725
11997 11802
11997 15359
12000 14391
12003 5360
12003 7554
12003 8903
12003 9281
12003 23646
12017 12972
12017 15229
12017 17578
12017 20169
12022 10656
12027 8488
12027 11583
12027 13470
12046 21948
12047 1642
12047 14734
12047 19874
12059 22379
12060 17069
12075 9295
12081 12871
12083 10549
12090 22081
12092 16085
12104 395
12104 1095
12104 4262
12104 17342
12104 19548
12123 1752
12123 4779
12123 19503
12134 4432
12136 19503
12148 23503
12148 23517
12157 5294
12157 23177
12160 10745
12167 6359
12167 11659
12167 19396
12179 3344
12179 21193
12190 20257
12197 22877
12204 20539
12209 2873
12209 11725
12209 11802
12213 3918
12227 9068
12227 21656
12241 11930
12242 1148
12246 11961
12250 1809
12250 10982
12250 23368
12251 1443
12281 16778
12281 20498
12281 20696
12299 15946
12299 16874
12299 20771
12299 23368
12301 2873
12301 7294
12301 11725
12301 11802
12301 15359
12305 8962
12315 24060
12322 9694
12331 1575
12334 10140
12334 23797
12366 20301
12372 14520
12374 6680
12375 6568
12375 17692
12380 6367
12380 23561
12410 2796
12419 6385
12419 10546
12450 4945
12450 20285
12462 4585
12462 22084
12469 19566
12472 4303
12472 14578
12472 17923
12483 12876
12484 18969
12493 18441
12503 2329
12503 13990
12503 16805
12506 20254
12508 7012
12511 825
12511 1685
12511 6840
12513 7745
12513 13315
12513 19526
12514 23755
12516 10874
12527 6568
12536 2688
12536 7725
12536 9529
12586 15620
12607 2792
12619 6385
12620 5377
12622 7182
12626 7117
12626 7570
12626 15275
12638 1840
12641 6568
12641 8163
12641 23501
12658 12654
12667 8202
12667 12066
12667 15821
12675 3760
12683 18470
12684 15727
12684 17918
12691 1086
12691 12538
12691 15768
12691 21213
12714 5849
12714 11725
12714 13243
12714 15359
12714 17615
12714 19976
12714 22534
12714 24518
12717 17918
12722 20285
12726 10357
12731 23177
12734 4303
12738 11370
12747 4567
12747 12326
12747 23881
12748 12197
12751 4163
12751 6887
12751 18097
12759 17212
12763 7924
12775 17238
12776 7766
12789 12010
12789 20332
12817 17259
12818 4494
12818 16764
12820 10960
12824 9038
12845 8202
12845 12066
12845 15821
12847 9775
12847 21563
12847 23064
12859 1443
12862 9201
12862 21039
12865 13257
12872 825
12872 6558
12872 9202
12872 17434
12873 16986
12873 17692
12884 402
12884 13604
12884 21535
12894 21213
12918 15478
12918 23538
12921 8600
12921 23284
12923 5319
12931 10982
12931 12365
12931 15946
12931 20900
12931 22138
12937 12097
12937 12534
12937 24059
12938 3553
12977 16986
12995 14329
12995 16365
12996 2538
13004 6567
13004 20347
13005 6568
13005 8163
13005 12551
13009 5531
13017 5434
13017 15222
13017 17238
13021 8821
13039 9025
13056 15408
13056 17148
13063 1067
13063 4972
13063 15478
13063 18738
13063 20484
13063 23722
13064 19276
13069 11418
13069 21313
13076 18346
13076 19503
13076 19765
13078 10159
13078 12024
13085 1575
13085 9187
13085 14996
13085 23217
13088 6941
13104 232
13104 7182
13104 15727
13105 20657
13106 3431
13115 394
13115 8569
13121 4972
13121 11132
13121 15271
13121 17165
13131 16070
13133 6165
13133 23225
13138 9201
13138 13858
13157 10479
13160 16365
13166 2292
13177 2999
13177 12475
13177 14174
13177 20897
13191 16459
13191 17760
13201 15402
13203 5358
13208 3619
13214 19178
13230 5195
13230 8488
13231 7325
13238 9530
13262 15613
13268 6786
13268 8954
13271 18530
13306 5995
13306 20114
13349 24044
13370 9115
13370 19582
13373 15287
13375 14227
13375 24294
13381 1631
13381 5529
13381 14996
13381 20680
13381 24591
13385 17611
13385 23600
13396 232
13396 14804
13399 8625
13399 14615
13403 2276
13413 7134
13433 1464
13433 24116
13447 13776
13458 21162
13458 23237
13464 11725
13464 11802
13464 15359
13464 22534
13482 23555
13496 1226
13496 15936
13499 6755
13499 17927
13504 8163
13504 17692
13513 8000
13513 9731
13515 16764
13536 4673
13536 21981
13553 2772
13553 5280
13562 1376
13562 6591
13562 14174
13562 16157
13565 15338
13589 10159
13600 18550
13600 19811
13600 23217
13601 2380
13609 5317
13610 10745
13610 15533
13615 3916
13618 6701
13619 21845
13622 926
13622 20664
13653 18454
13664 8006
13664 12741
13677 16196
13684 8247
13684 9700
13693 3333
13693 17770
13693 18727
13696 5923
13696 8844
13696 10690
13699 7444
13699 12088
13705 12365
13705 22138
13713 4554
13726 10874
13726 24373
13744 7215
13748 21573
13756 11132
13756 13224
13777 4255
13777 21239
13777 21523
13786 9279
13786 12020
13786 21599
13792 18355
13806 19496
13813 4678
13827 9567
13827 12212
13833 10517
13837 12972
13837 15229
13837 17578
13837 20169
13851 8488
13851 9835
13851 11170
13851 17342
13855 9788
13855 12475
13855 16370
13869 10095
13872 7496
13888 17918
13889 2652
13899 4909
13900 8000
13905 17868
13923 4438
13935 16843
13935 21147
13938 6670
13952 5553
13952 14194
13969 10217
13980 552
13995 12654
13998 4640
13998 14472
14012 7872
14012 8429
14012 14996
14017 2873
14017 11725
14017 11802
14017 15359
14027 23836
14032 6779
14032 15613
14032 18989
14037 7745
14037 18542
14037 19312
14038 20477
14057 18013
14060 18847
14060 21339
14064 7141
14064 19669
14071 11677
14071 20771
14071 24344
14073 16243
14084 24427
14090 4347
14090 9935
14090 24472
14098 14313
14098 17763
14098 21402
14102 12941
14102 16986
14107 16310
14125 2098
14143 6887
14143 12896
14143 23217
14155 9231
14172 2365
14172 4089
14183 11011
14183 17176
14183 23797
14185 10195
14185 17706
14185 20377
14185 21788
14185 21875
14194 8163
14194 12551
14194 17692
14194 23501
14195 18107
14195 19732
14200 1067
14200 23722
14212 6165
14212 9939
14212 10988
14225 3057
14226 7523
14226 8196
14226 10339
14226 18901
14242 1593
14242 9527
14254 21804
14265 19147
14266 23064
14277 18355
14278 6840
14278 17677
14281 8181
14281 19461
14296 9279
14296 12020
14296 21599
14299 10243
14306 5032
14306 12091
14315 17868
14315 23475
14316 2792
14323 6887
14323 10069
14323 12475
14326 6870
14349 757
14349 18126
14350 1855
14350 6591
14350 14310
14350 23386
14351 19472
14356 1851
14365 7808
14373 1575
14373 8003
14373 17236
14387 3803
14412 10874
14420 798
14420 23487
14462 15275
14462 17077
14462 23331
14463 2792
14493 4168
14493 6296
14493 8934
14493 10713
14493 15617
14523 6063
14523 20421
14524 10608
14524 15515
14524 20788
14524 23854
14529 16514
14529 21355
14538 22
14538 7863
14538 8630
14538 14578
14544 11961
14559 11677
14559 20771
14559 24344
14569 7720
14570 20110
14580 2356
14588 12097
14588 12534
14588 24059
14593 4407
14593 22081
14620 1057
14622 10140
14622 23797
14626 8488
14626 10608
14626 12475
14626 14178
14636 15606
14636 23518
14640 17630
14640 23053
14657 4972
14683 2873
14683 11802
14683 15359
14684 2407
14684 4726
14684 10865
14697 20919
14704 11931
14704 12345
14714 3202
14720 4508
14720 6085
14720 17231
14720 19533
14729 50
14729 330
14729 12681
14729 14258
14729 17165
14768 4508
14768 17231
14768 18853
14769 2796
14769 4583
14769 4972
14769 10745
14773 11961
14781 4389
14781 13885
14787 5269
14787 22166
14797 10546
14806 4972
14815 23217
14815 23284
14822 4071
14822 20608
14856 12666
14856 17761
14856 17868
14856 22796
14881 8348
14885 5425
14885 8325
14885 17089
14885 20044
14908 18081
14950 12851
14950 22753
14960 5587
14960 10861
14960 12572
14961 5756
14961 18751
14961 20639
14973 8627
14973 13604
14973 17761
15001 16006
15020 7451
15020 14104
15044 5105
15044 9517
15058 882
15058 9516
15058 11411
15061 7045
15064 16530
15067 998
15067 19050
15067 20120
15083 23501
15090 18198
15113 13261
15113 17178
15117 18530
15140 1575
15140 8587
15145 10982
15145 16874
15145 19288
15145 20771
15146 12896
15146 16454
15146 23797
15160 2556
15160 3856
15160 7629
15160 16428
15194 18581
15197 1855
15197 7278
15197 14178
15212 8181
15218 4518
15218 10337
15218 12630
15218 17023
15218 18212
15227 18451
15229 8600
15229 17238
15235 1189
15249 2885
15249 17819
15250 10229
15268 4972
15269 4583
15270 16764
15274 19110
15277 8844
15284 9583
15284 14178
15323 16067
15323 18847
15332 4411
15335 1005
15335 11822
15335 21914
15338 529
15340 21258
15345 6628
15348 902
15348 10597
15358 20685
15363 20878
15370 2366
15370 9592
15370 14246
15371 1206
15396 10308
15401 2970
15413 23337
15419 17007
15428 4571
15434 1173
15434 17785
15439 128
15439 2358
15439 4563
15439 12551
15469 14569
15472 16295
15476 12097
15476 12534
15476 24059
15484 5269
15484 10399
15484 13438
15484 18751
15496 22281
15504 23510
15508 2508
15533 8552
15533 10874
15533 19792
15538 1660
15546 11071
15554 18881
15556 15154
15556 23503
15556 23517
15564 17243
15576 6972
15576 23331
15578 22980
15583 20214
15585 10235
15594 16707
15597 6447
15601 15865
15601 17238
15601 18216
15613 11362
15625 18989
15625 23604
15649 11958
15649 13692
15650 10549
15664 11132
15664 12332
15664 15271
15664 15605
15665 4404
15665 8836
15665 22837
15672 2213
15672 8509
15672 8976
15672 17936
15673 23217
15679 14681
15685 11311
15685 16665
15690 11022
15690 15791
15701 15027
15701 15606
15705 21160
15728 208
15728 420
15728 3796
15728 3800
15729 8361
15729 20046
15730 283
15730 4113
15730 12393
15742 745
15750 1401
15751 20116
15756 5756
15756 24044
15764 4972
15803 21251
15805 6751
15806 2359
15806 10489
15806 20917
15820 3587
15822 17341
15824 12953
15827 10884
15827 11411
15827 23518
15840 23405
15852 6379
15855 22930
15858 1165
15858 11132
15858 15271
15858 15605
15858 20468
15867 14298
15870 6385
15870 20161
15870 21193
15901 1443
15901 2885
15901 23311
15902 13785
15908 4972
15914 21123
15914 23752
15921 15797
15937 7412
15939 6660
15939 17150
15942 15727
15968 12889
15968 18260
15971 9188
15971 12741
15971 20695
15975 14036
15975 15805
15975 23217
15986 2732
15992 6661
15992 8157
15996 15831
15998 2571
16014 20865
16023 3548
16025 8543
16029 12551
16030 11961
16030 20636
16032 13855
16035 6340
16036 8669
16037 1654
16054 3271
16058 2873
16058 15359
16058 18921
16058 22534
16058 23331
16059 8196
16059 10339
16059 20696
16067 18104
16069 24591
16079 5471
16079 7889
16081 529
16084 765
16085 5588
16085 21592
16085 22769
16093 5485
16108 2885
16108 23518
16116 2873
16116 15359
16123 22558
16132 22928
16142 7629
16142 16428
16142 17092
16149 7941
16149 15699
16149 21908
16153 2267
16153 6784
16153 21120
16155 2724
16155 3548
16159 20911
16174 2792
16182 17761
16182 17868
16201 7941
16201 20847
16201 22294
16206 21402
16215 5689
16215 8163
16215 17692
16215 23501
16226 11367
16293 8202
16293 12066
16293 15821
16298 6269
16310 17884
16310 22797
16315 16641
16328 4000
16328 10442
16328 15020
16331 8505
16340 17692
16340 23501
16364 8252
16371 2663
16371 4071
16371 9443
16376 9626
16390 529
16391 7439
16391 10069
16393 6649
16393 13161
16393 17156
16393 24349
16397 2018
16398 11961
16399 3918
16408 14308
16418 1391
16424 1855
16426 8380
16426 9067
16426 23027
16430 5133
16444 6568
16444 12551
16444 17692
16444 23501
16449 1165
16449 11132
16449 15271
16449 17165
16465 8163
16465 12551
16465 23501
16477 74
16481 11266
16486 7224
16486 7444
16486 10186
16486 12088
16490 11961
16506 9610
16506 11796
16506 18871
16513 14064
16519 2276
16529 7863
16532 24351
16536 12393
16536 13491
16536 14178
16536 15351
16536 22234
16541 23227
16548 17238
16556 9694
16561 8041
16563 15814
16563 21887
16579 1267
16579 17918
16581 10450
16582 5066
16582 19221
16582 24544
16584 17658
16586 18643
16601 5269
16601 12741
16601 15865
16626 4640
16626 21692
16628 551
16628 7637
16629 1666
16648 307
16648 4571
16648 7840
16650 24317
16661 20878
16678 18031
16680 23501
16687 9541
16689 9115
16695 5503
16695 20983
16712 9643
16724 716
16728 12941
16728 16986
16730 12708
16730 19467
16738 394
16738 679
16738 4817
16738 13694
16738 20248
16738 20960
16738 24112
16753 50
16753 330
16753 1067
16753 12681
16753 17165
16753 18738
16753 20484
16754 20865
16756 7004
16756 10431
16756 16596
16756 16874
16756 21338
16756 24344
16762 16940
16762 19853
16762 19876
16764 2796
16764 18198
16767 3532
16776 1570
16776 23487
16782 3048
16782 4972
16782 5447
16782 15086
16782 24299
16785 14178
16803 15027
16803 23217
16803 24219
16811 10868
16815 5925
16817 7885
16817 22473
16830 21840
16839 7278
16839 17170
16841 18105
16858 5849
16858 13243
16858 17615
16858 19976
16858 24518
16867 11411
16867 18857
16879 609
16900 12741
16900 18450
16900 24044
16907 4585
16911 11552
16911 18216
16926 9616
16933 975
16933 6692
16938 14034
16938 16993
16940 6567
16940 7674
16943 23311
16947 6517
16955 18052
16959 61
16959 13023
16959 16641
16963 23675
16973 6887
16973 7750
16973 8027
16978 4972
16991 21535
16993 14174
16999 9788
16999 17180
16999 23000
17003 15472
17013 1165
17013 7215
17013 11926
17029 3809
17029 9418
17035 2220
17035 4583
17038 529
17040 10166
17043 11232
17044 1364
17044 7439
17047 18847
17049 9362
17068 20614
17083 14578
17083 16764
17091 8414
17091 10982
17091 12591
17091 18307
17109 7543
17110 4518
17110 13381
17110 13755
17111 14202
17111 14943
17114 6683
17114 14443
17114 18165
17114 22762
17122 12271
17122 23797
17125 18719
17131 24034
17135 4228
17136 21972
17139 3573
17152 4257
17171 4678
17171 8380
17171 13132
17171 15727
17171 15938
17183 2026
17183 20531
17183 22298
17193 9423
17194 4508
17194 17231
17200 4972
17204 21853
17207 8325
17241 12876
17242 8076
17251 15865
17251 22166
17251 23745
17256 5689
17256 19503
17265 20023
17273 13243
17273 21060
17273 24518
17283 2792
17283 7863
17283 16764
17289 186
17298 11611
17311 11640
17325 6557
17325 7750
17325 8181
17325 15738
17325 18171
17325 24134
17360 10549
17360 13810
17361 18105
17370 8597
17370 10366
17370 12434
17370 15865
17372 12097
17372 12534
17372 24059
17385 4744
17390 6829
17392 13399
17393 2873
17393 11725
17393 11802
17393 15359
17396 11725
17396 11802
17396 13243
17396 15359
17396 17615
17396 19976
17396 24518
17408 9443
17408 17918
17424 1623
17424 18847
17432 9191
17438 11843
17438 12551
17448 1448
17448 14578
17458 16795
17463 17280
17472 23191
17484 12874
17503 2192
17503 16794
17515 21783
17527 1581
17527 3918
17527 17763
17527 18541
17527 22081
17547 6243
17567 9039
17572 6567
17572 12896
17572 20485
17573 7062
17591 8311
17596 10865
17596 18423
17596 18581
17598 6568
17598 8163
17598 17692
17598 23217
17604 3719
17605 20163
17627 2437
17627 16764
17632 10159
17666 668
17680 7412
17680 10988
17697 10862
17712 4972
17725 8163
17738 8163
17738 23217
17738 23501
17743 1642
17743 14734
17743 19874
17745 4093
17748 9910
17758 12941
17758 16986
17763 8325
17768 20587
17772 1267
17777 7574
17777 7758
17777 11798
17777 12741
17790 13755
17793 8307
17797 21402
17845 3942
17847 6382
17863 9231
17863 9654
17863 11137
17875 8200
17892 8592
17892 11411
17892 23217
17893 17280
17894 7391
17894 17377
17894 20625
17895 6557
17895 8181
17895 15515
17895 23854
17897 2001
17898 20332
17898 21422
17902 7672
17902 16456
17908 23311
17926 14162
17926 19582
17931 1575
17931 3850
17931 8587
17933 12323
17955 11132
17955 12332
17955 15271
17955 15605
17961 12941
17961 21339
17965 21084
17975 2885
18001 11796
18001 15072
18001 17409
18007 20288
18007 20518
18018 4648
18021 12100
18023 22930
18023 23275
18028 5936
18031 23729
18036 4407
18036 6568
18047 7464
18051 8435
18058 7369
18072 2983
18072 4123
18075 8163
18075 17692
18075 23217
18082 7898
18100 7551
18100 19874
18111 4576
18111 6271
18111 8895
18111 12349
18111 15768
18111 16609
18114 23496
18124 5587
18125 14479
18125 14702
18125 21184
18125 22306
18126 990
18126 23797
18127 16196
18127 18346
18127 19258
18137 10472
18139 12685
18164 20731
18167 15053
18173 9046
18183 17092
18189 4972
18193 5319
18202 2594
18202 6784
18202 17342
18205 17566
18241 4563
18243 18451
18261 18853
18264 16454
18264 21608
18274 16986
18274 17918
18274 18921
18275 21664
18281 2873
18281 11725
18281 11802
18281 15359
18281 22534
18285 2307
18285 12941
18285 14505
18288 3898
18296 12741
18308 1443
18308 13177
18316 9142
18320 6338
18320 19737
18325 4972
18329 6085
18329 19533
18338 14056
18338 21877
18338 22990
18378 1261
18383 61
18383 1443
18383 16411
18383 17497
18391 16085
18406 12398
18421 6567
18421 9788
18453 3221
18455 8597
18455 10549
18463 20205
18473 4561
18473 15613
18473 21402
18490 23976
18491 11411
18491 13007
18496 19250
18501 7220
18505 11410
18524 2278
18535 12462
18536 2168
18536 8884
18536 14718
18536 14996
18537 529
18537 4324
18537 12685
18537 13366
18537 15065
18537 15615
18537 23058
18548 4482
18586 2147
18586 20635
18604 22372
18609 7084
18609 10546
18609 13488
18615 2796
18615 5492
18615 7886
18615 19543
18615 19553
18615 19878
18615 22736
18622 9529
18627 13399
18627 21559
18627 23989
18656 19503
18670 11022
18670 23604
18671 23954
18680 10361
18684 7886
18684 13224
18684 13925
18684 19543
18684 19878
18686 5400
18718 9015
18718 17176
18718 23797
18728 18348
18752 71
18770 14174
18770 20464
18772 2199
18772 15951
18772 23006
18776 12698
18780 1148
18794 12393
18803 18408
18804 12233
18833 2043
18833 22470
18854 5939
18854 24181
18865 10288
18901 3769
18903 10982
18903 23368
18910 17723
18916 18349
18930 6780
18930 11507
18930 21514
18937 4972
18953 8688
18953 14310
18954 22607
18954 23301
18957 6159
18961 6568
18961 8163
18961 17692
18961 23501
18970 4533
18970 9187
18970 21608
18974 4338
18984 16198
18984 18262
18984 19330
19017 11961
19025 12551
19025 13078
19029 648
19029 9191
19049 3501
19049 6060
19049 7182
19049 15997
19050 11593
19077 1625
19092 5266
19093 7391
19093 15606
19109 14578
19119 14174
19136 5454
19148 10146
19148 20835
19155 14996
19155 20695
19155 22569
19163 1443
19163 12967
19163 23311
19168 4246
19168 4257
19168 6589
19168 8404
19168 16778
19180 11089
19189 598
19191 757
19191 14996
19201 10597
19214 13456
19217 7294
19217 9039
19217 22983
19228 19587
19235 17077
19243 21422
19243 23604
19264 5290
19265 13946
19267 21414
19268 998
19268 14996
19268 15304
19271 4564
19271 4818
19277 5280
19277 13604
19277 20077
19293 15055
19297 2652
19297 22277
19298 1443
19298 3124
19298 12967
19300 22078
19300 23813
19302 61
19302 16641
19304 11982
19304 21640
19311 5032
19328 10155
19328 12074
19328 17616
19331 15038
19337 6883
19337 13755
19342 22753
19345 8163
19346 19193
19363 17708
19365 16498
19366 5368
19376 3461
19397 1165
19397 1449
19397 11708
19403 13625
19403 14996
19403 20421
19414 1067
19414 4972
19446 2605
19446 4113
19460 4563
19460 14005
19460 16986
19460 22053
19482 9188
19482 14996
19482 19330
19497 13399
19499 5849
19499 13243
19499 17615
19499 19976
19499 24518
19514 17409
19514 18482
19526 6568
19526 12243
19532 4563
19532 7182
19552 17429
19552 19781
19574 1148
19583 23225
19584 23311
19585 17266
19585 20398
19590 1387
19590 2556
19590 24591
19596 4972
19598 2796
19605 4407
19605 6568
19606 19687
19607 2488
19609 9417
19611 11665
19614 1575
19614 21402
19621 8044
19621 18092
19629 22864
19648 9626
19652 10923
19652 12429
19652 19923
19652 22390
19661 1473
19661 3156
19661 13474
19663 11155
19682 23160
19685 17342
19691 8864
19696 19175
19701 21473
19705 13772
19705 19533
19705 21267
19716 594
19716 14465
19716 18423
19716 21810
19723 21469
19742 19330
19750 7093
19750 16326
19758 1112
19758 12631
19766 6972
19766 21313
19774 4972
19774 19543
19776 5223
19789 10506
19789 19572
19796 8630
19796 11925
19803 1067
19803 7182
19803 19503
19803 20484
19809 1443
19830 10546
19830 12250
19867 4518
19867 18105
19880 6829
19880 8181
19880 9416
19885 19380
19885 22180
19894 21979
19896 1941
19896 19811
19898 23000
19920 19365
19925 6773
19933 16764
19937 23040
19942 4518
19942 8000
19942 18105
19956 10637
19956 12666
19956 13604
19960 1348
19960 2220
19960 19472
19976 3501
19999 18791
19999 22127
20001 20082
20002 7084
20002 11285
20012 8443
20015 1983
20015 6618
20018 616
20018 1067
20018 11132
20018 12332
20018 15271
20018 15478
20018 15605
20018 18738
20018 20484
20018 23722
20022 9890
20032 20789
20040 3429
20054 2770
20057 23217
20059 7863
20060 2652
20062 4972
20066 882
20066 9015
20066 21608
20069 13506
20072 19870
20084 13841
20084 14652
20087 11219
20087 21936
20095 11548
20095 12693
20097 1642
20097 14734
20097 19874
20112 9242
20127 395
20127 17434
20163 5155
20163 15001
20166 7872
20166 11187
20166 23217
20166 23518
20188 913
20209 882
20209 23518
20209 24219
20211 1226
20215 1261
20224 22509
20232 24326
20233 429
20243 12551
20243 17692
20243 23501
20268 7119
20276 8202
20276 12066
20276 15821
20286 8058
20292 6680
20294 17918
20312 1891
20320 6093
20324 7551
20324 14734
20324 16778
20324 19874
20337 15139
20341 2792
20341 22753
20342 1925
20363 21525
20369 4567
20369 10695
20369 20169
20369 23881
20380 420
20383 6058
20396 23512
20401 4972
20401 11132
20401 12332
20401 15271
20401 15605
20422 15139
20428 12321
20430 11961
20433 8181
20433 10865
20433 12147
20436 12091
20448 1165
20448 7215
20448 11926
20450 1267
20450 10326
20453 2541
20459 7629
20463 19063
20478 15147
20492 21697
20499 17266
20500 4497
20501 22753
20506 11362
20506 15792
20506 16588
20512 13358
20512 16421
20536 10334
20537 1677
20544 6568
20544 8163
20544 12551
20558 6035
20558 20695
20578 10755
20592 23199
20612 13338
20612 14996
20612 18550
20620 3129
20620 10454
20624 15027
20624 23520
20630 8163
20650 4563
20657 11727
20682 18443
20689 5280
20689 15814
20689 21535
20689 22294
20699 7889
20728 7850
20731 6568
20731 12551
20731 17692
20731 23217
20733 18751
20738 7215
20738 11926
20738 23604
20745 3869
20745 6107
20758 2365
20760 11284
20761 1398
20761 6829
20761 17180
20761 24432
20765 17178
20768 4726
20769 12967
20769 17409
20777 1300
20782 2644
20785 7963
20790 4219
20790 13671
20790 15015
20807 9279
20807 12020
20807 21599
20814 10943
20819 17953
20823 23745
20830 14672
20838 2425
20838 3368
20843 9529
20843 13177
20848 3195
20848 17360
20853 2502
20853 8177
20853 21965
20857 8763
20868 4225
20868 9531
20868 11022
20869 9939
20875 5434
20875 17785
20875 24469
20880 13510
20880 19169
20892 12010
20892 17728
20892 18014
20896 128
20896 17178
20896 23511
20911 21213
20915 2110
20915 4563
20915 4726
20915 15144
20916 2447
20916 12046
20916 13706
20919 3611
20919 15256
20949 5159
20949 8380
20951 1443
20953 14128
20953 17760
20953 24591
20964 18887
20965 4972
20988 7017
20988 12271
20988 15318
20990 13107
20990 21165
20998 5105
21006 16085
21007 10971
21007 23745
21023 10495
21023 24591
21026 6887
21036 3327
21036 19537
21043 14465
21043 18423
21043 22607
21047 449
21047 1388
21047 14814
21055 19897
21062 61
21062 6385
21062 10546
21084 6784
21084 8157
21084 14011
21090 1443
21090 2885
21090 5057
21090 10546
21120 22730
21129 5492
21129 11132
21129 12332
21129 13224
21129 13925
21129 15271
21129 19553
21129 22736
21150 1605
21164 3685
21177 9910
21184 1966
21187 20547
21191 20509
21194 9890
21194 12967
21194 17409
21218 4972
21218 13224
21234 22753
21250 5269
21250 7745
21250 22166
21250 24186
21257 8532
21257 9724
21257 17716
21257 20472
21257 23668
21259 18260
21267 13604
21267 15057
21267 17868
21295 6956
21295 23604
21306 6456
21313 4917
21319 21123
21319 23604
21328 7243
21330 22942
21333 23011
21336 16778
21336 20498
21336 20696
21352 4563
21352 19312
21352 21559
21357 1165
21357 1483
21357 7215
21357 11926
21359 20332
21361 13446
21376 17398
21380 20581
21387 20408
21388 16425
21392 2894
21392 14767
21401 10159
21414 74
21418 12551
21418 24329
21428 12941
21446 18921
21448 6568
21448 8163
21448 12551
21448 23217
21448 23501
21465 21226
21476 3090
21492 8912
21492 19745
21518 16764
21525 5849
21525 13243
21525 17615
21525 24518
21536 4294
21558 6134
21558 23000
21559 511
21559 5198
21559 9788
21563 12382
21563 20358
21571 5032
21571 14178
21571 15738
21574 8405
21574 10213
21575 576
21575 8157
21575 17170
21587 9221
21587 20696
21595 9443
21613 3949
21614 3693
21614 4161
21614 18352
21633 7812
21633 12005
21638 6568
21638 23217
21639 2933
21642 14162
21687 334
21689 61
21689 2885
21689 3124
21711 16930
21718 1165
21718 7886
21718 13925
21718 19543
21718 19878
21720 17615
21720 24518
21725 23169
21748 18576
21748 18827
21753 3138
21753 5418
21754 16343
21757 2999
21757 5032
21757 8488
21763 16708
21769 10159
21780 1443
21806 2390
21806 4563
21807 21887
21823 3384
21832 17986
21843 12863
21849 15057
21864 8780
21864 11411
21864 23520
21879 6165
21879 17710
21885 6353
21885 19883
21908 6607
21911 1547
21911 6829
21911 11129
21933 7171
21937 21143
21943 18869
21945 11060
21948 17614
21973 4404
21988 18451
21989 5198
21989 12475
21989 18042
21989 21226
21994 2873
21994 11725
21994 11802
21994 15359
21994 22534
21998 20897
22000 4563
22000 6883
22000 18921
22004 6591
22004 11593
22004 14174
22004 14178
22004 16157
22006 20274
22028 18573
22037 15705
22050 15662
22052 8164
22052 9187
22052 12143
22066 12562
22090 9631
22090 17918
22100 178
22101 18423
22110 2846
22110 13977
22110 16640
22110 17828
22116 17298
22138 6354
22151 19521
22155 14734
22155 23999
22169 24045
22169 24417
22178 13677
22180 10196
22180 23284
22209 5243
22209 7451
22209 17092
22217 7182
22217 22081
22226 18847
22227 4246
22227 7523
22227 8404
22227 16778
22244 23091
22267 3835
22267 21862
22280 14839
22284 1932
22300 757
22300 2556
22300 22569
22304 9441
22304 24344
22310 16683
22312 8688
22312 9644
22312 12143
22312 23518
22326 8657
22326 12941
22326 16986
22344 14604
22357 8625
22357 13132
22363 16352
22363 16454
22363 23797
22382 21440
22397 742
22397 16456
22401 7439
22401 8398
22401 10069
22401 20625
22401 24044
22408 6948
22432 16764
22452 50
22452 12681
22452 15605
22489 10243
22501 19585
22510 18898
22511 11022
22515 9187
22518 2478
22531 20421
22534 12209
22534 15842
22564 3422
22584 10916
22584 20332
22584 23840
22586 15185
22593 1489
22594 247
22594 500
22594 8475
22594 14486
22594 17879
22612 10479
22612 11593
22612 23811
22619 16778
22619 18901
22622 14617
22636 6829
22636 7439
22636 13824
22636 14350
22648 21645
22649 15946
22649 20900
22665 7696
22683 4793
22686 7045
22704 21411
22712 1462
22712 4337
22712 20495
22715 14966
22728 5243
22728 7243
22739 7591
22744 4071
22744 15027
22744 23727
22755 7629
22755 16428
22755 22990
22765 19863
22813 2873
22813 11725
22813 11802
22813 15359
22813 22534
22826 5414
22826 9658
22826 17133
22835 7646
22835 10326
22837 4113
22837 4163
22839 21315
22849 2926
22861 6165
22861 7412
22861 10988
22861 14194
22862 6751
22862 9327
22862 18850
22862 21608
22866 18198
22866 21759
22870 14804
22874 3836
22898 9666
22902 649
22904 4972
22917 2571
22917 5419
22917 6568
22917 18581
22934 18451
22936 2213
22936 8509
22936 8976
22936 17936
22940 6191
22940 15154
22940 19191
22952 11071
22954 18924
22955 7061
22958 7872
22958 14996
22966 547
22976 13376
22984 10265
22985 18356
22992 4972
23018 2956
23018 10604
23018 19134
23024 282
23044 952
23044 6174
23044 9780
23044 22645
23060 3022
23068 8157
23068 23422
23068 23496
23075 18531
23075 24119
23092 19844
23102 17178
23123 18911
23124 21429
23124 24121
23161 15129
23180 2276
23190 7394
23199 3358
23199 4188
23199 6968
23199 14333
23199 24472
23203 11961
23211 10260
23213 2292
23213 17763
23213 20332
23220 18822
23247 4972
23259 7439
23259 14604
23259 19859
23276 2873
23276 11802
23276 15359
23276 22534
23277 16986
23277 18847
23291 1581
23291 18541
23291 22166
23291 23604
23299 11225
23300 15567
23301 17178
23303 4919
23305 7937
23321 19288
23321 20919
23321 23235
23326 902
23326 2641
23326 3475
23326 8912
23326 17407
23326 19745
23326 23405
23334 395
23334 7772
23351 9516
23351 21502
23351 23217
23356 921
23364 61
23364 2885
23364 6385
23364 20649
23364 21193
23375 2885
23375 11720
23375 12967
23375 23311
23376 7182
23377 1057
23377 14178
23377 19250
23377 20897
23380 818
23380 14590
23380 16860
23382 23503
23382 23517
23393 7999
23393 21852
23393 24044
23398 18451
23407 7727
23407 9313
23407 13146
23412 424
23412 2655
23412 15139
23412 18734
23415 15145
23415 15604
23459 6582
23459 12436
23462 4583
23463 11262
23472 13399
23491 13093
23502 2447
23502 9935
23502 12046
23502 24472
23507 14716
23516 4123
23516 9517
23516 22376
23527 9752
23527 24344
23537 3048
23537 5447
23537 15086
23537 21485
23556 4972
23569 4251
23580 6680
23587 8453
23588 6897
23594 14005
23596 18423
23605 1165
23605 7215
23605 11926
23620 14596
23627 14996
23627 17269
23627 20831
23634 4508
23639 5500
23639 6721
23640 14429
23640 16795
23657 2792
23661 5531
23664 24026
23665 22824
23668 6670
23669 15865
23669 23754
23688 4723
23690 6133
23690 10495
23690 14128
23690 14996
23690 18550
23699 3156
23699 6709
23699 11165
23699 15259
23702 1387
23702 3856
23702 7449
23702 16428
23713 15792
23713 20134
23742 2873
23742 11725
23742 11802
23742 15359
23771 6568
23771 15275
23782 9142
23790 330
23790 5492
23790 7886
23790 11132
23790 12681
23790 15605
23790 19543
23790 19878
23806 4972
23806 11132
23806 12332
23806 15271
23806 15605
23826 17079
23826 23582
23827 19270
23830 11266
23836 12046
23836 22367
23838 480
23838 2708
23838 23797
23841 20870
23845 2478
23846 2365
23846 16778
23846 19874
23852 8163
23852 12551
23852 17692
23852 23217
23855 160
23855 13568
23855 18651
23887 2352
23888 114
23888 10366
23901 3836
23918 2493
23918 18135
23938 17692
23939 9692
23945 616
23945 1067
23945 1165
23945 3048
23945 4972
23945 5447
23945 5492
23945 7215
23945 11926
23945 13224
23945 15086
23945 15478
23945 17238
23945 19553
23945 20484
23945 21485
23945 22736
23945 24299
23961 524
23961 9704
23961 15805
23973 21535
23973 21728
23983 5707
23987 6732
23999 11249
23999 12393
23999 20891
23999 22797
24008 1685
24008 6356
24008 15791
24008 15865
24014 23722
24017 6585
24017 8801
24017 15092
24017 22538
24020 4972
24020 7294
24020 15050
24020 22983
24021 1165
24021 7215
24021 11926
24021 12332
24042 2569
24042 8972
24047 3918
24047 15602
24047 16330
24050 6112
24052 6968
24055 16778
24055 20696
24059 92
24059 16085
24059 20687
24064 2206
24070 12551
24070 17692
24073 18013
24079 8413
24095 8163
24099 6353
24100 2353
24100 9731
24100 12303
24100 12941
24105 17728
24126 2571
24126 17321
24126 18451
24143 21
24143 14566
24143 19876
24150 2890
24150 13257
24156 10495
24156 16805
24162 1805
24162 7745
24171 19103
24181 21245
24213 529
24217 3918
24217 8688
24217 10549
24220 8181
24220 20919
24221 8163
24221 12551
24228 13388
24251 5849
24251 17615
24251 19976
24257 2431
24258 23167
24271 14329
24271 22166
24293 19447
24297 5368
24314 7537
24314 17677
24321 4917
24321 21051
24339 6165
24339 7412
24339 10988
24345 11725
24345 13243
24345 15359
24345 17615
24345 19976
24345 24518
24366 2428
24374 22498
24374 24396
24378 12946
24391 6567
24391 18763
24391 20695
24397 23000
24398 16896
24401 23116
24407 17536
24415 4366
24415 7500
24417 11593
24417 16157
24417 20469
24417 23811
24419 10159
24430 4583
24430 10745
24434 21820
24443 3352
24443 4229
24443 5405
24443 8488
24443 10479
24464 15517
24464 19521
24477 17155
24500 8718
24500 12437
24500 21830
24508 1331
24508 3124
24508 21193
24510 7004
24510 10706
24510 10874
24510 23064
24511 6414
24511 12171
24516 22930
24521 12551
24521 23217
24525 10546
24527 8625
24527 11507
24527 16196
24527 22567
24531 5302
24531 9295
24534 10653
24534 13399
24534 18451
24549 23383
24561 12941
24561 21339
24566 10060
24570 4972
24584 7084
24584 9311
24614 10656
24617 16764
24626 20332
24630 23405
24640 8398
24640 9788
24640 12906
24652 5280
24652 17280
24652 20046
24654 6094
24654 10034
24654 12413
24655 10962
24655 13257
24658 17745
24691 7277
24709 8202
24709 12066
24709 15821
24713 15309
24713 18423
24713 23452
24715 16745
24718 11411
24718 14996
24718 16794
24718 17176
24742 19733
24750 3048
24750 13224
24750 13925
24750 15086
24750 19543
24750 21485
24750 24299
24756 21914
24806 18348
24810 16479
24811 2956
24811 5289
24811 6887
24811 12765
24816 5737
24820 16149
24827 20771
24827 24344
24832 21943
24834 9962
24835 9008
24847 8157
24847 16986
24847 21848
24847 23301
24847 23496
24849 18929
24849 24030
24863 7294
24875 4726
24875 19533
24900 11752
24902 9047
24921 14578
24921 16764
24926 1067
24926 4972
24926 15478
24926 20484
24926 23722
24933 13381
24933 23511
24937 2215
24937 14637
24967 1462
24978 4972
24983 24042
24986 6784
24986 6829
24986 14011
24991 3800
24991 6093
24991 17273
25008 14435
25008 15225
25041 10745
25041 15533
25064 8404
25064 16778
25064 17570
25070 19280
25071 7243
25071 8423
25073 1057
25113 5032
25113 8100
25133 17047
25134 17359
25138 757
25138 14996
25138 24591
25152 5368
25153 10471
25185 4726
25185 6465
25185 18989
25210 18375
25210 22196
25229 6548
25238 19503
25239 17409
25240 5434
25240 8325
25263 10159
25274 23337
25302 395
25302 20061
25302 22234
25308 12967
25314 432
25314 3823
25314 16529
25319 9529
25328 2956
25328 10604
25345 22470
25361 9666
25366 5849
25366 13243
25366 17615
25366 19976
25366 24518
25367 11961
25369 12404
25374 8163
25374 17692
25392 23217
25403 11948
25404 8627
25404 17280
25404 19039
25404 21664
25404 22294
25404 24243
25419 2873
25419 5849
25419 11725
25419 11802
25419 15359
25419 17615
25419 24518
25420 20367
25422 2980
25422 20866
25424 19461
25424 23284
25448 4818
25455 12165
25470 6921
25470 9654
25477 11783
25477 19763
25481 5723
25481 23604
25490 1443
25491 23501
25502 10733
25518 4079
25518 15511
25518 20283
25523 1401
25523 19398
25531 21495
25539 2548
25574 2885
25574 4583
25574 15533
25589 14578
25595 5414
25595 14996
25595 24591
25605 4563
25607 21305
25622 9910
25630 10982
25630 15946
25639 6591
25639 23000
25639 23909
25641 22015
25642 14757
25644 4110
25644 18847
25661 4972
25661 15271
25669 20847
25678 2571
25678 20332
25682 9025
25682 17918
25682 23268
25683 12000
25684 2502
25684 8177
25687 15241
25688 16764
25692 12365
25692 13381
25692 22138
25692 22930
25695 11961
25703 22983
25730 13728
25750 11816
25752 7315
25752 19933
25752 22166
25756 9788
25756 20347
25776 20574
25782 18522
25784 11247
25784 13930
25784 19811
25802 12941
25806 1370
25806 6379
25806 9441
25806 20332
25823 3961
25823 12941
25831 16764
25831 17886
25838 11187
25838 14123
25842 20254
25842 20748
25849 5269
25849 22166
25854 19503
25861 4407
25861 6568
25861 8163
25863 8406
25888 20158
25890 6354
25908 9807
25910 12065
25910 16539
25910 22297
25912 5370
25927 4327
25927 16392
25927 24302
25932 16778
25932 17570
25932 20498
25949 20141
25963 7895
25971 11507
25980 23000
25992 24141
25998 7423
26030 14578
26035 20636
26044 10279
26092 24254
26129 11283
26129 16778
26129 20696
26154 2143
26164 5269
26164 11640
26164 22166
26167 6767
26176 21948
26184 4094
26191 7148
26193 18822
26199 15859
26219 10108
26231 1364
26231 3421
26231 14178
26237 1359
26237 4801
26259 995
26259 12024
26279 2438
26279 21419
26290 20332
26311 641
26311 7711
26311 10351
26311 16749
26311 23383
26313 7224
26313 7444
26313 10186
26313 12088
26313 18827
26342 23797
26346 2365
26346 5494
26346 7104
26351 19640
26366 23604
26379 21193
26380 1642
26380 14734
26380 17299
26398 7456
26398 8991
26398 11418
26423 872
26463 5142
26463 14933
26463 16986
26463 24128
26464 32
26464 1306
26464 9493
26464 15229
26464 20458
26470 4508
26470 17231
26470 23331
26472 14465
26472 14996
26481 21165
26482 3129
26482 7243
26482 10474
26482 22721
26486 16764
26525 13810
26525 22081
26525 23450
26530 13491
26530 15318
26536 11411
26536 18423
26538 2356
26540 17692
26540 20870
26551 4726
26551 6125
26554 2276
26563 23683
26586 16150
26593 7636
26599 11317
26601 4646
26607 22545
26608 2294
26618 4071
26618 6356
26618 18550
26624 7646
26624 13030
26626 2390
26626 4563
26626 23501
26631 7963
26642 5849
26642 13243
26642 17615
26642 19976
26642 24518
26650 8134
26682 2873
26682 10146
26682 11725
26682 15359
26682 17858
26686 3129
26699 1752
26699 12711
26700 1444
26704 19310
26724 9654
26724 14882
26725 1267
26725 16247
26735 1067
26735 4972
26735 20484
26757 2807
26757 17228
26757 20134
26760 1057
26760 13529
26761 4381
26761 16874
26765 24236
26774 8325
26774 23217
26789 11303
26798 19503
26798 23604
26802 21535
26820 453
26820 15144
26820 19169
26820 23217
26829 18017
26831 15891
26836 5423
26836 23331
26859 5254
26859 6705
26859 12475
26873 6568
26873 6680
26873 8163
26873 22983
26873 23501
26912 6407
26912 6940
26912 17308
26912 20478
26921 6568
26921 19598
26935 6902
26938 12972
26938 15229
26938 17578
26938 20169
26954 18256
26954 22943
26957 2358
26967 17216
26972 11591
26985 10140
26985 15911
27007 7544
27007 15837
27022 14257
27032 4972
27045 9142
27045 18921
27075 14395
27076 21534
27078 12972
27078 15229
27078 17578
27078 20169
27104 432
27104 9611
27120 16764
27123 5153
27123 6829
27123 10483
27123 13491
27123 14178
27126 22081
27134 13204
27146 11032
27153 11718
27167 1642
27167 14734
27173 9231
27194 17868
27194 22796
27218 6875
27230 3056
27235 3909
27250 3056
27252 8196
27252 10339
27252 20696
27257 14596
27257 18212
27280 11596
27280 21687
27289 20900
27318 5012
27330 7412
27330 10988
27336 7182
27336 8181
27352 1642
27352 14734
27352 17299
27354 11012
27373 10489
27373 20413
27380 12404
27380 22705
27382 19288
27382 23235
27383 1177
27408 1544
27413 3889
27416 7464
27431 1067
27431 11132
27431 15271
27431 15478
27431 15605
27431 18738
27431 20484
27431 23722
27434 12551
27434 23501
27442 16383
27467 12439
27474 6174
27482 17338
27494 300
27496 6393
27501 5032
27525 1575
27525 18581
27533 716
27533 2655
27555 8723
27555 19503
27558 21877
27558 23651
27561 6297
27565 5454
27565 14996
27570 5032
27570 8488
27570 20464
27570 22171
27571 21536
27574 14263
27580 19754
27585 11558
27595 103
27595 17172
27603 11485
27603 12482
27603 18194
27606 19330
27606 22155
27620 14005
27620 18847
27620 21123
27620 22053
27624 7750
27627 6957
27627 9990
27640 2571
27658 3856
27658 11935
27658 17134
27676 16764
27677 20051
27677 23298
27678 12988
27680 11214
27697 18723
27710 11311
27710 11596
27710 16665
27716 6344
27716 8181
27716 22081
27719 6568
27719 8163
27719 10656
27719 23217
27719 23501
27753 2320
27759 20270
27762 9910
27774 806
27780 14310
27780 14996
27780 21948
27789 4563
27789 12010
27789 14005
27790 1940
27795 20844
27814 8714
27820 9880
27820 21874
27834 1574
27834 23284
27847 10627
27860 13451
27876 5280
27876 22081
27876 22607
27887 1329
27919 14344
27919 17238
27919 17763
27921 7880
27921 12251
27929 11322
27938 8991
27938 10503
27938 22630
27939 17409
27939 21193
27942 2423
27942 4640
27942 21692
27958 17238
27959 16875
27978 8475
27997 22647
28000 8414
28004 17105
28014 14020
28016 6379
28021 5280
28021 19503
28021 23199
28029 14097
28035 6165
28035 7412
28035 9939
28039 7439
28039 7745
28051 4339
28051 7439
28051 12475
28056 700
28058 4972
28067 1921
28067 10334
28067 21264
28079 12547
28079 16287
28093 12967
28096 3346
28096 4475
28096 9788
28096 10069
28109 10127
28112 6532
28139 9634
28139 10065
28139 14735
28144 18881
28144 20687
28155 3747
28159 17677
28166 8102
28211 5243
28211 7243
28217 6354
28229 7551
28229 19874
28230 4381
28230 10982
28230 12591
28231 529
28237 6887
28251 3224
28253 1481
28253 18932
28253 21961
28289 5689
28289 12551
28289 23217
28289 23501
28291 10961
28313 14489
28316 5159
28316 11796
28316 22742
28327 5434
28327 11961
28341 8087
28341 8954
28341 10072
28341 12050
28341 15055
28341 19999
28347 135
28350 5920
28350 17077
28358 814
28358 12978
28358 17616
28362 20469
28366 1067
28366 18738
28366 20484
28366 23722
28367 9517
28367 17918
28375 3448
28375 8238
28375 18408
28375 22108
28404 14759
28417 9437
28418 6568
28418 12551
28418 17692
28418 23501
28422 7302
28422 11677
28422 16874
28429 9517
28429 24128
28437 18691
28454 4585
28454 21767
28454 22564
28466 23604
28470 21834
28472 14174
28486 8202
28486 12066
28486 15821
28491 6024
28513 23094
28524 14313
28528 3121
28528 3800
28550 17409
28550 18700
28553 22166
28562 10127
28565 12228
28570 13171
28570 15900
28575 7538
28589 2571
28589 12323
28589 20332
28601 378
28602 4225
28602 11022
28603 24458
28607 13660
28620 11022
28621 2511
28625 14944
28630 16046
28644 3862
28644 14034
28644 21060
28645 14132
28645 22071
28650 9529
28661 10495
28661 16198
28667 22607
28692 21972
28697 22166
28697 23698
28697 23745
28699 1575
28699 6622
28699 24116
28712 4089
28712 7523
28712 7551
28712 16778
28713 23217
28714 12805
28715 823
28737 5763
28744 3448
28744 4972
28745 18989
28745 22081
28745 23331
28747 21753
28760 5639
28780 480
28785 6465
28785 23604
28800 50
28800 330
28800 12681
28802 61
28802 1331
28802 10546
28803 11961
28811 9466
28822 16946
28827 8723
28827 13381
28838 22498
28848 1575
28848 22647
28854 23144
28856 1203
28856 17761
28856 21887
28856 23475
28866 4285
28869 3174
28871 9068
28871 22276
28875 882
28875 11411
28875 21394
28877 13399
28881 18766
28884 2873
28884 15359
28909 17383
28909 22936
28921 2792
28921 22753
28926 8404
28926 18262
28935 360
28935 5587
28935 23217
28938 11930
28941 22477
28945 5936
28953 16764
28959 14932
28960 103
28960 6353
28960 19883
28973 11720
28973 17409
28980 8166
28980 17383
28984 23547
28990 280
29009 15070
29011 14465
29011 18423
29012 3766
29012 15754
29013 7182
29013 15727
29013 17918
29015 5587
29015 5609
29029 22202
29041 23405
29043 12050
29044 3918
29044 8723
29044 10681
29058 10626
29059 23176
29062 11961
29069 9039
29074 1434
29077 2013
29077 7375
29077 14235
29077 17760
29079 9835
29079 17170
29079 21120
29080 11109
29082 3147
29108 9967
29108 10495
29108 10580
29108 16428
29108 17092
29110 1521
29116 10636
29116 13967
29119 3800
29119 10567
29130 10763
29130 16780
29130 21097
29150 4303
29158 19754
29183 5280
29183 10637
29183 15814
29183 17761
29186 21559
29202 2571
29202 12323
29202 21559
29219 7993
29219 8157
29219 14178
29219 21578
29223 3918
29223 10326
29223 23331
29239 6465
29266 14574
29293 6179
29305 11187
29305 21877
29305 23438
29310 4972
29310 20484
29310 23722
29381 12967
29389 5368
29398 9056
29401 5148
29401 19765
29402 1581
29402 3918
29402 5058
29402 5871
29408 11303
29409 22571
29427 373
29429 21559
29433 7811
29435 24591
29446 16832
29454 4972
29467 21729
29486 6829
29486 8157
29486 20061
29486 23496
29496 3121
29496 17280
29496 17438
29504 23072
29519 9187
29519 20855
29519 22420
29524 9405
29524 13785
29536 24328
29571 306
29571 7750
29576 22801
29587 2926
29597 17409
29605 1267
29605 2983
29605 15613
29605 16247
29626 2240
29634 1540
29662 10874
29678 6165
29681 17692
29706 13506
29713 882
29713 1398
29713 11411
29714 1642
29714 14734
29714 19874
29721 4308
29721 5032
29724 4583
29724 11266
29733 10916
29733 14098
29733 23840
29736 7192
29747 9357
29750 1767
29750 18739
29754 15361
29766 7182
29766 8058
29766 14535
29770 1363
29770 2163
29771 6840
29771 20695
29771 24591
29776 1630
29794 4648
29804 6948
29812 8202
29812 12066
29812 15821
29815 8916
29888 5849
29888 13243
29888 17615
29888 19976
29888 24518
29897 6379
29897 17918
29898 9654
29898 21402
29905 11725
29905 13243
29905 17615
29905 19976
29912 9457
29912 9635
29912 17891
29912 21635
29916 18172
29935 6382
29935 7434
29935 9281
29935 13088
29937 12199
29937 23375
29959 6847
29963 10437
29963 12863
29966 5726
29967 9142
29967 15727
29967 17918
29970 17728
29982 6278
29982 14746
29982 17409
30033 20979
30046 8123
30066 16524
30090 14505
30090 17092
30090 23518
30095 17315
30095 22983
30108 8096
30108 18958
30111 12046
30111 17918
30112 8251
30118 16470
30148 10429
30148 10509
30148 11596
30148 16665
30173 11932
30177 19965
30182 1539
30182 6353
30182 15422
30183 14467
30183 16555
30183 18855
30193 23230
30200 6037
30200 8163
30200 20870
30201 18550
30201 22166
30201 23679
30201 23745
30205 1058
30216 4972
30227 12711
30227 22297
30231 5166
30231 9350
30231 18864
30231 21193
30235 742
30235 8423
30235 8688
30242 10902
30242 20653
30243 5021
30243 12124
30243 16842
30246 22964
30247 21469
30260 7084
30260 13488
30273 3096
30277 5808
30289 2182
30289 18105
30291 23501
30292 13155
30293 7863
30304 9654
30306 18451
30324 22441
30328 10182
30330 20103
30336 18408
30339 13449
30343 8202
30343 12066
30343 15821
30345 1095
30349 589
30349 18423
30349 18581
30359 12851
30359 14475
30367 15243
30390 12475
30411 11120
30434 10069
30434 22797
30434 23000
30435 2283
30446 12010
30446 14005
30456 6568
30456 8163
30456 17692
30456 23501
30462 2792
30476 4972
30484 16031
30500 4917
30512 8488
30512 12475
30520 1855
30520 8181
30520 9416
30531 3421
30534 1685
30534 9187
30534 13930
30534 23356
30534 23518
30558 13243
30558 17615
30558 19976
30558 24518
30561 7439
30561 20797
30561 24044
30572 15887
30577 8324
30607 3197
30607 5756
30607 12115
30607 14363
30629 8163
30629 10656
30629 17692
30629 23501
30636 7234
30651 4583
30651 9932
30651 11266
30663 6567
30663 7750
30689 1776
30696 6568
30696 12551
30696 17692
30696 23217
30700 10366
30700 12711
30700 15791
30700 19416
30702 5434
30702 14344
30702 17238
30702 21818
30713 19548
30713 21720
30715 10988
30730 6591
30730 15719
30730 19472
30730 21721
30735 14472
30735 24417
30737 6568
30737 17692
30737 23501
30755 8625
30755 11708
30755 23604
30781 9631
30781 12941
30786 13909
30796 1991
30796 17522
30801 6591
30801 11486
30801 23909
30802 11926
30802 15605
30807 8749
30835 7852
30844 8414
30844 18307
30847 15129
30851 32
30851 1306
30851 9493
30851 15229
30851 20458
30853 15814
30853 16746
30854 11283
30854 16778
30854 20696
30859 17692
30859 23501
30870 10656
30870 18451
30890 19959
30894 6465
30894 20332
30900 14310
30900 14933
30931 23012
30939 12685
30949 2497
30949 15038
30951 4714
30951 20478
30951 21739
30968 14194
30971 2885
30971 3124
30971 17409
30971 21193
30972 6568
30975 4339
30975 4599
30975 17377
31000 12572
31008 906
31008 8527
31008 9631
31008 15613
31010 8058
31011 1481
31011 18932
31011 21961
31021 1057
31021 6591
31021 15719
31021 19472
31049 103
31049 15422
31060 1648
31060 9654
31061 4405
31068 334
31107 10676
31113 14094
31114 23857
31120 22059
31131 9025
31131 13096
31133 18530
31135 2885
31135 14746
31135 23311
31150 1216
31150 2780
31150 15649
31155 24053
31159 9669
31159 11452
31159 12131
31159 20752
31162 4548
31171 1465
31171 2999
31171 12475
31171 19472
31171 21868
31177 15701
31177 18581
31177 23604
31186 1462
31186 14971
31203 5419
31239 4620
31239 6483
31242 10456
31262 4972
31262 7886
31262 13224
31262 13925
31262 19543
31262 19878
31269 15259
31290 6094
31297 2756
31297 20687
31298 14194
31303 2873
31303 11725
31313 3333
31327 158
31327 1702
31327 2352
31327 3076
31327 5705
31327 6648
31327 8573
31327 10841
31327 15389
31327 19889
31327 20643
31327 21641
31327 23160
31337 2457
31343 9666
31358 20502
31363 8688
31363 9731
31363 17136
31366 667
31366 6767
31366 10971
31373 23160
31391 6576
31391 14351
31392 7084
31392 13488
31412 13990
31412 17377
31412 19526
31420 16150
31436 5523
31436 8575
31436 14393
31441 4257
31441 7551
31441 16778
31441 18901
31449 22084
31476 10366
31476 19088
31499 4599
31499 11593
31499 11822
31499 20469
31519 23781
31524 4089
31524 16778
31524 17760
31524 20498
31538 11796
31544 20832
31548 6575
31548 20826
31548 21557
31562 14578
31565 2356
31584 12876
31587 2062
31587 12973
31614 18974
31638 3271
31638 16470
31642 16764
31657 19598
31669 21839
31672 1575
31672 8163
31672 10656
31672 17692
31672 23501
31673 2641
31684 1067
31687 823
31688 14182
31700 8784
31707 529
31718 5725
31729 10835
31734 7863
31734 22753
31736 8163
31736 12941
31758 13746
31758 22776
31769 8578
31769 9634
31790 19981
31795 10653
31795 18451
31802 24098
31813 1095
31813 23000
31831 2958
31831 16595
31839 6379
31839 18886
31839 21313
31841 480
31841 6618
31841 7745
31841 19250
31861 5419
31861 12323
31861 20332
31862 8587
31862 15351
31862 21852
31876 15891
31882 8625
31882 12010
31882 14005
31907 5300
31913 18441
31914 13700
31928 8477
31928 12551
31931 10874
31933 13237
31943 16196
31947 15984
31947 16823
31947 20974
31947 21737
31948 432
31961 208
31962 23745
31966 17692
31991 11260
31996 16986
31999 15865
31999 24044
32005 6035
32005 6567
32007 61
32007 1443
32007 18482
32008 10663
32021 17341
32021 22943
32035 20288
32060 15104
32078 6407
32078 22607
32099 5498
32104 22607
32108 15998
32108 20695
32126 14313
32135 13399
32139 7750
32160 9279
32160 12020
32160 21599
32161 5187
32161 9201
32161 20800
32161 23826
32173 19923
32189 10474
32190 14963
32190 22436
32197 5142
32197 19258
32197 22081
32199 19548
32200 13126
32200 14267
32200 23231
32209 22607
32212 18031
32214 20077
32214 20979
32214 21535
32218 1104
32219 7318
32224 8414
32224 18307
32228 2276
32249 7886
32249 13224
32249 13925
32249 19543
32249 19878
32250 14472
32250 24417
32251 128
32262 8371
32275 10874
32275 12050
32277 15422
32277 19235
32277 20061
32281 16191
32288 16788
32298 13590
32306 3809
32306 23520
32306 23766
32324 21537
32329 14578
32329 23781
32330 16794
32332 11961
32338 5960
32344 128
32344 8625
32350 1443
32350 3124
32350 3746
32350 20161
32350 21193
32352 7669
32357 2873
32357 11725
32357 11802
32357 13243
32357 13244
32357 15359
32357 17615
32357 19976
32358 2792
32362 16874
32362 19288
32362 23235
32367 3943
32367 7727
32372 7423
32372 18581
32411 2365
32411 16778
32428 4972
32438 15909
32438 22395
32450 21165
32463 3429
32476 20419
32483 14472
32491 6568
32491 12551
32495 36
32495 1752
32495 6494
32504 1165
32504 4972
32504 7215
32504 11926
32514 1787
32517 616
32517 4972
32517 13224
32517 15478
32517 16976
32517 18738
32517 20484
32517 23722
32518 8658
32530 7699
32537 4536
32540 2837
32546 10108
32546 20540
32549 3918
32549 18097
32564 17918
32579 10361
32583 4711
32583 5305
32583 14673
32583 18263
32593 14465
32593 18423
32593 22607
32602 7464
32602 22537
32602 22577
32607 5689
32625 15371
32653 18343
32655 20847
32656 2215
32656 11505
32656 16198
32656 18550
32670 6568
32670 12941
32670 17692
32673 10243
32700 1067
32700 15478
32705 1642
32705 14734
32705 19874
32713 11677
32717 7886
32717 13224
32717 13925
32717 19543
32717 19878
32718 15275
32718 23517
32720 23177
32730 6165
32730 7412
32730 10988
32739 17171
32739 19890
32740 9890
32740 23311
32755 6605
32762 2873
32762 11725
32762 11802
32762 13244
32762 15359
32764 16190
32767 1370
32767 22705
32767 23826
32777 6110
32795 12878
32797 128
32797 17238
32799 12365
32799 16874
32799 20771
32799 20900
32799 22138
32813 4801
32816 8488
32824 15946
32826 6339
32867 1058
32870 4972
32874 6568
32874 8163
32874 23501
32884 10874
32886 1941
32886 12741
32886 16780
32901 6165
32902 20649
32903 8171
32905 5110
32905 22688
32911 9443
32911 16973
32919 9132
32943 13357
32953 1449
32953 3928
32953 15699
32956 300
32956 3751
32956 7646
32956 20046
32970 16657
32978 2792
32981 2926
33001 20844
33026 9513
33031 12024
33047 12050
33049 3574
33067 22894
33071 23311
33072 8487
33102 12941
33141 16
33141 4389
33141 11277
33141 13400
33141 14147
33141 24532
33149 1481
33149 18932
33149 21961
33168 14034
33168 17178
33168 21060
33175 3918
33175 4726
33175 6887
33187 23517
33210 4972
33210 15050
33210 18989
33210 22983
33218 5307
33218 13381
33218 16196
33218 18346
33218 23331
33225 10865
33225 18346
33238 3862
33238 17677
33238 17918
33247 2623
33247 17763
33252 11173
33253 13872
33264 5849
33264 13243
33264 17615
33264 19976
33264 24518
33265 4407
33265 6568
33265 23284
33268 22943
33278 32
33278 1306
33278 9493
33278 15229
33278 20458
33280 7697
33284 23686
33286 6185
33286 8688
33297 4308
33297 12475
33299 6330
33299 14767
33312 1203
33312 3121
33332 865
33332 882
33332 3565
33332 5414
33332 5529
33332 8884
33333 1465
33333 7750
33333 8181
33333 19472
33333 21868
33351 6568
33351 10166
33351 12551
33359 9279
33359 12020
33359 21599
33369 2641
33382 10463
33384 18348
33387 13177
33387 20277
33388 21060
33389 8505
33389 18487
33389 18986
33390 9585
33390 13017
33390 15891
33395 7863
33395 8630
33395 22753
33397 7645
33397 13088
33399 14350
33402 15699
33402 23475
33407 12666
33407 16746
33408 14153
33422 19503
33442 23279
33446 5645
33480 7641
33484 12323
33484 13399
33484 16986
33486 1689
33486 2641
33486 3475
33502 2792
33502 16764
33519 529
33520 4140
33520 5828
33524 9707
33530 902
33530 8912
33530 16028
33530 17407
33538 11971
33541 17508
33547 21877
33551 14996
33558 6889
33558 13488
33561 10155
33561 12074
33561 19096
33563 283
33563 18042
33585 995
33585 4089
33585 6692
33585 16778
33591 3918
33591 4726
33598 1725
33598 18727
33601 8181
33601 13381
33601 23511
33613 18052
33613 19537
33618 14421
33622 9910
33624 1359
33624 4563
33629 2220
33648 3971
33666 16028
33671 12973
33671 14761
33671 19109
33671 22753
33678 13381
33678 23511
33705 9967
33705 14996
33705 19330
33708 5849
33708 13243
33708 17615
33708 19976
33708 24518
33709 16764
33711 6465
33711 18847
33722 17918
33725 8163
33739 2792
33747 6887
33747 15154
33749 16009
33753 2445
33753 17121
33768 23470
33779 23512
33789 14310
33791 20454
33791 22680
33796 19897
33796 22166
33797 5849
33797 13243
33797 17615
33797 19976
33797 24518
33819 12197
33825 4207
33833 5587
33833 7294
33848 15275
33848 23989
33849 9142
33870 8202
33870 12066
33870 15821
33873 998
33891 1481
33891 18932
33891 21961
33895 18355
33914 13315
33914 24294
33942 8202
33942 12066
33942 15821
33960 8630
33960 22753
33963 19175
33964 17076
33964 24276
33985 17692
33989 17196
33989 19503
33989 23604
33989 24550
33997 6591
33997 8488
33997 14178
34003 4356
34003 22941
34004 14310
34013 18822
34013 20061
34041 20254
34047 13467
34047 23720
34060 616
34060 1067
34060 3048
34060 4972
34060 5447
34060 15086
34060 15478
34060 16655
34060 18738
34060 19543
34060 20484
34060 21485
34060 23722
34060 24299
34076 2356
34083 10143
34106 4972
34109 788
34137 4508
34137 17231
34137 21469
34137 24116
34148 6568
34152 2098
34160 23574
34169 2885
34169 9890
34169 10546
34171 1538
34171 8389
34171 16163
34173 17083
34185 1051
34186 5016
34190 10748
34190 11725
34190 11802
34190 15664
34190 19825
34190 22534
34194 536
34194 23097
34196 20696
34199 10517
34227 10697
34238 14996
34238 18850
34238 24591
34255 10597
34267 529
34274 2276
34276 4563
34276 23518
34277 4947
34296 17646
34302 23450
34310 10159
34311 2924
34322 5849
34322 10748
34329 5849
34329 13243
34329 17615
34329 19976
34329 24518
34330 10927
34332 14387
34332 15259
34332 18772
34335 4801
34335 21559
34337 12941
34337 18921
34342 1735
34342 14280
34349 6860
34349 10897
34349 18039
34359 529
34362 13575
34390 3278
34401 19503
34405 16729
34408 5368
34440 6048
34445 5899
34445 6429
34449 2885
34449 17409
34449 23311
34450 19391
34466 7629
34466 11935
34466 24591
34481 757
34481 10580
34481 15634
34487 50
34487 330
34487 1165
34487 12681
34487 17165
34491 2356
34513 6016
34514 21789
34517 23512
34520 964
34520 10745
34520 11266
34527 10417
34527 21629
34533 11311
34537 2358
34537 16993
34542 3918
34555 9327
34555 15634
34569 8194
34569 18451
34573 6022
34575 15478
34575 15605
34588 15985
34588 18918
34591 14488
34601 9731
34611 1608
34611 9936
34624 3910
34625 20448
34626 1685
34626 9822
34626 15993
34626 16832
34629 18959
34632 15946
34632 22138
34632 23368
34639 11961
34653 15984
34653 23890
34654 10479
34667 8163
34667 10656
34667 23217
34667 23501
34680 3429
34681 22639
34685 14110
34686 2873
34686 11725
34686 11802
34686 15359
34690 14171
34690 22311
34705 1974
34718 636
34731 10865
34734 6883
34734 16874
34734 20771
34751 5849
34751 13243
34751 17615
34751 19976
34751 24518
34755 5025
34756 4972
34756 18573
34758 10854
34758 15183
34765 12967
34765 15447
34765 17409
34782 6891
34783 5849
34783 13243
34783 17615
34783 19976
34783 24518
34796 3124
34796 16641
34796 18482
34796 19191
34796 20649
34800 11285
34800 15983
34800 23275
34818 13132
34818 13381
34818 16196
34820 12303
34820 22607
34828 3918
34828 17918
34828 22166
34856 4257
34856 7551
34856 16778
34856 18901
34857 14578
34870 17692
34870 24294
34876 8371
34895 19098
34905 4089
34905 8404
34905 19795
34910 8163
34910 17692
34910 23501
34917 6568
34917 8163
34917 12551
34917 17692
34917 23217
34920 2858
34920 9752
34920 11461
34923 20610
34928 5695
34928 7872
34928 14996
34941 4431
34941 14758
34941 23348
34941 23888
34943 3364
34943 18593
34954 12500
34960 16883
34962 882
34962 4071
34962 9731
34962 21607
34971 16641
34971 21193
34986 15938
34991 7302
35001 1443
35001 6385
35006 19494
35009 3333
35013 14996
35013 19330
35020 36
35020 1752
35020 11552
35030 15727
35034 4972
35048 10069
35050 4972
35064 20332
35064 20870
35072 21402
35072 22721
35081 15839
35088 3501
35088 6732
35088 9654
35095 18348
35095 18522
35100 5204
35115 7409
35115 9821
35115 11385
35124 6165
35124 10378
35127 4806
35134 7745
35158 20664
35158 23501
35161 11266
35161 12065
35166 2792
35166 22753
35183 6568
35183 8163
35183 20870
35183 23501
35187 9231
35187 9443
35187 19467
35189 373
35238 20925
35264 4972
35271 23284
35299 2445
35317 8202
35317 12066
35317 15821
35318 9279
35318 12020
35318 21599
35331 16421
35335 13134
35375 1034
35375 10745
35378 5423
35378 10326
35378 22930
35383 836
35390 11961
35400 401
35400 22376
35409 1386
35409 23217
35409 23518
35412 2833
35412 19426
35442 36
35446 13381
35450 22291
35451 15646
35452 207
35457 6259
35475 18541
35493 10982
35493 12591
35493 15198
35507 23838
35510 14415
35518 1443
35523 12941
35525 1057
35525 6591
35525 14178
35541 6053
35547 14177
35572 8057
35579 7698
35589 18212
35589 23331
35599 6165
35602 13877
35606 10119
35610 8857
35622 7872
35627 1443
35627 13855
35631 14970
35636 2696
35639 998
35639 1575
35639 5066
35639 24591
35674 6379
35674 14535
35691 7646
35692 3501
35692 7423
35692 8181
35718 1449
35729 9626
35729 19503
35731 5519
35733 21622
35733 21972
35733 24591
35735 9231
35740 6856
35740 10119
35741 23365
35744 2967
35750 19874
35750 22150
35751 1172
35754 21193
35762 10760
35767 745
35767 2792
35772 12660
35779 17328
35791 902
35791 3475
35798 11830
35798 20359
35798 24417
35814 14996
35814 15408
35814 17148
35838 6219
35838 8627
35838 9643
35852 23069
35872 22081
35884 15727
35884 17918
35895 9366
35910 9541
35920 6951
35920 11593
35921 616
35921 1067
35921 11132
35921 15478
35921 15605
35921 18738
35921 20484
35921 21485
35921 23722
35921 24299
35924 8079
35924 16780
35928 4071
35928 22166
35928 23745
35928 23949
35936 8338
35950 10146
35958 21402
35982 5145
35982 21122
35982 23137
35991 2441
36001 15139
36017 18052
36021 453
36025 8625
36034 12741
36034 17092
36034 23766
36043 12654
36049 20210
36065 9531
36065 18989
36101 16050
36107 7233
36107 13612
36117 6354
36144 11303
36145 17704
36145 23268
36145 23501
36153 20306
36179 4485
36198 19474
36214 4972
36214 11926
36214 15605
36235 17828
36255 23915
36261 12630
36261 14586
36261 18212
36270 21245
36270 22294
36287 6568
36287 17692
36292 2652
36292 12551
36293 17918
36301 11022
36308 5294
36308 17606
36319 1575
36319 23331
36320 20487
36320 23107
36324 1575
36324 13139
36324 20285
36325 9275
36332 10370
36335 17918
36355 17512
36355 22877
36360 20870
36361 10982
36361 19288
36378 7997
36378 9163
36381 19110
36395 324
36395 13580
36408 14465
36408 18423
36422 21055
36427 10146
36427 22825
36429 3501
36429 19503
36443 17178
36450 5942
36459 2367
36460 6833
36462 4505
36473 615
36478 16764
36482 7439
36482 9015
36495 17231
36495 24206
36519 10275
36548 7412
36548 9939
36548 10988
36548 12953
36554 586
36572 13559
36576 4972
36577 18182
36580 4338
36580 20048
36596 20005
36606 20528
36610 15605
36629 24121
36637 20789
36639 10509
36639 21899
36648 23199
36649 18723
36656 6442
36656 8251
36656 16006
36675 16530
36694 17238
36694 21818
36695 13925
36695 15478
36695 19878
36700 1685
36700 6840
36700 15719
36700 16780
36700 17007
36701 1863
36708 22796
36708 23475
36723 6465
36723 17178
36772 20069
36773 3994
36790 18794
36792 2873
36792 11802
36792 22534
36793 1203
36793 2772
36793 21887
36793 23475
36805 20900
36824 1235
36832 12112
36832 20903
36832 23000
36835 5174
36835 21104
36835 23352
36838 902
36838 6385
36838 10546
36845 3838
36845 18488
36846 13010
36849 2207
36849 3228
36849 15900
36849 23547
36850 8404
36850 16778
36850 20696
36870 16211
36874 15318
36879 8562
36885 8163
36893 1559
36893 2182
36893 3918
36893 12148
36914 6523
36925 4563
36925 18105
36928 22753
36930 2655
36937 18145
36938 15275
36938 23752
36949 9626
36959 17409
36965 1226
36969 20890
36974 2792
36977 12741
36978 5587
36978 9517
36978 22376
36979 12475
36979 14011
36979 23349
37038 2465
37050 24172
37051 23090
37064 61
37064 9350
37064 16641
37064 18482
37066 6165
37066 7412
37066 10988
37066 14194
37067 20707
37072 1891
37072 3760
37072 22753
37083 3707
37088 9823
37088 19395
37090 4972
37105 8202
37105 12066
37105 15821
37114 2911
37114 14465
37122 17456
37125 10549
37125 15607
37144 12367
37164 17389
37164 22052
37167 2796
37167 12540
37169 12115
37169 13200
37169 20639
37173 9517
37173 15946
37173 23368
37175 9385
37180 10366
37184 12162
37188 7182
37190 12967
37191 16832
37191 23518
37191 24591
37225 8163
37225 21469
37246 3334
37250 14065
37281 3948
37281 8406
37283 8488
37293 1359
37295 4838
37295 14971
37295 16832
37314 7451
37314 12594
37314 14104
37315 10220
37315 11311
37315 11596
37315 21899
37317 2365
37317 16778
37317 19874
37323 21060
37323 23604
37341 12440
37348 8488
37361 13577
37362 23683
37363 4972
37379 4508
37379 17231
37391 20061
37405 14194
37438 23501
37442 21111
37447 8370
37474 11905
37474 19870
37477 6965
37497 6732
37497 18541
37519 11680
37520 1855
37520 7278
37527 4416
37536 48
37538 18581
37545 135
37546 8202
37546 12066
37546 15821
37547 8753
37553 9279
37553 12020
37553 21599
37569 15554
37569 22041
37575 14604
37575 20891
37584 22913
37590 17918
37609 11022
37620 12551
37620 19598
37624 3560
37643 1809
37643 14034
37643 23517
37659 23217
37665 8917
37666 1386
37666 16454
37666 19602
37675 9234
37682 11961
37683 6344
37683 7672
37690 7720
37690 12722
37693 14128
37693 14996
37693 17092
37696 8181
37696 23386
37743 9654
37746 8794
37755 8191
37765 6354
37765 22084
37792 16656
37806 13023
37806 20161
37806 24231
37810 21422
37819 18020
37819 21697
37824 7651
37832 9910
37832 16596
37834 22753
37848 12941
37848 19503
37848 23698
37853 1725
37853 10987
37853 17923
37864 19708
37875 11266
37875 22753
37894 4113
37894 15281
37894 20797
37896 3121
37910 17923
37910 19030
37914 17918
37928 13132
37936 20133
37938 5080
37938 5270
37939 13078
37946 10874
37948 18451
37948 23989
37956 1685
37956 11411
37956 18450
37965 2885
37979 2873
37979 11725
37979 11802
37979 13244
37979 15359
37990 1945
37990 2655
37990 18360
37990 19363
37990 20364
37990 23926
37993 13114
37993 13603
38002 2652
38002 9531
38023 12332
38023 15271
38023 15605
38032 5898
38032 11791
38048 12778
38051 12393
38051 16086
38053 21152
38064 15727
38067 3917
38089 18084
38093 8380
38093 20649
38093 23027
38095 3552
38095 15459
38095 18583
38099 2060
38102 21701
38114 11106
38120 6591
38120 14178
38120 15719
38120 19472
38128 17092
38128 23766
38138 4295
38138 6660
38138 14637
38138 23217
38141 13887
38141 13901
38141 23825
38147 1443
38147 17497
38154 1581
38154 18541
38154 23331
38158 9380
38173 9796
38175 17677
38175 20003
38179 12840
38179 20394
38191 1067
38191 15271
38191 20484
38198 18847
38199 13491
38199 15318
38199 20897
38216 13307
38226 12759
38258 3918
38258 10146
38258 10276
38258 16330
38273 20789
38275 18270
38292 1331
38292 3344
38292 9890
38292 12967
38292 18482
38300 21123
38300 23752
38303 12978
38303 19096
38305 6353
38305 19585
38313 23454
38318 19855
38336 10366
38352 11896
38352 20897
38355 24591
38360 23787
38373 18847
38376 18847
38376 21339
38379 13577
38415 5280
38415 15613
38415 20046
38416 16764
38431 11505
38431 16695
38440 10709
38440 21887
38442 9910
38454 4150
38463 12050
38469 4563
38473 4475
38473 18159
38475 9835
38475 14178
38475 17434
38475 21721
38487 22796
38493 20865
38500 2215
38500 16695
38500 16780
38500 19050
38510 10020
38510 17884
38510 18348
38522 5317
38538 20300
38548 9206
38553 18451
38566 11266
38581 12188
38592 16986
38592 17918
38593 15613
38594 283
38594 23909
38596 10159
38597 18020
38602 10517
38605 1790
38605 9818
38605 14177
38605 15519
38605 17487
38622 7220
38629 10279
38629 23083
38633 6379
38635 8163
38635 17692
38635 19598
38641 1941
38672 12876
38678 2276
38685 4071
38685 17176
38685 23797
38686 14465
38686 18423
38690 24486
38693 23225
38707 12997
38717 1581
38717 10865
38717 18541
38730 7727
38730 14034
38730 16993
38730 21060
38733 6379
38762 1401
38768 4089
38768 16778
38768 17760
38768 20498
38782 480
38790 1005
38790 5195
38790 8539
38792 139
38792 3942
38814 745
38826 22166
38826 23745
38830 13177
38839 2856
38855 12096
38861 5689
38873 17761
38907 6354
38912 8163
38912 17692
38912 23217
38919 6568
38919 12551
38919 23217
38919 23501
38924 7872
38940 17183
38943 4429
38943 17728
38943 17918
38956 4163
38956 9435
38956 22688
38959 13649
38961 18113
38971 1283
38971 14329
38971 15613
38973 4225
38973 9145
38973 11022
38973 13755
38981 22753
39021 2358
39027 6876
39032 6356
39032 22166
39032 23754
39035 4131
39037 12643
39038 1493
39041 8489
39041 11370
39041 18499
39041 20207
39064 2945
39064 7998
39064 10326
39064 23604
39096 19182
39097 13139
39097 19503
39105 14578
39112 10108
39114 10452
39114 23064
39114 23836
39119 15260
39123 17728
39142 8050
39187 5434
39187 22930
39195 13500
39199 4563
39199 6883
39199 13755
39199 17178
39204 3129
39204 5317
39206 16665
39227 1825
39227 4508
39227 17231
39230 15104
39238 2641
39238 23405
39245 12941
39246 2561
39246 9350
39246 14381
39246 18482
39246 20161
39251 5280
39251 9517
39251 20077
39251 22376
39252 9039
39254 2520
39254 4887
39254 5570
39254 13752
39254 14794
39254 16830
39254 17750
39254 19250
39254 22390
39258 283
39258 17170
39258 18042
39260 2365
39260 16778
39260 18901
39281 9156
39307 9231
39309 9529
39309 13177
39316 8488
39316 13491
39316 14178
39316 20897
39322 18447
39324 9668
39325 20552
39332 11084
39345 3691
39345 16015
39345 18069
39350 13577
39355 6568
39355 8163
39355 12551
39355 23501
39369 2213
39369 8509
39369 17936
39369 22850
39391 6829
39391 7439
39400 6472
39408 6213
39411 3751
39411 4563
39416 6093
39416 17761
39416 23475
39433 465
39433 20547
39438 5591
39438 14332
39444 7750
39444 9788
39444 12393
39453 4372
39460 14697
39464 4475
39464 19570
39483 12874
39495 10608
39495 23177
39495 24044
39502 11918
39525 1855
39525 5032
39525 6591
39525 8181
39525 14310
39579 7714
39579 8423
39580 2792
39580 8630
39580 22753
39585 7811
39589 1189
39593 4583
39593 15533
39593 20672
39625 814
39625 12978
39625 22008
39625 23518
39626 18642
39629 3448
39629 10108
39629 18292
39638 11797
39638 18921
39640 15809
39649 4954
39649 12406
39649 17918
39654 1359
39654 2571
39654 12323
39684 21887
39684 22081
39686 8946
39689 22376
39692 2571
39696 2353
39696 9025
39696 23268
39701 14486
39712 2292
39712 8181
39717 4972
39717 9443
39729 12451
39730 6180
39746 12741
39746 24591
39748 19962
39762 23825
39768 17511
39769 60
39769 17193
39769 22081
39769 22930
39780 4402
39780 15460
39787 1261
39805 2292
39805 4726
39805 7182
39818 3585
39829 32
39829 1306
39829 9493
39829 15229
39829 20458
39830 529
39837 14938
39837 16488
39842 12768
39846 6379
39852 9231
39859 14067
39859 19503
39861 12062
39861 19278
39861 24060
39864 13030
39864 17918
39864 22607
39868 5032
39868 8488
39868 20464
39869 19083
39869 22294
39872 14604
39872 19312
39875 12786
39875 14586
39875 18262
39877 19521
39887 792
39888 18106
39892 13757
39911 10069
39920 1398
39930 20832
39933 4972
39945 5689
39955 13126
39955 14267
39955 23543
39957 407
39957 3751
39957 12941
39957 23604
39966 17802
39976 23279
39980 1095
39980 6591
39980 8742
39982 15744
39990 6887
40005 17077
40013 4407
40013 6568
40013 12551
40013 20870
40020 11730
40023 14162
40041 21233
40042 270
40087 4648
40090 10679
40106 7224
40106 7240
40106 10186
40114 5198
40114 23651
40130 4164
40130 8325
40130 15079
40130 23983
40136 21589
40145 12365
40145 22138
40156 21588
40157 19258
40160 765
40160 20487
40160 23107
40161 3352
40161 10971
40161 11896
40161 16418
40181 6622
40181 14056
40181 22952
40190 7185
40192 7431
40192 17420
40195 616
40195 15478
40195 18738
40195 20484
40195 23722
40200 1283
40200 15613
40200 21887
40206 6829
40211 3344
40211 6385
40211 10546
40211 16641
40211 18482
40226 7698
40226 14064
40247 12511
40257 2233
40264 17178
40269 2356
40272 22994
40276 8852
40276 15038
40277 15512
40277 19312
40291 10884
40300 13539
40300 14652
40300 24532
40304 6494
40304 15613
40304 23604
40325 8722
40327 9441
40327 16874
40334 16942
40334 17653
40341 8700
40365 20469
40370 8753
40385 8699
40388 10137
40389 24554
40400 2833
40400 19426
40401 9647
40401 24236
40404 23261
40426 12941
40426 21402
40447 18921
40449 17178
40453 12661
40474 4972
40474 23722
40483 218
40483 10350
40515 10326
40515 22930
40523 12005
40528 3121
40528 12701
40528 17918
40528 19083
40528 21664
40532 4421
40532 4494
40532 13626
40552 4883
40552 14847
40552 22290
40556 9008
40556 14810
40591 247
40591 12951
40591 21490
40610 5032
40610 12475
40613 6554
40637 7660
40639 2641
40646 7863
40651 10745
40651 19503
40654 12572
40658 4042
40660 2365
40660 8404
40660 16778
40661 9139
40667 2276
40668 19029
40673 22716
40679 17769
40683 1398
40683 2267
40691 1370
40691 9025
40691 23268
40693 8326
40695 10745
40706 23767
40716 13243
40718 13464
40724 10745
40725 21501
40738 6462
40745 9654
40745 17178
40757 4972
40758 9910
40762 6165
40762 9939
40763 6568
40765 145
40765 14365
40774 12741
40774 14996
40787 14578
40793 15930
40794 4518
40794 5434
40814 6568
40814 8163
40814 12551
40814 17692
40814 23501
40815 8595
40815 18130
40815 24427
40831 18530
40851 1387
40851 2233
40851 16428
40851 19330
40851 22155
40865 11505
40865 16695
40870 199
40870 18164
40878 1665
40884 16428
40886 7658
40886 12323
40901 8624
40928 757
40928 12741
40947 13988
40951 5105
40951 7672
40957 20865
40961 4893
40961 11112
40968 17178
40968 17817
40973 8163
40973 17692
40973 23217
40973 23501
40974 6115
40974 7840
41005 23450
41009 9763
41009 13887
41023 10399
41023 19134
41023 19765
41023 21608
41025 15587
41027 21646
41027 23024
41027 23521
41029 11930
41030 10546
41030 17417
41031 10354
41031 14034
41031 21060
41033 16874
41033 24344
41036 9441
41036 16874
41036 24344
41051 4508
41051 7886
41051 17231
41051 19543
41110 23417
41113 21936
41126 17077
41128 9279
41128 12020
41128 21599
41146 1832
41151 5035
41163 1348
41163 6353
41163 14053
41171 2796
41175 4508
41175 17231
41179 11132
41179 12332
41179 15271
41179 15605
41179 19855
41183 12941
41188 13347
41188 16264
41188 18904
41194 19503
41214 321
41219 5204
41219 18708
41245 9775
41246 20695
41251 13930
41251 21983
41251 23880
41255 9929
41266 4972
41270 12972
41270 15229
41270 17578
41271 2276
41271 23683
41277 92
41277 2163
41277 3140
41277 13287
41282 12551
41282 23880
41289 4972
41289 5148
41289 22930
41307 16261
41311 18850
41311 20421
41311 22166
41317 3918
41317 6732
41317 16885
41317 21123
41329 18847
41340 17692
41341 10988
41349 4492
41356 24172
41357 9707
41357 11798
41357 21622
41370 616
41370 4972
41370 7886
41370 13224
41370 13925
41370 19878
41370 20484
41370 23722
41373 18727
41406 6151
41413 4563
41417 990
41417 12551
41417 15309
41417 17579
41417 23452
41417 23518
41437 22571
41450 2276
41463 6165
41467 882
41471 14055
41473 13870
41484 990
41484 15309
41484 23452
41492 3349
41495 18847
41495 21339
41500 15146
41501 882
41501 4071
41501 9015
41501 23520
41516 14088
41523 6591
41523 7501
41523 10479
41528 4000
41539 2524
41539 4563
41539 12708
41539 15727
41539 17918
41545 954
41549 761
41549 7765
41549 10217
41549 14226
41551 22538
41559 11266
41559 12941
41559 18847
41559 21339
41564 13066
41566 9047
41610 18423
41610 18989
41615 1569
41627 19503
41637 1581
41637 5898
41637 18541
41643 4726
41643 15727
41643 22081
41659 8959
41659 11478
41673 3639
41673 12682
41690 2428
41690 3031
41690 3986
41690 9303
41690 22930
41708 4518
41723 16737
41726 12091
41734 7412
41734 10988
41734 12953
41735 1121
41735 21852
41736 13491
41737 14472
41737 20359
41754 8413
41761 21664
41778 12483
41788 14381
41801 6746
41801 22971
41805 2358
41805 15727
41805 17918
41836 3124
41849 4123
41849 12303
41849 22930
41859 2873
41859 5849
41859 11725
41859 13243
41859 15359
41859 17615
41859 19976
41864 12010
41864 14005
41864 17692
41894 1443
41894 12967
41897 12941
41915 1208
41915 16454
41918 22342
41919 1310
41932 17315
41932 17692
41938 13604
41938 20046
41938 21535
41958 10
41958 3750
41958 5613
41958 6533
41958 8938
41958 8945
41958 11228
41958 22788
41972 4518
41977 182
41977 2559
41979 16724
41985 1095
41985 17007
41985 23000
41991 9658
41991 23209
41999 17615
42026 3197
42026 5756
42026 14363
42050 15667
42077 5920
42077 7141
42077 18114
42077 18541
42080 15727
42081 13177
42081 15275
42081 18847
42089 3918
42089 7315
42089 9142
42089 16454
42089 18541
42089 19602
42089 22081
42096 5066
42096 23949
42102 152
42104 616
42104 18738
42104 20484
42104 23722
42105 529
42109 9890
42122 9529
42122 13177
42134 9406
42134 23890
42135 4954
42145 9505
42145 16163
42145 17420
42145 24176
42146 1422
42146 4541
42146 11266
42146 18887
42146 22764
42170 1012
42170 4563
42170 12010
42175 2287
42179 8202
42179 12066
42179 15821
42180 15727
42180 17238
42180 17918
42183 589
42202 21147
42212 4251
42218 9559
42225 11720
42225 12967
42225 17409
42227 93
42232 7956
42238 3078
42238 5454
42238 9822
42238 15993
42245 10874
42245 13954
42245 23493
42256 6345
42259 8414
42274 13470
42278 22716
42278 22989
42280 14174
42286 8118
42286 21422
42294 8488
42294 21024
42299 17262
42300 17221
42320 7232
42322 7085
42322 13506
42324 1261
42324 4872
42333 1096
42334 11173
42341 16154
42341 21082
42353 12630
42353 18212
42353 23217
42361 1481
42361 18932
42361 21961
42384 1629
42384 5796
42391 17212
42396 14604
42396 18162
42396 19312
42400 9279
42400 12020
42400 21599
42442 18121
42449 2215
42449 10146
42449 23356
42470 5346
42471 2515
42471 21640
42480 480
42480 498
42480 9435
42480 17170
42483 3693
42483 4161
42483 11266
42483 15316
42490 4508
42490 17231
42492 10745
42501 3918
42501 7699
42501 9145
42501 18822
42512 5032
42522 15408
42522 17148
42522 24591
42525 498
42525 8539
42525 15606
42525 17139
42526 4015
42567 7243
42571 6385
42571 10546
42579 12878
42579 15102
42579 19503
42579 20484
42579 23722
42583 2796
42594 197
42594 16764
42594 24030
42604 18989
42606 17105
42612 5495
42612 13039
42612 13104
42612 14718
42617 1401
42617 15826
42618 15664
42618 19825
42620 14104
42654 2400
42654 4836
42654 5418
42657 3411
42657 5494
42657 11071
42664 757
42664 24066
42671 13855
42702 1424
42709 23519
42713 4583
42713 10745
42721 10713
42722 19035
42730 14757
42747 5459
42747 17918
42764 6527
42812 10143
42812 19169
42812 23766
42815 5723
42815 10865
42821 4599
42821 19288
42821 23235
42831 14996
42831 19182
42831 22166
42837 2792
42837 23862
42841 18651
42850 6110
42850 18894
42855 17187
42870 953
42870 16780
42870 19050
42884 23518
42891 4307
42891 18270
42896 16986
42896 18451
42896 23301
42902 2457
42905 12550
42909 23331
42911 10196
42922 9319
42922 14034
42933 432
42933 9611
42933 15607
42937 5129
42963 17000
42965 15337
42967 8414
42967 18307
42980 7750
42987 19279
42989 5423
42989 8820
42993 4475
42993 22797
42993 24044
43001 6829
43014 2605
43014 7080
43014 9933
43022 19478
43023 3337
43028 13721
43028 14726
43028 16186
43043 21935
43051 829
43051 18026
43065 4308
43068 5897
43068 24462
43071 6568
43073 4589
43073 23264
43106 23000
43111 6465
43111 17918
43111 24550
43124 12197
43133 21127
43137 19933
43143 18921
43143 24294
43154 2772
43154 17868
43154 21887
43155 4563
43155 11173
43155 19503
43157 3597
43157 18550
43162 12741
43174 20441
43193 8487
43193 18451
43193 19566
43197 10549
43197 17193
43197 23331
43210 9715
43224 81
43226 17272
43235 7182
43235 14064
43235 16196
43239 17692
43239 20870
43252 19464
43263 17788
43267 15727
43267 17918
43275 22503
43286 8173
43286 9271
43286 19485
43314 4076
43318 10626
43326 9279
43326 12020
43326 21599
43327 2287
43337 4726
43337 10326
43337 22930
43344 7182
43344 16816
43344 17077
43344 22607
43352 23950
43353 13153
43354 9275
43355 14976
43356 1852
43366 19853
43374 12323
43392 12551
43396 23000
43406 2871
43406 5773
43406 8780
43406 12555
43406 22524
43406 24328
43417 8099
43418 10366
43418 20421
43427 6705
43427 14178
43427 19548
43435 12050
43435 21147
43447 10763
43447 15606
43471 21937
43474 373
43476 14222
43476 18744
43479 3384
43488 21839
43493 1067
43493 5276
43511 17328
43521 12551
43521 12896
43524 529
43524 2276
43541 18171
43541 23064
43543 3259
43546 14509
43552 3894
43552 13604
43552 23475
43556 13375
43556 24417
43568 6591
43568 8488
43579 14011
43579 15606
43586 16986
43586 18921
43590 12894
43596 6165
43598 15652
43609 5901
43630 1348
43630 6300
43630 19585
43639 2632
43639 10517
43644 13132
43667 15235
43680 2652
43680 4801
43701 12323
43718 994
43718 3918
43718 19258
43722 7865
43727 14178
43727 19463
43740 8969
43748 13000
43753 2696
43767 1443
43767 2885
43767 7615
43767 13193
43767 24261
43789 19503
43794 11551
43801 9159
43801 9848
43802 6475
43802 19681
43802 24114
43803 12602
43806 20851
43807 11132
43809 23090
43820 3918
43820 12551
43820 14996
43820 15613
43820 22930
43844 15865
43855 11780
43855 21476
43927 6557
43927 8181
43927 14174
43927 14178
43927 14604
43931 23722
43936 22442
43941 13102
43961 4347
43961 22367
43961 24472
43963 5269
43963 10580
43963 14996
43963 22166
43963 24591
43971 10982
43971 15791
43971 15946
43973 4704
43974 12741
43974 18550
43977 22767
44002 23405
44013 112
44018 23000
44030 22195
44034 2873
44042 11265
44042 12612
44042 15740
44052 11132
44052 12332
44052 15271
44052 15605
44066 453
44066 17092
44066 19169
44076 6591
44076 14178
44084 15306
44085 6881
44093 20317
44148 14573
44158 61
44158 1331
44158 2885
44216 1706
44216 12767
44216 23055
44224 10592
44224 23212
44225 21535
44227 8253
44229 2873
44229 11725
44229 11802
44229 15359
44233 9311
44233 17677
44239 13526
44241 16874
44241 20771
44241 23899
44254 17422
44256 1891
44256 7863
44273 2220
44273 11011
44273 22756
44282 20469
44283 17342
44283 17884
44304 11907
44307 6773
44307 18581
44312 8330
44312 16014
44312 24206
44323 6353
44323 10849
44323 17172
44324 21510
44331 14963
44354 10217
44354 13240
44388 3501
44388 9626
44388 19503
44392 2792
44407 511
44407 1057
44415 1398
44420 23342
44426 20484
44426 23722
44434 181
44449 5974
44449 21313
44455 964
44455 8688
44455 10165
44455 23604
44465 8181
44465 17273
44468 17383
44468 19712
44468 22936
44469 3547
44469 16270
44472 22660
44478 2432
44485 6098
44489 393
44489 4296
44498 9391
44524 3842
44529 6338
44529 10636
44529 24552
44545 5884
44545 9142
44545 18346
44553 1461
44553 9748
44553 15171
44553 18777
44553 22557
44561 11584
44569 8587
44569 20367
44570 16454
44570 23797
44571 7084
44571 11285
44573 15813
44594 8851
44596 32
44596 9493
44596 15229
44596 20458
44599 7358
44600 5849
44600 13243
44600 17615
44600 24518
44608 24451
44615 13381
44635 6751
44635 14996
44635 18126
44636 16396
44653 3491
44654 18348
44655 2052
44666 1855
44666 6951
44666 14174
44680 22989
44691 882
44691 15606
44698 19585
44698 24413
44708 9775
44710 2885
44710 9890
44710 16641
44710 21193
44710 23311
44712 20400
44716 9275
44722 4563
44722 13399
44736 10982
44736 20900
44738 1941
44743 4567
44743 10695
44743 20169
44743 23881
44754 22753
44762 17918
44763 1340
44763 1800
44771 23383
44773 14493
44773 21815
44774 4972
44790 366
44791 1942
44791 8325
44791 11132
44791 12528
44791 15271
44791 15605
44791 20484
44791 23722
44802 13842
44813 6465
44813 18921
44813 23301
44822 5842
44822 17513
44825 515
44865 16326
44882 18451
44882 21859
44892 19925
44893 6465
44895 4563
44896 15647
44904 4071
44904 22081
44910 13381
44911 22166
44921 17438
44929 4561
44929 7313
44929 8625
44929 18105
44931 6582
44937 8488
44959 6568
44959 8163
44959 17692
44959 23217
44959 23501
44966 11830
44966 24417
44980 5500
44982 18926
44984 4278
44991 575
44993 13713
44995 5981
44995 8505
44995 11032
44995 12405
44995 21288
44995 21656
44995 22592
45004 20013
45004 24119
45028 15727
45028 17918
45037 7501
45037 13491
45037 14178
45045 23090
45058 12551
45058 14996
45065 11266
45065 18097
45071 6468
45077 2641
45077 17407
45089 12788
45092 656
45092 1099
45092 9855
45092 9897
45092 9965
45092 13105
45113 8202
45113 12066
45113 15821
45114 11170
45114 22180
45119 1855
45119 6591
45119 14174
45144 1723
45145 15701
45152 21022
45153 17328
45180 20771
45185 5723
45195 10326
45195 22930
45196 1261
45196 5849
45196 19976
45202 8688
45202 10865
45202 18105
45202 19457
45210 9626
45210 18052
45210 23501
45230 17569
45231 1267
45231 9128
45231 16986
45235 6063
45245 8575
45255 17675
45255 24034
45270 432
45270 9611
45270 13381
45278 15606
45278 24219
45301 12408
45321 10069
45321 12475
45321 17980
45324 23746
45338 6661
45338 8157
45338 18171
45338 23496
45366 23825
45372 17231
45372 18921
45388 23422
45410 2307
45410 16655
45410 22166
45421 4972
45421 13177
45430 11303
45439 7232
45440 17409
45440 23311
45455 20421
45455 22166
45464 20342
45484 4564
45496 9715
45503 14034
45503 16993
45503 17178
45507 9231
45507 23518
45533 14455
45544 13356
45544 18423
45551 17409
45551 17497
45562 1538
45585 3221
45588 14520
45606 2885
45606 17409
45606 17497
45615 6568
45615 17692
45615 20870
45615 23217
45615 23501
45629 3581
45632 5295
45638 4293
45646 7750
45646 22688
45646 22990
45650 432
45650 19566
45650 23217
45659 16764
45663 11032
45663 15139
45664 5419
45664 16874
45664 17522
45664 19288
45664 22607
45669 14021
45672 1443
45672 2571
45690 7444
45690 12088
45712 6278
45712 17409
45722 24222
45725 2796
45725 4583
45733 9880
45735 3866
45749 14606
45749 14637
45749 19134
45760 494
45760 11134
45760 12183
45760 17905
45760 22883
45764 5531
45781 11796
45781 19737
45781 20483
45800 12309
45808 4063
45808 11175
45809 8714
45813 20788
45814 8539
45819 1401
45822 616
45822 1067
45822 7215
45822 11132
45822 11708
45822 12332
45822 15271
45822 15478
45822 15605
45822 18738
45822 19543
45822 19878
45830 13799
45833 6568
45837 11591
45843 7658
45863 15593
45881 13257
45888 300
45888 7084
45888 13488
45888 15613
45891 882
45893 13126
45893 14267
45893 23543
45908 1936
45908 5934
45908 21223
45925 2276
45925 4585
45933 10091
45946 4972
45956 8202
45956 12066
45956 15821
45962 957
45962 12065
45962 16554
45962 18423
45962 18847
45976 20254
45978 1443
46007 24325
46009 12323
46018 4803
46029 1364
46029 5294
46029 17377
46030 1910
46030 21898
46030 24044
46037 8194
46038 9015
46038 10173
46038 22952
46042 20914
46045 4500
46045 19560
46048 21402
46051 1689
46051 9620
46080 10982
46080 16874
46093 8669
46094 388
46117 21213
46130 4726
46130 16816
46130 22081
46137 5849
46137 13243
46137 17615
46137 19976
46142 14465
46142 20485
46146 1086
46146 4576
46146 13389
46146 21514
46146 23674
46153 5587
46160 8892
46160 19855
46161 18113
46164 12967
46164 17256
46164 17409
46172 19804
46209 8181
46209 13132
46228 10821
46231 8166
46231 14699
46238 13575
46238 18198
46250 6165
46250 7412
46250 14194
46260 17642
46260 18681
46263 3100
46263 18387
46266 15554
46266 22041
46278 5294
46278 9788
46278 19312
46295 21449
46307 11112
46328 5280
46328 7941
46328 17761
46330 9654
46343 7707
46360 4585
46360 13047
46370 21165
46372 4583
46372 6956
46372 18581
46372 23941
46382 1551
46390 20259
46396 4069
46396 6093
46397 2095
46400 18940
46416 6568
46427 19585
46438 3824
46438 18219
46444 12010
46444 22053
46456 16778
46463 10695
46463 15199
46464 2862
46464 21641
46464 23252
46466 5849
46466 13243
46466 17615
46466 19976
46466 24518
46468 2656
46468 6465
46468 6660
46485 13263
46485 19977
46485 21988
46489 8181
46525 2110
46525 8488
46525 14178
46557 2605
46557 9933
46557 14235
46575 21852
46578 4972
46605 16196
46613 9910
46616 4871
46616 12741
46616 20659
46633 4308
46633 19472
46633 23477
46636 616
46636 1942
46636 5492
46636 11132
46636 12332
46636 12528
46636 13224
46636 13925
46636 15478
46636 15605
46636 17178
46636 17280
46636 18738
46636 19553
46636 22736
46645 7117
46646 7789
46646 16454
46646 22108
46646 23797
46655 22008
46659 1575
46659 11049
46659 11266
46659 23217
46663 2583
46667 9477
46667 18696
46670 5319
46673 3327
46673 4972
46673 11926
46684 3918
46684 5280
46684 18541
46685 22825
46692 4101
46711 1559
46711 2182
46711 18541
46711 22983
46712 10220
46712 11311
46712 16665
46712 21899
46717 9517
46723 8714
46727 5245
46735 3409
46742 18624
46744 12010
46752 7213
46761 17664
46762 12475
46762 16034
46762 22797
46766 6568
46766 8163
46766 17692
46766 23501
46767 11132
46767 12332
46767 15271
46788 4773
46790 12684
46807 4563
46807 8325
46807 10165
46821 1874
46831 13926
46834 2796
46834 4583
46834 10745
46838 8916
46838 23836
46845 1625
46850 2292
46850 6972
46850 17918
46852 17204
46876 6604
46883 498
46883 11896
46883 19250
46891 15911
46893 3501
46902 15814
46918 3547
46921 12913
46936 4796
46937 1481
46937 18932
46937 21961
46943 17745
46946 18348
46961 9313
46961 9910
46961 13117
46963 12530
46963 15309
46963 23452
46995 3046
46995 3057
46995 4292
46995 9889
46995 13603
46997 14810
47001 23679
47004 8414
47004 10982
47009 4972
47010 882
47010 14188
47010 21502
47015 3344
47016 15154
47016 19598
47017 5793
47017 9934
47017 12197
47046 2276
47047 616
47047 1067
47047 3048
47047 5447
47047 13925
47047 15086
47047 15478
47047 18738
47047 20484
47047 21485
47047 23722
47047 24299
47051 8488
47066 21357
47069 5052
47074 1267
47092 604
47102 529
47102 2276
47103 3118
47109 616
47109 1067
47109 4972
47109 18738
47109 20484
47115 14310
47115 17238
47141 14992
47147 4972
47153 8361
47153 21535
47153 21887
47180 9187
47180 13930
47180 16805
47181 8657
47181 18847
47202 15580
47202 19312
47219 11357
47231 12408
47239 14757
47249 15275
47264 17692
47282 17328
47285 6829
47285 8157
47295 17637
47295 24429
47296 6861
47313 19820
47329 11173
47329 15727
47335 1855
47335 11593
47335 14174
47335 17329
47337 6255
47338 2207
47338 10597
47338 16418
47339 5002
47353 23331
47354 10031
47371 18264
47374 14212
47374 23280
47387 8820
47387 21335
47387 21887
47388 6172
47403 594
47403 22081
47413 7727
47413 11311
47413 16665
47413 21687
47419 4381
47425 7852
47427 12097
47427 12534
47427 24059
47433 21084
47442 19361
47450 21141
47455 15814
47455 16746
47463 1012
47463 12010
47480 6833
47501 9910
47501 24001
47512 1424
47528 81
47536 182
47536 10982
47536 15946
47536 19855
47558 5571
47558 12896
47558 17692
47573 4359
47583 10061
47583 13375
47586 5434
47587 19533
47599 16270
47599 19223
47599 20789
47625 9988
47625 16545
47625 17407
47626 1545
47626 16088
47634 12967
47635 21043
47646 4583
47646 9443
47646 14034
47646 21060
47666 2267
47666 14178
47677 14341
47705 8723
47705 15275
47705 19503
47705 22081
47714 4972
47729 20077
47729 21887
47739 18932
47739 21961
47740 1443
47753 1419
47757 14578
47765 9441
47765 16874
47765 24344
47771 12972
47771 15229
47771 17578
47771 20169
47791 13844
47798 3221
47798 10862
47798 14094
47798 21251
47799 9443
47799 21060
47819 17248
47828 12097
47828 12534
47828 24059
47836 1443
47836 10339
47860 10159
47867 2926
47867 7731
47867 12895
47869 16764
47872 373
47879 21245
47894 14174
47903 9374
47915 453
47915 24591
47919 14104
47923 19503
47925 1443
47925 12967
47926 10326
47926 22930
47934 1067
47934 3048
47934 5447
47934 7886
47934 13925
47934 15086
47934 15478
47934 18738
47934 19543
47934 20484
47934 21485
47934 24299
47945 24186
47949 13190
47975 4424
47975 6354
47975 16479
47975 16736
47975 18689
47975 21062
48017 12323
48017 20332
48029 3639
48029 11199
48029 24416
48085 6568
48085 12551
48098 21022
48101 1880
48101 17761
48101 23119
48104 6568
48104 17692
48104 23501
48108 9024
48108 23119
48118 15259
48118 18441
48118 21943
48123 3124
48123 16641
48141 6000
48146 2213
48146 8509
48146 17936
48146 22850
48155 3581
48160 1401
48160 12693
48160 14646
48160 19398
48165 13492
48165 13604
48165 20046
48165 21535
48165 23475
48180 2571
48191 990
48191 6568
48191 19598
48198 6465
48208 13363
48211 11266
48212 4089
48212 8404
48212 19795
48220 432
48220 15613
48270 4801
48272 7999
48272 24461
48272 24598
48273 21371
48277 4241
48314 2656
48314 5066
48314 12741
48314 23518
48316 7294
48316 14310
48316 22166
48318 1574
48319 7523
48319 8196
48319 18901
48349 2231
48377 21647
48380 2757
48380 7353
48380 18278
48380 23280
48386 9090
48387 6379
48387 17918
48388 10099
48388 18894
48390 23199
48403 3441
48403 15979
48403 18130
48403 21286
48411 3928
48411 15814
48415 5142
48415 6786
48415 14933
48426 17677
48426 21728
48433 9715
48451 7249
48451 9754
48451 18382
48461 12190
48461 15589
48461 20296
48461 21840
48480 8688
48483 12685
48487 7315
48487 12708
48487 16247
48488 15022
48494 5383
48494 12560
48494 14806
48502 2652
48502 22081
48505 5045
48505 19250
48505 21721
48516 10874
48516 14281
48518 6883
48519 616
48519 1067
48519 3048
48519 4972
48519 5447
48519 7886
48519 13224
48519 13925
48519 15086
48519 18738
48519 19543
48519 19878
48519 21485
48519 23722
48519 24299
48525 2253
48525 18198
48525 23604
48538 23194
48591 8844
48592 375
48592 12050
48595 11961
48600 17950
48602 6660
48602 10146
48602 15900
48605 283
48605 16370
48605 24294
48617 20342
48626 4278
48626 12741
48626 24591
48634 18451
48635 2447
48635 12046
48635 13706
48642 20914
48650 19312
48655 4972
48659 14034
48660 4359
48660 10233
48663 5368
48663 14104
48673 2154
48684 22983
48690 8656
48691 9417
48723 1424
48726 4561
48726 8723
48726 9039
48728 4838
48728 18850
48728 22166
48750 21486
48751 13681
48751 17868
48751 19925
48751 20979
48756 4294
48756 23090
48761 2924
48764 20469
48785 7192
48788 6568
48788 8163
48788 12551
48788 17692
48788 20870
48788 23217
48803 1836
48803 3750
48803 4146
48803 4270
48803 9587
48803 13144
48803 13404
48803 14666
48803 15365
48803 16192
48803 18785
48803 21296
48814 14402
48835 13105
48838 10718
48844 12741
48844 19330
48844 20680
48849 1491
48884 17779
48891 529
48909 7872
48909 9822
48909 14996
48909 16794
48924 19494
48930 11961
48941 9517
48947 10126
48947 10549
48949 8196
48949 10339
48949 20696
48950 13454
48980 4372
48980 5849
48980 17615
48980 19976
48980 24518
48982 2179
48982 23315
48984 17178
48987 242
48989 16764
48993 1012
48993 12010
49070 18423
49074 15045
49091 7646
49091 12941
49091 17918
49099 4972
49101 6074
49106 7916
49107 24452
49113 3899
49141 15475
49149 22812
49198 12097
49198 12534
49198 24059
49200 14578
49200 16764
49206 10799
49214 18423
49214 23217
49223 9626
49223 19503
49227 17692
49227 23501
49251 16122
49258 825
49258 6705
49258 17884
49263 8777
49265 6568
49288 11378
49288 21534
49296 20636
49296 24352
49306 1642
49306 14734
49306 19874
49310 6379
49310 19537
49322 395
49322 7278
49322 10873
49332 10811
49334 17178
49336 9654
49336 20285
49337 4567
49337 10695
49337 20169
49337 23881
49345 12997
49351 20654
49362 21381
49367 1401
49367 16560
49367 19398
49374 15997
49381 6660
49381 12551
49381 14123
49391 6385
49407 6600
49426 11411
49426 14996
49426 24591
49434 14596
49434 22607
49435 6165
49435 9939
49442 5245
49442 12475
49442 14178
49480 4972
49502 3813
49505 12100
49515 32
49515 1306
49515 9493
49515 15229
49515 20458
49538 12551
49538 17321
49546 22163
49559 4278
49559 7347
49559 9516
49559 16805
49565 4563
49565 9313
49565 18451
49574 19466
49575 11565
49586 1417
49590 7750
49590 23651
49599 20047
49605 4347
49605 18474
49605 24472
49610 6191
49610 11796
49610 15938
49612 1538
49619 23604
49634 2584
49642 524
49642 5587
49642 6660
49643 4518
49643 10549
49643 17918
49643 22930
49646 6165
49646 7412
49646 10988
49646 14194
49647 7061
49647 16847
49647 20891
49650 5920
49650 6568
49650 17692
49659 10878
49659 17918
49665 8275
49671 12551
49671 23501
49673 6568
49673 17692
49673 23501
49677 3445
49677 4917
49703 2292
49703 5280
49706 9788
49711 9666
49729 19575
49746 6175
49757 7395
49762 8006
49762 15719
49762 19050
49762 24591
49764 23090
49771 17692
49771 20870
49771 23501
49772 8202
49772 12066
49772 15821
49773 21442
49773 23503
49773 23517
49778 1148
49780 4895
49780 13399
49791 17692
49815 6829
49815 10616
49822 5849
49822 13243
49822 17615
49822 19976
49822 24518
49826 203
49836 4972
49853 22376
49858 2253
49858 23268
49871 8906
49871 19313
49874 23107
49881 2858
49881 10093
49881 11266
49898 12551
49937 24387
49941 2571
49941 12323
49951 12941
49967 19083
49972 12741
49972 15865
49972 20421
49985 4071
49985 7084
49996 283
49996 21852
50004 12091
50004 23520
50006 150
50009 8163
50018 4320
50019 13564
50019 14333
50019 18474
50019 19299
50021 6642
50021 7325
50021 19797
50021 23356
50031 3340
50035 15439
50035 23731
50045 2026
50065 1276
50065 1378
50065 20331
50083 8123
50097 13515
50100 8163
50100 12551
50100 23501
50101 6951
50101 8001
50101 10479
50101 11593
50101 23811
50175 5434
50175 13727
50175 15222
50175 17238
50176 23311
50177 2792
50192 20288
50203 4899
50210 9752
50223 6692
50223 8404
50223 16778
50223 17570
50224 20332
50237 2692
50237 14174
50237 17342
50239 1480
50239 2559
50245 23501
50249 529
50249 18020
50257 12097
50257 12534
50257 24059
50278 1581
50278 10865
50278 18541
50302 8163
50302 23501
50304 8587
50304 9788
50312 7772
50312 14178
50313 22010
50317 9775
50319 5329
50319 7450
50323 3836
50323 7045
50323 22470
50333 22294
50334 5317
50358 18847
50365 21213
50365 22376
50385 616
50385 1067
50385 10790
50385 15478
50385 20484
50389 6385
50389 10546
50428 1809
50428 10326
50428 22930
50431 8625
50431 9517
50432 23528
50433 2571
50433 8487
50433 12323
50433 18451
50464 18423
50464 18581
50481 2796
50488 1067
50488 23604
50488 23722
50495 18539
50495 22251
50520 17434
50528 23383
50530 7220
50534 2025
50534 8160
50534 22976
50535 9658
50535 23209
50544 5414
50544 12143
50544 14996
50544 16198
50544 24591
50576 7872
50576 8006
50576 10580
50591 5459
50591 22930
50592 7423
50592 12309
50600 19330
50600 21394
50610 12097
50610 12534
50610 24059
50611 2276
50611 24115
50647 2201
50647 23604
50653 7796
50653 15144
50653 18408
50656 4726
50656 19585
50656 22081
50666 23331
50668 14578
50686 6912
50686 24056
50687 7439
50687 7495
50705 10366
50742 1165
50742 7215
50746 16118
50747 13455
50771 2055
50784 1966
50801 3918
50804 4370
50805 1809
50805 12365
50805 16874
50805 20771
50808 9134
50809 23809
50827 1443
50827 6385
50832 775
50832 21674
50835 5668
50843 18130
50845 10604
50848 13934
50856 23091
50863 12921
50863 19155
50864 13399
50864 20332
50864 23989
50872 5405
50872 17884
50878 6532
50878 23311
50888 12973
50888 15927
50897 20730
50898 3129
50898 10652
50898 22697
50911 23301
50917 4726
50917 14642
50919 4972
50923 11552
50923 18216
50939 324
50939 4094
50939 6340
50939 14324
50939 21449
50960 4972
50965 766
50965 4164
50965 4563
50967 5254
50967 5270
50967 12393
50967 18162
50972 925
50972 9541
50981 24029
51013 2276
51017 2546
51018 1095
51018 8488
51018 13491
51018 14178
51018 19684
51020 17266
51023 908
51027 2500
51030 4972
51034 7854
51041 6165
51041 14194
51046 6133
51046 12271
51046 12741
51047 9025
51047 23268
51047 23604
51051 17786
51058 15613
51087 2634
51087 18459
51088 1941
51088 15045
51116 50
51116 330
51116 4972
51116 12681
51125 10321
51125 11808
51125 19067
51137 3943
51139 10549
51143 10653
51143 21559
51149 18451
51150 17741
51154 11303
51154 17991
51156 17308
51165 17342
51165 20797
51172 3918
51175 3918
51185 6887
51187 8486
51189 17732
51195 1148
51207 2220
51207 12941
51207 19598
51235 13483
51242 7084
51242 12551
51242 13488
51260 13491
51260 21120
51260 21721
51272 7313
51283 3099
51283 12750
51283 20292
51283 21637
51283 22043
51292 3974
51292 7531
51292 18893
51294 5067
51294 8006
51294 17692
51300 17677
51300 17761
51300 23475
51302 6165
51302 14194
51308 3692
51316 6165
51316 14194
51322 10904
51323 22081
51326 1067
51326 18738
51326 20484
51326 23722
51328 7646
51328 12065
51329 825
51332 1090
51346 6165
51346 10988
51346 22930
51351 6220
51354 22137
51373 6840
51373 16780
51374 18793
51374 22916
51377 783
51377 3633
51383 2885
51383 13023
51383 17497
51383 23311
51385 9755
51385 10429
51385 11311
51385 11596
51385 21364
51385 21687
51385 21899
51416 8166
51416 13200
51416 17383
51416 20639
51419 14026
51419 19616
51425 6060
51425 13177
51425 23217
51445 745
51445 7863
51445 12231
51445 22753
51455 1575
51455 5723
51475 4726
51481 17692
51481 23217
51494 9279
51494 21599
51501 7591
51505 21867
51516 9145
51516 10196
51516 15727
51521 20421
51524 2792
51534 5898
51545 5571
51545 6751
51545 17692
51547 11218
51549 20587
51577 1443
51581 17692
51581 23501
51582 616
51582 1067
51582 15478
51582 18738
51582 23722
51586 8196
51586 10339
51586 20696
51589 5587
51591 18451
51592 18256
51592 23890
51597 6887
51597 9231
51604 6684
51604 17368
51605 12365
51605 20900
51605 22138
51610 1304
51610 22591
51620 10874
51626 453
51626 10143
51629 5269
51629 13438
51629 20165
51669 3664
51671 5032
51688 8820
51688 20003
51688 20046
51713 4954
51713 13318
51713 18346
51719 4089
51728 742
51728 10326
51728 22930
51735 398
51735 16926
51768 1443
51768 2885
51786 6956
51786 12365
51786 22138
51802 10591
51832 22473
51837 1261
51837 20198
51840 15559
51841 6956
51842 7391
51843 10366
51843 15791
51843 18886
51843 23745
51855 10546
51855 13023
51861 2885
51861 14746
51861 17409
51861 17497
51864 5587
51864 14996
51881 5756
51881 7224
51881 21965
51882 2199
51882 6446
51912 22138
51912 22380
51927 11961
51935 16778
51943 5849
51943 13243
51943 17615
51943 19976
51943 24518
51945 22817
51952 7672
51956 1165
51956 7215
51956 7886
51956 11926
51956 13224
51956 13925
51956 19543
51956 19878
51971 9187
51971 14056
51971 15865
51971 20421
51971 20495
51986 11209
51986 16196
51986 22297
51995 954
52001 17238
52001 18267
52004 3679
52004 3880
52004 11062
52004 20016
52026 1481
52026 18932
52026 21961
52031 9529
52031 13177
52032 9658
52041 11843
52092 8638
52092 18881
52110 13335
52123 14963
52125 9518
52125 17651
52155 21510
52178 745
52196 7897
52207 15047
52208 8202
52208 12066
52208 15821
52221 2655
52247 453
52247 10495
52249 3384
52249 9763
52249 10020
52249 15660
52249 21641
52259 3911
52288 2837
52288 19012
52293 1401
52299 8202
52299 12066
52299 15821
52303 9279
52303 12020
52303 21599
52333 10366
52333 15613
52333 20003
52334 24344
52335 2273
52344 9289
52354 2098
52358 4308
52358 19472
52358 23477
52368 7185
52382 14174
52400 2873
52400 11802
52400 13244
52400 15359
52404 12574
52411 2792
52413 11926
52414 4972
52419 656
52429 2256
52429 5608
52429 10108
52434 8457
52439 5414
52439 23604
52441 5142
52445 4972
52445 5447
52445 11132
52445 15271
52445 15605
52445 24299
52446 792
52446 12905
52472 1899
52475 5032
52475 14174
52479 10108
52484 8587
52484 17377
52492 18470
52494 1267
52494 1559
52494 1581
52494 2292
52494 5763
52494 7141
52494 15699
52494 23331
52507 3751
52507 7672
52507 18423
52509 1462
52509 9015
52513 5529
52513 13078
52527 9187
52527 19047
52530 429
52540 7750
52540 8001
52540 10747
52540 12091
52557 13078
52557 17178
52570 9643
52570 11961
52581 14346
52587 6591
52587 13491
52587 14174
52599 1401
52623 17522
52632 10656
52640 10982
52640 15946
52640 22085
52648 2873
52648 5849
52648 11725
52648 11802
52648 13243
52648 13244
52648 15359
52648 17615
52648 24518
52660 2999
52660 20897
52661 21500
52663 9541
52663 21147
52670 12967
52672 2999
52672 5179
52675 23042
52680 1547
52680 21137
52701 19751
52702 3620
52702 6610
52713 21266
52729 15229
52729 17578
52729 20169
52739 373
52739 4586
52743 5849
52747 9517
52747 13388
52747 16986
52756 7423
52762 2457
52762 4561
52762 9142
52774 2273
52774 10965
52774 16499
52782 19536
52783 22234
52786 13007
52786 23450
52789 2292
52789 13132
52789 18541
52789 22607
52800 951
52810 1937
52810 20576
52848 17089
52848 18847
52853 12551
52853 23501
52854 7294
52854 15050
52854 22983
52859 453
52859 17092
52885 5849
52885 13243
52885 17615
52885 19976
52885 24518
52896 3707
52896 6108
52896 10861
52896 18728
52896 20801
52898 9279
52898 12020
52898 21599
52903 17226
52903 24056
52911 2024
52917 19212
52921 11961
52924 128
52924 16986
52942 2251
52942 7574
52942 18550
52944 12171
52957 4508
52957 17231
52957 17321
52988 24417
53000 10151
53001 11283
53001 16778
53007 4069
53007 15699
53007 20046
53007 21514
53031 7282
53035 2652
53035 13381
53035 17178
53065 22983
53079 3429
53079 12091
53079 15613
53095 8202
53095 12066
53095 15821
53100 13528
53103 9039
53111 5854
53111 10971
53114 10217
53118 9164
53118 11518
53123 2329
53140 13177
53144 2692
53144 5454
53144 6591
53144 9788
53144 21721
53151 1095
53151 15351
53151 16370
53167 19103
53178 18292
53178 18408
53178 20540
53178 22108
53193 1642
53193 14734
53193 19874
53195 14460
53195 20897
53195 22234
53197 6568
53197 17692
53197 23501
53208 8849
53242 3993
53256 13177
53259 4786
53259 6092
53259 6098
53259 8938
53259 13514
53259 14914
53259 16833
53259 22930
53267 6568
53267 12551
53269 6379
53269 14465
53269 18581
53279 9311
53279 19503
53289 16478
53294 1443
53294 8709
53303 24359
53304 12681
53310 16454
53310 19602
53310 23518
53312 18203
53312 21760
53313 2584
53316 402
53316 5280
53316 21887
53325 23676
53331 6582
53331 16986
53333 11022
53353 14804
53365 7789
53365 17918
53366 9833
53366 19259
53373 16986
53382 8983
53386 11012
53389 2885
53391 882
53391 11486
53391 18450
53392 5743
53396 4548
53396 14620
53417 15580
53417 18177
53422 2213
53422 17936
53422 22850
53428 14174
53429 11584
53431 10982
53431 23368
53432 22567
53436 10069
53436 12475
53436 15900
53437 16780
53437 17092
53437 18010
53438 616
53438 1067
53438 18738
53438 20484
53438 23722
53480 6452
53490 7579
53490 9669
53490 23883
53497 9450
53497 17982
53512 20844
53517 2926
53517 19369
53517 23825
53529 2792
53529 17904
53529 19407
53532 8368
53532 20419
53540 10498
53541 9968
53543 7439
53543 15351
53543 23000
53550 8509
53550 17936
53550 22850
53566 32
53566 1306
53566 9493
53566 15229
53566 20458
53569 902
53569 2641
53569 9620
53569 23405
53608 8568
53616 20026
53621 616
53621 15478
53621 18738
53653 10790
53658 3501
53658 7983
53658 14034
53658 21060
53671 14034
53671 15727
53671 21060
53674 23819
53677 7464
53677 12511
53700 2445
53700 14901
53701 15070
53701 16668
53702 7886
53702 13224
53702 13925
53702 19543
53714 3345
53722 16764
53729 24128
53741 20776
53747 21419
53758 882
53760 19835
53762 21147
53770 14162
53779 6829
53781 16163
53800 16408
53803 13257
53803 16338
53807 23501
53814 13177
53820 6883
53820 23604
53825 15613
53825 22376
53826 18126
53826 19681
53839 17256
53839 17409
53849 595
53849 15444
53849 21816
53851 11961
53854 32
53854 1306
53854 9493
53854 15229
53854 20458
53868 6591
53868 8488
53869 9020
53884 16572
53958 8884
53962 14486
53965 11411
53965 15309
53965 23452
53978 15920
53985 11961
53994 24083
53997 4508
53997 4563
53997 17231
54002 11796
54002 14381
54002 16641
54014 848
54020 1481
54020 18932
54020 21961
54028 5691
54038 4297
54038 7641
54044 19537
54049 18693
54050 2576
54050 23295
54071 953
54071 12741
54071 24591
54076 12463
54076 19672
54080 9529
54085 2043
54090 21599
54099 8371
54101 11266
54121 11178
54121 22688
54124 19312
54124 20891
54124 22737
54131 7375
54151 9331
54157 5849
54157 10748
54157 13243
54157 17615
54157 19825
54157 19976
54157 24518
54158 19283
54162 21126
54166 4573
54184 12551
54184 12941
54193 20557
54199 13713
54209 767
54213 14162
54230 1880
54235 5307
54235 21079
54237 6379
54257 15147
54273 12440
54273 14795
54273 16728
54275 7523
54275 8196
54275 8404
54275 10339
54279 2240
54279 24116
54290 8202
54290 12066
54290 15821
54294 576
54294 1170
54294 18042
54294 21120
54303 4726
54303 10549
54303 21859
54305 5884
54305 8325
54305 10196
54305 19566
54315 5548
54315 7609
54332 3421
54332 7501
54349 10326
54349 17522
54349 22930
54350 19713
54352 32
54352 1306
54352 9493
54352 15229
54352 20458
54363 594
54385 5849
54385 13243
54385 17615
54385 19976
54385 24518
54392 22564
54406 13237
54406 17894
54413 2652
54417 16764
54425 3894
54431 19503
54437 16795
54439 5414
54439 7080
54439 7375
54439 17760
54453 4563
54481 2328
54481 12370
54481 22166
54487 23331
54489 882
54489 19503
54489 23518
54496 5849
54496 13243
54496 17615
54496 19976
54496 24518
54497 5849
54497 11802
54497 13243
54497 17615
54497 21469
54497 24518
54511 8625
54511 9631
54535 1941
54535 8943
54535 23949
54559 12967
54559 16641
54581 18246
54584 6797
54584 19274
54590 1148
54607 9516
54607 18126
54607 19330
54617 19119
54620 283
54620 576
54620 8157
54641 11323
54645 3651
54651 9987
54667 8202
54667 12066
54667 15821
54671 23639
54680 14830
54684 5032
54692 1067
54692 7886
54692 13224
54692 13925
54692 15271
54692 18738
54692 19543
54692 19878
54692 20484
54749 9644
54749 16454
54771 10672
54771 13007
54772 19929
54788 1165
54788 4972
54788 7215
54788 11926
54788 13224
54788 13925
54788 14608
54788 15271
54788 19543
54788 19878
54796 1963
54821 6811
54822 23284
54829 13990
54829 20421
54829 22166
54858 4818
54858 12165
54860 11935
54860 18974
54860 21622
54862 10186
54862 18827
54863 16088
54872 15605
54902 2292
54902 5280
54902 10709
54909 22166
54935 10878
54935 16196
54956 9529
54956 13177
54958 19288
54958 23368
54975 2276
55004 1443
55006 18641
55010 2457
55011 14034
55011 21060
55022 6356
55022 20421
55022 22166
55023 5142
55023 20725
55039 6732
55039 21887
55040 21535
55045 12309
55048 23797
55062 6692
55062 16778
55062 17570
55072 1581
55072 18541
55095 7264
55095 8060
55095 15443
55103 12941
55122 882
55122 20421
55122 22166
55125 8166
55125 14699
55132 21313
55133 11132
55133 12332
55133 15271
55133 15605
55141 1251
55141 6775
55141 22447
55146 18758
55167 4640
55167 21692
55177 14971
55205 16795
55236 1370
55236 17728
55249 13177
55249 23604
55251 20469
55282 18581
55287 9932
55290 995
55290 16778
55294 11132
55294 12332
55294 15271
55294 15605
55299 1840
55299 16539
55302 4972
55309 11287
55316 11173
55317 13381
55325 5849
55325 13243
55325 19976
55325 24518
55334 6165
55334 7412
55334 10988
55335 17832
55340 865
55340 14996
55340 24591
55356 13785
55356 15035
55359 6464
55373 16139
55382 324
55382 13580
55392 7444
55392 12088
55393 4972
55416 19258
55416 23331
55422 9240
55423 6385
55423 10546
55427 19967
55434 18352
55437 6115
55437 9896
55437 22753
55439 7439
55439 17170
55443 8163
55443 12551
55443 17692
55444 9585
55454 11296
55454 23503
55454 23517
55468 6780
55472 4089
55472 16778
55472 18901
55472 18905
55480 393
55492 5317
55501 6568
55510 1434
55524 2253
55524 8163
55524 8820
55524 16209
55524 23501
55533 10982
55533 14596
55533 19288
55541 23172
55543 2792
55570 1165
55570 7215
55570 11926
55583 8202
55583 12066
55583 15821
55584 10495
55584 16454
55590 8003
55590 15422
55598 4674
55601 4726
55601 6125
55601 22930
55602 3922
55602 23525
55608 10326
55608 22930
55616 22028
55647 12551
55647 23501
55657 4972
55666 16366
55667 11720
55673 529
55682 16986
55682 18847
55684 3782
55726 19488
55742 1067
55742 11926
55742 20484
55742 23722
55753 8723
55753 14313
55753 17918
55753 23331
55756 22753
55775 23487
55776 5369
55778 18348
55792 12610
55799 7423
55799 22166
55814 4972
55815 19078
55815 23301
55839 2641
55839 8912
55839 16028
55852 14488
55855 6356
55855 6840
55855 13990
55888 19928
55890 12876
55891 10748
55891 15664
55891 19825
55898 4972
55898 7886
55898 13224
55898 13925
55898 19543
55898 19878
55900 5317
55900 18307
55900 20083
55900 22138
55929 2688
55929 19060
55929 20277
55937 11889
55943 3856
55943 7629
55943 16428
55943 23766
55946 3333
55951 11404
55955 2796
55955 20081
55955 24165
55961 1752
55965 12972
55966 1443
55966 23405
55970 386
55970 17089
55997 4089
55997 8404
55997 19795
56001 21559
56001 23311
56007 2873
56007 11725
56007 13244
56007 15359
56024 2571
56024 13399
56024 16973
56038 1752
56038 4779
56038 10131
56047 1443
56057 6755
56057 17927
56057 18179
56057 23227
56061 23337
56064 6568
56064 23217
56068 10217
56068 10241
56116 2873
56116 11725
56116 11802
56116 15359
56117 3971
56118 3760
56118 12367
56118 16795
56120 19598
56120 23217
56120 23301
56125 1443
56125 2885
56125 9890
56125 17497
56145 16986
56146 6333
56146 20844
56147 1642
56147 14734
56147 19874
56158 10546
56158 12250
56158 20649
56158 23027
56168 4726
56168 23450
56168 23533
56171 12630
56171 18212
56172 5072
56185 20649
56185 23027
56187 15699
56187 21887
56187 22604
56189 10495
56205 3048
56205 20484
56205 23722
56238 14532
56244 12878
56250 8247
56254 15917
56277 16287
56279 6568
56279 17692
56303 1148
56303 6465
56312 5587
56312 14128
56312 14996
56317 19041
56320 21126
56326 21449
56339 5283
56339 19610
56341 9396
56346 8488
56346 14178
56359 6972
56361 20903
56369 7036
56369 10982
56369 12591
56369 16330
56369 22138
56382 5162
56389 7676
56389 7925
56401 9658
56401 13564
56401 18474
56401 19299
56410 13007
56410 14996
56410 15318
56410 23949
56417 32
56417 9493
56417 15229
56417 20458
56423 19983
56425 6385
56425 16641
56425 20546
56426 10086
56434 18292
56434 19681
56455 5849
56455 13243
56455 17615
56455 19976
56455 24518
56460 12941
56498 20339
56498 23260
56506 15185
56526 8163
56526 17692
56526 23501
56535 529
56542 6680
56553 2068
56553 21257
56556 82
56556 1728
56556 3256
56556 5295
56556 8505
56556 9996
56556 11451
56556 11966
56556 12280
56556 14578
56556 16796
56556 20088
56557 16322
56558 17907
56558 19160
56561 3918
56561 7182
56561 13488
56582 1022
56606 5142
56606 23604
56610 6702
56632 8100
56632 19472
56654 4702
56654 11029
56664 4972
56675 2365
56675 8404
56682 6568
56682 8163
56682 12551
56682 17692
56682 20870
56682 23217
56687 5587
56695 16764
56706 10166
56708 7411
56724 2356
56739 6136
56739 12405
56739 20719
56743 4972
56749 4948
56749 21897
56763 14104
56763 17092
56774 3573
56774 17238
56789 22101
56805 3596
56805 9788
56807 6029
56807 7852
56807 8650
56808 24001
56826 23518
56827 14130
56829 2276
56837 12107
56838 23405
56839 16986
56839 18847
56848 6732
56848 7315
56848 17918
56868 4508
56868 17231
56870 1005
56875 14731
56875 21760
56886 4563
56886 18847
56890 4563
56893 20891
56900 7523
56900 9221
56900 20696
56924 2267
56924 16832
56924 16885
56939 12512
56939 13878
56940 16897
56940 17566
56953 1575
56953 16986
56954 5519
56954 10398
56954 24272
56960 8163
56960 10656
56960 12551
56960 17692
56960 20870
56960 23217
56960 23501
56970 3501
56970 18541
56970 19088
56979 21559
56979 24550
56989 14232
56999 6165
56999 7412
56999 10988
57013 9015
57033 6568
57033 17692
57056 4563
57056 5587
57056 6883
57068 16485
57086 20665
57087 20433
57122 5405
57122 6567
57122 7439
57122 24294
57123 1941
57123 14104
57123 16183
57126 18789
57141 2895
57146 8652
57153 23435
57154 7084
57154 7423
57154 11285
57154 12708
57154 13488
57154 15699
57154 17677
57154 19258
57159 32
57159 9493
57159 15229
57159 20458
57162 7423
57162 14313
57162 15613
57168 3836
57168 9010
57178 15359
57178 22534
57180 14488
57194 98
57195 21402
57200 7294
57200 15050
57200 22983
57212 12972
57212 15229
57212 17578
57225 2903
57239 498
57239 19291
57248 12323
57255 11358
57255 23901
57283 7523
57283 9221
57283 16778
57283 20696
57303 7789
57315 8617
57329 8380
57339 15620
57340 7243
57342 16778
57342 17570
57342 20498
57344 17233
57347 12572
57347 21559
57351 15727
57351 17918
57374 3918
57374 22081
57402 6259
57412 14324
57413 3916
57421 17139
57421 17342
57429 60
57429 18848
57429 19503
57449 15012
57449 19835
57454 2758
57454 12349
57454 15768
57454 22132
57466 18685
57471 15865
57471 16874
57473 12972
57473 13177
57473 15229
57473 17578
57473 20169
57484 882
57484 19765
57516 14465
57522 11930
57522 24113
57545 8625
57545 9631
57545 18921
57547 5385
57547 12091
57547 17139
57564 1095
57564 6591
57564 8742
57564 14178
57564 20897
57572 741
57576 8194
57576 18451
57582 12385
57582 13608
57584 6568
57584 17692
57584 23217
57584 23501
57585 2353
57585 22081
57585 24550
57596 5307
57596 12511
57601 6704
57601 15327
57608 9279
57608 12020
57608 21599
57627 14440
57629 1481
57629 18932
57629 21961
57647 45
57647 1480
57647 17383
57659 20657
57666 21887
57680 1666
57686 1203
57686 1449
57686 5280
57686 21535
57686 21887
57695 10887
57695 11796
57700 1261
57715 5105
57727 10366
57727 23745
57728 8181
57738 4518
57748 2520
57751 13129
57780 8786
57788 13177
57788 15050
57788 22983
57791 10479
57791 11593
57793 16420
57819 20725
57826 13491
57826 17747
57826 22633
57846 17409
57854 22166
57862 2885
57862 3124
57862 12277
57878 19782
57888 11698
57897 8785
57897 18825
57901 16524
57901 23755
57906 2873
57906 9025
57906 11802
57916 19838
57940 12030
57944 2772
57947 306
57947 7750
57958 17329
57958 23797
57963 5920
57963 19208
57975 18932
57975 21961
57989 2792
57989 8630
57990 589
57990 14310
57990 21559
57993 825
57993 8698
57993 10365
57994 4972
57995 9654
57995 21123
58004 2526
58004 12050
58004 20170
58013 11283
58013 16778
58017 3751
58017 24550
58019 19258
58023 5663
58030 3547
58030 3620
58030 23385
58034 10517
58034 13399
58097 24044
58119 16912
58123 7672
58123 8325
58123 13010
58125 13078
58133 13030
58168 18307
58179 4225
58179 20900
58179 23989
58203 10614
58203 16122
58203 23570
58205 6356
58205 10146
58205 17134
58205 20680
58207 24227
58207 24415
58209 10108
58216 5294
58216 20625
58218 13810
58218 20870
58218 21313
58222 18601
58228 9688
58229 8487
58229 17692
58258 22081
58276 6295
58277 9281
58280 9229
58288 7185
58290 14719
58291 6271
58304 538
58306 7215
58306 11926
58306 19878
58315 21453
58320 3429
58321 5105
58345 13925
58345 19543
58349 7456
58349 7983
58349 10366
58349 11418
58349 13755
58350 5849
58350 13243
58350 17615
58350 19976
58350 24518
58354 16764
58369 5032
58379 3565
58379 12741
58379 24591
58395 4504
58397 18822
58410 12972
58410 15229
58410 17578
58410 20169
58437 2538
58445 11543
58463 13265
58470 11357
58481 2807
58481 5668
58492 2465
58492 14123
58492 19765
58494 10549
58496 3918
58496 23331
58513 14178
58513 18292
58522 16847
58530 32
58530 1306
58530 9493
58530 15229
58530 20458
58541 4430
58561 10366
58565 4563
58565 6883
58565 11022
58565 23301
58571 19503
58575 6165
58576 4721
58576 7045
58583 7411
58583 20248
58583 22024
58584 2873
58584 5849
58584 11802
58584 13243
58584 13244
58584 15359
58584 17615
58584 19976
58584 24518
58616 14578
58617 4241
58625 10713
58635 14178
58635 17342
58636 1710
58636 16769
58645 17409
58647 10982
58647 23368
58656 5459
58656 7084
58656 13488
58689 14596
58704 135
58704 529
58717 6780
58717 20046
58717 21674
58718 13031
58729 5439
58730 9416
58730 14174
58730 14178
58742 8435
58759 2117
58761 14996
58761 15144
58761 17092
58764 22753
58771 5663
58771 16154
58785 10650
58785 20556
58796 2167
58798 8625
58800 23722
58820 5280
58820 5723
58820 14596
58820 18105
58855 7641
58868 9890
58869 16473
58887 15090
58892 2358
58892 20469
58911 19294
58911 23699
58917 283
58917 7750
58917 10069
58917 18042
58917 23651
58918 14652
58942 13177
58952 9279
58952 12020
58952 21599
58963 11802
58963 15359
58969 6567
58969 8488
58969 19859
58976 6557
58983 15475
58989 8543
58993 11745
58998 3095
58998 15971
59002 6684
59002 17368
59009 6620
59009 8539
59011 1575
59025 7439
59025 9788
59025 12393
59025 17180
59048 10923
59054 4561
59054 19503
59118 23184
59139 9275
59158 17535
59165 21217
59170 1642
59170 14734
59170 17299
59173 3352
59173 17377
59173 22990
59178 1067
59178 20484
59178 23722
59186 8408
59189 9910
59189 11303
59199 18408
59215 5368
59227 13799
59231 8202
59231 12066
59231 15821
59236 19779
59242 24099
59248 6338
59248 19737
59258 1581
59258 5909
59258 18541
59267 10284
59271 14153
59281 4429
59281 17728
59281 23331
59286 3170
59286 16100
59294 13491
59294 14174
59298 19946
59298 23475
59323 10606
59329 18105
59329 19503
59332 21060
59361 882
59361 11486
59369 5289
59369 15699
59369 17677
59378 11961
59392 9626
59395 1781
59395 6115
59395 7840
59395 10985
59399 20771
59405 128
59405 6085
59405 7751
59412 853
59413 17178
59415 2656
59415 3228
59425 22107
59449 9458
59451 3352
59451 7439
59451 12393
59454 5368
59455 12350
59455 13228
59455 13745
59467 15613
59467 18105
59467 23520
59468 16411
59470 5230
59475 4972
59480 9910
59481 17077
59481 19503
59484 480
59484 23261
59485 4972
59485 11132
59485 12332
59485 15271
59485 15605
59488 18107
59496 15613
59505 8914
59513 128
59513 18886
59513 19855
59534 22852
59540 18039
59555 15823
59555 18348
59556 5368
59568 4972
59571 15672
59651 1462
59651 7872
59651 12510
59653 558
59653 22983
59656 1417
59656 11787
59656 16530
59658 1642
59658 14734
59658 19874
59670 12011
59670 14964
59692 1575
59692 15275
59700 18989
59704 13520
59704 19929
59717 616
59717 1067
59717 2652
59717 9987
59717 15478
59717 18738
59717 20484
59717 23722
59732 498
59732 7750
59732 13529
59747 6952
59747 14034
59747 21060
59766 18219
59766 24087
59769 13243
59788 7678
59806 24097
59819 2652
59824 2098
59824 19117
59825 2278
59826 14034
59826 21060
59845 6465
59845 20332
59856 3898
59856 20952
59856 22311
59869 2814
59871 6107
59871 21049
59874 5849
59874 13243
59874 17615
59874 19976
59874 24518
59913 15606
59913 23797
59937 5274
59940 23405
59942 2459
59947 21696
59972 21717
59984 4567
59984 10695
59984 20169
59984 23881
59990 4000
59990 5960
59990 17206
59997 7537
59997 12431
59997 13604
59997 17868
59997 21535
60005 3719
60022 11265
60023 1752
60023 4779
60025 1087
60060 3916
60062 3732
60072 636
60072 1149
60072 5108
60072 6044
60072 15231
60075 23976
60082 5368
60094 21966
60097 5066
60097 11011
60097 21502
60099 10917
60100 12092
60112 17728
60113 7963
60116 4972
60121 2220
60121 12741
60121 23560
60137 606
60137 10128
60137 13656
60140 19570
60140 22294
60143 674
60143 4741
60157 11157
60176 2806
60189 12091
60189 13810
60194 1267
60194 5920
60194 10865
60194 16247
60210 3429
60210 4972
60210 20484
60219 3879
60219 10874
60219 15671
60225 9230
60233 10155
60233 12978
60235 4972
60235 7886
60235 13224
60235 13925
60235 15478
60235 19878
60235 20484
60239 12892
60244 5447
60244 15086
60244 21485
60244 24299
60247 9078
60268 8325
60268 14465
60268 18423
60270 22764
60275 18886
60276 15743
60281 4972
60284 1443
60284 6385
60289 9631
60289 14996
60289 17918
60297 1104
60305 4563
60305 5847
60305 22825
60317 9279
60317 12020
60317 21599
60321 23450
60322 1448
60322 2356
60330 12551
60330 21502
60330 22569
60335 4818
60342 21141
60352 17692
60353 12010
60353 14005
60353 16986
60357 20259
60360 12097
60360 12534
60360 24059
60361 671
60361 6600
60390 3836
60391 4726
60391 23331
60393 529
60393 12685
60410 4563
60410 4599
60410 9443
60412 10135
60435 2571
60482 22719
60483 402
60483 5280
60483 20046
60487 373
60502 8095
60506 10573
60506 15699
60510 18581
60521 1941
60521 8006
60521 9231
60532 9531
60532 9658
60532 13564
60537 7182
60537 9626
60539 4807
60539 13855
60539 19182
60539 22180
60539 23000
60547 953
60547 12689
60547 14996
60548 2167
60557 50
60557 330
60557 1165
60557 4972
60557 7215
60557 7886
60557 11926
60557 12681
60557 13224
60557 13925
60557 19543
60557 19553
60560 5105
60601 576
60601 7750
60601 8157
60601 14011
60614 7523
60614 7551
60614 16758
60614 19874
60622 23989
60641 9935
60641 13078
60680 395
60680 7750
60680 14178
60680 20788
60680 22540
60683 1752
60707 4089
60707 8404
60709 12711
60711 4972
60723 8912
60726 4163
60726 20347
60727 17023
60732 13019
60733 2796
60733 9231
60733 15533
60736 12551
60736 17692
60736 23217
60736 23501
60748 16336
60748 17738
60751 10338
60753 11961
60761 9788
60765 12941
60765 16986
60771 4339
60771 6567
60771 12393
60777 7412
60777 10988
60788 16242
60788 19115
60790 10366
60792 10982
60792 15946
60817 18886
60825 3894
60825 17868
60842 17208
60844 7045
60844 23549
60865 14472
60865 24417
60868 2395
60868 4381
60868 9441
60868 23604
60881 7363
60888 4071
60888 14034
60891 4972
60904 10614
60922 7333
60922 18307
60933 5756
60933 18751
60944 6949
60947 21641
60953 7543
60953 10757
60953 22448
60954 4337
60954 17342
60954 23214
60955 15627
60956 9271
60956 16883
60956 22684
60963 22871
60968 2273
60968 10965
60968 16499
60970 1067
60970 10790
60970 21759
60983 20134
60987 7672
60987 9939
60987 14194
60993 11472
60996 15589
60997 7629
60997 11935
60997 24591
61002 8355
61023 11593
61023 16157
61023 20469
61036 15814
61055 2465
61055 19182
61062 9910
61072 8820
61072 18921
61075 9099
61087 13110
61087 13287
61106 12213
61135 4972
61143 395
61145 14313
61145 15050
61150 2276
61161 4818
61162 5434
61162 22166
61205 10163
61209 1228
61209 3026
61212 8215
61212 12237
61212 15754
61212 24468
61213 9775
61213 21165
61242 9231
61242 12365
61255 12436
61255 14310
61258 16778
61258 18901
61258 20696
61292 18822
61298 23503
61298 23517
61317 11209
61317 19461
61327 14878
61327 21258
61328 14034
61344 6465
61344 7182
61344 14313
61344 17677
61344 22607
61344 23604
61367 7745
61367 20891
61397 7999
61397 15512
61402 1443
61415 4972
61422 1406
61422 17237
61428 1364
61430 1623
61441 19389
61446 12050
61446 21495
61447 50
61447 330
61447 616
61447 1067
61447 5492
61447 7886
61447 13925
61447 15478
61447 18738
61447 19543
61447 19553
61447 22736
61473 4583
61473 10745
61473 14465
61481 5849
61481 13243
61481 17615
61481 19976
61481 24518
61499 12309
61500 11793
61502 7456
61502 8991
61502 9626
61502 11418
61506 18847
61508 16990
61518 1226
61521 4866
61521 7388
61521 16777
61523 9988
61526 20567
61528 338
61528 4473
61528 14196
61528 15070
61528 17650
61528 18851
61532 2885
61532 9890
61538 1575
61538 19503
61541 14944
61549 7182
61549 12941
61549 16986
61562 17105
61564 2213
61564 8509
61564 8976
61564 17936
61566 1368
61566 4583
61566 10222
61566 10745
61566 11266
61579 12698
61599 15259
61606 21721
61618 8746
61634 8555
61640 8202
61640 12066
61644 5368
61645 11822
61653 18126
61653 18262
61653 18292
61657 6568
61657 8163
61657 12551
61658 24121
61662 11566
61668 21634
61672 16657
61681 8625
61696 21415
61696 23397
61702 11132
61702 12332
61702 15271
61702 15605
61704 12941
61704 21339
61710 11924
61742 20421
61750 20973
61760 5488
61760 5715
61760 18804
61772 598
61775 9522
61805 7318
61814 6345
61814 12393
61820 6751
61820 21608
61844 10549
61853 22599
61859 15515
61859 20788
61859 23854
61865 9582
61865 13998
61865 18685
61865 20683
61879 22941
61885 16874
61885 20771
61885 23899
61886 3048
61886 7215
61886 11926
61886 15086
61886 21485
61886 24299
61887 13317
61890 11672
61890 19733
61897 23217
61897 23501
61903 7243
61903 14104
61903 18348
61911 1941
61918 15038
61918 18442
61918 21231
61919 12323
61919 13399
61922 128
61924 11049
61937 18441
61944 7105
61954 395
61954 5080
61954 12393
61954 15606
61954 22688
61967 1286
61967 2605
61967 10597
61968 11311
61969 7278
61972 9715
61983 16795
61985 16986
61985 18847
61990 7750
61990 12393
61990 20347
61991 10288
61991 22990
61998 8625
61998 16986
61998 18847
62031 1993
62031 21775
62040 21097
62040 24591
62045 3129
62045 10395
62066 5414
62066 7375
62066 9707
62085 13075
62088 7750
62088 17569
62088 18171
62089 11251
62096 591
62096 7950
62099 23611
62106 16604
62107 12967
62109 2353
62109 12741
62135 1304
62148 18291
62166 283
62171 8330
62171 10506
62217 13461
62221 6568
62221 9626
62221 23501
62226 6089
62226 6353
62226 19585
62231 11672
62238 21062
62244 8696
62245 16365
62275 15791
62275 20421
62287 20332
62288 22710
62290 23604
62316 7975
62340 3918
62340 4563
62340 23604
62355 17745
62359 11132
62359 12332
62359 15271
62359 15605
62372 15727
62372 16514
62374 1701
62375 10745
62381 21043
62396 757
62396 17092
62398 7439
62398 9788
62402 5663
62404 16874
62404 20900
62404 23368
62404 24344
62410 4257
62428 7423
62428 16885
62429 12024
62438 11961
62443 6295
62443 6300
62443 19585
62468 1012
62468 23989
62473 3504
62494 6049
62494 8714
62498 10656
62498 13755
62498 19598
62498 22166
62500 12941
62500 18847
62501 6393
62508 3856
62508 16428
62512 15792
62513 13504
62518 11303
62518 22209
62529 13098
62548 13100
62569 2240
62569 10166
62569 17918
62575 15605
62607 7084
62607 13488
62607 13810
62607 22607
62632 12941
62632 16986
62632 23604
62642 7168
62643 14499
62643 20017
62644 17077
62644 17918
62652 19172
62655 21143
62657 11829
62657 16816
62661 8202
62661 12066
62661 15821
62670 2428
62677 19365
62680 1547
62680 11129
62692 6565
62693 9073
62693 13110
62702 4567
62702 10695
62702 20169
62702 23881
62728 9230
62729 4206
62733 9279
62733 12020
62733 21599
62762 2759
62762 6259
62793 17494
62798 1364
62798 12973
62798 17170
62806 19601
62806 23600
62807 5280
62810 21636
62816 10146
62816 23356
62819 18246
62821 6107
62835 648
62835 15696
62843 17517
62843 21495
62846 16700
62849 14578
62849 16764
62857 16986
62858 2926
62858 4392
62858 7243
62858 13225
62858 16664
62858 17593
62858 19724
62858 22117
62868 14034
62873 9859
62877 12010
62877 14005
62900 20771
62911 883
62919 17456
62925 14596
62925 18052
62925 20308
62929 11968
62936 23098
62947 14283
62960 17268
62963 3414
62963 7830
62963 14563
62963 24524
62970 22769
62970 23251
62973 5145
62976 16764
62979 2367
62987 6568
62987 12551
62987 17692
63001 22291
63013 18198
63013 20285
63017 598
63017 745
63020 15489
63020 20456
63029 16764
63032 8157
63032 12475
63032 23496
63037 11631
63037 12393
63037 24121
63049 8324
63060 17398
63082 15613
63082 17839
63082 20141
63092 5849
63092 11725
63092 11802
63092 13243
63092 15359
63092 17615
63092 19976
63092 24518
63096 13863
63096 16695
63096 18550
63100 4225
63100 20332
63101 15814
63101 21887
63103 23518
63108 6385
63108 10546
63118 1264
63118 20740
63134 8729
63134 15229
63134 17578
63135 4726
63143 14966
63143 18581
63143 19078
63149 20469
63157 2423
63157 4640
63163 6568
63163 8163
63163 23501
63167 3398
63171 5486
63171 7591
63171 14188
63181 15222
63206 23148
63207 4749
63207 7646
63215 7949
63223 8414
63223 18307
63234 5317
63248 1443
63248 23311
63254 5015
63268 1443
63279 11930
63294 23825
63350 13250
63350 14295
63372 12574
63372 17677
63391 6996
63432 13093
63432 13151
63432 19089
63432 22928
63436 18116
63439 3622
63455 23538
63463 3445
63463 10604
63463 14804
63463 16973
63469 9641
63469 18270
63469 21469
63480 21930
63484 7641
63485 598
63485 11156
63489 2796
63497 20784
63504 22861
63527 20940
63545 9955
63566 8780
63566 12741
63566 24591
63574 9678
63578 1443
63578 6385
63578 10546
63583 636
63598 22976
63602 3048
63602 5447
63602 15086
63602 21485
63602 24299
63683 17059
63692 16393
63692 20167
63696 1769
63700 19283
63711 5563
63711 19246
63712 616
63712 4972
63712 5492
63712 10790
63712 19553
63712 20484
63712 22736
63712 24299
63714 1581
63714 4726
63714 5459
63714 12551
63719 882
63719 9015
63719 10763
63733 9731
63733 11266
63734 8202
63734 12066
63734 15821
63738 9441
63738 16874
63738 24344
63741 8095
63747 17918
63751 1188
63765 1942
63765 4972
63765 11132
63765 15271
63765 15478
63765 15605
63783 21767
63792 16354
63815 7887
63822 12309
63822 13381
63841 32
63841 1306
63841 9493
63841 15229
63841 20458
63865 16954
63877 5888
63877 10454
63877 10506
63883 5845
63886 12538
63886 15699
63886 21887
63886 22796
63890 3918
63894 3155
63894 12527
63894 16860
63904 11961
63906 4972
63911 6085
63911 7751
63911 19533
63915 23538
63917 32
63917 9493
63917 15229
63917 20458
63919 16480
63935 2292
63940 2696
63940 11665
63940 23843
63965 2571
63965 16411
63965 18451
63975 5159
63975 11038
63975 11796
63977 7727
63985 9296
63996 8202
63996 12066
63996 15821
64006 12941
64006 16986
64016 18886
64019 5726
64019 17341
64033 6385
64033 10546
64033 23311
64034 10549
64044 9187
64114 17918
64126 11266
64138 8181
64159 1210
64159 9665
64168 23013
64175 6777
64184 12905
64184 15951
64184 20865
64187 103
64187 6353
64187 19883
64194 6083
64194 9801
64195 9704
64195 12393
64195 15154
64198 8163
64198 20870
64198 23501
64199 7451
64199 22523
64204 23797
64209 6116
64227 14165
64227 16211
64238 7523
64238 16778
64238 20498
64238 20696
64242 5849
64242 13243
64242 17615
64242 19976
64242 24518
64272 3809
64272 13078
64290 19250
64290 20897
64293 2502
64293 8177
64295 10982
64295 15946
64301 16008
64304 18197
64329 2365
64329 6589
64329 16778
64359 19258
64362 24346
64378 17692
64402 3576
64402 13717
64417 13668
64422 11283
64422 20696
64429 15062
64435 22731
64447 330
64447 4972
64480 6353
64487 7758
64487 17760
64487 18126
64487 20695
64524 9441
64557 18244
64571 4508
64571 17231
64571 22607
64604 10580
64604 16778
64605 24096
64606 23368
64613 9373
64613 20968
64613 23203
64613 24269
64623 458
64623 2641
64624 8098
64633 9283
64636 5647
64637 5232
64637 15738
64637 20404
64646 882
64651 12365
64651 15057
64651 17918
64651 20900
64655 16764
64660 15515
64660 20788
64670 15601
64670 17692
64702 5356
64718 4756
64718 13645
64718 23488
64722 17066
64727 6568
64727 17692
64727 23217
64727 23501
64806 4726
64806 22081
64806 22930
64813 1559
64813 9025
64815 10284
64815 17329
64819 12511
64823 22291
64849 15737
64908 1732
64908 14125
64908 15907
64908 22294
64925 7084
64925 9859
64925 13048
64925 13488
64926 23337
64932 9093
64933 9134
64940 9015
64940 15606
64940 16370
64944 2792
64950 20332
64950 23604
64953 7114
64975 7814
64975 9327
64975 24591
64987 656
64987 12301
65002 7750
65002 15738
65019 10326
65019 22930
65027 9015
65027 15997
65027 21608
65033 9517
65033 22081
65034 10217
65034 19618
65036 882
65036 6035
65056 9279
65056 12020
65056 21599
65060 7793
65061 14485
65067 2276
65067 18454
65076 5295
65093 1203
65093 2772
65093 20077
65093 21514
65101 10517
65116 22010
65124 20332
65128 14976
65154 5849
65154 13243
65154 17615
65154 19976
65154 23501
65154 24518
65155 17692
65155 21413
65155 23217
65157 7084
65165 1267
65165 14596
65165 16247
65169 1067
65169 13925
65169 18738
65169 20484
65180 13824
65188 14718
65188 16454
65188 22990
65213 13287
65221 4000
65238 15309
65238 23452
65249 15275
65249 18847
65249 23301
65254 7412
65266 1575
65266 16068
65266 18847
65267 11173
65274 12551
65318 7574
65318 16805
65320 9654
65343 16916
65362 8191
65377 5500
65379 330
65379 4972
65379 5492
65379 6680
65379 7886
65379 13925
65379 15478
65379 18738
65379 19543
65379 19553
65379 19878
65379 20484
65379 22736
65379 22983
65379 23722
65380 882
65385 5529
65385 9726
65385 14996
65401 757
65401 16183
65401 17134
65410 6356
65412 1368
65412 4583
65417 10326
65417 22930
65444 7778
65446 13254
65446 19038
65453 6767
65466 24294
65470 14477
65484 6568
65484 17692
65484 19598
65486 6863
65493 6344
65501 7523
65501 9221
65501 20696
65514 18171
65529 23311
65546 17175
65549 17172
65549 19585
65549 19883
65552 16930
65556 6465
65556 11285
65556 13575
65556 15865
65602 13399
65602 18451
65605 3918
65605 15613
65605 18848
65606 9145
65606 11266
65606 17858
65609 20877
65635 2652
65635 3767
65641 22932
65666 4726
65687 2168
65687 14996
65687 15144
65700 10901
65709 9631
65709 18573
65713 3918
65713 6582
65713 7182
65713 16975
65713 17677
65716 908
65722 7983
65722 10874
65724 17677
65739 19464
65747 9704
65760 1337
65770 10155
65770 12074
65778 2873
65778 11725
65778 11802
65778 15359
65798 3620
65811 7004
65811 10874
65811 11277
65830 2276
65836 17230
65838 11725
65838 11802
65838 15359
65838 17615
65840 872
65840 2792
65840 13003
65858 480
65858 6203
65858 10546
65861 453
65861 757
65861 17092
65862 16451
65865 1165
65865 3048
65865 4972
65865 5447
65865 7215
65865 11926
65865 15086
65865 20468
65865 21485
65865 24299
65890 2474
65890 21426
65902 1630
65908 10874
65908 17527
65908 21433
65909 7369
65933 11022
65933 12010
65953 9666
65977 5331
65977 8133
65977 18719
65998 2273
65998 10965
66009 6407
66020 3838
66030 15554
66030 22041
66034 8154
66035 13575
66035 15067
66041 23813
66042 1924
66042 14669
66044 2571
66044 5142
66044 13399
66056 9517
66058 15533
66062 6106
66062 10786
66066 12655
66083 12271
66083 13960
66083 14996
66083 17760
66083 20680
66092 22753
66103 13810
66103 21966
66103 24550
66123 11596
66129 844
66129 12498
66129 22498
66129 22753
66129 23098
66129 24527
66167 926
66167 1438
66167 2916
66167 11463
66167 18149
66170 2365
66170 16778
66170 18901
66174 10878
66174 12475
66174 19312
66174 24044
66183 18032
66189 10196
66189 15699
66189 21573
66189 23209
66197 3129
66199 20421
66208 4640
66208 14472
66211 14843
66212 13392
66226 13375
66235 2889
66245 8202
66245 12066
66245 15821
66269 13203
66270 5454
66270 11798
66270 20695
66270 24591
66284 6829
66284 23496
66303 20687
66303 23371
66316 4508
66316 17231
66319 23854
66375 1464
66375 7084
66391 2885
66391 22742
66404 14116
66408 19258
66408 19468
66425 689
66436 19991
66453 3156
66453 21510
66457 4726
66457 8625
66457 15613
66457 18989
66457 23604
66469 1057
66469 1855
66469 6557
66474 4895
66479 6568
66479 8163
66479 17692
66483 3391
66483 8995
66484 14814
66493 16986
66493 18847
66498 2502
66498 8177
66498 22936
66499 4972
66506 5529
66506 14996
66506 16198
66521 20365
66545 606
66545 13656
66549 1547
66554 14402
66555 4475
66559 4832
66559 20248
66559 23064
66565 12162
66565 15044
66576 19749
66579 19521
66581 20074
66585 4599
66585 17180
66585 23450
66592 17918
66610 10366
66610 20997
66662 11791
66662 17710
66662 18198
66665 3239
66698 12551
66738 10653
66772 16986
66772 18847
66773 6716
66773 8862
66789 13000
66807 18179
66810 18757
66812 2075
66812 16555
66843 12165
66862 11961
66881 766
66881 6568
66881 19598
66887 529
66913 10159
66916 5280
66916 13604
66916 21535
66916 21728
66916 21887
66934 19503
66934 23517
66935 3335
66942 5450
66944 616
66944 1067
66944 5492
66944 13224
66944 15478
66944 18738
66949 2873
66949 11725
66949 11802
66949 15359
66957 6568
66957 17692
66957 23501
66992 17710
66992 19503
66992 23604
67011 3839
67024 15057
67024 23331
67026 1165
67026 4972
67026 7215
67026 11926
67026 13925
67026 15605
67079 2437
67084 5849
67084 13243
67084 17615
67084 19976
67084 24518
67091 3501
67091 4726
67091 5423
67091 22930
67096 7698
67096 9062
67104 12368
67104 24059
67105 22753
67106 22753
67110 9134
67120 10326
67128 16562
67140 19503
67142 16778
67142 20696
67162 10966
67162 16352
67162 16454
67162 18550
67176 135
67176 529
67179 8851
67188 21692
67188 24417
67190 16067
67195 15071
67212 373
67213 21559
67216 21597
67230 15447
67230 18934
67236 23358
67238 2571
67238 11022
67238 20332
67267 17089
67267 22930
67271 16352
67274 7375
67274 11798
67283 4277
67283 9394
67289 4071
67289 9443
67290 5307
67299 12271
67299 17134
67299 18197
67308 4954
67308 21335
67315 14324
67319 16446
67324 6591
67324 14174
67324 23000
67331 957
67331 8625
67331 18921
67331 21469
67334 3129
67335 12973
67335 18600
67336 524
67336 3809
67336 8203
67336 12741
67336 21608
67336 23217
67347 6542
67351 430
67357 13810
67360 22159
67360 23518
67381 15699
67385 7084
67385 13575
67403 16986
67416 15102
67420 6680
67420 22983
67440 16524
67457 5265
67457 12834
67461 4508
67461 17231
67467 7863
67480 5133
67480 21123
67491 1253
67491 8827
67491 15765
67493 11328
67497 24100
67516 6568
67516 19598
67516 23217
67534 9256
67546 19377
67549 17918
67565 1819
67580 22372
67580 24001
67581 3124
67592 7872
67592 8203
67592 11411
67598 1631
67598 7017
67598 11506
67609 15938
67614 50
67614 330
67614 4972
67614 12681
67614 14258
67614 17165
67631 12838
67638 23312
67660 6134
67660 19468
67662 8097
67662 19138
67697 15699
67697 17273
67697 20077
67715 6746
67715 13258
67718 529
67721 9910
67741 6568
67741 17692
67741 23501
67748 8476
67748 9641
67748 21469
67751 648
67754 191
67757 6889
67773 1509
67775 10656
67775 17692
67775 23501
67779 5831
67779 12054
67779 16500
67799 11266
67799 22081
67799 23331
67806 2356
67815 12774
67815 17499
67815 17958
67815 21444
67821 5709
67861 9743
67861 17329
67863 18886
67876 2207
67876 11411
67876 15997
67876 23917
67898 9231
67906 360
67906 5587
67906 23826
67911 2926
67911 12817
67911 18109
67919 7999
67919 20544
67922 2192
67922 9187
67922 20695
67937 21664
67939 3707
67939 18728
67964 3429
67968 2956
67968 14160
67968 14804
67968 15309
67968 23452
67971 17456
67988 5523
68006 18847
68015 14432
68019 15185
68020 24046
68049 19503
68063 10709
68065 6773
68065 8325
68068 4972
68068 23722
68097 8954
68113 17918
68117 16764
68121 13755
68122 6680
68140 4563
68140 10982
68140 13755
68140 15946
68157 12323
68159 11640
68159 14492
68159 18423
68161 8786
68161 14034
68161 21060
68171 6704
68174 1575
68174 17076
68174 21402
68177 7084
68177 9821
68177 11385
68177 13488
68182 8991
68183 10850
68205 4640
68205 14472
68210 21734
68213 2983
68213 10549
68234 6188
68244 624
68244 4972
68245 17885
68245 21559
68253 10196
68278 2395
68278 2652
68278 4381
68278 9441
68280 20897
68290 17918
68290 22081
68290 23331
68307 12741
68307 15144
68318 8096
68318 22498
68350 1937
68350 11704
68350 15427
68350 18020
68350 21697
68351 2796
68377 9529
68380 18986
68385 16607
68391 9517
68408 8163
68417 14248
68421 2873
68421 11725
68421 11802
68421 13243
68421 15359
68421 17615
68421 19976
68421 22534
68421 24518
68429 13399
68438 4307
68465 4624
68482 20277
68487 155
68487 6969
68491 6568
68507 2276
68510 6568
68510 8163
68510 23501
68513 17341
68522 12481
68522 22390
68522 24213
68558 61
68558 12967
68558 17409
68560 19050
68560 21823
68583 4188
68583 19299
68583 20817
68614 14141
68646 5587
68648 10489
68648 20413
68648 20917
68654 19365
68656 8079
68656 23797
68673 5368
68673 18348
68675 10506
68677 17648
68693 8163
68693 19598
68705 576
68705 8157
68705 21535
68735 3564
68760 6829
68760 8423
68760 9202
68760 17170
68763 9910
68773 5313
68773 12112
68778 2276
68780 6568
68791 12941
68791 17692
68791 20870
68808 8163
68808 23501
68820 4246
68820 8404
68820 16778
68820 17570
68822 22928
68824 15243
68824 20331
68841 1421
68843 4089
68843 7523
68843 16778
68843 20696
68865 1165
68865 20285
68880 2926
68896 3048
68896 5447
68896 15086
68896 21485
68896 24299
68904 2874
68906 12941
68906 18847
68915 9295
68917 23989
68948 825
68948 865
68955 4503
68955 15620
68955 15916
68960 1575
68960 23284
68973 15133
68978 21510
68980 10591
69011 9629
69045 24508
69057 2365
69057 14734
69060 3573
69060 13132
69060 19258
69060 19503
69070 16993
69070 20771
69071 16417
69071 19920
69077 2052
69079 13399
69079 18451
69080 6568
69080 8163
69080 12551
69080 17692
69080 23501
69093 8163
69093 23217
69094 19381
69095 14486
69128 17083
69128 22498
69132 24136
69136 11132
69136 12332
69136 15271
69136 15605
69138 16198
69138 24591
69142 6557
69142 20421
69142 22166
69144 9910
69144 14535
69147 6465
69147 23331
69149 1283
69149 6568
69149 8163
69149 12551
69149 17692
69149 23217
69155 5178
69163 9654
69163 21743
69170 23137
69189 13171
69189 23604
69212 9595
69225 9666
69230 1165
69230 4972
69230 7215
69230 11926
69234 4585
69257 18348
69269 9142
69269 9626
69277 2192
69277 4372
69277 6660
69277 16794
69277 18857
69281 3591
69281 10748
69281 14336
69281 19825
69284 12985
69292 8477
69292 13381
69306 12551
69306 17692
69306 23501
69315 16524
69318 18822
69318 21402
69343 1536
69343 9255
69343 13664
69343 21134
69347 5254
69347 20897
69347 23349
69381 2339
69401 50
69401 330
69401 12681
69401 14258
69401 17165
69410 2641
69410 15938
69413 3672
69413 3928
69433 8489
69433 18064
69441 21123
69458 2365
69458 7993
69490 14011
69490 15515
69490 23854
69501 14652
69501 15237
69503 12050
69531 15171
69531 21510
69533 13381
69577 2556
69577 14996
69598 4818
69603 6840
69603 20695
69612 12724
69629 4563
69630 14578
69631 5542
69631 13855
69642 22607
69642 23284
69671 6952
69671 8709
69671 9550
69671 9890
69671 10546
69679 2457
69693 11022
69694 13117
69701 17828
69701 19503
69706 616
69706 1067
69706 10790
69706 15478
69706 18738
69709 15792
69709 20844
69711 6353
69716 1067
69716 15478
69716 18738
69716 20484
69740 9996
69754 4032
69758 7529
69758 20945
69764 6032
69764 9281
69764 12760
69764 15591
69771 17409
69808 4972
69808 5148
69822 5265
69831 4257
69831 16778
69831 18901
69839 8575
69851 7523
69851 7551
69851 19874
69874 4972
69881 16795
69891 6644
69900 10982
69900 12591
69907 5294
69907 5854
69912 12223
69912 16778
69933 2796
69933 4583
69933 15533
69939 2641
69940 6165
69940 7412
69953 18886
69959 7182
69973 22294
69977 9647
69994 12551
69994 17692
69994 20870
69996 4972
70008 1806
70008 13633
70009 2792
70009 7863
70023 9910
70028 7811
70040 22101
70051 1364
70051 22234
70051 23000
70051 23909
70053 15216
70074 2873
70074 11802
70074 15359
70118 2109
70124 15147
70130 9145
70130 13261
70130 15613
70138 22305
70140 15656
70162 4272
70169 15436
70178 1067
70178 4972
70185 1148
70190 17328
70190 21381
70192 14162
70202 19139
70226 882
70226 8181
70226 10748
70226 19825
70229 10386
70235 882
70235 1462
70235 17692
70248 3986
70248 10442
70254 8001
70254 11593
70254 15318
70257 12972
70257 15229
70257 17578
70257 20169
70263 20540
70276 8217
70276 19503
70278 13932
70285 4972
70285 13224
70285 13925
70295 32
70295 1306
70295 9493
70295 15229
70295 20458
70299 2605
70306 10878
70306 11915
70310 14853
70313 18348
70325 4972
70325 13224
70325 13925
70328 16693
70328 16764
70328 19783
70367 11961
70367 20285
70384 7117
70384 13177
70384 15275
70401 6393
70409 1359
70409 4801
70412 8952
70412 18010
70417 2407
70417 8181
70437 9910
70437 10217
70438 616
70438 3048
70438 4508
70438 5447
70438 14818
70438 15086
70438 17231
70438 20484
70438 21485
70438 23722
70452 6887
70452 10069
70458 12941
70459 24473
70461 18472
70461 22742
70469 7745
70469 15900
70469 23177
70473 18033
70473 23810
70483 16795
70488 5072
70496 8578
70510 5280
70510 10126
70510 13132
70510 16196
70510 24550
70519 20539
70529 13506
70529 20170
70555 4972
70561 12097
70561 12534
70561 24059
70563 3918
70563 17273
70563 22930
70565 24491
70567 8669
70567 18171
70568 15281
70568 21852
70570 15613
70570 18105
70578 4563
70594 7423
70607 13381
70611 7299
70611 12041
70611 13064
70648 1297
70648 7412
70650 4591
70657 11166
70660 3202
70660 20357
70668 8408
70668 9469
70669 453
70669 5529
70669 12271
70677 16342
70681 4972
70682 6060
70682 16454
70686 18451
70696 22079
70705 21505
70706 3928
70706 5280
70706 21887
70708 12316
70708 18760
70724 12551
70724 17178
70728 3048
70728 12332
70730 3823
70730 16390
70730 17047
70735 6568
70735 8163
70735 12551
70735 17692
70735 23217
70739 4563
70739 8181
70739 24550
70745 23301
70763 1443
70763 2885
70766 4972
70768 17308
70786 3918
70786 4563
70795 14606
70802 12167
70820 13691
70854 22825
70854 23331
70862 10627
70867 5486
70881 13506
70890 2571
70900 16986
70900 18847
70909 8171
70915 13392
70918 4071
70918 20888
70942 616
70942 1067
70942 13224
70942 15478
70942 18738
70942 23722
70959 2571
70959 11266
70959 18423
70966 11311
70966 18423
70969 18249
70998 6353
70999 2292
70999 6883
70999 19503
71000 14034
71000 17763
71009 12688
71009 17342
71009 20680
71012 1260
71012 4969
71025 1370
71025 14310
71025 23604
71043 12941
71051 6680
71051 7294
71078 3918
71078 10549
71089 15613
71089 19503
71106 395
71106 22119
71113 3475
71113 8912
71113 16028
71113 23405
71114 12393
71136 11022
71136 17692
71138 4976
71142 11303
71148 8181
71148 14933
71150 24352
71173 12365
71173 20900
71173 22138
71189 23976
71195 2334
71195 7654
71196 9187
71198 818
71198 5435
71198 21362
71200 8122
71205 11961
71210 13940
71227 16384
71244 4071
71247 576
71247 8157
71247 8488
71247 19250
71253 2954
71265 8945
71265 24615
71271 300
71271 10326
71271 10549
71271 22930
71272 5660
71272 10018
71277 8275
71277 12941
71279 1344
71279 1443
71279 12967
71291 22276
71294 12551
71303 8709
71316 5066
71316 13007
71319 15793
71321 8488
71321 14178
71323 8163
71323 12551
71324 18836
71342 3949
71342 9443
71343 2652
71349 6568
71349 23501
71367 1063
71375 2956
71375 12765
71375 20003
71375 21810
71381 10366
71381 15027
71381 23217
71391 1107
71391 9584
71399 15198
71399 17089
71406 22930
71411 10740
71416 4246
71416 16758
71416 18905
71417 18348
71422 23989
71425 882
71425 16454
71430 12822
71430 15699
71430 20187
71430 20979
71436 3501
71436 5587
71436 15727
71436 19503
71451 616
71451 1067
71451 15478
71451 20484
71451 23722
71453 478
71462 14465
71462 18198
71462 18423
71497 8001
71497 20897
71498 4475
71498 9435
71498 15606
71505 10740
71510 9910
71511 17409
71522 7061
71522 7524
71522 12091
71530 12870
71554 22498
71561 8181
71566 15199
71566 20169
71573 17409
71574 5803
71574 13886
71574 24109
71583 4583
71583 10745
71587 12741
71587 18974
71588 17238
71593 22022
71595 2571
71599 2502
71599 7444
71599 12088
71599 12115
71599 14270
71599 14699
71599 22936
71606 4895
71606 21322
71606 21887
71608 4600
71612 19188
71636 17918
71638 23779
71657 23885
71659 7084
71659 11285
71659 13488
71664 1767
71664 18739
71664 19494
71673 17315
71694 8714
71701 2873
71701 5849
71701 11802
71701 13243
71701 15359
71701 17615
71701 19976
71701 24518
71728 2276
71730 2215
71732 21788
71741 12801
71743 11961
71752 9697
71755 2273
71755 10965
71755 24236
71757 21339
71757 23217
71772 9928
71772 11473
71779 6680
71779 15050
71779 19503
71786 4454
71788 22242
71791 11398
71793 17692
71793 23217
71793 23501
71806 7182
71806 11285
71811 17280
71811 17677
71833 12394
71833 18408
71849 16935
71849 23976
71856 2356
71862 4864
71862 5846
71862 10952
71862 12616
71862 12755
71862 12891
71862 17292
71862 18481
71862 22997
71896 4518
71896 15602
71896 17918
71896 22930
71906 7552
71916 9406
71916 17193
71916 23890
71917 21257
71918 9517
71918 22376
71931 2751
71931 3542
71931 9626
71934 50
71934 330
71934 4972
71934 12681
71940 4518
71940 7814
71940 12941
71964 14172
71967 13438
71967 14996
71967 15917
71972 6385
71988 11331
71988 23104
71997 3429
72006 1581
72006 17918
72006 18541
72015 4782
72025 32
72025 1306
72025 9493
72025 15229
72025 20458
72032 6134
72058 5523
72058 13919
72060 17486
72069 1203
72069 1449
72069 14729
72069 15699
72078 12967
72078 17409
72081 9822
72081 15993
72102 22794
72124 1443
72124 17497
72130 17238
72135 6379
72135 17918
72135 18541
72136 1401
72136 19398
72139 7313
72141 6568
72154 4508
72154 10865
72165 11260
72166 12551
72166 17918
72171 12551
72180 9694
72183 74
72185 12168
72197 11802
72212 6202
72224 19377
72229 17077
72229 18847
72229 23301
72232 598
72244 5047
72248 10495
72248 23797
72271 3573
72271 17918
72271 23604
72277 17266
72280 22120
72281 21165
72286 14996
72294 14313
72294 23604
72295 50
72295 7646
72295 12681
72295 14258
72303 5319
72303 19461
72313 11418
72318 12941
72318 19503
72329 8891
72330 3327
72330 14596
72330 23331
72343 20295
72349 833
72364 2447
72364 5689
72364 12046
72367 18986
72368 2138
72379 1443
72382 21287
72392 1819
72394 11961
72401 6568
72401 10656
72401 17692
72410 13375
72430 10662
72434 458
72442 4726
72442 20919
72454 22217
72456 21496
72459 16289
72461 7985
72461 19232
72465 5260
72479 2276
72481 17077
72481 19855
72482 23501
72494 9015
72494 9731
72500 9008
72502 9279
72502 12020
72502 21599
72505 22545
72507 10296
72509 1058
72510 4644
72525 2792
72525 22753
72527 10573
72527 16746
72529 8202
72529 12066
72529 15821
72562 4726
72565 6568
72565 12551
72565 19598
72589 17389
72593 5849
72593 13243
72593 17615
72593 19976
72593 24518
72606 12693
72606 16446
72606 16551
72608 2873
72608 11725
72608 11802
72608 13244
72608 15359
72621 21535
72628 4225
72628 16874
72628 23989
72638 8423
72638 16370
72638 17170
72638 23547
72642 23698
72645 4972
72645 6393
72647 12097
72647 12534
72647 24059
72662 9441
72667 7841
72667 11796
72678 5689
72678 20870
72678 23217
72679 745
72691 13719
72725 2796
72736 14578
72757 18092
72759 12654
72766 2641
72766 9620
72766 10031
72766 16028
72766 20483
72766 23405
72767 2792
72780 7745
72780 14604
72784 9517
72800 7716
72802 22424
72816 18423
72816 19358
72816 19537
72824 18581
72835 4508
72835 4739
72835 9517
72835 17231
72835 17918
72837 4278
72860 9654
72863 2356
72867 14646
72867 16560
72874 16802
72877 2095
72877 19164
72884 655
72900 13379
72924 2840
72932 3880
72932 14408
72934 14472
72934 24417
72939 17409
72946 7745
72946 7750
72946 24294
72959 15699
72967 21560
72970 4972
72976 19405
72976 23235
72976 23908
72988 4829
72988 18789
73004 5622
73023 7012
73041 4457
73041 20448
73048 2655
73048 6316
73048 12172
73048 19759
73054 16844
73057 5609
73057 12572
73057 18451
73080 5254
73080 11822
73080 20853
73083 882
73083 15719
73090 529
73113 1559
73117 5032
73117 8488
73117 14178
73118 17748
73120 4563
73126 12387
73137 16084
73149 2874
73155 12972
73155 15229
73155 17578
73155 20169
73163 21646
73164 18423
73164 23450
73176 15946
73176 19288
73176 23368
73187 5737
73198 20771
73198 24344
73209 1203
73209 21514
73215 17786
73220 12020
73220 21599
73226 4257
73227 8163
73227 17692
73227 23501
73234 18482
73247 2292
73248 4522
73250 16754
73259 943
73265 12010
73265 12765
73265 14005
73268 2506
73273 15154
73273 17077
73275 3445
73275 16973
73281 18847
73292 11961
73292 24298
73313 6269
73322 2043
73325 9166
73327 13381
73327 16034
73333 2571
73333 10653
73333 13399
73338 4229
73338 11915
73338 19312
73339 21402
73339 23217
73367 616
73367 4972
73367 12332
73367 15271
73367 15478
73367 15605
73367 18738
73367 19553
73383 3501
73383 15079
73383 17918
73400 1331
73400 20546
73400 21193
73401 9529
73438 15814
73438 20046
73446 6883
73456 6115
73456 7840
73476 2729
73481 20844
73491 7963
73496 4972
73511 6692
73511 8196
73534 8959
73534 14034
73534 22166
73550 10326
73550 10549
73550 12711
73550 22930
73558 15257
73564 2571
73564 8194
73564 21859
73575 48
73611 3755
73624 11926
73628 4726
73628 10146
73628 22930
73628 23268
73640 13177
73668 14034
73668 21060
73671 14174
73671 20464
73685 6680
73685 14933
73685 15613
73685 17677
73685 18105
73692 21399
73707 22983
73713 11197
73732 4726
73732 17918
73733 598
73733 9281
73733 14953
73735 20877
73735 23497
73737 61
73737 2885
73737 18482
73739 19521
73750 2792
73750 17325
73758 4972
73758 12630
73758 15271
73758 18212
73795 3751
73795 15613
73795 23301
73800 7750
73800 12091
73800 17569
73803 10460
73811 16918
73814 21249
73831 6340
73831 11266
73831 11676
73831 11718
73843 21245
73854 12997
73854 16221
73858 20332
73859 4945
73865 498
73865 1855
73865 7750
73875 13789
73880 14098
73882 21932
73898 2732
73901 360
73907 5459
73907 9517
73915 10153
73926 22864
73945 2390
73945 6680
73945 22983
73955 7523
73955 9221
73955 20696
73957 12685
73957 17248
73962 4972
73969 4726
73969 18346
73969 19503
73985 12323
73985 13399
74003 7780
74005 4726
74005 10262
74008 1424
74013 11798
74013 20725
74017 22420
74017 23797
74022 23107
74030 6847
74030 14313
74037 10108
74037 20540
74045 11012
74046 2110
74046 7501
74046 8488
74046 14178
74052 3278
74071 3611
74086 2329
74086 3922
74086 16778
74091 3576
74091 6765
74091 9047
74100 2358
74100 10865
74100 17677
74105 10159
74110 3129
74110 11357
74113 13554
74113 19325
74117 8518
74119 2478
74123 4972
74128 12551
74128 17692
74128 23217
74131 17159
74135 17407
74196 125
74208 6748
74220 7646
74220 15275
74224 2972
74224 23316
74234 4972
74234 9311
74236 21396
74243 1240
74243 4015
74243 5677
74243 8535
74243 8757
74243 22963
74243 23953
74251 7084
74251 12551
74251 23727
74254 20064
74262 2026
74262 4337
74262 10483
74271 5368
74274 529
74280 235
74280 12969
74280 21381
74309 7860
74324 6751
74324 9187
74324 23518
74339 5067
74339 5368
74339 10474
74344 7224
74344 10186
74344 22936
74347 1642
74347 14734
74347 19874
74349 52
74349 11287
74349 19896
74349 21071
74351 23720
74352 2571
74352 10278
74352 11187
74352 21877
74355 12801
74370 19893
74374 3809
74374 10399
74374 14996
74379 11965
74383 5523
74392 6568
74392 8163
74392 12551
74392 17692
74392 19903
74394 17340
74407 11111
74408 1376
74408 13529
74408 16157
74421 3501
74421 13381
74436 5295
74450 2276
74452 14194
74468 17238
74491 9166
74494 12941
74494 18847
74494 21339
74511 6819
74530 4508
74530 17174
74530 17231
74531 19126
74537 15653
74542 20725
74555 18847
74565 10146
74565 12393
74565 24044
74576 8163
74576 17692
74576 23501
74577 12475
74577 18423
74577 18853
74577 22907
74577 23983
74580 12685
74585 6165
74585 9939
74585 12953
74587 9142
74587 19503
74596 17692
74602 1642
74602 14734
74602 23999
74611 61
74611 9890
74611 12967
74611 17409
74611 18451
74658 17089
74662 9941
74662 10897
74662 18039
74662 22497
74684 2796
74684 4583
74694 19513
74695 5159
74696 8202
74696 12066
74696 15821
74704 13482
74704 15254
74704 17494
74716 1387
74716 2556
74716 3565
74720 18092
74743 18441
74743 22719
74746 825
74746 10873
74747 7863
74755 16428
74759 10483
74763 8181
74790 22392
74807 5849
74807 13243
74807 17615
74807 19976
74807 24518
74810 1855
74810 5254
74810 11896
74815 21044
74821 11930
74838 8414
74838 13680
74838 15823
74845 16641
74845 21039
74856 10790
74856 15478
74865 17178
74865 17918
74867 10982
74867 12365
74867 12591
74867 20900
74867 22138
74882 7933
74888 1642
74888 14734
74888 19874
74905 1610
74910 16665
74916 839
74916 12022
74917 11919
74922 491
74957 20900
74958 1435
74990 20900
74993 10366
74993 15791
74994 9731
74994 16209
74994 17763
74999 12551
74999 17692
74999 23501
75011 2308
75021 16331
75034 9529
75034 11507
75049 2796
75049 4583
75050 21165
75051 9585
75051 18986
75054 2199
75061 11691
75070 5876
75070 19901
75082 8562
75087 13381
75096 12967
75096 23311
75122 45
75122 1467
75122 17383
75122 22936
75139 2652
75139 17178
75139 21339
75141 7745
75143 5777
75156 23177
75156 24044
75165 7412
75185 11022
75222 20680
75222 22688
75225 21043
75238 11961
75240 4972
75255 8006
75255 13438
75255 20421
75266 8625
75266 18052
75266 23909
75270 330
75270 4972
75270 18738
75270 20484
75277 8657
75283 10431
75288 5142
75288 14933
75288 19258
75316 529
75316 5449
75328 6356
75328 8006
75335 1386
75335 4737
75335 21877
75339 3271
75369 4686
75369 11550
75371 9654
75371 16910
75371 18581
75383 1267
75384 1283
75384 3597
75425 6133
75425 9188
75425 14996
75430 14010
75464 531
75464 18522
75503 9437
75507 9855
75507 9965
75507 13105
75507 22923
75510 23517
75538 18105
75538 21123
75539 23311
75544 7080
75544 12741
75553 3211
75553 16243
75566 3918
75577 17464
75595 6385
75612 17431
75624 7828
75626 11266
75626 21313
75631 4972
75633 23225
75634 19383
75646 10284
75646 17176
75646 23797
75650 5553
75670 22936
75672 23064
75680 2885
75680 16411
75680 17409
75681 17991
75689 5133
75689 6972
75689 18052
75690 3894
75690 17677
75690 21887
75700 1838
75700 10682
75721 21887
75721 22607
75723 10612
75723 11325
75729 4089
75729 16778
75729 17760
75729 20498
75741 18581
75746 6692
75746 16778
75752 14996
75766 10471
75770 7780
75776 14996
75776 19765
75777 15613
75777 19503
75800 8709
75804 4586
75811 14811
75823 1286
75823 19291
75824 1481
75824 18932
75824 21961
75854 14596
75854 18847
75867 9441
75867 18198
75879 283
75879 4599
75879 7557
75886 6568
75886 10656
75886 15727
75886 20870
75886 23501
75890 5080
75890 6829
75890 7993
75890 17170
75898 5016
75902 20296
75950 7523
75950 9221
75950 16778
75950 20696
75958 17941
75960 22613
75966 7105
75966 22161
75991 1067
75991 4972
75991 13224
75991 13925
75991 20484
75992 18467
76011 3005
76011 10874
76011 23064
76025 17409
76032 8916
76035 18052
76035 23501
76036 3949
76038 11418
76052 17077
76056 1575
76056 21899
76078 17133
76078 18474
76078 20817
76092 4563
76092 11296
76092 18847
76095 15865
76095 20421
76095 23520
76107 11562
76125 15259
76136 24591
76155 13604
76155 15814
76177 6688
76178 182
76178 17728
76178 20332
76196 10402
76203 16350
76224 15900
76246 12393
76251 23501
76267 12511
76267 22372
76268 11472
76275 16780
76275 23797
76308 4255
76312 429
76333 14313
76334 18581
76337 17178
76340 3994
76345 23060
76350 1539
76350 15699
76350 20003
76357 3096
76357 8527
76357 18822
76361 17238
76372 17238
76373 607
76376 3048
76376 5447
76376 11926
76376 15271
76376 15605
76376 21485
76376 24299
76393 2873
76393 11802
76395 23405
76397 6356
76397 12741
76397 24591
76399 769
76399 21662
76416 2516
76416 4163
76416 5898
76416 11791
76428 3817
76428 12990
76432 3918
76432 14596
76441 3130
76451 17407
76451 23405
76454 10366
76456 21559
76477 13085
76477 18957
76477 20368
76477 22730
76477 24340
76480 13204
76484 4308
76484 5032
76484 7750
76484 8488
76484 15719
76523 13990
76523 15900
76527 1481
76527 18932
76527 21961
76537 1575
76541 6568
76541 12551
76544 14578
76547 3407
76548 14344
76548 17238
76548 21818
76551 3664
76551 17821
76551 21274
76557 14081
76575 6568
76575 12551
76575 22367
76594 23501
76596 14996
76596 24591
76605 1805
76610 5498
76610 17431
76621 18451
76623 12304
76661 2292
76661 4123
76675 22936
76715 12941
76715 18847
76719 5849
76719 13243
76719 17615
76719 24518
76757 15027
76757 20421
76757 22166
76761 17077
76761 22081
76769 12307
76775 23217
76783 20771
76791 7544
76795 3862
76795 9187
76799 9145
76799 11022
76799 11973
76799 18921
76799 21559
76804 1711
76826 11611
76826 15832
76857 11961
76863 15865
76863 22081
76870 9441
76870 24344
76890 18921
76897 395
76902 9822
76902 12689
76902 15993
76902 16198
76909 1216
76909 21495
76932 20680
76932 24591
76942 2213
76942 8509
76942 8976
76942 17936
76946 13399
76946 20332
76947 1165
76947 4972
76947 7215
76947 11926
76947 12332
76947 15271
76947 20484
76947 23722
76961 17360
76963 10281
76966 4711
76982 18262
76987 3898
76987 5487
76987 7793
76990 972
76990 13904
76990 20270
76990 21157
76990 23675
76996 15865
76996 18550
76996 23745
77002 5849
77002 13243
77002 17615
77002 19976
77002 24518
77010 4972
77023 451
77023 19537
77051 19859
77051 23349
77052 9823
77060 7423
77060 9531
77060 17918
77068 1631
77068 16655
77068 23450
77070 7224
77070 8166
77070 10186
77070 14699
77074 9327
77086 17900
77113 7114
77113 11569
77113 11730
77118 9047
77119 18624
77122 9910
77132 9929
77146 16975
77146 24550
77155 2792
77155 8650
77160 2353
77160 14933
77160 14983
77160 15727
77160 17918
77160 18989
77180 10326
77180 10549
77180 13575
77180 21402
77180 22930
77185 6529
77192 5243
77192 7451
77192 10474
77192 17092
77196 12941
77196 16986
77196 18847
77205 19182
77205 22180
77205 22756
77205 24044
77215 2584
77215 10266
77216 6822
77235 668
77235 18278
77235 19783
77243 20184
77256 4417
77272 23503
77272 23517
77275 16405
77291 6278
77291 8709
77292 453
77292 19169
77303 12741
77303 18850
77323 814
77323 10155
77323 12074
77323 12978
77323 22008
77352 9939
77352 12953
77373 17768
77391 7523
77391 9221
77391 16778
77391 20696
77392 4972
77392 13224
77392 13925
77392 15478
77392 19543
77392 19878
77392 23722
77396 13204
77396 15129
77404 10874
77406 4563
77406 12941
77406 19503
77406 22081
77407 15383
77410 19503
77412 21165
77416 2792
77416 8630
77416 22753
77418 17692
77418 23501
77422 3501
77425 15699
77425 20046
77425 21514
77425 21535
77427 12941
77427 13810
77427 21339
77452 21568
77469 11370
77469 14820
77473 3856
77473 16428
77473 17092
77473 23766
77479 260
77483 248
77489 23461
77492 4449
77499 14578
77505 12551
77520 17434
77520 22326
77523 9517
77542 7789
77542 17273
77554 24550
77567 23929
77580 23069
77604 3818
77604 12745
77627 872
77627 9582
77635 15727
77635 17480
77635 17918
77652 17763
77657 2356
77676 6591
77676 23811
77677 6568
77677 8163
77688 15436
77692 16531
77713 4416
77717 605
77717 1522
77717 7289
77723 17918
77723 21402
77729 2911
77729 15727
77729 23217
77729 23501
77733 4561
77733 22081
77736 22513
77738 6266
77745 7278
77745 10873
77774 22081
77780 6568
77780 23217
77789 2256
77796 2894
77803 4972
77813 12630
77813 18212
77817 4039
77825 953
77825 20610
77833 14133
77871 8163
77871 23217
77883 921
77883 13962
77895 23930
77896 4972
77904 20870
77904 23331
77905 6702
77908 21588
77908 24117
77916 4972
77916 13224
77916 19878
77916 22736
77925 4972
77927 2873
77927 11725
77927 11802
77927 22534
77928 247
77934 16122
77940 18847
77940 23301
77941 21615
77965 5689
77965 20870
77967 11084
77978 9531
77978 23752
77984 19533
77987 6165
77987 14194
77989 3883
78004 3943
78004 13117
78005 20815
78005 21213
78012 7182
78018 1421
78018 4293
78022 13008
78033 5220
78037 1359
78037 13399
78065 2792
78066 606
78066 13656
78066 18052
78067 3881
78067 13416
78067 13841
78067 17298
78067 24048
78071 23337
78075 6444
78075 20134
78101 1819
78101 3587
78101 19077
78112 20332
78137 12213
78137 15309
78137 23452
78138 18443
78139 16230
78139 19182
78139 20367
78152 3557
78155 7634
78162 13243
78162 17615
78162 19976
78170 358
78177 8181
78177 9517
78177 17480
78177 22376
78188 7498
78195 9038
78205 2110
78208 1941
78208 17417
78225 16041
78225 17280
78225 19083
78231 7863
78231 8630
78235 8202
78235 12066
78235 15821
78250 22129
78254 6351
78266 4407
78266 8163
78266 21339
78266 23301
78284 11961
78285 451
78286 5195
78286 6829
78286 8669
78301 9115
78301 18025
78313 990
78313 6568
78313 17692
78313 19598
78313 20870
78322 9517
78322 13388
78322 17817
78323 20771
78323 23368
78349 4972
78351 1067
78351 4972
78351 6465
78375 2213
78375 8509
78375 17936
78375 22850
78409 22910
78421 8506
78424 7720
78425 9517
78425 18847
78427 6245
78427 23600
78434 19258
78456 4508
78456 17231
78478 2292
78478 9859
78478 13048
78488 21411
78488 22081
78489 19338
78491 7084
78491 13488
78497 18107
78502 16764
78519 16542
78521 20900
78521 22138
78528 498
78528 10365
78528 17007
78529 10099
78535 11071
78546 12199
78546 15596
78548 3342
78555 16986
78555 17858
78561 7325
78583 4954
78583 22180
78583 22825
78588 1102
78592 13200
78592 17383
78592 20639
78603 4972
78606 10786
78630 2732
78630 18548
78640 529
78648 1925
78663 4
78680 4376
78680 11734
78680 13307
78682 2276
78700 5894
78729 20914
78737 2215
78737 10495
78737 11505
78750 740
78750 20183
78757 12010
78757 22053
78767 12010
78777 21930
78791 7325
78791 20680
78795 283
78795 2359
78795 5032
78795 18042
78807 24231
78813 529
78820 2356
78824 7750
78862 6773
78862 7084
78862 13488
78864 9822
78864 15045
78864 16794
78865 2571
78865 13399
78865 17077
78868 13190
78868 22545
78885 6353
78893 22166
78893 23520
78893 23754
78922 616
78922 4972
78923 4563
78924 4071
78924 17918
78932 453
78932 24591
78939 50
78939 330
78939 4972
78939 12681
78943 5858
78943 6567
78943 9788
78943 10365
78943 20347
78955 19543
78955 19878
78959 1608
78971 5198
78971 7439
78971 13315
78971 21852
78973 23000
78981 5066
78981 22166
78981 23745
78981 23949
78998 11961
78999 2293
78999 12475
78999 24044
79001 160
79001 6356
79001 12929
79007 3344
79007 21193
79016 1411
79016 10217
79028 32
79028 1306
79028 9493
79028 15229
79028 20458
79054 11961
79055 575
79055 15814
79065 2276
79067 6334
79068 7672
79068 17710
79069 17180
79069 24186
79087 8625
79087 23604
79103 14596
79119 2796
79119 16530
79124 12893
79129 19426
79133 8488
79133 14178
79133 23000
79147 6379
79147 7646
79149 14933
79156 6670
79161 20476
79165 4563
79165 6568
79165 6883
79165 17692
79165 23217
79165 23501
79186 9752
79186 24344
79193 6095
79200 10656
79208 9145
79209 10365
79209 10747
79209 11170
79211 3631
79214 5408
79214 22968
79218 7182
79218 10196
79218 13381
79229 882
79229 6465
79229 6567
79229 23217
79231 2873
79231 11725
79231 11802
79231 13244
79231 15359
79244 7439
79244 17231
79250 15129
79271 10398
79271 24272
79273 5849
79273 13243
79273 17615
79273 19976
79277 23496
79278 6091
79279 11141
79303 9932
79303 17763
79303 23331
79303 24186
79320 6591
79320 8488
79320 12475
79320 14178
79328 529
79328 7220
79341 16529
79354 9939
79354 10993
79354 19983
79358 3924
79358 17170
79358 20897
79392 1443
79392 9890
79392 12277
79392 20483
79410 1443
79410 12967
79410 16641
79410 21193
79415 9039
79417 14270
79417 20639
79419 50
79419 330
79419 4972
79419 12681
79423 7318
79432 14578
79445 2792
79446 17077
79468 16212
79468 22990
79468 24218
79477 12922
79488 1203
79488 17677
79488 23475
79491 9181
79508 8247
79511 1364
79511 4262
79511 22907
79511 24134
79513 14713
79529 1067
79529 4972
79529 5492
79529 15478
79529 18738
79529 19553
79529 20484
79529 22736
79529 23722
79532 22109
79538 3672
79538 22085
79540 6903
79540 17579
79540 23217
79574 287
79580 22983
79588 12972
79588 15229
79588 17578
79588 20169
79596 321
79596 9372
79596 10217
79600 6547
79600 13432
79605 7111
79605 21429
79610 7451
79610 14104
79639 1581
79639 4482
79639 18541
79646 1925
79656 22390
79667 1022
79667 5199
79667 19256
79667 20494
79668 18172
79681 4951
79719 5243
79719 7264
79719 13554
79719 14104
79719 19325
79724 22257
79732 12323
79732 18723
79754 2374
79754 19453
79758 17623
79759 50
79759 330
79759 1067
79759 1165
79759 4972
79759 7215
79759 11926
79759 12681
79759 14258
79759 17165
79760 9677
79760 13773
79760 20580
79762 6568
79762 8163
79762 17692
79762 20870
79762 23501
79775 10618
79775 23646
79780 8163
79780 13381
79786 23207
79792 2586
79799 6883
79799 10982
79799 23368
79803 5032
79806 7240
79806 14699
79807 3426
79807 4954
79817 17351
79818 6379
79818 13132
79818 21313
79821 22600
79838 21339
79838 23301
79844 13063
79854 12627
79857 1581
79858 765
79858 20487
79858 23107
79878 14441
79881 13755
79881 23331
79913 13177
79915 24486
79935 5299
79959 282
79963 8163
79964 19258
79964 23331
79965 2273
79980 12462
80000 20504
80013 16655
80015 4692
80017 6680
80017 15050
80017 22983
80018 2213
80018 8509
80018 17936
80018 22850
80020 3729
80027 21746
80028 2358
80028 18541
80048 1266
80048 17178
80060 5723
80066 2546
80071 1930
80071 15120
80075 45
80075 4706
80075 13200
80075 17383
80075 20639
80076 6169
80082 1153
80097 1538
80115 13243
80115 24518
80126 4586
80141 10506
80141 14488
80146 9895
80157 8851
80158 2365
80158 4089
80158 18262
80161 10140
80162 16874
80162 20771
80172 1067
80172 15478
80172 20484
80172 23722
80179 7215
80179 11926
80186 6604
80210 11798
80210 18262
80210 24591
80216 15634
80216 24114
80224 5198
80238 2283
80239 863
80239 15602
80255 4109
80264 18550
80265 6353
80268 6568
80268 8163
80268 17692
80268 23217
80268 23501
80300 2365
80300 4089
80300 18262
80301 4621
80301 16539
80302 2292
80302 3501
80302 3918
80302 18541
80304 10982
80304 23368
80314 19091
80321 21043
80323 5066
80323 8079
80323 9327
80323 10763
80323 15998
80326 4561
80327 6419
80327 9791
80327 19173
80340 1067
80340 1942
80340 12528
80340 15271
80340 15605
80340 20484
80340 23722
80341 21664
80345 2358
80345 6883
80345 15275
80350 8826
80353 17409
80354 20270
80367 882
80367 3809
80367 10173
80367 10366
80379 5915
80382 1481
80382 18932
80382 21961
80387 13852
80388 7325
80388 23217
80390 22742
80392 551
80395 10032
80407 52
80407 3803
80407 6932
80407 16449
80407 18810
80407 20560
80407 21071
80413 4563
80413 6883
80413 17196
80417 21123
80417 22081
80419 1165
80419 7215
80425 6568
80425 8163
80429 15613
80429 18105
80429 22166
80429 23501
80429 24344
80451 6085
80451 7751
80459 4563
80459 16196
80459 18886
80459 19503
80460 5533
80471 22753
80475 5849
80475 13243
80475 17615
80475 19976
80475 24518
80476 5898
80489 6465
80489 11311
80489 16665
80489 21899
80492 1621
80492 11976
80497 7758
80497 16198
80497 16459
80497 17064
80532 4972
80535 11798
80535 12271
80535 15144
80537 24
80537 256
80537 6874
80537 20769
80537 23616
80542 22498
80560 12551
80560 23501
80560 23511
80564 20925
80570 12985
80596 1443
80607 8404
80607 21386
80614 3328
80616 1581
80616 18541
80616 22607
80620 1269
80620 9210
80622 6568
80626 3664
80634 19983
80638 9890
80643 648
80646 6921
80646 15144
80697 4583
80697 6829
80697 7628
80711 6356
80711 18550
80711 22166
80720 7829
80720 22614
80722 19872
80723 24437
80730 19527
80766 4972
80790 4419
80802 10365
80802 21852
80802 22234
80805 3048
80805 4972
80805 21485
80805 24299
80811 4123
80811 14996
80811 24044
80817 2215
80817 6348
80817 9187
80817 11505
80819 10682
80832 2240
80832 13755
80832 24116
80839 11961
80842 18056
80845 2328
80845 4071
80848 7543
80848 9231
80853 8723
80853 12053
80854 4972
80854 11132
80854 12332
80854 15605
80860 2445
80881 4801
80881 17238
80881 18451
80904 3918
80906 7607
80906 12973
80914 12042
80959 6903
80959 20421
80959 22166
80968 1424
80968 4808
80984 1855
80984 11896
80985 11162
80985 20441
80987 9416
81010 3608
81010 14814
81013 18348
81014 19288
81014 23368
81015 1443
81015 2885
81015 14746
81025 8026
81025 15566
81033 15816
81043 6379
81043 9025
81043 13755
81043 15613
81043 23268
81048 15475
81065 5133
81065 7294
81065 15050
81065 22983
81076 13660
81084 18847
81088 19366
81088 23123
81097 1267
81097 16247
81107 5847
81113 2390
81113 22983
81125 14162
81137 2847
81137 6473
81139 6085
81139 19533
81154 17918
81164 23501
81166 23177
81169 1443
81169 2885
81169 16411
81171 8202
81171 12066
81171 15821
81186 11174
81191 4897
81197 6165
81197 14194
81203 7423
81203 10366
81203 15791
81206 10563
81212 18822
81220 6115
81220 23371
81232 17099
81232 22607
81233 1359
81242 8380
81242 12579
81242 13010
81250 18198
81264 12100
81266 160
81266 22081
81266 23217
81268 7017
81268 11506
81268 18197
81302 11507
81303 5849
81303 13243
81303 17615
81303 19976
81303 24518
81326 12972
81326 15229
81326 17578
81326 20169
81343 21039
81343 24231
81348 8285
81348 15538
81348 21940
81364 12370
81364 20165
81364 20695
81364 21490
81369 7412
81369 10988
81369 14194
81370 881
81372 23311
81376 11720
81384 6887
81384 15154
81387 9452
81391 22053
81395 3429
81395 4563
81395 16707
81395 21559
81405 1993
81414 6282
81428 1443
81435 7141
81435 15027
81435 18114
81453 1481
81453 18932
81453 21961
81456 7731
81463 18781
81468 23064
81469 6683
81469 14443
81469 15452
81469 18165
81469 22762
81469 24107
81479 8625
81479 18847
81483 511
81483 9910
81487 3911
81498 8557
81499 7423
81514 12551
81514 12579
81514 20855
81539 7412
81541 5849
81541 13243
81541 19976
81550 13108
81567 4972
81567 17918
81586 21848
81597 11548
81597 12693
81607 2873
81607 11725
81607 15359
81607 17615
81607 22534
81617 1575
81617 5133
81617 6379
81619 4146
81619 13144
81619 14309
81640 6639
81665 5280
81665 15814
81665 20187
81666 2641
81671 5434
81671 14344
81673 1067
81673 3048
81673 5447
81673 15086
81673 21485
81673 24299
81674 3342
81682 4606
81682 13774
81695 13557
81696 22069
81702 3917
81712 2873
81712 11725
81712 11802
81712 13244
81712 15359
81719 21767
81727 1025
81729 14536
81735 6775
81735 7439
81742 19582
81748 716
81748 809
81748 14806
81764 1443
81779 6354
81784 8543
81799 4920
81815 12698
81815 22764
81815 24376
81819 1364
81819 3346
81819 3352
81819 3421
81819 6773
81819 12393
81819 18171
81819 18227
81821 6295
81865 17570
81889 9752
81889 24344
81918 10857
81919 10982
81919 12365
81919 12591
81919 15946
81919 16874
81919 22138
81925 2792
81925 7863
81926 2641
81928 22675
81939 14996
81939 15791
81939 22166
81946 4372
81946 23727
81955 4211
81961 8163
81961 12551
81961 17692
81961 23217
81961 23501
81975 17280
81978 8587
81978 17785
81978 18857
81982 1203
81982 8361
81982 15814
82004 1067
82004 4972
82004 15478
82004 18738
82004 20484
82004 23722
82020 10159
82034 15727
82034 17918
82048 23755
82063 432
82063 8625
82063 9654
82064 8181
82064 10196
82064 15701
82068 1411
82106 19708
82109 4972
82131 19707
82136 1707
82136 2445
82136 2950
82136 3121
82136 3930
82136 4808
82136 8627
82136 12701
82136 12941
82136 14901
82136 17656
82136 19083
82136 22294
82136 22747
82144 19962
82147 2885
82147 16641
82154 545
82166 4972
82166 11132
82166 15271
82166 17165
82204 50
82204 330
82204 12681
82204 14258
82204 15605
82217 24019
82244 16402
82247 8027
82265 4972
82271 8173
82297 6883
82297 8136
82297 17076
82302 12097
82302 12534
82302 24059
82303 4586
82322 965
82322 11950
82358 9707
82358 10495
82358 16198
82358 18550
82361 10780
82361 12306
82369 4586
82373 6385
82373 20649
82383 7750
82385 18847
82437 6165
82437 14194
82439 1581
82439 3573
82439 5423
82439 10262
82439 10326
82439 18541
82439 22930
82454 4339
82474 7750
82477 1067
82478 3282
82478 18408
82478 20540
82491 17522
82496 32
82496 1306
82496 9493
82496 15229
82496 20458
82502 15057
82502 16196
82530 6034
82554 4508
82554 17231
82575 10740
82598 23604
82603 10546
82604 21387
82605 1483
82605 14596
82626 9626
82626 19503
82635 12685
82666 17359
82678 13887
82683 994
82688 6568
82688 8163
82688 17692
82695 12024
82701 15146
82701 19923
82732 3593
82747 13064
82747 19182
82757 16102
82768 17576
82768 18092
82768 18179
82770 1575
82770 8325
82770 10865
82774 16524
82776 10326
82776 22930
82782 9142
82796 1376
82796 6557
82796 8157
82796 14178
82796 16157
82830 7423
82830 11022
82849 19426
82849 21386
82849 21634
82853 2276
82857 17898
82862 21449
82863 8282
82863 17010
82889 4972
82895 4561
82902 16736
82906 11961
82926 3922
82926 4457
82927 4188
82927 19715
82927 24472
82932 11262
82937 22762
82940 480
82940 2365
82940 6620
82942 6620
82942 24579
82943 10366
82943 22166
82965 6816
82994 16156
83002 10196
83002 12148
83002 13381
83002 22825
83007 7391
83007 21578
83007 24294
83019 17341
83025 6110
83031 16117
83032 15865
83032 20421
83037 5027
83045 21062
83063 9230
83063 10357
83070 3734
83073 14178
83074 7045
83087 1012
83090 19598
83090 21286
83091 1306
83099 16655
83099 16874
83099 20900
83099 23368
83099 23899
83121 15050
83121 22983
83165 17178
83175 2227
83175 6192
83175 23870
83189 9967
83189 12741
83189 14996
83189 18550
83192 17669
83198 16758
83200 12309
83207 2911
83207 6568
83207 17692
83207 23217
83207 23501
83213 2983
83213 18581
83213 23604
83217 4435
83217 7086
83217 10181
83217 13692
83218 22079
83223 14578
83225 14828
83235 17178
83242 10581
83249 1067
83249 4972
83249 15727
83249 20484
83254 825
83254 2885
83254 4744
83254 9890
83254 20483
83269 2792
83269 8630
83269 19035
83290 9516
83290 15045
83305 4563
83305 8477
83305 17178
83313 7837
83323 12941
83323 18451
83323 23501
83333 8027
83334 1727
83341 482
83341 7052
83342 10733
83342 12436
83342 14310
83344 16883
83346 10874
83350 2900
83356 288
83356 20730
83371 11141
83374 13438
83374 16428
83374 20421
83388 7141
83388 18114
83388 19278
83388 24060
83394 18546
83409 7855
83426 3731
83467 16714
83479 4954
83497 22688
83497 24326
83502 1203
83502 7941
83502 15699
83502 17761
83543 10217
83543 16899
83559 14034
83559 16993
83562 16986
83564 921
83568 2873
83568 11725
83568 11802
83568 15359
83568 21469
83568 24116
83568 24518
83569 15699
83569 17761
83570 15613
83570 21573
83570 23209
83575 1304
83584 18482
83598 1534
83598 12551
83600 5653
83614 13224
83616 616
83616 1067
83616 15478
83616 18738
83616 20484
83661 16908
83662 616
83662 11132
83662 15271
83662 15478
83662 15605
83662 20468
83662 23722
83673 21510
83686 2358
83686 2457
83686 18346
83686 19503
83690 4563
83690 14067
83692 8587
83692 9704
83692 21578
83720 23547
83732 8163
83732 23501
83753 17178
83761 1331
83761 20546
83761 21193
83781 4457
83781 6563
83781 20448
83785 15898
83787 20205
83800 6385
83800 10546
83820 8625
83841 4599
83841 15900
83842 6869
83845 11725
83845 15359
83845 22534
83851 11411
83851 12929
83856 13356
83875 8557
83879 1359
83879 8487
83883 15407
83883 19542
83883 22370
83894 2423
83894 4640
83894 21692
83896 24116
83905 7895
83909 15791
83909 15865
83910 17884
83913 11672
83913 17728
83913 19733
83922 15727
83939 11611
83939 17348
83944 9811
83947 5398
83963 17266
83971 529
83989 1297
83996 2774
83999 8487
83999 18307
83999 19288
83999 20332
83999 23235
84002 5494
84024 4257
84024 16778
84041 6692
84041 16778
84046 1787
84046 5366
84046 9558
84055 2792
84059 9788
84059 19737
84070 4276
84070 5418
84072 18260
84076 9692
84082 15792
84082 17328
84087 11084
84087 14887
84090 13137
84090 17645
84090 17664
84093 7409
84093 8118
84093 18451
84095 6568
84095 9987
84111 16568
84119 4583
84119 10745
84126 1576
84126 5063
84126 7764
84131 9443
84135 2792
84135 7863
84135 22753
84136 10665
84138 16035
84144 2457
84152 7294
84152 22983
84165 1400
84173 9822
84173 11411
84173 12689
84173 16794
84177 19461
84181 689
84219 4168
84219 15617
84223 1689
84223 2641
84223 9620
84248 1642
84248 14734
84248 19874
84258 283
84258 7750
84258 10288
84258 21848
84258 22990
84262 1581
84262 3573
84262 22607
84267 12941
84267 14536
84267 21664
84286 2627
84286 8630
84291 4972
84303 4972
84303 11132
84303 12332
84303 15271
84303 15605
84303 19878
84313 14034
84319 12685
84323 6765
84325 14034
84325 17918
84347 14716
84353 373
84353 23916
84380 9755
84380 10509
84380 11311
84380 21899
84390 12474
84391 10865
84391 14907
84391 23331
84396 11896
84396 23311
84433 20900
84433 22138
84435 14493
84435 20907
84453 6356
84453 10580
84453 16183
84507 2873
84507 11725
84507 11802
84507 15359
84509 745
84509 13720
84513 6568
84513 17692
84521 8991
84521 11173
84521 11418
84522 12972
84522 15229
84522 17578
84522 20169
84536 4018
84536 10626
84536 11218
84559 11167
84587 12551
84587 23217
84587 23501
84592 4508
84592 7423
84592 17231
84599 14064
84605 2356
84614 13284
84615 13810
84615 21123
84615 23268
84626 6568
84626 17692
84626 23217
84626 23501
84629 10146
84629 11411
84629 12551
84644 20074
84659 23748
84681 13892
84687 4563
84688 7745
84688 16418
84722 17918
84729 4972
84730 1067
84730 15478
84730 20484
84730 23722
84732 2999
84732 5032
84732 6591
84732 7772
84732 8488
84749 15239
84764 14578
84765 18550
84765 23797
84766 2457
84774 10955
84774 13792
84774 24097
84778 1283
84778 9231
84778 14310
84778 19467
84786 18113
84797 18449
84805 5129
84847 6965
84854 19890
84857 6751
84857 9188
84857 17007
84870 3856
84870 7449
84870 7629
84870 16428
84870 16780
84878 5148
84878 14064
84886 9025
84886 9201
84886 20800
84887 10656
84887 12551
84887 17692
84887 23501
84893 5032
84893 8488
84920 17991
84925 20544
84938 14488
84964 22166
84978 4853
84982 4583
84982 10745
84985 14141
84993 5624
85001 3751
85001 3918
85001 18105
85001 22081
85002 616
85002 1067
85002 20484
85002 23722
85012 5219
85016 9103
85017 12967
85026 2043
85034 16352
85034 23797
85040 23042
85065 5650
85065 11176
85067 598
85070 17329
85072 12335
85072 19539
85075 4089
85075 17570
85075 20498
85088 9056
85106 23727
85106 23917
85117 5646
85119 14178
85119 22180
85126 12941
85126 18847
85142 10834
85153 12005
85162 3511
85162 17061
85169 8163
85169 17692
85173 6295
85173 19585
85188 8202
85188 12066
85188 15821
85202 15606
85202 18159
85202 21852
85212 3124
85212 8380
85212 9550
85212 9610
85214 16122
85229 17328
85248 4871
85248 12886
85256 2276
85268 324
85268 9499
85281 4699
85281 19783
85284 6568
85284 8163
85284 17321
85284 17692
85284 23501
85297 10439
85299 2956
85299 10604
85299 14123
85306 4972
85335 5849
85335 13243
85335 17615
85335 19976
85335 24518
85344 16270
85371 3748
85371 24591
85376 21858
85396 19377
85400 9910
85400 16778
85416 6568
85422 1581
85422 7182
85422 12309
85422 15057
85422 16196
85442 4407
85445 17095
85447 882
85447 6751
85447 9015
85447 10366
85450 8636
85463 10656
85493 10326
85493 22930
85494 3274
85495 17677
85497 5269
85497 16832
85497 22166
85500 5266
85501 7444
85501 12088
85513 6344
85513 7182
85517 3526
85520 7523
85520 16778
85520 20498
85522 15727
85522 17918
85522 18105
85543 15874
85545 15515
85545 20788
85545 23854
85548 21935
85557 2611
85557 14564
85557 22943
85570 13625
85570 20421
85576 2215
85578 5414
85578 18126
85585 5923
85585 13375
85586 6568
85586 17692
85586 23217
85586 23501
85599 13383
85599 17479
85601 9191
85601 19623
85602 4972
85615 2956
85615 5289
85615 5542
85615 10604
85616 20877
85619 5368
85619 18505
85622 618
85631 4071
85631 6567
85631 18423
85631 23518
85632 1642
85632 14734
85632 19874
85638 5243
85641 625
85647 17409
85651 16764
85656 1133
85663 10196
85663 10549
85663 19467
85690 18198
85708 5280
85708 15814
85708 22604
85718 10549
85719 6591
85719 14178
85719 15719
85719 19472
85720 5254
85724 10159
85727 3748
85727 11798
85727 17269
85727 19330
85732 13739
85732 20831
85732 23337
85763 12551
85763 17515
85763 23217
85777 616
85777 15478
85777 18738
85777 20484
85777 23722
85779 9626
85786 10573
85786 21535
85808 4853
85839 2772
85839 3796
85839 4069
85839 7941
85846 1786
85848 5325
85848 23420
85869 10549
85880 6829
85895 18408
85899 22405
85903 15613
85904 4972
85906 132
85909 13918
85913 17407
85923 6568
85923 8163
85942 22349
85945 17918
85955 12967
85963 5535
85972 24452
85977 15515
85977 20788
85977 23854
85987 19754
85992 7294
85992 15050
85992 22983
85998 5346
86006 17792
86021 4508
86021 17231
86021 24186
86022 4972
86066 20774
86066 24403
86068 6746
86072 4810
86077 4972
86081 23797
86106 5162
86106 16503
86107 5548
86107 10546
86107 10597
86107 11720
86107 11796
86107 12967
86107 17409
86114 17077
86115 1034
86115 2046
86115 15533
86120 13620
86137 6751
86137 18550
86137 21608
86141 17723
86150 60
86150 3327
86150 22930
86156 9788
86156 13855
86157 7613
86177 14996
86182 7335
86196 1401
86199 1123
86199 22217
86206 1443
86206 3344
86210 5536
86211 21213
86216 1443
86216 17497
86216 21193
86220 6385
86220 6952
86227 20382
86230 3836
86231 19859
86260 792
86261 16345
86291 18245
86295 20098
86308 17692
86308 23217
86308 23501
86314 12551
86314 18847
86317 5294
86317 7745
86317 13990
86342 2433
86342 12558
86342 14024
86342 20819
86346 9281
86346 22473
86351 15754
86358 616
86358 1067
86358 4972
86358 15478
86358 18738
86358 23722
86375 6340
86391 17860
86404 8482
86426 19855
86444 2999
86444 5032
86444 8488
86444 20464
86466 10326
86466 22930
86472 1443
86472 15338
86479 22085
86479 23822
86503 12630
86503 18105
86503 18212
86505 3639
86505 6353
86506 22163
86506 23061
86513 5454
86513 14996
86513 18550
86520 11667
86523 2292
86523 12365
86523 20900
86524 12972
86524 15229
86524 17578
86524 20169
86549 13375
86555 14578
86556 3099
86556 4064
86556 7556
86556 13501
86556 20292
86556 20973
86556 22043
86571 23091
86595 1067
86595 3048
86595 4972
86595 5447
86595 7886
86595 13224
86595 13925
86595 15086
86595 19543
86595 19878
86595 21485
86595 24299
86607 8688
86620 9868
86632 12039
86632 16197
86640 16795
86644 6883
86644 23177
86650 4726
86678 1011
86678 19640
86695 5713
86713 9988
86714 20213
86718 3638
86718 20270
86750 373
86761 6165
86761 7412
86761 10988
86761 14194
86767 21525
86775 11173
86777 18348
86786 24550
86792 12941
86792 16986
86793 1603
86800 4853
86800 15627
86807 22138
86813 8993
86813 12772
86813 18263
86823 11672
86823 19733
86829 3124
86836 7807
86840 5767
86840 10217
86840 23466
86854 3862
86854 23331
86862 17615
86870 12551
86870 23501
86873 6891
86890 10023
86890 10794
86903 6755
86928 14310
86940 19503
86956 22081
86961 1172
86962 12896
86962 13575
86981 20980
86996 6114
87010 2571
87010 13399
87035 7814
87035 17918
87035 18822
87035 19503
87038 21739
87051 4071
87059 1276
87063 23225
87064 23000
87069 15814
87069 17918
87069 22825
87084 4561
87084 17238
87100 2489
87119 4964
87130 8202
87130 12066
87130 15821
87159 8092
87159 22857
87161 2273
87161 10965
87161 16499
87164 15791
87164 20421
87164 22166
87177 14807
87185 2924
87185 18886
87187 182
87187 2559
87187 6400
87187 24557
87193 990
87193 6172
87193 12551
87196 15185
87199 22372
87209 15824
87227 9145
87237 2110
87239 806
87242 3918
87242 5105
87247 17083
87248 1788
87269 2182
87269 23268
87285 2390
87285 7497
87285 22983
87300 5032
87300 6591
87300 8742
87313 12309
87314 6568
87346 542
87346 8844
87346 11010
87351 8625
87351 9654
87353 757
87354 17409
87356 2792
87367 18541
87368 9626
87373 5849
87373 17615
87376 4954
87376 12406
87378 12765
87386 429
87389 14387
87389 16986
87389 21450
87391 1331
87391 18482
87391 21193
87400 2571
87400 17763
87402 23511
87416 6353
87426 21535
87426 22607
87426 23331
87427 16007
87431 3707
87432 4945
87432 8587
87432 11187
87436 2276
87436 12685
87444 5923
87450 14034
87450 21060
87452 14933
87452 15613
87454 1519
87454 13896
87454 19531
87459 22458
87459 23090
87493 5414
87493 19050
87493 23177
87509 6660
87509 15613
87509 17692
87515 2604
87523 1659
87525 8202
87525 12066
87525 15821
87528 14429
87531 18587
87541 9115
87542 2844
87550 7497
87555 4972
87568 21848
87595 7215
87595 11926
87601 23752
87603 17692
87604 23720
87608 6465
87608 22607
87651 3620
87655 2656
87655 6356
87663 15814
87663 16746
87666 11237
87673 7941
87673 10637
87673 20046
87674 21553
87687 4163
87687 7543
87697 3703
87697 17456
87704 4972
87705 4726
87708 21833
87709 11961
87724 4706
87724 7224
87724 10186
87728 14011
87751 10982
87751 15946
87759 4164
87759 10377
87759 13177
87759 22439
87769 1182
87769 4079
87769 19755
87769 23427
87776 6360
87776 7641
87776 23543
87789 10980
87789 13037
87789 14501
87805 5243
87805 17238
87808 9279
87808 12020
87808 21599
87814 1364
87814 2692
87814 4262
87814 5032
87814 12407
87814 13491
87814 15318
87814 17170
87814 21120
87828 9910
87828 13117
87848 5250
87848 23284
87859 4583
87859 17075
87859 23604
87870 23405
87873 23518
87874 1267
87874 3918
87874 16247
87880 594
87880 7672
87880 17023
87886 6465
87911 11251
87911 12147
87931 6568
87964 24064
87966 8414
87986 7646
87986 17858
87995 24463
88026 10069
88026 18847
88038 2276
88038 22608
88058 2095
88074 9880
88083 498
88083 576
88083 1095
88083 8157
88083 20897
88087 18728
88093 13030
88100 19860
88106 10733
88110 9890
88110 12967
88113 2332
88116 23483
88119 22983
88143 1465
88143 6620
88143 22294
88146 9234
88151 17692
88153 8356
88159 529
88159 16736
88159 17721
88159 24064
88164 8568
88164 14188
88164 14996
88167 17409
88170 2996
88175 19890
88200 7409
88208 5280
88219 5849
88219 11802
88219 13243
88219 13244
88219 15359
88219 17615
88219 24518
88226 1449
88227 4071
88227 12551
88227 15606
88243 11961
88251 19258
88256 4972
88260 2276
88263 24128
88293 2873
88293 11725
88293 11802
88293 22534
88301 10400
88308 11029
88308 21126
88319 16270
88321 9295
88325 7412
88328 4508
88328 6965
88340 4518
88340 15613
88340 17763
88340 20285
88374 18052
88395 7999
88395 16847
88398 1203
88398 13399
88416 20421
88416 22166
88418 6385
88436 575
88436 3121
88436 13604
88436 17280
88441 8786
88441 16014
88468 13901
88476 17134
88476 24186
88484 2652
88484 9441
88484 16874
88484 17178
88484 24344
88494 3862
88494 9516
88494 14718
88497 3197
88497 14363
88497 22936
88498 4657
88507 21657
88510 6465
88510 9517
88510 12878
88510 15275
88510 22376
88517 662
88524 5270
88524 6829
88524 9549
88524 14996
88532 12878
88533 11022
88533 15727
88568 1575
88568 16993
88570 757
88570 18292
88570 24044
88581 4508
88581 17231
88583 171
88584 7523
88584 9221
88584 16778
88584 20696
88610 10546
88616 22751
88618 4327
88624 3918
88624 4726
88624 23604
88628 14034
88633 8714
88635 19783
88644 8163
88644 17692
88644 23217
88644 23501
88648 8163
88654 22274
88666 4563
88666 6883
88666 10982
88666 12591
88674 2873
88674 11725
88674 11802
88674 15359
88684 1660
88690 13010
88690 22166
88690 23745
88693 5849
88693 13243
88693 17615
88693 19976
88705 15946
88705 21859
88711 490
88711 13491
88711 14178
88712 1386
88712 1825
88712 7872
88712 9731
88715 8423
88724 13367
88725 23865
88726 7141
88732 5689
88732 12551
88732 20870
88732 23501
88739 9910
88747 14034
88747 16993
88771 16778
88771 18905
88771 21386
88774 3042
88774 19398
88779 2174
88799 32
88799 1306
88799 9493
88799 15229
88799 20458
88807 2098
88811 4972
88811 17321
88818 1581
88821 5230
88821 12941
88822 3579
88822 14767
88822 23243
88827 11634
88841 17256
88843 21072
88846 4972
88849 4089
88849 6692
88849 16778
88849 18905
88850 17092
88850 21608
88855 9033
88855 10608
88855 18126
88861 19503
88866 15318
88866 19221
88888 21783
88891 2873
88891 5849
88891 11725
88891 11802
88891 13243
88891 13244
88891 15359
88891 17615
88891 19976
88894 2365
88894 14734
88896 8780
88896 10284
88905 15342
88908 9788
88934 9859
88943 4411
88943 22936
88945 5135
88947 4246
88947 6692
88947 16778
88947 17570
88949 7192
88971 18581
88973 9642
88974 8257
88974 10199
88983 6379
88987 20003
88987 22081
88995 20254
89011 1283
89011 8625
89017 4585
89025 6700
89033 5577
89033 6563
89033 11086
89033 14033
89045 3140
89060 7084
89060 22691
89060 23727
89062 23177
89062 24044
89067 9945
89069 14098
89075 2365
89075 8554
89075 16778
89076 14034
89076 16993
89078 5307
89102 1581
89102 5920
89102 18541
89113 10432
89119 17728
89121 1642
89121 19874
89128 1261
89128 8500
89140 1642
89140 14734
89140 17299
89174 7084
89174 13488
89174 23727
89189 2192
89189 12741
89189 16794
89189 24077
89192 5368
89206 1640
89206 22481
89222 13863
89222 23604
89236 2655
89237 7796
89237 18408
89249 8539
89257 4972
89263 12304
89273 4583
89273 10745
89278 7412
89278 10988
89279 6356
89279 20421
89279 22166
89282 9582
89291 4036
89291 19258
89297 882
89297 2956
89297 5289
89299 4407
89299 17178
89299 17692
89299 19503
89303 10982
89303 15946
89303 20003
89310 8298
89312 21008
89316 11611
89316 13399
89328 7117
89332 9272
89332 14017
89333 7543
89365 20531
89384 1572
89384 17732
89399 4275
89399 20103
89421 23914
89428 5667
89430 11634
89430 21857
89439 23480
89443 13529
89443 22171
89453 1855
89453 6951
89453 8488
89480 1764
89480 10836
89480 19858
89489 3782
89489 12393
89489 19526
89496 6568
89496 23501
89526 21258
89540 4257
89541 6599
89543 8202
89543 12066
89543 15821
89545 9987
89549 22117
89556 9694
89557 4801
89557 18451
89565 5254
89565 17342
89565 20897
89567 14472
89567 24417
89572 12851
89581 7182
89581 21123
89583 14340
89599 5142
89599 7998
89599 14933
89609 10737
89613 8677
89620 9631
89622 288
89622 2722
89636 4972
89646 208
89646 3796
89646 12666
89646 20979
89646 23475
89647 22602
89650 375
89665 135
89665 7220
89665 10957
89676 18349
89683 6591
89689 14313
89692 4241
89692 23501
89694 1953
89697 8688
89699 10296
89699 23012
89704 11898
89714 16764
89719 9703
89721 19669
89724 20448
89731 2652
89736 17878
89741 3935
89741 8163
89741 23501
89748 15185
89764 13224
89764 13925
89764 14310
89778 10546
89784 16874
89784 22376
89794 13556
89814 19077
89819 7524
89819 14541
89825 17077
89842 11802
89843 10326
89843 17076
89850 15541
89862 5849
89862 13243
89862 17615
89862 19976
89862 24518
89870 10377
89870 22439
89870 22990
89903 22753
89911 16986
89911 23301
89915 14064
89915 16196
89915 23217
89917 9395
89925 135
89925 7220
89940 14034
89940 17918
89940 21060
89964 3949
89974 8250
89974 14120
89974 23595
89977 19443
90001 12370
90001 17269
90004 13946
90007 7055
90021 11277
90033 4901
90038 6568
90043 10366
90043 20421
90043 22166
90064 135
90066 22989
90096 3871
90096 23646
90103 10069
90104 23600
90105 540
90106 7084
90111 3970
90112 9043
90119 5230
90119 19258
90119 21335
90121 8579
90135 14996
90135 18550
90170 9230
90170 9585
90174 3358
90174 4188
90174 22367
90188 2292
90189 2841
90189 4972
90189 11132
90189 17077
90189 20468
90192 11517
90192 12514
90203 18441
90205 8914
90205 15859
90207 8296
90210 16986
90210 17918
90210 18847
90210 23604
90211 990
90211 12551
90214 7412
90221 1386
90221 17180
90221 19526
90221 20347
90230 2873
90230 11725
90230 11802
90230 13244
90230 15359
90231 4563
90231 19503
90231 24550
90235 21720
90252 9516
90252 15067
90266 5243
90299 1331
90299 21193
90306 10331
90312 9960
90319 16758
90321 4411
90321 5756
90321 14363
90324 16196
90342 2708
90342 12551
90342 23217
90347 1763
90347 23662
90348 22276
90348 24264
90351 11600
90352 9626
90352 21097
90361 865
90361 1386
90361 12271
90361 17092
90362 13925
90370 9187
90370 19134
90370 23797
90377 13149
90393 6847
90393 14642
90409 5251
90417 1067
90417 11132
90417 12332
90417 15271
90417 15605
90442 3602
90443 2356
90447 5849
90447 13243
90447 24518
90449 23501
90457 17238
90472 7926
90476 21361
90478 15018
90478 23416
90484 2885
90484 3124
90484 10597
90494 589
90494 6379
90494 18423
90494 23983
90505 7886
90505 13925
90505 19543
90505 19878
90512 3854
90515 15154
90515 22990
90522 4461
90525 1359
90534 13030
90539 6567
90554 15768
90554 16609
90559 1581
90559 18541
90566 2641
90570 3866
90580 2652
90580 4563
90580 11802
90588 10143
90588 17134
90588 23217
90593 742
90593 2240
90593 9641
90607 6165
90607 10988
90607 14194
90614 2758
90614 13389
90614 15768
90657 20141
90660 18451
90661 6680
90661 7294
90661 22983
90666 15281
90666 20891
90666 22797
90688 5853
90688 13855
90688 15354
90697 10412
90697 10508
90700 15900
90700 20046
90705 770
90705 11545
90715 10370
90716 2656
90724 7524
90724 8181
90724 19258
90726 2792
90727 11325
90729 1091
90729 21852
90730 23024
90737 13117
90749 32
90749 1306
90749 9493
90749 15229
90749 20458
90750 23571
90784 882
90784 17692
90786 11049
90789 169
90790 1359
90794 16874
90794 20900
90794 23368
90800 12941
90810 2571
90814 20540
90816 4726
90822 3591
90822 10748
90822 19825
90830 11961
90845 2292
90845 12630
90845 15613
90845 18212
90848 14996
90848 15865
90848 23745
90856 23311
90862 4257
90876 17658
90880 6883
90880 8414
90880 18307
90884 19325
90904 4055
90905 2873
90905 15359
90909 10159
90912 15891
90915 5920
90915 9015
90915 17918
90915 18105
90917 7863
90917 22753
90924 18451
90933 5533
90933 15109
90949 24417
90958 18092
90962 2792
90962 4571
90973 2555
90976 12277
90977 6019
90984 1685
90984 9707
90984 14996
90998 7745
90998 13990
90998 21877
91010 6239
91012 11303
91022 10519
91022 15144
91022 17092
91022 18292
91022 18550
91032 13746
91032 15577
91033 17342
91034 4972
91048 13381
91048 23511
91061 882
91061 9187
91061 23520
91109 17534
91109 21656
91113 5243
91128 14313
91128 23331
91157 23268
91164 5066
91164 14996
91177 2652
91177 8959
91177 14034
91179 20124
91179 22294
91182 6353
91182 12682
91182 19585
91185 22522
91190 1953
91190 6972
91191 4933
91191 9655
91217 12050
91217 19359
91224 23547
91238 1443
91241 1359
91241 4801
91246 18847
91246 23301
91252 4972
91253 10243
91253 12447
91254 23024
91257 7243
91268 6567
91280 14219
91310 1855
91310 6591
91310 11593
91310 20897
91315 1165
91315 7215
91315 11926
91317 23311
91337 13276
91338 7113
91349 10966
91349 23356
91354 3918
91354 8325
91354 20046
91364 15167
91364 23795
91365 11718
91365 12941
91365 18847
91366 14379
91366 23284
91377 23683
91399 4586
91413 17692
91413 23501
91421 7570
91421 8780
91421 10495
91424 22432
91440 4295
91440 22569
91443 4019
91443 7411
91450 21062
91455 998
91455 4372
91455 11285
91455 18010
91465 870
91465 9196
91469 7315
91469 12551
91469 14971
91473 7317
91484 23268
91494 21185
91498 22367
91499 6591
91499 6951
91499 7543
91499 11896
91499 14174
91530 12154
91533 2983
91545 882
91545 15154
91545 16695
91562 14596
91562 16539
91567 9641
91567 21469
91568 4496
91568 21228
91587 11961
91595 14011
91608 11022
91618 8275
91644 22366
91646 453
91646 23217
91665 12929
91666 751
91666 21914
91668 1193
91668 6884
91668 11137
91670 4563
91672 8163
91672 12551
91672 19598
91672 23217
91678 4726
91678 6732
91689 10865
91689 12309
91708 360
91708 20132
91710 6933
91722 453
91722 13960
91722 19169
91726 4209
91726 9717
91735 1752
91735 9142
91735 21335
91746 22294
91749 14310
91749 21402
91751 6568
91751 17692
91751 19598
91751 23217
91760 1443
91760 17409
91760 18482
91764 6591
91764 14174
91764 14178
91773 19738
91787 10303
91806 11225
91806 15613
91807 9187
91807 9967
91807 20680
91815 4504
91815 8630
91818 8163
91818 12551
91818 17692
91818 23501
91820 2926
91859 1067
91859 4972
91861 8948
91877 2365
91877 16778
91889 18541
91905 12358
91918 9890
91918 12967
91918 23311
91930 22166
91930 23754
91948 9788
91948 17180
91948 17625
91957 21357
91959 1267
91984 12551
91984 17692
91984 20870
91989 14223
92012 128
92012 12941
92012 18921
92016 21005
92022 10080
92044 6118
92044 17077
92049 16123
92056 8399
92057 6883
92057 17023
92057 23501
92060 10326
92060 12303
92060 22930
92082 5263
92085 1417
92085 19628
92089 283
92089 17170
92092 5204
92099 2873
92099 11725
92099 11802
92099 13243
92099 15359
92099 17615
92099 22534
92099 24518
92117 15743
92130 20200
92138 11278
92154 1012
92154 12010
92154 14005
92156 10874
92162 11254
92165 13008
92179 8857
92185 6661
92185 8157
92187 13604
92187 13988
92187 23907
92190 23698
92201 9939
92201 12953
92228 11961
92230 2220
92230 3597
92230 5066
92230 19811
92252 19435
92253 7758
92253 9188
92309 11677
92309 24344
92312 18071
92312 23930
92321 14531
92325 14479
92334 3862
92337 4563
92337 23331
92354 1443
92354 2885
92354 9890
92354 10612
92354 12273
92354 23311
92364 2885
92364 8625
92364 18482
92368 3055
92368 19161
92375 10722
92378 4229
92378 14174
92382 6356
92382 6840
92382 10495
92382 18550
92385 283
92392 11132
92392 12332
92392 15271
92392 15605
92396 14860
92402 23600
92421 8361
92421 13988
92421 21728
92424 458
92439 8202
92439 12066
92439 15821
92450 529
92455 12941
92455 18847
92455 21339
92471 827
92472 14996
92472 19330
92472 19765
92472 20680
92472 24591
92476 10220
92476 11311
92476 11596
92476 22346
92511 4585
92524 21525
92541 4586
92549 4972
92553 3898
92553 10409
92556 11434
92556 12393
92556 13491
92560 3918
92560 6344
92560 22081
92563 17692
92563 23501
92568 5280
92568 9025
92568 16209
92568 23268
92570 4475
92570 5080
92570 5198
92570 5405
92587 18881
92595 12946
92595 21079
92595 22123
92610 16008
92625 302
92637 16764
92657 2628
92658 16437
92661 2365
92661 4089
92661 18262
92673 3358
92673 9935
92673 24472
92695 1067
92695 20484
92695 23722
92701 14143
92709 14324
92718 18052
92737 12551
92737 16454
92737 23797
92745 13085
92745 15792
92763 2665
92765 10861
92768 5723
92769 19204
92784 3943
92784 9910
92784 10862
92784 19840
92791 179
92811 19182
92816 11986
92817 9056
92817 22977
92829 5454
92829 18010
92840 1067
92882 10454
92900 10065
92904 19503
92924 23107
92928 6680
92928 22983
92942 2365
92942 7523
92942 16778
92963 12741
92963 19169
92965 14589
92994 3827
92995 8202
92995 12066
92995 15821
93007 13301
93009 7914
93027 2885
93027 23604
93033 8163
93033 23501
93058 11566
93065 10549
93065 19468
93067 10023
93067 13487
93086 10656
93096 20649
93109 7061
93109 7439
93126 21852
93130 6322
93139 21624
93164 990
93164 15067
93164 22688
93176 10159
93178 23487
93180 12754
93180 23487
93183 432
93183 7423
93183 8000
93206 15649
93210 12776
93243 4225
93262 4149
93262 7451
93262 9187
93262 13554
93262 14104
93262 21753
93265 19944
93269 4726
93269 14642
93269 19461
93279 1732
93284 8330
93317 4972
93333 7523
93333 11283
93333 16778
93333 20696
93334 306
93334 7750
